road_node,lat,lon,weight
26411640,22.2503365,114.1699636,97.46907806396484
26412251,22.267109,114.1514696,347.1140556335449
30747334,22.296485,114.1721995,116.19243621826172
33004530,22.2988324,114.16936,533.7515106201172
33004534,22.3014436,114.1679667,657.9519195556641
33004677,22.2977677,114.1784272,129.39111328125
33476497,22.3044393,114.1675993,119.8732681274414
33476500,22.3058563,114.1668472,110.50495147705078
33476501,22.3065045,114.1670616,419.3876037597656
33476549,22.294724,114.1713365,280.05638122558594
33476552,22.2981104,114.1710381,779.1431274414062
50060666,22.343858,114.1534919,468.5748291015625
73523441,22.4214999,114.2689673,29.551738739013672
165998789,22.2775889,114.1716218,268.2991943359375
186355433,22.3016347,114.0112755,133.9494171142578
232076366,22.3080585,113.9372416,68.907470703125
232076485,22.3044508,113.9360582,131.19070434570312
232076687,22.3023797,113.9356652,250.11767196655273
232076849,22.2966593,113.9361288,69.30559539794922
232077561,22.3010223,113.9746962,237.2466220855713
232200869,22.2902365,114.1405539,1236.4006042480469
232216521,22.274465,114.1753313,121.6356201171875
232221477,22.2751103,114.1779126,118.42570495605467
232221479,22.2744555,114.1776035,121.61740112304688
232221586,22.2661771,114.1842752,122.36537170410156
232221594,22.2660794,114.1843803,120.66429138183594
232230172,22.2669536,114.1622026,78.80683898925781
236675147,22.2839132,114.1515572,1144.45263671875
236675154,22.2825546,114.1533234,597.4684448242188
237492208,22.2817052,114.1515577,624.1408081054688
237492225,22.2833999,114.1476236,716.7526245117188
239978277,22.2709558,114.2333119,2645.5972290039062
239978278,22.270993,114.2334138,1215.6785888671875
239990433,22.2784325,114.1614558,233.88092803955078
239990443,22.2775773,114.1594452,101.5092544555664
239990447,22.2763958,114.1577891,193.57156372070312
239994475,22.2836759,114.2239529,688.3118896484375
239994496,22.2897606,114.2152082,2814.378173828125
239994930,22.2852528,114.1916226,201.40951538085935
239994932,22.2829939,114.1912175,749.2466354370117
240004295,22.28351,114.15513,109.12836456298828
241833128,22.2834951,114.1524744,600.6426391601562
243845374,22.2806787,114.1743027,237.17515563964844
245088222,22.32696,114.1781156,456.7404174804688
245088408,22.2867443,114.1475666,529.3519287109375
249968570,22.2767166,114.1812971,256.9187316894531
249970397,22.36044,114.2541848,882.4539051055908
249970419,22.351355,114.2530485,257.2125473022461
249970441,22.3387839,114.258807,578.2245826721191
249970491,22.3172977,114.2650337,3808.929443359375
249970497,22.3162698,114.2664624,2553.48828125
249970499,22.3154865,114.2658663,4887.20263671875
249970500,22.3150571,114.2654148,4183.836669921875
249974973,22.373616,114.2609677,304.47122955322266
249975642,22.3821494,114.2709986,446.99427795410156
249975651,22.3777183,114.2649611,277.23999786376953
249975652,22.3771978,114.2645186,54.89599609375
249975656,22.3761958,114.2630564,35.45713424682617
249975802,22.3722857,114.2600833,245.09962463378906
249975809,22.3679023,114.2600264,308.6123580932617
249980219,22.382275,114.2731051,84.29945373535156
249980243,22.3947235,114.2779133,182.7362518310547
249980263,22.3964777,114.2859451,236.46163940429688
249980294,22.3915499,114.2971725,88.36237716674805
249980340,22.4000087,114.3238147,191.643798828125
249981050,22.4315533,114.3274544,14.42304801940918
251083380,22.2793176,114.1550349,552.6798706054688
252187666,22.2188356,114.212614,152.75209045410156
253020938,22.3067098,114.2216278,528.5900535583496
253287504,22.2839242,114.1389646,1213.7962951660156
253287703,22.284189,114.1440194,273.3136901855469
253290814,22.2857165,114.1399694,772.6452026367188
253311582,22.2818337,114.1233256,2306.435348510742
253311593,22.2721541,114.1211158,472.22979736328125
253311598,22.2731688,114.1268948,654.9043617248535
253311601,22.271483,114.1272496,609.7673873901367
253311607,22.2661983,114.1282212,677.5068511962891
253311890,22.2615705,114.1291521,385.3802719116211
253313409,22.2851051,114.1436187,2835.950927734375
253313537,22.28363,114.14655,1198.5484008789062
253313721,22.2852157,114.1407009,843.529052734375
253313951,22.2842475,114.143611,318.807861328125
253314015,22.2857021,114.1407208,810.512939453125
253314016,22.2856057,114.1436494,1364.8509521484375
253314082,22.2861053,114.1436828,1944.4592895507812
253314295,22.2858173,114.1389664,799.7725219726562
253314400,22.285751,114.1368738,1658.9710693359375
253314403,22.2868657,114.1437217,1478.156494140625
253314404,22.2871103,114.1448003,662.9116821289062
253315130,22.2865897,114.1402343,682.2147216796875
253315131,22.2864743,114.143707,1404.6114501953125
253315226,22.2858959,114.1382798,802.3614501953125
253315227,22.2864441,114.1383558,520.2255859375
253315365,22.286737,114.1322958,428.4651489257813
253331259,22.2882261,114.1392205,385.49456787109375
253332974,22.2889991,114.146121,2486.6275634765625
253333456,22.2883168,114.1483483,487.6324157714844
253337339,22.3197504,113.9363107,31.73273658752441
253337813,22.3202801,113.9370125,169.38128662109375
253337897,22.3112968,113.9364862,84.41633772850037
253338026,22.3141158,113.9396015,26.666364669799805
253338083,22.3140959,113.941488,31.189115524291992
253338189,22.3199711,113.9365414,58.552040100097656
253338676,22.3036138,113.938298,56.46108818054199
253338930,22.3135407,113.9400787,32.564910888671875
253338936,22.304053,113.9364968,73.29704284667969
256011286,22.2824855,114.1439373,721.5466003417969
256014727,22.2530954,114.1585848,224.45197105407715
256014750,22.2522273,114.1576259,164.7117919921875
256014956,22.2507635,114.1564441,2698.0416259765625
256014957,22.2505395,114.1564266,6430.074462890625
256015035,22.2497813,114.156029,558.5445556640625
256015573,22.2482325,114.151778,802.19775390625
256015760,22.2485847,114.1500193,1221.9989624023438
256015937,22.2493342,114.1455774,820.0602722167969
256016231,22.2518447,114.1409805,3413.468505859375
256016264,22.2533621,114.1393987,601.2402954101562
256017552,22.2615185,114.136126,771.2419891357422
256017920,22.2742643,114.1299601,90.90423583984376
256018303,22.2815438,114.1320382,2847.9322509765625
256361666,22.2492821,114.1556932,646.1080322265625
256363241,22.2476602,114.1548724,677.3138427734375
257006540,22.2849788,114.218781,910.0492553710938
257171440,22.2761759,114.1766921,381.484375
257171469,22.2755052,114.1767746,500.12376403808594
257171471,22.2765025,114.1765358,419.9930725097656
257171479,22.2768692,114.1775822,385.3673095703125
257504095,22.277776,114.1783095,432.36822509765625
259971929,22.2576194,114.1926647,56.471309661865234
260139017,22.3976135,114.2108733,442.8739643096924
260139782,22.3990152,114.2121153,1805.0731582641602
261738996,22.2686233,114.2378975,1058.298828125
261738997,22.2723539,114.2393283,2322.399688720703
261739794,22.3528636,114.2499954,193.77862548828125
261740032,22.3534567,114.2499482,102.25694274902344
261740855,22.3767889,114.2650364,54.073184967041016
261740858,22.3787816,114.2670978,627.099967956543
261740861,22.3789318,114.2683106,212.3900146484375
261740868,22.3791284,114.2702816,252.8625259399414
261740876,22.3798704,114.2682155,228.00547790527344
261741452,22.3787891,114.2679747,139.25159454345703
261741665,22.3756045,114.2685039,168.06924629211426
261741813,22.380904,114.2728658,299.5013198852539
261741854,22.3818312,114.2716877,532.5080642700195
261742200,22.3827081,114.2725444,107.74772644042967
261742516,22.3855436,114.2714615,141.34832763671875
262120312,22.3334538,114.2124396,1011.6553344726562
262120933,22.3342366,114.2274471,265.67874908447266
262120934,22.3342296,114.2284382,84.37696838378906
262120944,22.3344445,114.2389126,25.69264411926269
262122106,22.326699,114.2266284,2988.6292114257812
262122582,22.327135,114.2255993,4386.252960205078
262122762,22.3153141,114.2398041,1288.4256591796875
262122763,22.3150363,114.2400448,643.2570190429688
262123049,22.3124231,114.2267091,1217.5762939453125
262123054,22.3122112,114.2260995,142.0458526611328
262134350,22.4278655,114.2456442,1954.5146179199219
262134352,22.425851,114.2437279,4123.978584289551
262134362,22.4139484,114.2279398,216.39796447753903
262134800,22.4263779,114.2440132,2019.4925537109375
262147534,22.2874109,114.1363273,524.9129028320312
262966462,22.4064786,114.2172605,767.9775161743164
262966891,22.3817617,114.2158791,1899.4650497436523
262966892,22.38249,114.215272,1430.853515625
262967420,22.3816016,114.2138031,2142.3671264648438
267052770,22.3732636,114.0708719,557.3089752197266
268637360,22.3866229,114.1908878,915.9082565307617
268637364,22.3898885,114.194331,3196.907211303711
268637380,22.4019187,114.2040847,1032.8755416870117
268637381,22.4030662,114.2050857,575.569507598877
268637386,22.4055784,114.2083593,223.73790740966797
268637389,22.4085526,114.2115661,706.2518177032471
268637911,22.3763276,114.1230687,2013.5422058105469
268637920,22.381041,114.1339428,800.739143371582
271052939,22.2847481,114.1927409,230.32342529296875
271053039,22.2812734,114.1709294,408.052001953125
274240805,22.2864258,114.1604748,177.26427459716797
274240807,22.2863623,114.1607375,255.6087417602539
274240904,22.2875,114.15506,173.3877182006836
274241038,22.2868385,114.1554232,88.10662078857422
274241644,22.2858165,114.1561947,89.51231384277344
274241647,22.28059,114.17098,246.6690216064453
274242530,22.2481395,114.1548028,1600.4021606445312
274243013,22.3274701,114.1587402,382.6333618164063
274243086,22.3117971,114.1673946,407.91412353515625
274244483,22.3145145,114.2204955,129.39356994628906
274244747,22.335611,114.1489722,262.512451171875
274244749,22.3351188,114.1473228,495.4146270751953
274258040,22.3539658,114.1251447,45.98162841796875
274258383,22.360372,114.1192726,202.55452728271484
274258761,22.3648916,114.1145708,3210.7071228027344
274258768,22.3682529,114.1109286,3376.7676849365234
274258774,22.3724129,114.106547,180.7684783935547
274258800,22.3739861,114.1020195,1871.0721740722656
274260842,22.3715552,114.0787403,372.9078903198242
274261942,22.4002343,113.9768933,90.52161407470705
274261943,22.4013098,113.9771104,123.02268981933594
274261956,22.4128425,113.9797768,722.0778656005859
274262449,22.4168804,113.981622,90.38533020019533
274262614,22.4118787,113.9822757,252.3319091796875
274262622,22.4087323,113.980847,250.9104156494141
274263017,22.372833,113.9929905,777.5616569519043
274263259,22.413781,113.9800607,270.1374816894531
274264769,22.3943161,113.9778639,382.5807876586914
274265907,22.3673517,114.0595442,1145.5160522460938
274265912,22.3672624,114.0630129,139.03712463378906
274266582,22.3680228,114.0920028,131.2191925048828
274266892,22.3686233,114.0972997,448.2445068359375
274266900,22.3741678,114.1046962,1369.0205993652344
274477794,22.2874166,114.1919359,218.30393981933597
274477917,22.2920129,114.1987647,1951.5810546875
274478283,22.2925655,114.2013941,5948.8504638671875
274480055,22.2774476,114.1777858,440.20111083984375
275810915,22.3412922,114.1989462,537.0657958984375
275810920,22.3416498,114.1967601,1426.7639770507812
275812084,22.3732051,114.1166937,794.4105834960938
275812087,22.3751182,114.1118848,851.2362670898438
275812088,22.3754473,114.1104549,255.945068359375
275816026,22.3310248,114.1542549,360.743896484375
275867198,22.3271885,114.2549767,147.10894012451172
275867219,22.3178557,114.2616702,7123.5140380859375
275871157,22.3637375,114.1196448,122.78430938720705
275871779,22.3696636,114.1127515,471.5650939941406
275909450,22.3275985,114.1587839,492.3080139160156
275922253,22.3311815,114.1664541,804.4276733398438
275924531,22.3359757,114.175387,149.9605255126953
275924540,22.3299504,114.1749214,147.26576232910156
275935761,22.3289764,114.1744266,507.7728576660156
275935771,22.3273509,114.1720562,409.5695495605469
275945418,22.3156488,114.1718679,389.4608612060547
275945763,22.3224019,114.1710549,683.21875
275949265,22.322802,114.1878267,3308.1782836914062
276169638,22.2993992,114.1820916,625.8144607543945
276169900,22.3144314,114.1810483,713.0851745605469
276169925,22.3114257,114.1800651,1093.1117248535156
276169958,22.3269956,114.178846,453.13597106933594
276170567,22.2979141,114.2408105,3869.621826171875
276361549,22.3135252,114.2296668,1720.8760375976562
276363691,22.2988359,114.2308737,569.8403472900391
276363694,22.2990198,114.229679,486.72534942626953
276366859,22.3399045,114.1982286,283.0307922363281
276366865,22.3451824,114.1991451,2287.0408935546875
276372857,22.312658,114.1689849,399.0201110839844
276373355,22.3128531,114.1701052,412.7854309082031
276374341,22.3067981,114.1696157,1026.53564453125
276378622,22.3135475,114.1864201,1285.5065460205078
278943556,22.2872294,114.1572819,246.77581787109375
278943901,22.2861767,114.2199001,2391.6612548828125
278943904,22.2861775,114.2165424,796.4141235351562
278943905,22.2861764,114.2151962,1745.9054565429688
278943984,22.2842876,114.2180682,1335.250732421875
278944406,22.2852275,114.220979,801.51123046875
278945391,22.2825829,114.2160078,4518.562255859375
278945618,22.2862793,114.2200109,1179.2711181640625
278945620,22.2873163,114.2197316,2218.013427734375
278947172,22.3460932,114.1912863,4350.6268310546875
278947206,22.3464608,114.1874081,4605.143127441406
278947783,22.3276159,114.1572093,315.9408874511719
278949226,22.3075206,114.1616453,126.4418487548828
278949231,22.3068109,114.1628465,234.02478027343753
278950460,22.3032513,114.1594149,144.02398681640625
278951217,22.3076826,114.1606837,431.9777603149414
278951444,22.3051844,114.1604203,132.9466552734375
279077143,22.3246976,114.1550132,485.79933166503906
279077145,22.3262601,114.1530329,545.4390563964844
279077147,22.328724,114.1494762,524.2545013427734
279077148,22.3299649,114.1464685,258.9162139892578
279077150,22.3305713,114.1450112,287.17310333251953
279077226,22.3328746,114.1394388,50.40854644775391
279077932,22.281032,114.1563942,539.6386108398438
279078013,22.2812728,114.1607417,126.19726181030273
279084608,22.2791959,114.1608019,69.96531677246094
279085264,22.2789482,114.1620424,75.8509292602539
279085341,22.2789732,114.1605655,420.197998046875
279085776,22.2775935,114.1582178,98.94168853759766
279085894,22.2764517,114.1556941,212.126708984375
279085909,22.27571,114.15464,200.47853088378903
279113003,22.2823315,114.1591736,59.85713577270508
279121400,22.281728,114.1613708,70.28021240234375
279121636,22.2800595,114.1617934,68.35173797607422
279121867,22.2807806,114.1620422,126.97280883789062
279442709,22.4465615,114.0000797,62.84840774536133
279442944,22.4541515,114.0057315,1753.570556640625
279443115,22.4544745,114.0057888,3123.9757080078125
279443719,22.4567447,114.0075852,578.3209838867188
279444062,22.4517354,114.0096165,169.36978912353516
279444355,22.4585155,114.0086223,446.1458969116211
279444586,22.4588341,114.0028739,549.8770141601562
279444737,22.4586672,113.9979903,2123.6438598632812
279446620,22.4621067,114.0018429,1991.405029296875
279446779,22.4543421,114.0089294,1416.7862548828125
279446780,22.4595777,114.0084865,1724.2815551757812
279446823,22.4621735,114.0039528,550.4576416015625
279446857,22.4663691,114.0053054,2413.123779296875
279446983,22.4710686,114.0021304,4149.021545410156
279447060,22.4618275,113.9971787,3403.5962524414062
279447061,22.4617833,113.9968149,1205.01953125
279447066,22.4620225,113.9972055,2042.687744140625
279447195,22.4548183,114.0021407,2462.4908752441406
279447393,22.4506476,113.9997462,4980.636180877686
280170594,22.2372878,114.2486182,115.71457481384277
281676216,22.2788749,114.1796987,424.9787292480469
281676469,22.2940849,114.2028292,1080.3363037109375
281676891,22.2689718,114.2403951,322.72216796875
281677027,22.2686488,114.2424022,320.1298370361328
281722523,22.286905,114.15048,554.0258178710938
281722574,22.2861273,114.1519615,111.8484344482422
281722781,22.285838,114.1531758,109.88009643554688
281723189,22.2831047,114.154465,103.22823333740234
282848454,22.2681914,114.1286592,373.45410156249994
283548803,22.244345,114.1482314,11412.211791992188
283548828,22.2479033,114.1597013,258.19115447998047
285750052,22.282752,114.14626,1771.7786254882812
285750164,22.28223,114.14738,1248.6917114257812
286429559,22.2538923,114.1377303,1449.0338745117188
286429560,22.2534041,114.1372731,2561.4776000976562
286429566,22.2541986,114.1362088,919.4972534179688
286429572,22.2537891,114.1355976,874.6007080078125
286429574,22.2533522,114.1357847,1083.37548828125
286429577,22.2524732,114.1359388,3758.9970703125
286429587,22.2509167,114.1367648,1036.712890625
286633611,22.2487758,114.153041,1341.066162109375
286633612,22.2486806,114.1535121,758.271728515625
286639318,22.2642621,114.1265594,345.0304946899414
286898877,22.2865755,114.1497938,517.7417602539062
286902580,22.4094976,114.2235085,263.0919189453125
286902935,22.417393,114.2315696,1476.9945068359375
286902944,22.422321,114.2277067,736.2142944335938
287534841,22.4154213,113.9844111,690.4934997558594
287535463,22.4234124,113.9953852,259.52348136901855
287535480,22.4369524,114.017276,54.40221405029297
288165758,22.2868463,114.1534452,106.1125259399414
288167503,22.2838092,114.1547295,207.7828369140625
288170322,22.2841207,114.1570029,89.0960922241211
288170758,22.2821339,114.1510883,1322.5264282226562
288170877,22.2842874,114.1532839,495.6017456054688
288173188,22.2881826,114.149444,544.8507690429688
288173189,22.2888348,114.1496586,1263.8721008300781
288173242,22.2892249,114.148357,811.1265563964844
288175156,22.2879603,114.1521557,935.7358207702637
288176019,22.2875359,114.1538083,91.8756332397461
288177038,22.2886985,114.1389988,381.0787353515625
288177167,22.2878907,114.1350432,534.566162109375
288178553,22.2890905,114.1346972,1889.3587188720703
288361285,22.2793256,114.1777253,434.5276794433594
288361291,22.2786772,114.17311,230.5132751464844
288361296,22.2789035,114.1778719,438.61566162109375
288361310,22.2744123,114.1741344,240.452880859375
288372268,22.283627,114.145309,523.4356994628906
288372603,22.2803402,114.1506351,2304.7491149902344
288372736,22.2823244,114.1598882,61.66356658935547
288372937,22.2782062,114.1656288,177.33045959472656
288373551,22.2783547,114.1668504,87.30876922607422
288374748,22.2781342,113.9318244,207.58923768997192
288374792,22.278622,113.9323025,331.73061180114746
288374798,22.2809177,113.9395588,3314.4809341430664
288374924,22.2893266,113.9420333,48.15107345581055
288375081,22.2895618,113.9424897,98.21255493164062
288375096,22.288942,113.9443542,796.1616516113281
288375233,22.2921127,113.9390671,171.00875854492188
288375237,22.2936918,113.9432507,235.7614288330078
288375244,22.2934773,113.9408817,235.43609619140625
288375376,22.293996,113.9468345,755.3978576660156
288375430,22.2947627,113.9521525,590.8402709960938
288375734,22.2913735,113.9432442,1386.0597229003906
288375792,22.2925528,113.9510916,192.4048309326172
288375854,22.2931258,113.9505764,982.2161712646484
288700925,22.3379298,114.1766454,45.12434005737305
288701231,22.336883,114.1764031,111.22024536132812
288701286,22.3378813,114.1777928,121.4128189086914
288701447,22.3401599,114.1773126,177.68553161621094
288701450,22.3402434,114.174916,85.73772430419922
288701476,22.3386424,114.1782494,158.52913665771484
288702032,22.3368257,114.1779324,44.34961700439453
288702166,22.3352373,114.1775753,85.06449890136719
288702257,22.336563,114.1779679,160.41986083984375
288737680,22.2646756,114.1364162,866.6134948730469
288737703,22.2528721,114.1401389,603.66015625
288737712,22.2526786,114.1409589,1859.1459655761719
288991076,22.3072912,114.1622535,477.7114868164063
288991682,22.3111074,114.1660558,765.4669799804688
288991859,22.318719,114.1638166,641.6587524414062
288991961,22.3188051,114.1630542,909.72509765625
288995089,22.3211585,114.1576938,382.50482177734375
288995381,22.317492,114.1566572,341.3986511230469
288996505,22.3232124,114.1550476,708.0511245727539
288996662,22.3260954,114.1559847,268.9335327148437
288997665,22.3269464,114.1565829,206.80926513671875
288998755,22.3283207,114.1578429,486.28753662109375
289293755,22.3315659,114.1515004,668.1568756103516
289294087,22.3325274,114.1523163,577.1988525390625
289294146,22.3323494,114.1521898,256.5458374023437
289295418,22.3324436,114.1493051,810.2304534912109
289295423,22.3329503,114.1514227,954.814453125
289295620,22.3353581,114.1517114,320.6689453125
289295628,22.3335805,114.150783,355.3133544921875
289295667,22.3333319,114.1465739,335.7429962158203
289295671,22.3337482,114.1484531,218.42921447753903
289295767,22.3341475,114.1505349,297.4342346191406
289295842,22.3314766,114.1475525,137.89198303222656
289295843,22.3312273,114.1473714,125.23756408691406
289295904,22.3352956,114.1427851,1883.9964599609375
289295975,22.3337252,114.1424642,2584.051971435547
289295977,22.3359524,114.1429208,626.6927490234375
289295988,22.3359056,114.1431946,609.5518798828125
289295990,22.3356592,114.1444727,552.921875
289295992,22.3351223,114.144419,492.9017028808594
289329905,22.3324124,114.1554973,623.5498352050781
289333125,22.3294499,114.1453316,125.28031158447266
289333208,22.3297453,114.1439279,136.87803649902344
289333209,22.3296595,114.1438925,130.7949981689453
289333422,22.3294938,114.1435555,625.0039138793945
289333427,22.3279845,114.1414066,1321.3999786376953
289334287,22.3299545,114.1432178,145.6795654296875
289334324,22.3316664,114.1448435,139.0766143798828
289334507,22.3315194,114.1434764,202.8933868408203
289334889,22.331239,114.1425353,352.8801574707031
289335448,22.3341276,114.1443929,1175.7696685791016
289335789,22.3313701,114.1442061,149.59205627441406
289335887,22.3322733,114.1418833,731.885986328125
289336299,22.3304943,114.1464493,128.23605346679688
289336564,22.3270309,114.1520035,640.1437454223633
289336576,22.3277994,114.1508795,419.2915344238281
289337013,22.3264895,114.1537149,857.1207122802734
289337297,22.3247578,114.1556568,687.0216827392578
289337299,22.3235546,114.1567064,770.9813690185547
289338722,22.2876663,114.1373357,481.2846374511719
289339837,22.2870646,114.1533327,109.27510833740234
289340121,22.2873952,114.1351982,508.1469421386719
289340191,22.2855662,114.1341519,2731.762451171875
289340518,22.2856429,114.1338356,2483.476806640625
289340712,22.2862657,114.1343441,616.7639770507812
289341205,22.2859362,114.1318706,622.4962158203125
289341628,22.2841099,114.131192,2802.3184814453125
289341630,22.2846876,114.1306494,1206.0658569335938
289341787,22.284127,114.1287931,496.94921875
289560034,22.2783843,114.1780274,424.9953002929688
289665351,22.2763257,114.1652462,356.5389709472656
289665380,22.2778103,114.1633362,285.32332611083984
289666937,22.2807406,114.1805236,329.0819396972656
289837298,22.2804668,114.1856557,1422.96923828125
289839350,22.2819824,114.1832334,734.0721130371094
289839472,22.2816887,114.1858141,565.9152221679688
289865476,22.2821178,114.1499268,634.1044921875
290057652,22.274707,114.1878699,2286.8155364990234
290057683,22.2754225,114.1901358,1533.6730499267578
290057687,22.2772155,114.1887322,553.4927978515625
290057729,22.2784304,114.1885728,320.11187744140625
290069764,22.2784644,114.1867548,308.8717346191406
290070011,22.2767397,114.1875905,1058.6736907958984
290070046,22.278887,114.184956,642.4378051757812
290070174,22.2793111,114.1834608,390.7977294921875
290070175,22.2791941,114.1844598,355.7759704589844
290070237,22.278464,114.1838187,407.3403930664063
290070317,22.2784464,114.1856669,848.19287109375
290070463,22.2782077,114.1848883,443.7018737792969
290070570,22.2785871,114.1832684,427.8736877441406
290072444,22.2773195,114.1847984,366.1893005371094
290072782,22.2774042,114.1856939,825.8141479492188
290072863,22.2774746,114.1872283,579.6531372070312
290073600,22.2776416,114.1825765,278.4046936035156
290880231,22.2420089,114.1563566,1239.0836181640625
290880243,22.2417874,114.1561735,6126.6011962890625
290880248,22.2417731,114.1548813,2955.1426391601562
290881372,22.2390951,114.1518276,3027.4083251953125
290881378,22.2429626,114.1484204,8112.856506347656
291156513,22.2441286,114.150372,3548.2814331054688
291157377,22.2472,114.1552944,623.7965087890625
291157621,22.2492194,114.1547518,557.4571533203125
291157814,22.2472235,114.1560731,1373.0831909179688
291157816,22.2470054,114.1564558,292.06886291503906
291157856,22.2476563,114.1590068,2666.8509826660156
291158026,22.2473658,114.1585907,151.72377014160156
291158321,22.2503682,114.1706042,92.91301727294922
291167230,22.3283081,114.0259265,1739.5628871917725
291190518,22.26407,114.23508,608.942138671875
291190519,22.26468,114.23432,687.8404541015625
291190526,22.2688727,114.2336448,722.1231079101562
291496675,22.2499401,114.1553014,505.9556884765625
291496677,22.2499262,114.1543157,1720.7114944458008
291549761,22.2884956,114.1448784,814.4601745605469
291549863,22.2883026,114.1472,472.377685546875
292204030,22.2746073,114.1797233,119.42005157470705
292204233,22.2748179,114.1789398,126.61385345458984
292205330,22.2758102,114.1827494,915.8699035644531
292206271,22.277251,114.1789897,428.78851318359375
292206273,22.276751,114.1794842,403.7308654785156
292206276,22.2758324,114.1793548,397.1011047363281
292206280,22.2766303,114.1781773,351.4729919433594
293111736,22.2790477,114.171761,337.94091796875
293111738,22.2795104,114.176662,366.0586242675781
293112651,22.2804492,114.1511304,1156.5088500976562
293113206,22.284983,114.1392101,740.5455322265625
293113344,22.2802777,114.1292574,3192.9628295898438
293113915,22.2772319,114.130962,518.0558090209961
293114098,22.2795322,114.1296455,1200.4725341796875
293114100,22.2788499,114.129419,732.3263549804688
293114164,22.2809089,114.128518,741.1714477539062
293114242,22.2812839,114.1270849,2375.522216796875
293114327,22.2839824,114.127829,646.6856079101562
293114396,22.2833035,114.12806,976.7448425292969
293114549,22.2823734,114.1268588,486.623779296875
293114630,22.2830534,114.1267503,444.92681884765625
293114632,22.282589,114.1281973,817.7202758789062
293114882,22.283451,114.1289224,660.6846923828125
293114922,22.2821452,114.1291771,1442.57568359375
293127628,22.2817487,114.1266948,680.6629028320312
293127758,22.2826184,114.124659,1752.5431823730469
293127760,22.2820854,114.1247546,1223.534423828125
293128672,22.2699325,114.1255626,474.5393524169922
293128731,22.2702929,114.1284523,263.59002685546875
293128736,22.2703937,114.1267356,106.73333740234376
293129408,22.2682552,114.1302668,625.2051162719727
293129452,22.2703321,114.1303126,125.67172241210938
293129472,22.270421,114.1297093,316.5036926269531
293129609,22.2694087,114.1267112,126.02668762207033
293129677,22.269692,114.1273597,176.40090942382812
293129765,22.2700723,114.12615,115.15695190429688
293398223,22.2808217,114.169066,345.21636962890625
293572314,22.2841508,114.1911479,188.27047729492188
293572315,22.2841642,114.1916871,178.97698974609375
293572317,22.2842389,114.1926408,222.4439392089844
293572584,22.276615,114.1951434,848.0793151855469
293572598,22.2766523,114.1945089,314.1578674316406
293572641,22.2762264,114.1930361,207.0763702392578
293572653,22.2766349,114.1932807,355.9743347167969
293572771,22.2845441,114.1952191,1839.4460754394531
293665480,22.2654775,114.1284737,130.08251953125
293665487,22.263442,114.1283235,536.7986679077148
293665672,22.2629516,114.1305093,643.7435913085938
293667261,22.2562518,114.1337071,2208.7941856384277
294055245,22.2915139,114.2016419,1146.1009521484375
294055247,22.2904737,114.196561,1046.66552734375
294056077,22.2880544,114.2050133,524.3564300537109
294056112,22.2884229,114.2026993,374.13165283203125
294056151,22.2864527,114.2003249,1840.7727813720703
294056228,22.2830958,114.1989737,319.58007431030273
294056230,22.2846187,114.1994251,684.4362945556641
294056355,22.2871282,114.2015026,295.4864501953125
294056511,22.2872537,114.2020521,222.9343719482422
295821679,22.2940873,114.2020964,1906.4114990234375
295823782,22.2792655,114.2363308,1659.4807434082031
295823797,22.2796065,114.2267705,1690.8380737304688
295823841,22.2653829,114.2377066,1899.1023864746094
295823846,22.2713533,114.238844,566.2981567382812
295824117,22.2803571,114.2300196,1623.1405792236328
295884280,22.2910551,114.211496,2534.7996826171875
295884684,22.2929882,114.2081864,339.2948303222656
295884756,22.2928857,114.2049512,354.0678100585937
295887702,22.279102,114.1900731,594.5602722167969
295888215,22.2661711,114.1905366,545.0632019042969
296285357,22.2563995,114.1375333,708.966796875
296285429,22.2570536,114.1381972,700.7132263183594
296285606,22.2593113,114.1369387,140.21128845214844
296292820,22.28587,114.1915952,232.68630981445312
296293329,22.2924678,114.1984945,1203.42626953125
296293561,22.2923377,114.1986926,1898.68310546875
296293855,22.2922823,114.2000444,3523.0557861328125
296294071,22.2917617,114.2001594,2790.1192626953125
296294172,22.292852,114.2028373,349.7667236328125
296294173,22.2936105,114.2026573,402.4263610839844
296294277,22.2925507,114.20621,1615.5247802734375
297147852,22.4463066,114.1673991,319.4346618652344
297148048,22.4604297,114.2038926,53.2217025756836
297148115,22.4704631,114.219107,462.04172134399414
297148128,22.4712418,114.2225212,384.61259841918945
297148179,22.4693088,114.233562,321.9526062011719
297151594,22.47623,114.2363379,246.58409118652344
297151765,22.4468893,114.1681183,285.66015625
297153407,22.4718098,114.2331867,133.97847366333008
297153409,22.4726718,114.2330556,51.13743591308594
297157505,22.4491793,114.1625291,5084.031852722168
297165912,22.2768088,114.1758029,445.7620544433594
297165917,22.2692061,114.1856978,299.54547119140625
297165938,22.2697845,114.1858323,265.5871887207031
297189909,22.2742597,114.179317,118.3452377319336
297912070,22.2924211,114.204829,377.2973327636719
297912958,22.2915958,114.2092056,268.1075134277344
297912960,22.291165,114.2093266,383.8240966796875
297913284,22.2909586,114.2090491,281.6051940917969
297913356,22.2914293,114.2045927,409.712158203125
299270101,22.3870526,113.9690078,324.8327331542969
300318356,22.2873365,114.2181071,995.5527954101562
300318357,22.2861797,114.21815,1825.5050659179688
301942792,22.2849457,114.1491773,620.1319580078125
301943471,22.2812018,114.1477847,1224.5369567871094
301943481,22.27765,114.15243,609.7807464599609
301943487,22.277342,114.152689,334.43505859375
307391118,22.3116433,114.2619783,1485.999267578125
307391119,22.3116779,114.2620752,373.89788818359375
307391122,22.3081962,114.2580833,1552.4926147460938
307391149,22.3083583,114.258514,587.7665405273438
307391150,22.3091971,114.2608168,1556.1823120117188
307391329,22.3096656,114.255426,1624.2725830078125
307391339,22.3092708,114.2554377,2581.890625
307391501,22.3134067,114.2574347,9761.136535644531
307391526,22.3100793,114.255922,9816.608215332031
307392079,22.3028158,114.2497287,607.1016540527344
307392278,22.304842,114.2509219,2078.6834106445312
307392843,22.305681,114.2487939,3860.8278045654297
307392857,22.3079666,114.2513252,194.2319564819336
307393155,22.3052291,114.250557,2546.1719970703125
307393226,22.3066499,114.2534845,5232.376708984375
308216802,22.2757135,114.1706321,322.2583312988281
308217304,22.2760049,114.15576,196.12786865234372
308217331,22.2761756,114.161813,157.89239501953125
308234638,22.2861509,114.1422518,2098.954833984375
308234639,22.2865315,114.1422667,2319.376220703125
308234641,22.2874845,114.1388053,498.1459655761719
308234642,22.2866225,114.1390607,541.4730224609375
308234643,22.2865749,114.1407575,750.9635009765625
308473172,22.3150669,114.1685012,820.975830078125
308473173,22.315141,114.1689561,803.9557495117188
308473176,22.3135053,114.1683196,459.6432800292969
308473181,22.3171141,114.1675907,1216.9984130859375
308473183,22.3172869,114.1685003,1106.7938232421875
308473185,22.3173955,114.1690783,874.4234008789062
308473186,22.3176083,114.170358,242.63706970214844
308473188,22.3178106,114.1714652,101.01447296142578
308473189,22.318917,114.1672039,1195.2635498046875
308473191,22.3190943,114.1681318,1035.6983642578125
308473193,22.3197024,114.1699183,731.361572265625
308473195,22.3195863,114.1705858,725.6244506835938
308473422,22.3175012,114.1697992,577.7349853515625
308473426,22.3184397,114.1701722,1872.8892211914062
308473429,22.3186542,114.1712844,616.7653198242188
308473858,22.3288568,114.1909509,466.4849548339844
308473862,22.3312909,114.1925262,606.2835464477539
308474544,22.3187178,114.1884931,1478.2415161132812
308475227,22.3319894,114.1627185,1531.1263427734375
308475623,22.3374384,114.1598682,852.5700073242188
308475632,22.3368007,114.1594163,1676.7977294921875
308475634,22.3392172,114.1553473,842.8495483398438
308475637,22.3385521,114.1562138,899.7722778320312
308475640,22.3378553,114.1571036,907.9012451171876
308475643,22.3371662,114.1579941,872.1639404296875
308475657,22.3387595,114.1549269,732.0955810546875
308475660,22.3359263,114.1586231,791.382080078125
308475679,22.3324479,114.1631195,1445.0267333984375
308477534,22.2847639,114.131956,1642.7684326171875
308715436,22.2500377,114.1483127,404.5368041992188
308715450,22.2481111,114.1563395,3607.4794921875
308715454,22.2484199,114.1563174,812.5850219726562
308715499,22.2492154,114.1481798,421.25970458984375
308716432,22.2847331,114.2135542,2537.495361328125
308725092,22.3066872,114.258667,2014.2467041015625
308725094,22.3075931,114.2613991,1283.881103515625
308725484,22.3065582,114.2586918,557.537841796875
308725688,22.3066851,114.2615586,2774.4404296875
308725693,22.3114465,114.2598655,8735.149780273438
308725713,22.3074968,114.2614214,404.0700073242188
308725750,22.3084403,114.2634505,346.69439697265625
308725799,22.3085889,114.2635067,717.8182067871094
308725800,22.3087196,114.2638177,577.4809875488281
308725801,22.3086883,114.2639283,320.63897705078125
308725803,22.3084446,114.2641059,762.1370544433594
308726299,22.3117129,114.2651789,456.04039001464844
308726545,22.3117567,114.2651733,440.8015747070313
308726553,22.3118321,114.2658711,108.3501434326172
308726593,22.3131065,114.2640674,1842.0545043945312
308726596,22.3148117,114.2616609,3299.2599182128906
308767364,22.3144432,114.2592659,2086.973663330078
308767730,22.3172501,114.2523419,1523.0425415039062
308767746,22.3175173,114.252768,310.957763671875
308767871,22.3156667,114.2582959,1376.9302978515625
308767916,22.3145457,114.2585385,1077.3882141113281
308768230,22.3171395,114.258473,2563.8197631835938
308768861,22.3205295,114.2574196,763.0594482421875
308768887,22.3201237,114.256108,739.8133544921875
308768909,22.3212553,114.2582688,1833.3163452148438
308768928,22.3225018,114.2545272,1230.3442993164062
308768939,22.3256504,114.2513071,3078.621826171875
308769135,22.321962,114.2578742,787.7506713867188
308769139,22.32401,114.2562842,2381.5438232421875
308769140,22.3231806,114.2566058,2593.8670654296875
308769183,22.3217344,114.2541267,2113.6387939453125
308769186,22.3233135,114.2553356,1719.428466796875
308769187,22.3248512,114.2573845,4505.0384521484375
308769192,22.3265137,114.2593444,417.79557609558105
308769442,22.3223989,114.25981,149.95823669433594
308769659,22.3236288,114.2603715,260.94024658203125
308769832,22.3245222,114.2541181,3086.37890625
308770124,22.3262021,114.2609932,401.22509002685547
308770230,22.3281684,114.2508658,30.837146759033203
308778513,22.307413,114.1697644,495.1365966796875
308778515,22.3076075,114.1689468,490.7913513183594
308778516,22.3082077,114.1690993,535.18798828125
308778518,22.3080225,114.1699187,464.1138000488281
308778520,22.3078243,114.1707831,431.484619140625
308780523,22.2848264,114.148195,602.5381469726562
308861948,22.3228541,114.2519242,3452.862274169922
308862049,22.3190866,114.2532627,1478.3099670410156
308911176,22.3193939,114.2625407,3553.536376953125
308912195,22.3190872,114.2653812,2698.043701171875
308912775,22.3165012,114.2700753,147.91191864013672
308912949,22.3165972,114.2643255,2768.9268798828125
308913026,22.3147358,114.2651065,2639.11474609375
308913178,22.3149487,114.2627747,3122.0419006347656
308913688,22.313812,114.2674838,78.78646850585938
308914063,22.3143874,114.2650786,733.1260375976562
308914064,22.3140192,114.2654654,2976.6610107421875
308915325,22.3168498,114.2671116,3857.48876953125
309027775,22.320313,114.2657248,181.82898330688477
309027791,22.323004,114.2684651,90.51485061645508
309027845,22.3207296,114.271249,444.6237564086914
309027859,22.3208436,114.2672475,46.29601287841797
309027860,22.3220692,114.2661342,394.4598140716553
309027861,22.3204224,114.2676575,73.80215454101562
309027950,22.3158996,114.271113,218.42515563964844
309102811,22.5076255,114.2430167,43.88840961456299
310550157,22.3095025,114.2663308,96.49166107177734
310550161,22.309023,114.266464,74.72897338867188
310550165,22.3085738,114.2667414,546.139030456543
310550175,22.3067857,114.2672248,178.70297241210938
310552298,22.2955245,114.273312,119.24394989013672
310552825,22.2897618,114.2738578,26.05178642272949
310553234,22.2878838,114.2718696,440.8757209777832
310553239,22.2831436,114.2697184,736.1364469528198
310553884,22.2817548,114.2730244,1275.1966743469238
310553887,22.2841916,114.2741396,223.37169647216797
310554581,22.2848097,114.2726157,576.971363067627
310556043,22.2875636,114.273844,543.1379280090332
310556278,22.2825356,114.2712444,323.00368881225586
310556701,22.2899316,114.2720329,780.9119338989258
311742821,22.263643,114.237326,513.3400268554688
311742965,22.2616458,114.2345974,1727.78662109375
311742967,22.2620605,114.2343607,2449.5135498046875
311743005,22.261664,114.232025,1170.6781616210938
311743008,22.2619745,114.2323494,1636.371826171875
311744163,22.3042367,114.1691954,422.5033874511719
311744518,22.2634161,114.2392778,568.58154296875
311744520,22.2640811,114.2402517,638.3502197265625
312460498,22.2636586,114.1852895,126.00051879882812
316408441,22.2943589,114.013424,298.9851608276367
316409530,22.2971195,114.0145533,446.8546142578125
316409533,22.2967463,114.0136789,76.2370376586914
316409678,22.2947304,114.020141,485.1137046813965
316409694,22.2941644,114.0219598,211.2420768737793
316410507,22.3018323,114.0176074,95.13830375671387
316410511,22.3017272,114.0165691,440.9137592315674
316410521,22.3024029,114.0125663,270.4796714782715
316410527,22.2972664,114.0119716,71.93309783935547
316731220,22.4096717,114.2120797,143.66453170776367
316731223,22.4055585,114.208614,198.917236328125
316731226,22.4041419,114.20653,219.63349151611328
316731475,22.3392492,114.1773877,180.2409210205078
316731476,22.3386604,114.1775501,49.49461364746094
316731511,22.3350933,114.1789099,179.19520568847656
316731513,22.3345585,114.1769854,41.63296127319336
316731553,22.3330833,114.1774671,41.59069442749024
316731554,22.3327747,114.1780116,242.9107894897461
316731587,22.328333,114.1770298,69.18980407714844
316731591,22.326887,114.1765209,542.416748046875
316731592,22.3276169,114.1766448,688.04833984375
316731595,22.3301488,114.1771122,162.58267974853516
316732585,22.2656879,114.2426258,1983.7386932373047
316732636,22.2672271,114.2393173,346.91236877441406
316732700,22.2698458,114.2401194,388.7891540527344
316732763,22.2739665,114.2414901,1088.1115112304688
316732772,22.2785931,114.2387147,806.2374267578125
316732778,22.278401,114.2367877,1104.2194061279297
316733010,22.2788896,114.2395743,306.5625
316733011,22.2790339,114.240311,584.036376953125
316733013,22.2792346,114.2394911,1450.5936126708984
316733503,22.2733562,114.2428675,862.0016784667969
316733540,22.2715469,114.2417412,327.2237854003906
316733542,22.2710644,114.2423537,677.4660949707031
316734297,22.2658515,114.2426894,861.9577026367188
316734423,22.2643988,114.2406855,2010.6007080078125
316734463,22.265023,114.2394333,187.42428588867188
316734471,22.2636826,114.238167,582.30419921875
316734472,22.2640817,114.2387156,727.1505432128906
316734640,22.2686009,114.2358247,1150.5224609375
316734695,22.2704528,114.2376376,1563.2967071533203
316734742,22.2676083,114.235824,617.1678161621094
316734757,22.2657967,114.2345362,3078.5662231445312
316735014,22.2648803,114.2359163,533.9435424804688
316735016,22.2641852,114.2365229,488.6593017578125
316735140,22.2659792,114.2357546,281.3300476074219
316735143,22.2650213,114.2369353,546.5510864257812
316735154,22.2663752,114.2362845,550.5672912597656
316735163,22.2657904,114.2369071,828.8595275878906
316735433,22.2624085,114.2329986,949.4207763671876
316735434,22.2626551,114.2332171,2903.075927734375
316735506,22.2614209,114.2362328,2462.1730041503906
316735512,22.2592979,114.2385211,3417.65185546875
316735524,22.2620068,114.2379367,1204.35205078125
316735527,22.2609223,114.2380762,3042.782928466797
316735554,22.2621628,114.2387764,3270.6368408203125
316735556,22.2630641,114.2399265,1279.2669067382812
316735559,22.2625154,114.2387672,1164.1653442382812
316735614,22.2649848,114.2442504,2910.239791870117
316735620,22.2656461,114.2441225,173.99021911621094
316735629,22.2653778,114.2452614,209.94772338867188
316735630,22.265279,114.2441924,1079.748046875
316735738,22.2657844,114.2445639,194.48004150390625
316735739,22.2682182,114.2418168,190.24855041503903
316735751,22.2675343,114.2433472,627.4069366455078
316735784,22.2675304,114.2451672,179.4700469970703
316735797,22.2682552,114.2461449,437.51170349121094
316735798,22.2667473,114.2440407,141.5641326904297
316735801,22.2677798,114.2465264,152.19334411621094
316735898,22.2628004,114.2494599,12581.03466796875
316738576,22.2842872,114.2246004,1898.2509765625
316738577,22.2850608,114.2237836,7181.988342285156
316914543,22.28219,114.14985,1330.7944946289062
316914949,22.2837388,114.1991594,380.23126220703125
316915088,22.2909597,114.2057507,1162.0795288085938
316915133,22.2914645,114.2057946,364.6621398925781
316915140,22.2908292,114.206758,756.5708618164062
316915156,22.2908554,114.208037,636.5898742675781
316915191,22.2919495,114.2097163,407.8039245605469
316915197,22.2901512,114.2143706,2145.2676391601562
316915212,22.2880998,114.210099,238.36764526367188
317145496,22.285211,114.2181487,1277.297607421875
317145527,22.2873499,114.2165706,821.8674926757812
317145878,22.2873481,114.2149293,1534.0889892578125
317146570,22.28793,114.217271,609.9754638671875
317146573,22.2893678,114.2148974,1507.8922729492188
317355741,22.288668,114.2177301,2181.6178588867188
317355831,22.2873421,114.2175382,866.0011596679688
317355979,22.2891329,114.217506,2644.4363403320312
317359415,22.3044087,114.2355525,1240.768310546875
317360171,22.2878883,114.2130259,569.40478515625
317360173,22.2863207,114.2130221,1142.2635498046875
317360176,22.2857286,114.2127085,722.55908203125
317360179,22.2847733,114.2125616,873.029052734375
317360195,22.2862389,114.2108728,1869.9174499511719
317360287,22.2884052,114.2115959,465.60260009765625
317360302,22.2874664,114.2103076,231.46871948242188
317360305,22.2873744,114.2124872,570.6406860351562
317360361,22.2867855,114.2115612,442.8966369628906
317360366,22.287455,114.2108141,370.3795776367188
318300057,22.2858869,114.1928799,204.02764892578125
318300181,22.2868925,114.1924896,204.4844512939453
318300201,22.2884226,114.1928466,215.4830322265625
318300202,22.2881004,114.1932663,921.7045288085938
318300203,22.2880283,114.1918804,162.41229248046875
318300340,22.2876614,114.1921494,244.1715087890625
318606154,22.4346395,114.0332964,300.9602508544922
318606193,22.405175,113.9743061,219.56585693359372
323082538,22.3767906,114.1106004,1214.3089599609375
323082540,22.3772481,114.1103822,7037.707931518555
323082545,22.3748603,114.1151614,1236.534423828125
323082583,22.3711444,114.1207008,399.2015380859375
323082586,22.3723103,114.114873,655.853271484375
323082588,22.3720123,114.114528,1116.1658325195312
323083601,22.3726603,114.116695,562.9495849609375
323083689,22.3747938,114.120164,337.0306091308594
323083770,22.3747367,114.120313,412.2562561035156
323083772,22.3751103,114.1199052,836.6272277832031
323083774,22.3756969,114.1201369,411.7069091796875
323083778,22.3759233,114.120793,774.4468383789062
323083782,22.375388,114.1212826,362.1743774414063
323083985,22.370751,114.1218151,621.1673278808594
323084618,22.3736538,114.1220521,347.7877502441406
323085236,22.3758922,114.1176136,505.4886169433594
323086168,22.3664995,114.1145728,1998.8594055175781
323086856,22.3709012,114.117506,584.9752807617188
323086895,22.372133,114.1162848,771.3479614257812
323087113,22.3696584,114.1167228,502.908203125
325688124,22.3700731,114.120168,604.0812377929688
325688697,22.3684686,114.1159847,897.3078308105469
325689634,22.37409,114.1116128,783.8744506835938
325689752,22.3709033,114.1121845,1052.7676086425781
325689806,22.3706661,114.1103843,993.1364440917969
325689852,22.3715721,114.1109411,1011.5478210449219
325692518,22.3757535,114.1107295,1410.0911865234375
325692521,22.3743327,114.1142548,843.7697143554688
325693768,22.3614228,114.1148988,96.76773834228516
325693814,22.3597387,114.1032416,1838.933349609375
325707684,22.3785132,114.1068177,10202.522521972656
325708065,22.3766609,114.1054745,971.6532592773438
325708144,22.3767927,114.1053465,1195.7083740234375
325708548,22.3752218,114.1119428,1328.8355712890625
325710019,22.3769884,114.1183923,1404.891098022461
325710400,22.3764284,114.1230288,1332.478759765625
325712825,22.3014524,114.2948338,9.50131607055664
325713850,22.295905,114.2913234,54.12685585021973
325714729,22.4053919,113.9705423,604.4219970703125
325714741,22.4054575,113.9746663,525.5765380859375
325718227,22.3975171,113.9720878,286.412109375
325719530,22.4078226,113.9744111,217.282958984375
325719540,22.4087163,113.9717376,234.01450729370117
325721494,22.4115584,113.9764785,782.4904022216797
325721771,22.405912,113.9685893,2793.7066650390625
325721775,22.4081574,113.9694309,240.37298583984372
325721790,22.40825,113.9694796,187.54527282714844
325721837,22.4090832,113.9698076,291.3645248413086
325723240,22.3964736,113.9699927,547.5835571289062
325723317,22.3977207,113.9712537,524.69287109375
327121327,22.3706532,114.114908,454.7399597167969
327121976,22.3701397,114.1158214,513.2000122070312
327123119,22.3684659,114.1190842,545.5667114257812
327125271,22.3696905,114.114727,498.8892211914063
327138566,22.3698513,114.1144305,512.7492065429688
327138796,22.3693626,114.1153281,473.3579711914063
327156582,22.3696445,114.1180636,1723.2018432617188
327163964,22.3691394,114.1189446,551.81884765625
327166211,22.3693676,114.120529,572.115966796875
327166700,22.3696442,114.1200435,584.39404296875
327168510,22.3706115,114.1160997,502.7646179199219
327172387,22.3708529,114.1165861,536.1697387695312
327174569,22.371465,114.1185578,1202.56640625
327175314,22.3717474,114.1188392,1381.2940673828125
327180425,22.3691725,114.1176317,549.9371948242188
327189794,22.3495632,114.0971919,3368.5138511657715
330384181,22.3746677,114.1053793,678.1720886230469
330384220,22.3731153,114.105471,227.3962860107422
330384244,22.3741754,114.1050526,252.1636505126953
330384248,22.3738292,114.1048993,643.9420776367188
330411677,22.2908758,114.294654,31.300634384155277
330820890,22.3718874,114.1167546,570.454833984375
330824065,22.3724548,114.1117216,504.9706726074219
330824072,22.373626,114.112463,707.7472534179688
330824190,22.3694302,114.1141655,454.05413818359375
330824191,22.3689496,114.1150773,428.0043640136719
331258075,22.3262772,114.1604939,626.8997192382812
331258807,22.3290147,114.1569483,625.9029541015625
331263118,22.3363471,114.1690943,7297.205047607422
331264599,22.3353074,114.1668711,988.2039794921876
331266739,22.335074,114.1666545,624.7220458984375
331269944,22.3224821,114.1687862,722.9580688476562
331271265,22.326252,114.1620905,754.845947265625
331278588,22.3391747,114.1791078,103.91473388671876
332214271,22.3431835,114.196442,1253.8187866210938
332214280,22.3429326,114.2007502,2025.9737854003906
332214289,22.3396209,114.2050858,470.3704833984375
332227468,22.3191936,114.1626284,842.946533203125
332228049,22.3179532,114.1620652,549.3096923828125
332228052,22.3175995,114.1611738,451.1000671386719
332228053,22.3175839,114.1607523,583.0112915039062
332228057,22.317891,114.1610712,572.8366088867188
332233250,22.3185627,114.1637721,969.8599853515624
332233448,22.3177229,114.1662221,1859.236328125
332237262,22.3253922,114.1611132,1853.4639892578125
332238480,22.3274215,114.1655933,815.2774658203125
332238481,22.3267119,114.1665192,775.3056640625
332240179,22.3256611,114.1669765,659.8745727539062
332241861,22.3209379,114.1656026,907.340576171875
332242040,22.3233423,114.1644159,999.5640258789062
332242333,22.3238588,114.1643808,664.9137573242188
332242579,22.3232688,114.1672864,749.2980346679688
332242753,22.3226105,114.1664288,665.0166625976562
332242755,22.3231134,114.168659,685.4539794921875
332243716,22.3243814,114.162873,926.63330078125
332245888,22.3099839,114.1663078,740.4488525390625
332246178,22.3113756,114.1670271,426.3249816894531
332246273,22.311489,114.1670556,496.4617919921875
332251094,22.3214639,114.1656889,803.3621215820312
332251253,22.3216322,114.1666323,647.8624877929688
332251254,22.3218014,114.1675743,754.5308837890625
332251255,22.3220632,114.168869,763.1361083984375
332251257,22.3222321,114.1699647,1271.5336303710938
332251375,22.3208406,114.1691048,787.5389404296875
332251378,22.3211811,114.1707938,651.61767578125
332251484,22.3219077,114.1681657,706.7669677734375
332251500,22.3207303,114.1684146,695.43701171875
332251664,22.3203881,114.1667166,767.3001708984375
332251667,22.3188396,114.1667907,1270.642333984375
332252247,22.3169347,114.16656,1076.5460205078125
332253240,22.3158769,114.1667412,1232.7181396484375
332253311,22.3162647,114.1682467,1067.2869873046875
332253313,22.3164444,114.1692776,788.740478515625
332253329,22.3168715,114.1716399,121.30449676513672
332253631,22.3158391,114.1688016,931.764404296875
332256307,22.340289,114.1592963,2135.4591369628906
332256322,22.3386827,114.1578801,1055.4045715332031
332256929,22.3365354,114.1606602,654.7744750976562
332257550,22.3388607,114.1611461,2869.8163146972656
332257609,22.3408088,114.1551369,361.5028991699219
332257610,22.3380829,114.1526976,633.5645751953125
332259245,22.3348521,114.1463017,256.52276611328125
332259447,22.3352542,114.1473226,399.0145568847656
332259634,22.3372891,114.1448027,349.83282470703125
332259643,22.340946,114.1540551,388.9282531738281
333377180,22.3389438,114.2301101,97.32173919677734
334473587,22.3188517,114.2733779,88.6300048828125
334473725,22.3171859,114.2746856,53.20347595214844
334474517,22.3079901,114.2851584,50.096927642822266
334475332,22.2962536,114.291506,55.25254249572754
334647880,22.3019131,114.1572026,465.60140228271484
334647895,22.3146094,114.1609698,562.6662521362305
334647897,22.3165049,114.160232,521.253791809082
334648549,22.3130489,114.1604458,619.1464214324951
334648727,22.3110543,114.1607421,606.7560806274414
334649071,22.3072176,114.1637627,532.0455932617188
334649361,22.3084309,114.1614532,595.4935913085938
334649728,22.317115,114.1608432,857.8138732910156
334649851,22.3151686,114.1615949,1609.8091430664062
334650280,22.3140341,114.1618073,1590.9680786132812
334650313,22.3117592,114.1619321,336.301025390625
334650908,22.3204147,114.159149,611.82177734375
334651084,22.3193818,114.1588696,1300.8866271972656
334651141,22.3168278,114.1599097,1158.996971130371
334651193,22.3174739,114.1585259,447.72528076171875
334651195,22.3174159,114.1582093,391.808837890625
334651930,22.3232209,114.1563353,820.3398132324219
339050813,22.3104228,114.1606471,1295.6915645599365
339050894,22.3124765,114.1615613,394.0594177246094
339051594,22.3119364,114.1609236,332.3724670410156
339051602,22.3138199,114.1610633,662.9750366210938
339051997,22.3127264,114.1606868,296.8746337890625
339052061,22.310003,114.1616314,592.7996215820312
339053521,22.3089225,114.1620267,633.74658203125
339053606,22.3135121,114.1616908,293.2286071777344
339054216,22.32899,114.1644777,1890.099609375
339054217,22.3283938,114.1652167,1816.3399658203125
339054219,22.327074,114.1669287,794.5399780273438
340321958,22.2901211,113.9370444,52.20274353027344
340322945,22.290116,113.9373007,86.64839172363281
340322954,22.2905031,113.9372409,78.61440658569336
340322960,22.2904405,113.9370045,46.1707878112793
340322965,22.2902073,113.9369663,47.19590377807617
340324016,22.2915436,113.9318773,197.75373458862305
340324019,22.2914402,113.931643,78.02018737792969
340324107,22.2911947,113.9312949,113.69670486450195
340324153,22.2928299,113.9258892,41.80128860473633
340326875,22.2844862,113.9426155,46.376277923583984
340326877,22.2850519,113.9430671,403.67867279052734
340326881,22.2849948,113.9426306,46.415897369384766
340326996,22.2901224,113.9427528,692.3281402587891
340327011,22.2903956,113.9415652,566.0778045654297
340327043,22.2917474,113.9392537,37.2742919921875
340327047,22.2916522,113.9387965,74.37854385375977
340327052,22.293237,113.9256482,42.09089279174805
340327211,22.293471,113.9254171,88.65553092956543
340327254,22.2930064,113.9252236,58.25845909118652
340327269,22.2931395,113.9246988,55.08125877380372
340327281,22.2935211,113.9231682,64.91287994384766
340327284,22.2938378,113.9222464,80.97441101074219
340327298,22.2940419,113.9214525,13.386216163635254
340327308,22.2945633,113.9216745,65.4926872253418
340327318,22.2940099,113.9217115,65.70462417602539
340338510,22.2896237,114.1987722,822.962646484375
340402929,22.295901,113.9329707,278.1412925720215
340403029,22.2958516,113.9273165,30.677562713623047
340403033,22.296077,113.9266523,198.45341086387634
340403035,22.2957871,113.9267619,60.072444915771484
340403055,22.2960075,113.9273715,122.02827644348145
340403067,22.2956978,113.9269687,35.006290435791016
340404357,22.2988623,113.9321433,153.95815658569336
340404360,22.299337,113.9320709,142.45950031280518
340404364,22.2995705,113.9323192,47.82212162017822
340404371,22.2988153,113.9331308,41.04891586303711
340404372,22.2987445,113.933121,86.1180191040039
340404672,22.2960369,113.9332743,40.45978164672852
340405180,22.2998438,113.9358001,39.504791259765625
340405211,22.2965253,113.9340896,33.66876220703125
340406222,22.2974207,113.933196,36.197792053222656
340406333,22.2972904,113.9349304,105.45494842529297
340406579,22.2954645,113.9335053,120.82775115966797
340408784,22.2891386,113.9479858,234.18885803222656
340408793,22.2899616,113.9478451,234.8712921142578
340409028,22.2900197,113.9472008,1266.6856536865234
340409051,22.2888851,113.9474726,260.2219619750976
344579193,22.3677181,114.1744879,736.9653930664062
344579369,22.3691222,114.1803993,455.9683532714844
344579421,22.3684815,114.1778827,3916.470428466797
345538787,22.2500883,114.1495773,3378.9435806274414
345538789,22.2492433,114.1552215,636.85498046875
356278263,22.2782123,114.1593415,97.61830139160156
356278264,22.2780785,114.1595941,86.71173858642578
356279479,22.2779205,114.1571853,564.997314453125
356559053,22.2883523,114.1385229,385.0743103027344
356559133,22.2892705,114.1402544,401.6463317871094
356625093,22.2825719,114.1422603,461.9423065185547
356625421,22.28265,114.143788,262.7176208496094
356625428,22.28315,114.14294,283.9250793457031
356625545,22.2828654,114.1413045,579.0230712890625
356626615,22.2810307,114.1403052,484.01527404785156
356626843,22.281847,114.148018,659.39794921875
356627093,22.277606,114.15292,189.1295166015625
356662265,22.3238952,114.0402771,250.08120727539062
356662310,22.3333735,114.0324344,950.9246826171875
356662952,22.3327533,114.0279553,941.0773315429688
357136704,22.3198891,114.039522,116.70164489746094
357137200,22.3179723,114.0441716,431.1697406768799
357138531,22.3089975,114.0343093,383.5053081512451
358326338,22.498011,114.1272483,229.57867431640625
358327399,22.4987144,114.1320847,180.68284606933597
358327942,22.4988373,114.1312096,290.1662902832031
358328228,22.4978378,114.1323262,666.72412109375
358330094,22.4989234,114.1367855,276.73582458496094
358330100,22.4963721,114.1391738,498.3579406738281
358330151,22.4949563,114.1409945,711.2462158203125
358330156,22.4949869,114.1404554,212.30946350097656
358333140,22.5081786,114.1299519,3504.0538902282715
358333211,22.5093762,114.127655,1113.1831588745117
358334079,22.5164174,114.1261684,625.9836006164551
358334697,22.5022634,114.1356714,837.273681640625
358334722,22.5024409,114.1400879,606.9393844604492
359328557,22.3401181,114.178038,88.91585540771484
359328857,22.3425435,114.1778814,94.6671371459961
359328858,22.3427169,114.1774045,260.06195068359375
359328863,22.3432021,114.1762204,94.15152740478516
359328865,22.3437213,114.1761198,619.947135925293
359328871,22.3438495,114.1777701,103.81613159179688
359328912,22.3435799,114.177076,96.85830688476562
359328950,22.3430718,114.1780206,124.2185287475586
359329000,22.3430341,114.1753225,310.87420654296875
359329001,22.3434652,114.1757859,214.35930633544922
360265036,22.3613189,114.1049081,795.8775024414062
360265057,22.3573039,114.1062312,1037.9246215820312
360268796,22.3435931,114.1310585,936.5640563964844
360540008,22.3306155,114.1061038,259.6371250152588
360583669,22.3503978,114.108676,670.6205444335938
360585088,22.3465698,114.110291,1292.2322387695312
360585095,22.346839,114.1102431,2083.3416061401367
360585140,22.3477759,114.1102691,764.4636001586914
360585708,22.3473373,114.1109297,55.89645767211914
361110112,22.3627802,114.1049385,2831.0812225341797
365548030,22.2878911,114.1560331,171.44754791259766
365548743,22.2858505,114.1591108,73.31424713134766
365548994,22.287158,114.158177,80.13395690917969
365549428,22.2854832,114.1600929,80.00843811035156
366080458,22.2816146,114.1622541,63.81180953979492
366080838,22.279521,114.170013,297.4283752441406
366080839,22.2794479,114.170795,330.3752136230469
366080881,22.2793901,114.1657108,80.40131378173828
366080884,22.2803002,114.1640635,70.26769256591797
366190357,22.2895276,114.1945437,1048.3323974609375
366190919,22.2888406,114.193223,929.0883178710938
366190935,22.288506,114.1936529,1037.518798828125
366191032,22.2866714,114.1903184,156.8533935546875
366191033,22.2870995,114.1909128,167.04190063476562
366191035,22.2862863,114.1907417,166.69329833984375
366193117,22.2898334,114.1941276,1043.0751953125
366193200,22.2901589,114.1937154,1096.8179931640625
366193794,22.3788505,114.1875498,289.76776123046875
366193843,22.3808141,114.1873355,1011.116943359375
366193849,22.3828728,114.1892855,276.6807861328125
366193931,22.3789674,114.1880289,312.20965576171875
366194221,22.3819554,114.1910975,1055.326904296875
366197781,22.3828795,114.1917542,296.26678466796875
366197784,22.3869143,114.1955984,1898.9264831542969
366197788,22.3891358,114.1981759,516.2863159179688
366197866,22.3909732,114.1971135,199.13336944580075
366197956,22.3898397,114.1945097,1341.421875
366197965,22.3865271,114.1910247,350.5943145751953
366197968,22.3853527,114.1900666,188.2588806152344
366198898,22.3843906,114.1899859,288.2765808105469
366198967,22.3851121,114.1902402,405.83277893066406
366199187,22.3842497,114.1882655,396.73316955566406
366199308,22.3855208,114.1893834,201.1007843017578
366199502,22.3848499,114.1878738,391.1606750488281
366199769,22.3851245,114.1871101,66.19772338867188
366200742,22.3916103,114.1964148,1648.5324249267578
366201660,22.3993598,114.2004204,236.64727020263672
366202145,22.3969229,114.193377,295.1499557495117
366202976,22.3974227,114.1916385,70.20890808105469
366202978,22.3970641,114.1913474,441.0203857421875
366203149,22.3983222,114.1925602,104.8979721069336
366478357,22.3857134,114.193411,193.1999969482422
366478359,22.38639,114.1925825,740.7287521362305
366478958,22.3846672,114.1923882,804.6698303222656
366479362,22.3880702,114.1942012,1031.9963684082031
366488731,22.3876387,114.1937788,1347.7744140625
366488735,22.3892654,114.19483,3054.8993530273438
366488839,22.3882281,114.1930512,952.2685623168945
366489341,22.393704,114.1992106,594.0745124816895
366489366,22.3919471,114.1988035,367.83637619018555
366489415,22.3926796,114.1985419,262.58311462402344
366598559,22.3978685,114.1956231,95.8641357421875
366598636,22.3966654,114.1965881,170.18639373779297
366598638,22.3961612,114.1975186,197.53292846679688
366748694,22.2838126,114.2206615,851.0687255859375
367371253,22.3755071,114.1904181,116.89341735839844
367371257,22.3757312,114.1925382,2802.3550415039062
367371259,22.3765631,114.1939759,4413.341064453125
367371260,22.3778656,114.1957814,1100.251953125
367371263,22.3791187,114.1966937,160.11453247070312
367372041,22.377557,114.1960233,1356.6249694824219
367831518,22.3802973,114.1969416,504.77256774902344
367831520,22.3811085,114.1957983,423.8042907714844
367831521,22.3824004,114.1970688,348.0190124511719
367833312,22.3800632,114.1999824,659.0747985839844
367833314,22.3819545,114.197688,569.0103607177734
367843497,22.3848753,114.2019752,1034.4278564453125
367843502,22.3863306,114.2029805,937.5509033203124
367844270,22.3872787,114.2019213,2136.1627197265625
367844571,22.3859487,114.202579,972.1805419921876
367844678,22.3851113,114.2034831,852.5224609375
367844685,22.3856355,114.2041893,764.895263671875
367854945,22.3854619,114.2051966,319.2739715576172
369211231,22.386453,114.2049928,1105.176025390625
369213035,22.3882824,114.2023743,1581.3111572265625
369214358,22.3875271,114.2041321,988.6290893554688
369216251,22.3869811,114.2035511,2778.8502807617188
369217826,22.3848183,114.2028038,2012.1812744140625
369226742,22.3827464,114.2049396,152.09423828125
369228628,22.3835737,114.2058215,522.9399185180664
369229502,22.381834,114.2076807,328.3022918701172
374088866,22.294917,114.2921296,27.72039794921875
374089560,22.2948675,114.2926204,53.454111099243164
378012230,22.4141443,114.2115925,146.02092742919922
378019961,22.4123536,114.2120818,199.5029067993164
378023929,22.4039249,114.2057427,87.60015106201172
378024379,22.404953,114.2057819,95.53123474121094
378025902,22.4015513,114.2018809,494.7362747192383
378034847,22.4129005,114.2086894,242.85844039916992
378038282,22.416671,114.2081336,100.79745674133301
378050606,22.4161568,114.2105917,92.18028450012207
378050766,22.4149433,114.2078547,57.383195877075195
378052378,22.4157861,114.2109823,164.73838806152344
380173131,22.4176193,114.211835,138.94804763793945
380173140,22.4184976,114.2079987,15.441267013549805
380173146,22.4187563,114.2041672,31.765214920043945
380173151,22.4179149,114.2029487,47.423484802246094
380173157,22.4172161,114.2039271,95.34836769104004
380173536,22.4185029,114.2074959,46.27939987182617
380173572,22.418847,114.2087775,40.87721633911133
380173580,22.4198824,114.2061697,80.65582275390625
380173617,22.4187566,114.2043556,47.462677001953125
380175063,22.4199428,114.2128502,315.2485809326172
380179075,22.4222767,114.2140654,98.31469345092773
380179105,22.4192763,114.214204,94.25718307495117
384143738,22.294922,114.1735561,204.84334564208984
384145154,22.3041291,114.1819002,170.03074645996094
384147857,22.302106,114.1863588,372.13079833984375
384148134,22.3023983,114.1843385,242.6709976196289
384195588,22.3641318,114.1660146,237.6041030883789
384204046,22.367267,114.1710968,356.3641815185547
384204734,22.3671126,114.1712675,2415.1497650146484
384377131,22.3038526,114.1813708,144.7962188720703
384377578,22.3023997,114.1885909,339.7359924316406
384377581,22.3017014,114.1882794,854.1183776855469
384381698,22.3012357,114.1872902,708.8308410644531
384382192,22.3031087,114.1888985,357.9519958496094
384382195,22.3055662,114.1907028,762.6051025390625
384382986,22.3033338,114.1852091,1053.2003784179688
384382989,22.3017592,114.1856088,334.9037475585937
384383004,22.3011169,114.1861481,390.9644165039063
384385470,22.3009819,114.1841271,113.43778228759766
384385509,22.3007436,114.1842807,302.69569396972656
384387096,22.3005703,114.1850353,202.56134033203125
384390555,22.3022995,114.1831888,112.9725570678711
388064924,22.2846355,114.145969,286.7853088378906
388082184,22.3122758,114.2353414,3308.5064392089844
388082443,22.3098893,114.2356456,1354.9036865234375
388082445,22.3097648,114.2377131,5445.817199707031
388083275,22.3113434,114.2371923,2936.3125
390510356,22.3287588,114.026694,563.8695678710938
391725383,22.425344,114.2077641,226.66767692565918
394175392,22.5307698,114.201077,197.0400161743164
394175887,22.514106,114.1672525,446.2270755767822
394175938,22.5544698,114.1596284,42.982929706573486
394176279,22.327228,114.1840489,195.2821502685547
394176280,22.3290876,114.1841098,764.24169921875
394176283,22.3301947,114.1820359,869.1797485351562
394176285,22.331614,114.1819018,98.30271911621094
394176291,22.3288538,114.1807589,499.05567932128906
394176293,22.3309751,114.1808212,142.13772583007812
394176295,22.3340318,114.1796997,181.60801696777344
394176298,22.3339816,114.1810176,102.2296371459961
394176394,22.3325021,114.180908,80.7573471069336
394176396,22.333987,114.178849,82.39266967773438
394176397,22.3344488,114.1813625,194.38021087646484
394176404,22.3368869,114.1815338,875.1181335449219
394176409,22.3390496,114.1818331,116.45355987548828
394176416,22.3401553,114.1824391,128.6486358642578
394176417,22.3410041,114.1826907,135.4153594970703
394176423,22.342741,114.1818073,267.26776123046875
394176425,22.3423996,114.1811659,381.6821823120117
394176431,22.3418009,114.1831363,287.65966796875
403606049,22.3013872,114.2932521,6.500705718994141
403606104,22.3025002,114.2941761,10.200526237487791
403606184,22.3025535,114.2947238,10.10976505279541
403606245,22.3025059,114.2931472,7.208050727844238
403606260,22.3033006,114.2931809,11.536102294921877
403606277,22.3036827,114.2934001,9.396352767944336
412089228,22.2982318,114.2894483,48.17342758178711
412089305,22.3056913,114.2913455,8.830384254455566
412089339,22.3061143,114.2898808,69.73829555511475
412089343,22.3041187,114.2911214,20.004135131835938
412089389,22.3039888,114.2927293,10.041342735290527
412089396,22.303304,114.2924773,9.502642631530762
412089419,22.3034003,114.2918005,8.412110328674316
412685610,22.32278,114.1673807,702.132080078125
416328651,22.501988,114.1671096,202.9770631790161
416364864,22.2992553,114.2883621,43.201581954956055
416364961,22.323121,114.2693746,52.738765716552734
416364999,22.3244557,114.2699716,42.9685173034668
416365111,22.323884,114.2710352,26.52623748779297
416365453,22.4266905,114.2932685,86.96540069580078
418791067,22.2948428,114.0144454,92.40866088867188
418791080,22.295411,114.014292,110.70197296142578
418791103,22.2950409,114.0162917,197.69165802001953
418791106,22.295115,114.0169991,434.7236976623535
418791109,22.2946147,114.0162841,148.78614807128906
419495128,22.3347652,114.1736514,157.8489227294922
419495129,22.3347331,114.1730929,172.53729248046875
419495141,22.3343675,114.1722043,1037.9315185546875
419495145,22.3325417,114.1710257,1691.976806640625
419495159,22.3348721,114.1726955,165.57626342773438
419495529,22.3327432,114.1747047,379.01061248779297
419495532,22.3326864,114.1754401,136.49362182617188
419495625,22.3341184,114.175556,110.70136260986328
419495626,22.3321231,114.173377,50.77269744873047
419495627,22.3320634,114.1739778,243.5433349609375
419495631,22.3301899,114.1729827,101.59674072265624
419495636,22.3321367,114.1731162,136.50949096679688
419495644,22.3308547,114.1731279,54.097354888916016
419495648,22.3302283,114.1750256,123.4651336669922
419495651,22.3304505,114.1743926,236.95660400390625
419495751,22.329601,114.1747725,157.70315551757812
419495752,22.3293438,114.1755553,375.7501983642578
419495753,22.3303508,114.1724857,601.2429351806641
419495754,22.3302867,114.1726823,138.57518005371094
419495755,22.328105,114.173015,607.3688812255859
419495756,22.3291203,114.1740116,304.2958068847656
419495758,22.3282355,114.1726531,182.4761657714844
419495764,22.3314952,114.1759712,319.743408203125
419495772,22.3316039,114.175328,133.11256408691406
419629879,22.263992,114.0009939,34.3725471496582
419630050,22.2432895,113.9766737,99.27659225463867
419630061,22.2419162,113.9769545,58.000659465789795
419630069,22.2401723,113.9765871,13.685752391815186
419630086,22.2400386,113.9806177,18.12590503692627
419630345,22.2665161,113.9991868,83.41320419311523
419632772,22.294872,114.0147398,169.32577514648438
420027761,22.3285672,114.164098,1397.8616943359375
420027766,22.3308617,114.1602617,1539.769287109375
420027768,22.3295305,114.161975,2683.8143310546875
420027769,22.330482,114.1599211,1112.0811767578125
420027770,22.3298034,114.1607611,1042.74169921875
420027771,22.3291272,114.1616188,1106.4161376953125
420027772,22.3283616,114.1664471,1415.609130859375
420027773,22.330882,114.1631926,2611.3897705078125
420027775,22.329518,114.1649516,1674.77001953125
420027776,22.3289319,114.1656987,1402.371826171875
420027777,22.3306517,114.1644363,1453.7608642578125
420027778,22.329973,114.1653575,1222.89501953125
420027780,22.3313225,114.1635771,1484.871826171875
420030749,22.2811878,114.1254639,2062.5004272460938
420038154,22.2789079,114.1311533,1588.45703125
420038962,22.2859351,114.1307808,451.5107727050781
420039039,22.286903,114.1317198,2479.5084228515625
420049508,22.3373384,114.1764688,44.7422103881836
420049516,22.3376336,114.1758008,496.35401153564453
420147173,22.2262633,113.929673,76.27303314208984
420147184,22.2216922,113.9153744,10.27638816833496
420147197,22.22596,113.897981,194.01614713668823
420157523,22.3804466,114.2126278,2255.9715461730957
420467374,22.2527729,113.8625328,268.89991426467896
420499542,22.3081769,114.0119089,82.25997161865234
420499543,22.308175,114.0123105,84.26405334472656
420499554,22.307544,114.0142775,138.82901000976562
420499575,22.3066026,114.016071,411.461669921875
420499598,22.3035522,114.010472,68.78651428222656
420499602,22.2998897,114.0121684,379.59592056274414
420499610,22.305777,114.0137907,710.0758514404297
421416925,22.3100154,113.9903236,2022.3135223388672
421416926,22.2980664,113.9663807,230.61690139770508
421421839,22.2808291,113.9394465,4478.0557861328125
421421840,22.2807081,113.9397371,62.20718383789063
421421861,22.2801499,113.9400138,1035.466552734375
421421876,22.2836177,113.937923,132.73876571655273
426271546,22.3024435,114.2961823,6.044727325439453
426271567,22.3033586,114.295224,10.729693412780762
426271605,22.3040132,114.2941629,10.04382610321045
426271612,22.302879,114.2957597,19.81775665283203
426271635,22.3042349,114.2959295,9.365140914916992
426839340,22.2544271,113.9079469,14.685760498046875
437333586,22.3293161,114.1928269,120.349365234375
438096652,22.3318217,114.1855242,794.1625022888184
438096655,22.3317648,114.1871282,428.1896057128906
439184400,22.363442,114.1712408,416.3058471679688
439184403,22.3628629,114.1722027,904.861083984375
439184406,22.3635219,114.1734533,3150.9483642578125
439184410,22.3657275,114.1755889,522.5558471679688
439185513,22.3653425,114.1770652,1539.0420837402344
439185523,22.3620949,114.1774833,1171.197998046875
439185534,22.3610108,114.1763654,1407.1261901855469
439187876,22.370158,114.1769206,692.2156524658203
439187905,22.3711631,114.1786031,797.0728759765625
439187932,22.3713289,114.1789827,1572.0359497070312
439188188,22.3718406,114.1785071,761.82666015625
439188985,22.3760694,114.1754798,283.8645935058594
439189000,22.3742105,114.1766529,288.461181640625
439190509,22.3718314,114.1793154,2685.2761840820312
439190745,22.3749596,114.1881857,804.4638671875
439190927,22.3743423,114.1854025,350.17626953125
439190941,22.3698969,114.1851248,814.2215957641602
439190947,22.3693045,114.1872719,1193.1094055175781
439990044,22.3732933,114.1876378,1967.3029174804688
439991234,22.3682381,114.1838894,231.11111450195312
439991792,22.3752662,114.1809417,566.8742980957031
439991841,22.3741846,114.1783404,765.64599609375
439993226,22.3758285,114.1772855,1035.4442138671875
439993233,22.3756073,114.1757537,1053.4906005859375
439994416,22.3759907,114.1791719,523.30859375
439994827,22.3767912,114.1792756,1082.0228881835938
439997469,22.3759128,114.1780339,902.9471435546876
439997472,22.3743441,114.1787268,745.3707275390625
440549225,22.3256229,114.210936,338.6172790527344
440621248,22.3869073,113.9690053,343.73497009277344
440626297,22.2702188,114.1953866,272.44287872314453
440645694,22.3240314,114.1913125,316.3958435058594
440965486,22.2802604,114.2233261,1010.987548828125
440971542,22.27959,114.22931,279.197021484375
440977163,22.2828399,114.2330783,364.0565643310547
440982507,22.2621077,114.2359565,749.2423095703125
440983321,22.2690918,114.2398735,149.70675659179688
440988489,22.2708725,114.1972596,238.2966651916504
441003657,22.5239597,114.2154892,51.90970230102539
441031813,22.3417956,114.1969491,729.31787109375
441031815,22.3415593,114.1987006,285.8728942871094
441032013,22.3443048,114.1911885,2788.203125
441032452,22.3394362,114.2070128,584.4924621582031
441043946,22.3489091,114.1945885,9930.214538574219
441046045,22.35761,114.0190823,406.4413261413574
441532227,22.3054804,114.1888164,455.72314453125
441534483,22.3030352,114.186865,916.2144165039062
441535160,22.2977867,114.1787379,121.18649291992188
441535164,22.2953873,114.175733,236.1376953125
441535168,22.2946085,114.1722823,421.41102600097656
441535437,22.2945935,114.1711524,266.25115966796875
441564392,22.3410679,114.1894464,441.5211486816406
441564851,22.342801,114.1896172,590.8847045898438
441604132,22.347154,114.2026838,3949.4197998046875
441604134,22.3473575,114.1996434,2033.489013671875
441604197,22.3471054,114.2060303,8970.764678955078
441606196,22.3445698,114.1849096,5420.334411621094
441606320,22.3423407,114.1892035,1103.216796875
441606399,22.3425342,114.1877546,3883.2916870117188
441609153,22.3490885,114.1997662,6799.852233886719
441609808,22.339735,114.2024267,675.7362213134766
441609810,22.3384339,114.2041029,485.9651184082031
441609816,22.340463,114.2035801,590.2953338623047
441609900,22.3377493,114.2052836,273.0867614746094
441609951,22.3391277,114.206142,276.6264953613281
441609958,22.3389171,114.2064371,374.2890625
441610892,22.3391326,114.2066467,372.1751098632813
441611286,22.3373771,114.203652,277.6203308105469
441611305,22.3384476,114.2059191,381.8971252441406
441611319,22.3372517,114.2062133,3092.7738647460938
441991421,22.3452185,114.1975951,333.9872131347656
441991448,22.3465434,114.1977102,737.1278076171875
441991584,22.3449815,114.1956483,728.7493896484375
441991949,22.3441642,114.1959479,631.8181762695312
441991952,22.3441825,114.1974119,582.4716796875
441992135,22.3441992,114.1960542,576.0963745117188
441992137,22.3447197,114.1959597,604.6796875
445781692,22.4189217,113.9886773,398.93800354003906
452735806,22.301638,114.1744316,175.0777587890625
452738352,22.3116448,114.1763685,180.0418701171875
452738365,22.3061274,114.1770264,454.0067138671875
457891490,22.2682614,114.1567919,63.13497543334961
458653178,22.3420344,114.188299,1894.3309936523438
459473659,22.3056082,114.1849379,1769.0927734375
459475161,22.3035168,114.1919101,692.2647399902344
459475472,22.304775,114.1918407,364.74432373046875
459476449,22.3044166,114.1854742,746.4906005859375
459476450,22.304207,114.1851897,851.2827758789062
459476552,22.3042773,114.1863787,674.8545532226562
461618801,22.3128369,114.185967,3482.5706787109375
466959556,22.3460103,114.1315586,401.86863708496094
466961666,22.3528947,114.1313879,531.0832061767578
466961709,22.3524988,114.1318128,353.58380126953125
469515593,22.2843211,114.1524887,481.7600708007813
470199192,22.3332636,114.2003604,95.02767181396484
470205583,22.3364543,114.1449923,304.5782775878906
471196272,22.2900722,114.213169,598.5421142578125
471284432,22.3604659,114.0976813,2017.928466796875
471285426,22.362578,114.1163365,107.89859008789062
471287622,22.3699693,114.123215,1061.9039306640625
471288239,22.3605581,114.1193892,103.13246154785156
471288243,22.3571908,114.1217105,68.76293182373047
472584638,22.4473925,114.0293148,668.4280395507812
472584641,22.447477,114.0274362,449.3480224609375
472585030,22.4474956,114.0300001,616.8875122070312
472585562,22.4478368,114.0254974,472.1134948730469
472585650,22.4476377,114.0254839,464.5200500488281
472585654,22.4453209,114.0181242,566.0186767578125
472586023,22.4459016,114.0161026,196.5622100830078
473391268,22.4626188,113.9935251,3272.137706756592
473393327,22.4470953,113.9994008,70.77119445800781
473393913,22.4286518,113.9914029,61.68917465209961
473445294,22.4391571,114.0322206,335.3302536010742
473445305,22.4374513,114.0277085,1148.9535217285156
473445310,22.4373795,114.0253795,425.14768981933594
473447472,22.4402195,114.0201335,260.93714237213135
473448849,22.4472278,114.0219995,608.8391723632812
473449720,22.4440347,114.032272,719.4338989257812
473451001,22.4358781,114.0289664,283.4029235839844
473453102,22.4413344,114.0254916,324.897216796875
473455600,22.4431381,114.0351367,459.7477416992188
473457050,22.4456299,114.0251603,383.7948913574219
473457051,22.4446016,114.0251652,1054.2992248535156
473459244,22.4410781,114.0349482,209.2364673614502
473459245,22.4416965,114.0362305,175.50799751281738
473886075,22.3177074,114.2087979,157.5129165649414
473886148,22.3208114,114.2059053,149.00164794921875
473886169,22.3168909,114.2105484,187.71661758422852
473886266,22.3250419,114.2036728,89.56316375732422
473886351,22.3243751,114.2024646,143.06735229492188
473886430,22.324765,114.2034126,178.14358520507812
473886438,22.3245413,114.203015,142.12310791015625
473886513,22.3232536,114.203165,146.3354034423828
473886525,22.3251887,114.205989,142.70294189453125
473886634,22.3240016,114.2017423,151.78641510009766
473886673,22.320148,114.2066944,118.03201293945312
473886800,22.3234848,114.2026547,132.76846313476562
474081604,22.3305531,114.205096,3649.162986755371
474081617,22.3360563,114.2043759,3324.9548950195312
474081808,22.3321337,114.2050218,934.9728393554688
474081845,22.3331868,114.2052164,947.3462524414062
474081882,22.3350293,114.2041351,114.63367462158205
474081908,22.3274139,114.2057535,362.0101318359375
474082142,22.3334676,114.2067712,1408.3274841308594
474082328,22.3334387,114.207446,391.7173767089844
474082382,22.3333972,114.2005831,124.12450408935548
474104431,22.3297989,114.2107159,1199.7040710449219
474172118,22.2587621,114.1328861,1585.5062446594238
474172946,22.2612984,114.1311914,340.3558578491211
474174629,22.2616747,114.1286684,280.8329315185547
474176083,22.2650302,114.1302238,572.0803680419922
474183926,22.2976668,114.2709367,365.74791717529297
474183931,22.29645,114.2672501,297.86984634399414
474201885,22.3264884,114.2140788,1923.017578125
474201896,22.3251596,114.2149343,5631.440368652344
474201902,22.3272505,114.2133408,554.359375
474201926,22.3269598,114.2122565,1209.2030334472656
474201940,22.3244148,114.211412,312.8091278076172
474209048,22.3047396,114.1670173,354.88587188720703
474367508,22.3385865,114.2035802,245.1540985107422
474367610,22.3393902,114.2033504,250.2736358642578
474367937,22.3431712,114.1986376,624.3636474609375
474384740,22.3158564,114.217526,99.11945343017578
474384966,22.334051,114.20888,599.4370727539062
474384968,22.3344052,114.2080061,356.6104736328125
474384971,22.3345388,114.2083002,377.08392333984375
474384976,22.3333521,114.2077862,403.05169677734375
474384980,22.3324535,114.2079933,1140.9173278808594
474384983,22.3341511,114.2090505,745.0310668945312
474384993,22.3340671,114.2120479,1136.654296875
474384999,22.334038,114.2119049,1098.951416015625
474385689,22.3102552,114.229229,464.3265686035156
474570738,22.3254802,114.2096668,306.6620483398437
474570756,22.3257831,114.2116782,888.2552947998047
474570873,22.325053,114.2112556,199.42132568359372
474570895,22.3256053,114.2096499,495.6335906982422
474570909,22.3262016,114.2117218,583.6636657714844
474589520,22.3169406,114.2122776,70.61859893798828
474660216,22.3088832,114.2292795,660.428466796875
474660220,22.3066935,114.2218473,92.75743865966795
474660247,22.3168985,114.2140508,158.9369354248047
474660256,22.317791,114.2131042,96.22687530517578
474660270,22.3164214,114.2162668,119.91365814208984
474660292,22.3182644,114.2129385,107.3772430419922
474660293,22.3182252,114.2117324,69.56510925292969
474660354,22.3146146,114.2205391,2356.882568359375
474660997,22.3084453,114.2224782,81.61991119384766
474661009,22.3089476,114.2222378,99.53153228759766
474719581,22.3075747,114.2249829,185.25247192382812
474719583,22.308355,114.225984,217.33318328857422
474728743,22.3423301,114.1990573,275.74493408203125
474728777,22.3410144,114.1998634,268.44708251953125
474728794,22.3423221,114.1985299,275.7440795898437
474728810,22.3406462,114.2000819,515.3489379882812
474728823,22.3406059,114.1986331,234.4394378662109
474728825,22.3406694,114.1983599,283.3700866699219
474728840,22.3396338,114.1979634,650.7947387695312
474961340,22.4441608,114.0172854,437.6328125
474961458,22.4316557,114.0134846,42.03495740890503
474961468,22.4415667,114.0117561,141.6010284423828
474961475,22.4386574,114.0112123,122.74845886230469
474961728,22.4385787,114.0077138,35.26567077636719
474961732,22.4398185,114.0081523,37.8434944152832
474963792,22.4490351,114.0104075,375.3973731994629
478504101,22.3699176,113.9303761,41.115966796875
478623130,22.2968239,114.0138642,92.57730865478516
478623180,22.2956229,114.0141828,170.0164566040039
478639437,22.2818824,114.2206813,887.3261108398438
478639570,22.2817923,114.2205419,804.6058349609375
478647977,22.2834403,114.2219924,759.562255859375
478648633,22.283915,114.221735,1309.084716796875
478650687,22.2834397,114.2201126,817.7249145507812
478807879,22.3270748,114.2137045,1106.5022277832031
478809806,22.3284853,114.2133552,568.7301635742188
478812302,22.3299073,114.2168964,2390.4088745117188
478812674,22.3312411,114.212808,2743.3344116210938
478813370,22.3304134,114.2105622,1229.4225463867188
478814285,22.3316608,114.2174583,1329.797378540039
478814975,22.3312628,114.2142373,2022.8870849609375
478823966,22.3189693,114.2153871,916.3817138671876
478824721,22.3191095,114.2148531,894.3217620849609
478825367,22.319454,114.2148284,856.4856719970703
478826293,22.3178379,114.2165628,940.0792236328124
478835803,22.3327957,114.2167374,1227.3184204101562
479579841,22.3041388,114.2350335,783.3568267822266
479762104,22.2809765,114.2352728,787.8396224975586
480675735,22.4143416,114.2284376,3592.1461639404297
480675852,22.4212612,114.2292233,7127.6715087890625
480675853,22.4213355,114.229318,4738.472869873047
480679312,22.3386447,114.1490043,352.1422424316406
480679404,22.3399417,114.1498778,1435.1939544677734
482112630,22.2463596,114.166334,250.50912475585938
482132110,22.373797,114.1019879,641.8887939453125
482842865,22.4205115,114.2093436,46.891937255859375
482842867,22.42064,114.2082803,106.98794364929199
482848923,22.3339174,114.1535776,650.9086608886719
482851443,22.3365857,114.1408993,1519.7957763671875
482906811,22.3774759,114.1796472,390.92359924316406
482906818,22.3769879,114.177219,2212.5281372070312
482907537,22.3735805,114.1751292,297.9339599609375
484136468,22.3270443,114.1803021,347.7122802734375
484136661,22.3250746,114.1745225,534.0910034179688
485553622,22.3675847,114.000646,467.9070014953613
485660466,22.3068324,114.1748574,134.01121520996094
487079355,22.263971,114.2350066,2562.896240234375
489267578,22.2897866,114.2001312,1289.2877197265625
489271092,22.2902351,114.2093977,601.8114013671875
490636155,22.4538045,114.1871474,67.36041736602783
490651671,22.3496135,114.0602048,70.15946197509766
490652637,22.3530707,114.0629878,104.39478302001953
490653201,22.3500554,114.059579,233.22750091552734
490726643,22.2797177,114.1685858,69.64234161376953
490727645,22.2797883,114.1664853,74.43940734863281
490730220,22.2808634,114.1701665,381.18896484375
491581385,22.3116432,114.2335548,1172.549560546875
491581391,22.3109867,114.2318209,1013.9918823242188
491581414,22.3118693,114.2342645,1726.4091796875
491581842,22.3115808,114.2328959,1155.5008544921875
491586684,22.313141,114.224579,345.1178741455078
491586702,22.3101916,114.2311354,909.9144287109376
491586709,22.3122361,114.2267851,1167.100830078125
491586716,22.310358,114.2309612,551.7915649414062
491586721,22.3112129,114.2319942,642.98779296875
491586728,22.3084863,114.2317825,2619.4684448242188
491588483,22.310881,114.2285867,737.4416961669922
491588488,22.3052048,114.2347406,1928.3883056640625
491591707,22.3015268,114.2343914,290.2343139648437
491591807,22.3012461,114.2343182,1272.7510986328125
491591824,22.3030455,114.2362977,2768.8992919921875
491992809,22.4861688,114.1474047,871.8217124938965
492006134,22.4981177,114.0772775,90.03115081787111
492012980,22.2834919,114.2144483,3347.0469970703125
493883072,22.3305455,114.1505934,624.9125518798828
493885224,22.388343,114.2107142,242.2850799560547
493887500,22.3966194,114.1930536,67.25494384765625
493887664,22.3967386,114.1978998,156.1260108947754
494058326,22.3370662,114.2081045,1074.9585723876953
494142279,22.3192266,114.1944234,384.4564208984375
494982476,22.3511807,114.1199224,171.39062404632568
495137366,22.2946759,114.1707694,142.23361206054688
495137475,22.3004638,114.1683778,805.6746215820312
495950903,22.3544224,114.1252858,96.34402847290039
495953983,22.3744634,114.002197,71.74129295349121
495953992,22.3751505,113.9988193,119.56295967102051
495955346,22.3655356,114.0032066,159.93917846679688
495955377,22.3652848,114.0061411,62.48784637451172
495955385,22.3665164,114.0088157,159.4146957397461
495956058,22.3643253,114.0145249,131.44879913330078
496035667,22.3027724,114.1798638,426.3011016845703
496035674,22.3036908,114.1807413,292.3401794433594
496053614,22.2557652,114.1378045,747.5027465820312
496511470,22.3148546,114.2395151,413.6743469238281
496783276,22.3737603,114.1091846,711.7956085205078
496784621,22.3714728,114.1132817,579.5072021484375
496789357,22.3733122,114.070449,497.4865074157715
496799059,22.3748197,114.1208798,379.2782287597656
496800258,22.3751977,114.1146722,1241.7513427734375
496801399,22.3911893,113.9679262,570.8951034545898
496803351,22.3692954,114.1119883,516.9658813476562
496803364,22.3695728,114.1109882,1012.7519226074219
496803597,22.3707426,114.1133338,513.20361328125
497854834,22.2437146,114.1535802,656.2796020507812
497857254,22.2435487,114.1542425,821.3931884765625
497870479,22.2445904,114.1549017,818.3015747070312
497876100,22.2438389,114.1562033,739.9348754882812
497876115,22.2441874,114.1560597,647.1493530273438
497876129,22.2445124,114.1558725,426.6820983886719
497876691,22.2443469,114.1565125,692.188720703125
497878601,22.2449559,114.1567737,2258.1973876953125
499019105,22.2847712,114.1372971,881.4215698242188
501834893,22.3946242,113.9714148,301.12823486328125
501839454,22.3955246,113.973565,713.8121948242188
502952713,22.4148239,113.9823994,129.54513549804688
502952887,22.4118793,113.9823839,551.4259777069092
502952895,22.4089758,113.9817598,808.0012969970703
502952897,22.4086486,113.9808597,440.8142395019531
502952901,22.4084405,113.9795475,239.45068359375
502955743,22.4150316,113.9807148,89.2728042602539
502955746,22.4153228,113.9809393,85.4710922241211
502958049,22.4143775,113.9828908,2834.255615234375
506177479,22.4123081,114.2132004,63.64996337890625
506177565,22.4120515,114.2131221,76.60758209228516
506178483,22.4116031,114.2133785,119.75140762329102
506178487,22.4104086,114.2127098,85.68927001953125
506446093,22.3531223,114.1067896,1028.501708984375
506446094,22.3532314,114.107281,1059.2598876953125
506446095,22.3530867,114.1075088,396.84361267089844
506473444,22.3299276,114.1471389,138.86074829101562
506473774,22.3330011,114.139492,52.220489501953125
506475730,22.3462408,114.1246784,34.93199920654297
506479761,22.3308728,114.1540945,293.8825988769531
508018737,22.2779986,114.1672897,82.25960540771484
508019969,22.2783268,114.1657899,81.49771881103516
508020318,22.2772051,114.166561,211.46814727783203
508020530,22.2779391,114.1663686,98.43793487548828
508026730,22.2748044,114.1652941,174.21807861328125
508026942,22.2770476,114.163926,134.41868591308594
508051651,22.2790409,114.1767032,410.5881652832031
508051986,22.2793364,114.1716385,318.4555969238281
513278000,22.4445975,114.0320684,574.9976806640625
513279409,22.4444197,114.0272058,481.2791748046875
513315469,22.4464625,114.0339583,821.5578308105469
513315491,22.4464783,114.0357582,391.7994689941406
513315548,22.4451244,114.0362051,465.8482360839844
513315559,22.444462,114.0363342,501.0535278320313
513321121,22.4448117,114.0359156,1147.3533935546875
513324676,22.4445137,114.0341118,577.314697265625
513331812,22.4458941,114.0315868,474.4584655761719
513344509,22.4468961,114.033988,173.31211853027344
513344549,22.4494979,114.0334092,85.11368560791016
513344554,22.4514723,114.0338412,20.65669059753418
513344624,22.4496557,114.0323671,174.45858764648438
513345524,22.4505789,114.030644,1099.966552734375
513346992,22.451691,114.032828,240.86048126220703
513347039,22.4525132,114.0355849,16.206298828125
513347044,22.4525328,114.0358908,13.362293243408203
513353348,22.4465558,114.0025606,72.80571746826172
513354006,22.3237215,114.1589607,695.1177978515625
513388433,22.4443925,114.0302986,566.6576538085938
513668891,22.5019654,114.0817985,27.86861228942871
513668910,22.501222,114.0821184,31.69814109802246
513675386,22.5037281,114.0858264,165.0849208831787
513675390,22.5025678,114.0826618,27.744970321655277
513675401,22.5035644,114.0857309,192.00581741333008
513675414,22.4984399,114.0792664,88.42535400390625
513675420,22.499913,114.0806827,27.939830780029297
513675501,22.5022221,114.0835021,27.512531280517575
513675616,22.4996768,114.0797943,52.693904876708984
515622572,22.5144368,114.1683261,279.8901958465576
515730873,22.3679413,114.120064,1217.8778686523438
515740820,22.3775066,114.1346334,7437.272521972656
515740886,22.3764019,114.1354919,565.8845367431641
517238838,22.2513144,114.2535097,338.1711730957031
517250765,22.3726819,114.1410913,718.4845275878906
517541779,22.4072268,114.221327,362.0239562988281
517573057,22.4103191,114.2234928,286.9087219238281
517575771,22.4148646,114.2245911,430.24114990234375
517603121,22.4160168,114.2248876,995.7030029296876
517603189,22.4158177,114.2254024,1076.2567138671875
517603254,22.4152909,114.2251994,262.9892883300781
517604699,22.4120787,114.2238269,1144.9399719238281
517604709,22.4124083,114.2246092,204.0217742919922
517607160,22.4135243,114.2240796,1370.4234161376953
517607983,22.4121542,114.2245358,199.4087677001953
517610623,22.4103223,114.2240441,264.8851928710937
518260071,22.4151939,114.2260192,1475.6336059570312
518261008,22.4159024,114.2241485,250.3385162353516
518261015,22.4157924,114.2229923,803.6124877929688
518261328,22.4160739,114.223346,931.860107421875
518261340,22.4164853,114.2232947,2470.1849365234375
518261727,22.4240872,114.2290684,1216.8641357421875
518261784,22.428692,114.2423702,707.9622192382812
518261790,22.4293648,114.2425296,666.8812866210938
518261805,22.4294759,114.2430793,1202.7669677734375
518261814,22.4295114,114.249105,1941.3567504882812
518262177,22.429572,114.2440947,1103.1366577148438
518262836,22.4276485,114.2428342,1894.7977905273438
518262899,22.4278504,114.2432436,625.892822265625
518263124,22.4238935,114.229188,559.9838256835938
518263128,22.4224388,114.2274938,2200.3076782226562
519548342,22.3192619,114.2178651,3572.0825805664062
519550496,22.2792158,114.1923254,295.8497009277344
519550497,22.2785238,114.190089,180.0304718017578
519550709,22.2782708,114.1929986,622.4195251464844
519829961,22.3224981,114.1910275,127.57685089111328
519830025,22.3233522,114.1914607,108.1973876953125
519831414,22.3232035,114.1894027,227.08459472656253
519834116,22.3194902,114.1895074,782.03271484375
520954637,22.2421001,114.1494447,1351.5790405273438
520955976,22.284443,114.2231382,2281.0804443359375
520957119,22.2734622,114.2320685,392.42124938964844
521345677,22.2051591,114.2145867,524.4018459320068
522282954,22.218235,114.2138851,173.1192626953125
522282955,22.2185385,114.2140182,279.0888442993164
522282959,22.2199291,114.2139981,182.95761108398438
522282969,22.2187665,114.2101948,1716.3642654418945
522282973,22.2184292,114.212246,161.11935424804688
522283087,22.2191448,114.2137635,144.8115692138672
522310765,22.3773914,114.1821361,285.0167236328125
522314622,22.4237221,114.11136,147.56309032440186
523588218,22.3000954,114.1786653,187.55233764648438
523609080,22.3332009,114.1942465,2045.0734252929688
523624473,22.3922872,113.9658993,756.7019882202148
523778989,22.2685073,114.1897865,876.6294784545898
525273794,22.3470534,114.0885802,97.32930755615234
525275326,22.3558195,114.0840646,444.3910217285156
525275327,22.3524014,114.0858037,616.3983001708984
525275380,22.3503119,114.0866458,194.1895694732666
525275919,22.3451393,114.0907882,960.6769733428955
525278962,22.3533537,114.0817061,475.65042877197266
525312214,22.3570688,114.0837532,129.61544799804688
525312499,22.3590491,114.0820132,719.0119018554688
525312506,22.35838,114.0832991,282.7047424316406
525313794,22.3556537,114.0850919,271.90675354003906
525314286,22.3532535,114.082061,483.6411437988281
525449212,22.2900829,114.1421087,789.1602172851562
525461533,22.2885008,114.1423555,488.3843078613281
525462338,22.2886452,114.1419558,481.4277648925781
526901913,22.2774776,114.1591169,97.12349700927734
526959714,22.2751203,114.1556602,165.6683349609375
527058699,22.2833484,114.1533478,100.96861267089844
527732391,22.279631,114.1624989,79.55052185058594
527734527,22.2826325,114.1582934,69.518798828125
529140389,22.265042,114.0007767,26.03848648071289
529140407,22.263603,114.0019949,59.60950469970703
529140411,22.2652253,113.9964593,132.5379123687744
529140415,22.2660263,113.9960886,50.140353202819824
529140435,22.2663447,113.9942069,28.00045108795166
529150421,22.3023317,114.0123628,135.08534240722656
529156252,22.3044498,114.0104049,66.09839630126953
529156253,22.3043578,114.0101462,132.02001953125
529157198,22.3070474,114.0107564,281.9645690917969
529915276,22.3960169,113.9673508,5028.378265380859
529915294,22.3924917,113.9675935,676.1745300292969
529916985,22.3913852,113.9676866,186.05502319335935
529916987,22.3898264,113.9671744,1020.8289489746094
530553169,22.3872613,113.9674607,532.9164428710938
530557853,22.3868175,113.965999,386.33441162109375
530559327,22.3875212,113.9682006,176.35714721679688
530560795,22.3777393,113.9666888,2962.9085693359375
530560821,22.3762267,113.9686319,757.867919921875
530572292,22.3812151,113.9634738,1449.2112426757812
534575086,22.3190825,113.9394709,59.816781997680664
534575908,22.3197934,113.9426671,81.00613641738892
534575951,22.3196233,113.9428628,57.26017093658447
540524205,22.2995475,114.2334077,865.804931640625
540524210,22.3009525,114.236439,2879.019775390625
540524384,22.2954981,114.2399449,4159.5860595703125
546201396,22.3763615,113.9604274,289.1665687561035
546201417,22.3846147,113.9649335,185.80892944335935
546201418,22.3863982,113.9657012,606.7251739501953
546203752,22.3761993,113.9604112,1090.6827278137207
546203931,22.3871583,113.9786906,1294.4768676757812
546203937,22.3861232,113.9711314,1826.4328918457031
546203938,22.3857542,113.9726236,5990.8577880859375
546204623,22.3864399,113.970022,1312.2212829589844
546207932,22.3864429,113.9791169,1053.9544677734375
546220947,22.3860056,113.9775779,2638.8153686523438
546222408,22.3850674,113.9793592,1079.8733520507812
546224694,22.3806598,113.9701069,558.3933715820312
546224706,22.3826807,113.9702502,880.1425476074219
546224717,22.3840503,113.9705152,341.2568664550781
546227265,22.3840387,113.9705962,785.0482177734375
546227278,22.3826514,113.9703699,1308.4625244140625
546228273,22.3816153,113.9734044,100.04205322265624
546228287,22.3824374,113.9752759,110.39916229248048
546228297,22.3835649,113.9779468,599.8602294921875
546228939,22.3805003,113.9702035,102.0692901611328
546230993,22.3853711,113.9751952,3512.6404418945312
546231019,22.3899787,113.9752084,1622.3431396484375
546231136,22.3925262,113.9753174,762.3052368164062
546231602,22.3866382,113.9753062,2331.3084411621094
546233560,22.3801264,113.9715819,386.2227554321289
546233572,22.3806225,113.971364,122.89935302734376
546233586,22.3807472,113.9713046,846.258918762207
546233595,22.381247,113.9710693,1277.5115356445312
546233736,22.3810412,113.9736781,256.06743240356445
546234122,22.3825569,113.9741164,1075.3355102539062
546235733,22.383401,113.977787,254.3182601928711
546239083,22.3847947,113.9707679,363.2485656738281
546239379,22.3857222,113.9721395,421.52777099609375
558542610,22.4483508,114.1652748,381.1205139160156
558549622,22.4485261,114.1642808,363.2583923339844
558549647,22.4497087,114.1639945,316.7481689453125
558549698,22.4495941,114.1634591,768.3008117675781
558549753,22.4484356,114.1638199,610.0352935791016
558665200,22.4438735,114.1714457,134.12310028076172
558669456,22.447587,114.1657513,392.2888488769531
558669625,22.4488964,114.1651371,446.6867065429688
559092149,22.4439434,114.170859,414.92943572998047
559092181,22.4412303,114.1710491,77.00053405761719
559092213,22.4349656,114.1683495,301.64598178863525
559092217,22.4414147,114.1736622,338.689022064209
559092290,22.449885,114.1684448,1795.43359375
559092466,22.4428151,114.1678501,3447.93994140625
564616793,22.2650212,114.0004074,91.30484390258789
564616816,22.2657607,114.0005419,28.929874420166016
564633599,22.2483884,114.1643528,136.6454315185547
564633635,22.247846,114.1599272,297.24693298339844
564633720,22.2482643,114.1644098,274.46429443359375
564633761,22.2501479,114.169477,97.97046661376952
564636185,22.2475185,114.161939,434.9153594970703
564645094,22.2504127,114.1714572,94.40937042236328
564645699,22.2511616,114.1711837,87.73468017578125
564645707,22.2516068,114.1727656,359.9427719116211
565313772,22.4003318,114.2009777,183.16083145141602
565315750,22.3995579,114.2027232,421.2781238555908
565315797,22.3986328,114.2024454,102.63689422607422
565354319,22.2468786,114.1771508,775.1238632202148
565357743,22.25181,114.177753,99.67938232421876
565357746,22.2524478,114.1781348,56.86671447753906
565357758,22.2515732,114.1760528,367.12872314453125
565363916,22.2451324,114.1675844,259.2628402709961
565440052,22.2504694,114.1688993,252.29485321044922
565445618,22.2445804,114.1654286,642.7565116882324
565445620,22.2452216,114.1648473,497.9750213623047
565446985,22.2485073,114.14881,1064.5729675292969
565447394,22.2475885,114.1540392,1821.9866943359375
566138430,22.2854147,114.1601789,86.1667251586914
566138795,22.2835402,114.1590238,67.14076232910156
566141268,22.2872824,114.1541161,99.90050506591795
566142529,22.2483898,114.1521532,1687.64794921875
566148243,22.2482366,114.1481173,452.66741943359375
566149238,22.2487177,114.1467135,328.323974609375
566149253,22.2492661,114.140211,6596.008148193359
566149372,22.2486248,114.144517,1783.7998046875
566530269,22.2693753,114.1306614,510.7599334716797
567255383,22.2685381,114.1795451,118.38052368164062
567538719,22.3326072,114.2228697,1272.3533325195312
567538755,22.332221,114.2144814,1022.3397216796876
567538828,22.3427983,114.1882951,1048.1610107421875
567540923,22.3314159,114.2222973,569.7152709960938
567540925,22.3310116,114.2231941,1466.928466796875
567540949,22.3321655,114.2239558,622.4733276367188
567541003,22.3306607,114.2216653,298.61199951171875
567541015,22.3317402,114.2217293,2358.5535583496094
567548638,22.3301349,114.2258782,1671.3887329101562
567548649,22.3307927,114.2256407,4896.1422119140625
567548650,22.3326721,114.2248476,2178.033203125
567548654,22.3301275,114.2259775,1517.6851806640625
567548659,22.3296509,114.2272607,3192.689163208008
568020776,22.3594531,114.175528,2006.9173889160156
568020794,22.3576852,114.1726747,341.28182220458984
568020807,22.3633042,114.1797974,1724.8743743896484
568095565,22.3650744,114.1824818,581.3799438476562
568095576,22.3657414,114.1802582,850.9286956787109
568095596,22.3715106,114.178432,904.4941711425781
568095611,22.3659668,114.1807617,427.31207275390625
568095636,22.370993,114.1891053,1057.9444427490234
568101445,22.3440776,114.1817407,139.07948303222656
568101646,22.3429436,114.1843551,1004.9413604736328
568101652,22.3434725,114.184793,826.4469604492188
568101671,22.341651,114.1839619,753.5337524414062
568101680,22.3434606,114.1834867,150.7467803955078
568101705,22.3437114,114.1843982,907.6243896484376
568101763,22.3432734,114.1812912,273.9968566894531
568142635,22.3441362,114.1808302,140.5211639404297
568142678,22.3427394,114.1785765,122.96327209472656
568142761,22.3440251,114.1808553,129.24029541015625
568156760,22.3321478,114.195765,143.4635009765625
568156786,22.3337607,114.198185,449.44635009765625
568156821,22.3334721,114.1952962,2071.252685546875
568157089,22.3317668,114.1957722,117.37336730957033
568157194,22.3335067,114.1979818,131.25131225585938
568157200,22.3332544,114.1976854,132.26443481445312
568157310,22.3318236,114.195525,103.17135620117188
568273435,22.3265556,114.1830426,440.9102783203125
568273448,22.3277762,114.1910456,626.813720703125
568273474,22.3280991,114.1918838,121.60713958740234
568273476,22.3265842,114.1884306,546.3292846679688
568273477,22.3289754,114.1876214,755.5593566894531
568273492,22.3277918,114.1898054,581.7083740234375
568273493,22.3289002,114.1898428,437.40032958984375
568273494,22.3289177,114.1892822,800.3748779296875
568273496,22.328956,114.1881651,752.6308288574219
568273497,22.3269192,114.1852354,270.4342041015625
571176545,22.3333966,114.1484767,192.30862426757807
573370033,22.2963259,114.267338,84.7633285522461
573370403,22.2977657,114.2712066,348.90120697021484
573370484,22.2985632,114.2716783,740.0922689437866
573372905,22.2956109,114.2732827,114.7033233642578
573376033,22.2905641,114.2736875,156.76642417907715
573376049,22.2955593,114.2734507,24.28029060363769
573376053,22.2980866,114.2720917,270.32056427001953
573376088,22.3024721,114.2723932,566.1810574531555
573376091,22.3032135,114.2719304,336.4804401397705
574302210,22.3442612,114.1793442,268.44203186035156
574302298,22.33642,114.1790956,161.5824737548828
574304380,22.3416111,114.1690671,108.1388702392578
574304382,22.3422341,114.1699265,232.49948120117188
574304386,22.3388586,114.1645115,311.45733642578125
574304424,22.3387539,114.1644816,2355.4353942871094
574307496,22.3381411,114.1629275,1509.5503540039062
574307497,22.3407888,114.1612186,1628.7114868164062
574307507,22.339114,114.1636377,300.0826721191406
574307618,22.3398971,114.162552,759.3294677734375
574307643,22.3406928,114.1612208,1439.6959838867188
574307704,22.3393223,114.1629316,731.0436401367188
574308870,22.3394309,114.165203,330.14129638671875
574312961,22.3197666,114.1898263,829.65478515625
574312973,22.3193568,114.1896395,764.6331787109375
574313738,22.3100872,114.1849696,698.6844482421875
574330805,22.4621993,114.1502365,145.85268020629883
574412214,22.3792088,114.1963177,2886.01513671875
574412230,22.3793142,114.1963159,468.3772277832031
574412250,22.3785119,114.198651,525.7345275878906
574412253,22.378383,114.1991403,156.61801147460938
574412255,22.3781855,114.1998689,154.4189453125
574412271,22.3788698,114.1994064,840.8656005859375
574412290,22.3805685,114.2004736,542.3033752441406
574412331,22.3807626,114.2006667,1749.8951263427734
574412485,22.374808,114.1965608,440.96421813964844
574412618,22.376298,114.1986309,472.37060546875
574412639,22.374991,114.1972712,159.22386169433594
574417403,22.3782601,114.1990716,138.79937744140625
574434573,22.3778068,114.2007464,169.59063720703125
574434593,22.3778843,114.2012493,522.8495788574219
574434787,22.3781126,114.2029999,927.5086212158203
576879079,22.3846421,113.9706352,527.7559661865234
576880121,22.3865478,113.9809182,1049.4702758789062
576880570,22.3273486,114.1869538,503.7835083007813
577495113,22.3396739,114.1658965,174.0330352783203
577495385,22.3398913,114.1656807,189.4351348876953
577543136,22.2846576,114.138326,1114.3165283203125
577560677,22.2956024,114.1723664,118.17658233642578
579143562,22.2838955,114.1353971,361.8592834472656
579751610,22.3845226,114.143699,1332.6113967895508
581279488,22.3869584,114.2110389,249.3438262939453
581279512,22.3797467,114.2103719,169.05728149414062
581279555,22.3799259,114.210197,333.9290008544922
581279586,22.3832762,114.2104163,428.4144515991211
581279607,22.3808914,114.208273,159.29673767089844
581279680,22.3842864,114.2084829,373.97631072998047
581279700,22.3832848,114.2100357,509.40795898437506
581279715,22.3829775,114.211435,101.50775146484376
581279739,22.3834583,114.2093962,147.51077270507812
581279746,22.3841847,114.2083829,149.86700439453125
581279752,22.385568,114.2068468,329.1692657470703
581279888,22.3870911,114.2112155,345.4237976074219
581279894,22.3861894,114.2110853,466.4380645751953
581280007,22.3828836,114.2099126,143.12466430664062
581280039,22.3789099,114.2046348,466.1726379394531
581280066,22.3827952,114.2096984,154.52476501464844
581285834,22.378893,114.2104077,890.8344421386719
581285940,22.3816028,114.2087766,154.523193359375
581285949,22.3816767,114.2086978,290.95489501953125
581286372,22.3815056,114.2109736,588.3847961425781
581432792,22.25631,113.9047636,17.79884386062622
581433856,22.2550143,113.9026602,9.61394500732422
581848275,22.3745646,114.1844896,1091.867431640625
581848297,22.3750899,114.1881043,1765.8080444335938
581848298,22.3751512,114.18822,132.4130401611328
581848340,22.3774469,114.1865524,608.1380081176758
581848357,22.3750419,114.1883155,1445.4113845825195
581848383,22.3893158,114.2034259,2822.8262329101562
581848425,22.3830489,114.1962872,310.8296203613281
581848437,22.3840885,114.2014962,4323.135604858398
581848473,22.3846031,114.2016967,554.6356506347656
581848478,22.3869725,114.2055331,779.318603515625
581848480,22.3889788,114.2032787,753.1316528320312
581848483,22.3879036,114.2045225,1639.7788696289062
581851386,22.3871674,114.2002335,344.3843078613281
581851390,22.3868047,114.2008602,707.3754577636719
581851404,22.3869737,114.2002728,684.2875061035156
581851405,22.3870617,114.2001608,349.8033142089844
581882691,22.2559505,113.9072961,13.142948150634766
581882702,22.2566812,113.9043683,4.631720542907715
581882707,22.2577682,113.905056,4.454245090484619
582481740,22.3117888,114.1828377,1641.1093444824219
582481816,22.3093688,114.1855265,666.2808837890625
582482004,22.3112401,114.1815829,2158.26171875
582482198,22.3093638,114.1853278,818.3714599609375
582482277,22.3150449,114.1801558,661.6219787597656
582486609,22.3088278,114.1832558,823.46337890625
582486617,22.3083545,114.1850423,785.3021240234375
582486620,22.3081931,114.184507,862.6770629882812
582486626,22.3099145,114.1835471,1517.779052734375
582486639,22.3079296,114.1857052,1881.70654296875
582486645,22.3072594,114.186908,2016.5816650390625
582486648,22.3078283,114.1884498,1403.9986572265625
582486660,22.3080225,114.1874426,1272.6109619140625
582486671,22.3106124,114.1892901,835.9740905761719
582486679,22.3093194,114.1842255,791.5662841796875
582486851,22.3085735,114.1875507,1952.1005859375
582486959,22.3072208,114.1811862,191.9525909423828
582593236,22.3067338,114.1806577,169.18446350097656
582593262,22.3061071,114.1801415,307.83595275878906
582593265,22.305623,114.1790845,327.8588104248047
582593267,22.3057544,114.1783729,180.6011962890625
582593392,22.30432,114.1811766,185.65328979492188
582593417,22.3052918,114.1815653,336.02789306640625
582593473,22.3078071,114.1793684,365.5227813720703
582593479,22.3086809,114.1789917,366.4720458984375
582596632,22.3092717,114.1788739,483.4706573486328
582596633,22.3090772,114.1789901,578.8489379882812
582596692,22.3063265,114.1816905,733.6171264648438
587640035,22.282475,114.1842793,163.8636932373047
587640136,22.2825151,114.1819495,593.2120971679688
587640143,22.2817997,114.1805727,310.9573669433594
587759016,22.2802179,114.178655,418.9854736328125
587759030,22.2821398,114.1812096,297.047607421875
595715215,22.2828208,114.1844803,135.4690399169922
595721902,22.280827,114.1869588,116.96517181396484
595721905,22.2808293,114.1867821,731.8701171875
595721948,22.2828422,114.1859513,632.9279174804688
595721949,22.2825566,114.1850979,162.97532653808594
595721968,22.2830231,114.1861666,298.749755859375
595721973,22.2815012,114.1852239,1119.5785522460938
595721982,22.2814838,114.1819295,275.9266052246094
597408264,22.3169525,114.1889751,1413.6439208984375
597656386,22.2851609,114.1903295,142.16046142578125
597656394,22.2863031,114.189774,160.1071319580078
597656398,22.2860347,114.1903898,159.65420532226562
597662933,22.2752306,114.1801922,230.1984405517578
597662940,22.2750344,114.180073,610.3183746337891
597663005,22.2766083,114.1809654,462.791015625
597663103,22.2735946,114.1795775,314.5515365600586
597663128,22.2735075,114.1794125,477.014892578125
597665378,22.2501856,114.1739369,119.03114318847656
597665387,22.2489339,114.1756966,194.89017486572266
597665401,22.2500001,114.1742646,130.7159881591797
597665402,22.2497819,114.1740466,210.12574768066403
597665412,22.2505067,114.1718194,96.97258758544922
597665430,22.2505374,114.1771837,550.530158996582
597665431,22.249948,114.1764217,365.29846954345703
597665453,22.2478903,114.1765172,84.2519302368164
597665498,22.2502277,114.1724648,298.3560028076172
597772703,22.293206,114.1980863,1021.5635375976562
597772737,22.2928793,114.1956373,3544.35791015625
597772775,22.2931127,114.196067,2408.1885986328125
597772819,22.2919731,114.1985699,1197.8953857421875
597772867,22.2934813,114.1982365,7606.10693359375
598449665,22.2843939,114.159404,75.85179901123047
598449869,22.2853937,114.1576274,147.35082244873047
598457054,22.3344197,114.1077724,420.31741523742676
598457987,22.3343924,114.1079951,94.46689224243164
598458765,22.3299507,114.1105802,245.381441116333
598458770,22.3331785,114.108591,306.9557647705078
598503118,22.5039302,114.0949494,207.94138717651367
598503121,22.497047,114.0787911,386.2415118217468
598503131,22.498734,114.0812785,242.49395561218262
598503133,22.4997593,114.0817693,34.3832483291626
598503143,22.5014869,114.0829566,75.28446960449219
598503145,22.5020506,114.0839034,200.980938911438
598503174,22.5034237,114.0910458,44.02981758117676
598503263,22.5037779,114.0951425,271.1564693450928
598512043,22.5022389,114.0985819,482.2627696990967
598512061,22.5031277,114.1070249,425.0936756134033
598512572,22.4974633,114.0761883,53.6536750793457
598566005,22.483585,114.0455277,52.688846588134766
598566038,22.4851214,114.0442658,59.488731384277344
598566040,22.4857861,114.0452139,95.26496601104736
598566045,22.4853939,114.0453777,35.68573474884033
598566048,22.4849994,114.0454976,129.67410564422607
598566052,22.4841923,114.0450289,53.96065902709961
598566057,22.4842106,114.0457374,62.92207431793213
598566058,22.4767473,114.044328,54.13107299804688
598566063,22.4803732,114.0442401,51.64769744873047
598566137,22.4779669,114.0487139,48.14767837524414
598566164,22.4801936,114.0445741,52.04868316650391
598566186,22.4800139,114.044908,106.63019561767578
598566221,22.4854069,114.0440313,570.6596908569336
598566276,22.4766791,114.0506973,19.317920684814453
598566286,22.4837119,114.0444125,53.39812088012695
598566311,22.4796311,114.0417439,134.51978302001953
598566319,22.4790613,114.0415523,105.04234170913696
598566329,22.4813784,114.0423711,52.80899810791016
598566335,22.4839976,114.0441765,105.23982620239258
598566342,22.4842832,114.0439406,429.6793746948242
598566372,22.4776791,114.0492489,50.99624633789063
598566482,22.4738702,114.0428858,29.640270709991455
598566484,22.475007,114.0431766,55.38734817504883
598566487,22.4744514,114.0426639,14.258811473846436
598566497,22.4741295,114.0456697,4.127462387084961
598566512,22.4758942,114.042338,81.3243260383606
598566613,22.4758384,114.0432387,55.17247772216797
598566640,22.4747317,114.0460484,52.76451110839844
598566686,22.4778403,114.0425865,129.63941192626953
598566733,22.4831156,114.044905,103.00467300415039
598566758,22.4729556,114.0445932,9.4549241065979
598566790,22.4730626,114.0441789,9.645708084106445
598566792,22.4741429,114.0447904,51.29082489013672
598566801,22.4743226,114.0444594,57.57443380355835
598566804,22.4731812,114.0438129,15.246952056884766
598566817,22.4733895,114.0434651,9.248889923095703
598566824,22.4746629,114.0438139,52.11661529541016
598566833,22.4735865,114.0431741,17.95170831680298
598566870,22.4764651,114.0436209,56.398193359375
598566879,22.4806611,114.0437033,54.255149841308594
598566885,22.4828281,114.0451424,50.64157485961914
598566886,22.4721867,114.0485123,75.42289924621582
598566891,22.4828132,114.0461553,46.64268112182617
598566892,22.4823673,114.045523,52.40633010864258
598566903,22.4865877,114.0447632,489.7975311279297
598566915,22.4809353,114.0505718,140.82486724853516
598566921,22.4800293,114.049287,46.68928146362305
598566932,22.4867978,114.0450133,793.5656485557556
598566941,22.4779879,114.0432045,173.82150650024414
598566942,22.4776598,114.0418313,47.16283082962036
598566951,22.4749094,114.0471714,126.24547958374023
598566976,22.4753129,114.0464063,51.42323684692383
598566994,22.4751791,114.0428332,4.894808292388916
598567021,22.477864,114.0450201,102.11977767944336
598635487,22.4968027,114.1223099,286.2011947631836
598635526,22.500483,114.1239146,297.50469970703125
598635527,22.5003446,114.1240462,1407.778076171875
598635534,22.4993446,114.1264647,2116.476837158203
598635535,22.4992201,114.1262152,586.2558898925781
598635541,22.4998598,114.1238305,495.37330627441406
598635549,22.5015568,114.1205391,1040.038230895996
598635550,22.5012801,114.1214485,127.3307876586914
598635556,22.5004955,114.1235326,234.8321685791016
598635647,22.5056115,114.121805,140.19021606445312
598635650,22.5064514,114.1212404,48.98179244995117
598635677,22.5028074,114.1234379,78.64564514160156
598699393,22.4929527,114.0660699,149.76081943511963
598699397,22.4941049,114.0690871,78.1875171661377
598699399,22.4926981,114.0656566,118.36545181274414
598699434,22.4933792,114.0693225,115.37352657318115
598699438,22.4955679,114.068923,221.61420059204102
598699460,22.4972475,114.0758446,27.600635528564453
598832360,22.4908187,114.0607798,128.2983627319336
598832373,22.4943018,114.0615197,159.7920150756836
600068915,22.4961485,114.1332628,1001.5498657226562
600068957,22.4975701,114.1317003,675.8543090820312
600068963,22.4962994,114.1333278,1339.9641723632812
600068968,22.4986226,114.1290943,467.33534240722656
600068980,22.4980715,114.1307259,484.62452697753906
600163676,22.4856035,114.0570041,43.901668548583984
600163705,22.4854631,114.0580932,23.96656990051269
600163841,22.4823813,114.0557858,349.73613357543945
600211893,22.4707051,114.0545924,60.84927940368652
600211908,22.4766067,114.0572412,105.66773223876953
600211909,22.4666497,114.0541642,175.34846115112305
600211916,22.4706076,114.0549515,30.312973022460938
600211922,22.4678415,114.0546552,97.12006187438965
600211933,22.4688374,114.0551566,121.2550163269043
600211939,22.4704256,114.0558592,61.142534255981445
600211950,22.4706915,114.0548682,34.237003326416016
600211955,22.4715774,114.0550756,34.950347900390625
600211961,22.4715099,114.0557962,39.74763107299805
600211992,22.4797156,114.0584104,161.20499801635742
600211999,22.4763007,114.0573623,103.62311172485352
600212009,22.4719919,114.0562926,32.91419219970703
600212012,22.4718632,114.0563217,31.949609756469727
600212026,22.4749993,114.0565904,142.73486137390137
600345114,22.4541457,114.0499648,149.50018310546875
600345291,22.4489212,114.0452897,593.4374389648438
600358789,22.4489793,114.0432498,340.5326461791992
600358932,22.4544666,114.0499043,76.98373794555664
600359196,22.4418905,114.0524668,144.14242362976074
600361314,22.4448111,114.0499145,381.73830223083496
600365076,22.4444465,114.0481192,35.64311218261719
600365104,22.4458738,114.0489092,153.15863800048828
600365133,22.4441847,114.0479381,31.44306755065918
600365147,22.4443303,114.0433957,169.8173370361328
600365159,22.4445651,114.0476271,36.51395034790039
600365170,22.4441843,114.0477663,69.46807098388672
600365178,22.4446559,114.0477522,43.523231506347656
600365213,22.454364,114.0514381,335.7688636779785
600365226,22.4571881,114.0523484,187.13209056854248
600365240,22.4544458,114.0494186,468.76665115356445
600365269,22.44399,114.044998,247.64310455322266
600365277,22.4442422,114.0432351,86.53255462646484
600365285,22.44287,114.04473,223.1224880218506
600365391,22.4479496,114.0496026,78.57525634765625
600716042,22.2798557,114.1647706,67.72750854492188
600717318,22.2789865,114.1659258,76.12718963623047
601280674,22.2778223,114.1674649,98.75540924072266
611686842,22.270845,113.887873,21.616520404815674
623790085,22.4611467,114.1483753,320.7559280395508
623790287,22.4598396,114.1458389,637.8033905029297
623790420,22.4574013,114.1490362,872.945234298706
623790524,22.462442,114.1483503,47.2259521484375
623790537,22.4655471,114.1501649,41.44263458251953
623790550,22.4604918,114.1460313,266.5356864929199
623790594,22.4769563,114.153933,58.939226150512695
623790606,22.486515,114.1491227,372.60050201416016
623790611,22.4876141,114.1461586,693.4047546386719
623790629,22.461468,114.1477019,115.6059341430664
623790632,22.4608063,114.1468357,97.26100158691406
623790652,22.4894482,114.1461837,814.0086975097655
623790671,22.4856901,114.1459914,1300.5630187988281
623790742,22.4866491,114.1462413,139.9497833251953
623790745,22.4883757,114.1463802,714.0898895263672
623790781,22.4874839,114.1472926,151.20835876464844
623790795,22.4850129,114.1442916,136.61453247070312
623790803,22.4863286,114.1411893,4235.695068359375
623790812,22.4866668,114.1461539,477.82542419433594
623790900,22.465654,114.1505222,267.0427236557007
623890938,22.4556575,114.1583957,11.493491172790527
623890942,22.4539864,114.1573933,74.1960334777832
623890960,22.4548034,114.1598496,2921.0064697265625
623891007,22.4522432,114.1588182,2394.6661376953125
623891016,22.4529844,114.1618289,1045.742919921875
623891023,22.4539934,114.1629697,1027.8381538391113
623891038,22.4554282,114.1592196,189.69107055664065
623891054,22.4542698,114.1624034,1964.8291091918945
623891116,22.454055,114.1515588,113.5489616394043
623891137,22.4521756,114.1532311,844.5797576904297
623891169,22.4501742,114.1574038,3016.8001403808594
623891447,22.4524951,114.1620505,1158.530029296875
623891451,22.4519259,114.1621179,4315.775146484375
623891481,22.4537621,114.1565014,346.00479888916016
623891483,22.4524771,114.1561088,360.9784240722656
623891509,22.4551041,114.1537262,630.8656024932861
623891659,22.4510983,114.1650108,342.1282653808594
623891687,22.4519841,114.1636714,2032.5501098632812
630881314,22.4318191,114.103308,190.6626205444336
630881371,22.4362489,114.1008174,43.46304512023926
630881424,22.4315184,114.1046394,105.27861022949219
630881592,22.4334834,114.1170354,15.323473930358888
630881706,22.4407876,114.1269014,141.3632984161377
630881749,22.4448775,114.1313546,89.94160842895508
630888399,22.4441742,114.0398229,80.91472625732422
630888400,22.4441264,114.0397661,96.5311050415039
630888413,22.4441221,114.0391112,1127.0315551757812
630948396,22.4516882,114.1724226,1643.6498413085938
630948412,22.4511194,114.1728853,2434.703369140625
630948421,22.4511287,114.1716131,1810.0244750976562
630948487,22.4551283,114.1706984,2548.7199096679688
630948494,22.452012,114.1686966,1778.1875610351562
630948496,22.4519951,114.1706857,3963.017578125
630948512,22.4534552,114.1706956,2044.9533081054688
630948517,22.4559854,114.1721693,634.9193115234375
630948535,22.4542542,114.1722381,1963.4952392578125
630948554,22.4510113,114.1722319,505.7876281738281
630948621,22.4575439,114.172244,2175.7709350585938
630948727,22.4563778,114.1680453,2386.8410034179688
630948730,22.4557044,114.1680372,3091.7630004882812
630948813,22.4535707,114.1670032,1368.0933227539062
630948856,22.4532586,114.1650222,974.9707641601562
630948868,22.4544442,114.1647786,1556.7809448242188
630948874,22.4530695,114.1657027,830.124267578125
630948875,22.4534499,114.1643442,1048.2379150390625
630948881,22.4522983,114.1643335,839.4230346679688
630948894,22.4524635,114.1639025,1239.0982666015625
630948899,22.4557163,114.1691528,1180.45458984375
630948959,22.4528659,114.1673853,771.1282348632812
630949021,22.455337,114.1658059,1048.8309936523438
630949072,22.4562171,114.163487,64.52345752716064
630949120,22.4560147,114.1652359,800.2068328857422
630949139,22.4526356,114.1639851,1079.8751220703125
630949143,22.4531818,114.1625823,2070.6077880859375
630949193,22.4510013,114.1760214,2415.474822998047
630949267,22.451578,114.1650871,650.1427001953125
630949413,22.4520725,114.1668497,1433.9337768554688
630949452,22.4552913,114.1657042,461.3782043457031
630949465,22.4559485,114.1692252,865.309326171875
630949476,22.4493094,114.171716,910.9299011230469
630949480,22.4566599,114.1698252,2204.751708984375
630949508,22.4554108,114.1691372,889.8981628417969
630949567,22.4583059,114.1691118,383.70709228515625
631474561,22.4545082,114.1751851,2632.35205078125
631474568,22.4543586,114.1750183,2024.6814575195312
631474579,22.4566338,114.1776466,90.32000732421875
631474597,22.4510248,114.1771857,82.47603988647461
631474598,22.4509022,114.1771751,81.93295288085938
631474601,22.4566301,114.1774897,104.57060623168945
631474602,22.4567689,114.1774844,34.63684844970703
631474621,22.446637,114.1721288,98.09331130981445
631474622,22.4466541,114.1720398,115.98118591308594
631474639,22.4483719,114.1718873,428.2423400878906
631474646,22.448376,114.1717667,324.95709228515625
631474666,22.4485023,114.1736476,958.7889709472656
631474783,22.4484574,114.1717517,308.5146789550781
631474801,22.4467541,114.1720412,316.2405090332031
631474838,22.4392209,114.1830916,131.33288383483887
631474851,22.4375893,114.1826599,21.93540954589844
631474860,22.4480201,114.1753223,906.1691741943359
631474870,22.4467398,114.1721325,432.0323791503906
631474878,22.4463766,114.1734445,99.19297409057617
631474894,22.4399473,114.1679327,513.2962417602539
631474913,22.4447863,114.174047,290.8636474609375
631474962,22.4501426,114.1769549,110.0952033996582
631474963,22.4509137,114.1770508,41.1129264831543
631474965,22.4510346,114.1770681,724.7567253112793
631475109,22.4462024,114.1748998,838.1798095703125
631475141,22.4429217,114.1802073,2828.881103515625
631475144,22.4434244,114.1791058,1064.6026496887207
631475205,22.446004,114.1749998,54.73647689819336
631475243,22.4456281,114.1755961,58.00186538696289
631475269,22.4567478,114.1776435,29.889310836791992
631475302,22.4406886,114.1684708,248.77716064453125
631475338,22.4393969,114.1836415,1218.4457092285156
631475352,22.4428792,114.1603467,186.6690902709961
631475357,22.44279,114.1602245,413.8440947532654
631475371,22.4429565,114.1602717,553.436637878418
631475407,22.4385178,114.1648477,147.28854370117188
631475409,22.4394023,114.1648583,67.98210144042969
631475410,22.4393979,114.1649602,228.23297119140625
631475427,22.4415002,114.1650859,1343.70458984375
631475435,22.4427593,114.1663054,1187.4903564453125
631475447,22.4414655,114.1603194,694.0906662940979
631475505,22.4420397,114.1770955,45.727577209472656
631475512,22.4409893,114.1779342,482.24146842956543
631475513,22.442347,114.1768021,68.1075439453125
631475615,22.4556957,114.1752648,801.1547241210938
631475616,22.455604,114.1749329,879.1358642578125
631550241,22.4610745,114.1734989,1485.145739555359
631550305,22.4522823,114.1743486,2882.401397705078
631550352,22.4384641,114.1958367,493.3939456939697
631550436,22.4374389,114.1976791,321.9145851135254
631550449,22.4565351,114.1733839,1472.7131958007812
631550451,22.457203,114.1734541,670.5361328125
631550485,22.4543789,114.1738354,2046.61572265625
631550514,22.4523913,114.1738282,2729.412841796875
631550704,22.4575637,114.1729912,1163.3081665039062
631550730,22.4609444,114.1730051,816.7159118652344
631550757,22.4591179,114.1796342,28.30189323425293
631550887,22.4571525,114.1742105,412.2391052246094
631550903,22.4570724,114.1752391,1477.5318298339844
631550975,22.4415717,114.0875578,279.6981735229492
631551025,22.4296218,114.0973537,13.507765769958496
631551048,22.428373,114.0842008,38.15495777130127
631551068,22.4239849,114.0769001,147.22233963012695
631551080,22.4255615,114.074822,273.9465551376343
631551165,22.4430575,114.0926023,257.44652938842773
631551167,22.4432235,114.0927438,99.88071823120117
631556391,22.4370165,114.1828193,398.2710380554199
631556485,22.4361677,114.1881028,838.3067293167114
631802962,22.4367569,114.0588796,313.74752044677734
631803078,22.4351253,114.0607802,437.65245056152344
631803178,22.4399882,114.0653948,30.37184715270996
631803186,22.4401505,114.0634848,34.099727630615234
631803197,22.4399785,114.0617006,39.160430908203125
631803206,22.4399368,114.0600133,38.93148040771485
631803321,22.4400334,114.0574142,76.61164093017578
631803323,22.4401973,114.0593042,38.92338180541992
631803334,22.4405782,114.0597076,38.54379653930664
631803344,22.4386343,114.0623454,130.11600875854492
631803363,22.4366059,114.0688531,60.61063766479492
631803366,22.4352726,114.0699736,201.1004524230957
631803490,22.445042,114.039228,607.8314819335938
631803539,22.4397345,114.0392773,159.81844329833984
631803635,22.4444546,114.0374206,454.7350463867188
631803639,22.444553,114.0385651,967.4689025878906
631803660,22.4443298,114.0374195,477.79205322265625
631803663,22.4442727,114.0410793,170.79098510742188
631803684,22.4464842,114.0400823,89.70914459228516
631804028,22.4410418,114.0544081,171.8816261291504
631811295,22.3808689,114.1941981,1105.6531982421875
633934783,22.251356,113.8648029,55.12959003448486
633934820,22.2534288,113.8663337,136.45946788787842
633934822,22.2526844,113.8662159,13.910260200500488
633934823,22.2522554,113.8661401,92.04231643676758
635737182,22.2675061,114.1817134,325.25950622558594
635737209,22.268461,114.1818521,373.9972686767578
637864109,22.5035615,114.1272589,263.12890625
637864113,22.5131462,114.1248422,679.0774383544922
637864115,22.5125093,114.1248871,777.8820877075195
637864167,22.5058101,114.1281244,233.8014373779297
637864175,22.5054925,114.1277568,266.0797119140625
637864176,22.5053128,114.1275386,228.2560272216797
637864177,22.5057286,114.1269519,227.68467712402344
637864216,22.504228,114.1297476,246.5838623046875
637864228,22.5049507,114.1279175,226.12425231933597
637864250,22.5066697,114.1270616,229.71490478515625
637864263,22.5071773,114.1277577,504.5310516357422
637864325,22.5045922,114.1293818,241.4528045654297
637864416,22.5049487,114.129797,493.43121337890625
637864419,22.5062483,114.1285525,1156.941879272461
637864458,22.5139014,114.1262653,589.8330345153809
637864625,22.5040573,114.1267648,265.5810546875
637864826,22.5074934,114.1266581,189.8765106201172
637864981,22.4956797,114.1299048,1098.916015625
637865008,22.4951266,114.1324114,1205.9362411499023
637865010,22.4950468,114.1323517,1277.0110092163086
637865167,22.497094,114.1272867,240.78170776367188
637865180,22.4960749,114.1286466,258.547607421875
637865302,22.4960028,114.1286029,2211.8306884765625
637865334,22.4985603,114.1280129,835.8808441162109
637865353,22.4975203,114.1280773,229.63912963867188
637865478,22.4972607,114.1296599,1453.9447784423828
637865517,22.4448011,114.0940415,96.00089645385742
637865789,22.4821431,114.1129238,32.89166450500488
637865922,22.4967478,114.122197,823.9970941543579
637882051,22.5031394,114.1266695,336.9049072265625
637882055,22.5033686,114.1258125,3681.519775390625
637882059,22.5085074,114.1218045,359.4485778808594
637882078,22.5001555,114.1339862,638.6882171630859
637882088,22.5025815,114.1287614,718.4916687011719
637882094,22.5019462,114.1313207,605.1982269287109
637882095,22.5025236,114.1322868,275.7314147949219
637882117,22.5057234,114.1320499,8678.401229858398
648675796,22.3613228,114.0166592,491.45670318603516
648951803,22.2857699,114.1351369,1461.818359375
653109269,22.3507717,114.0864312,190.9360122680664
653109847,22.2836211,114.1611301,70.83355712890625
653111583,22.2920058,114.2039741,918.8575439453124
653111588,22.2918143,114.2030806,977.8345336914062
653112508,22.3255101,114.1654339,831.482421875
655579391,22.39042,113.919925,19.22953987121582
655579398,22.391298,113.921595,19.332735061645508
660415138,22.4384433,114.0322648,255.56251525878906
660415139,22.4384383,114.0321434,184.04106521606445
660415151,22.4377468,114.0297068,90.99382781982422
660415153,22.437642,114.0293409,91.15277862548828
660415156,22.4372305,114.0296055,119.90961074829102
660415162,22.4382355,114.029529,542.8557205200195
660415167,22.437962,114.0299413,259.7875671386719
660415270,22.2154011,114.2178811,685.2718296051025
660415299,22.2782624,114.1703926,733.3041687011719
660415306,22.2775485,114.2271785,913.6073608398438
660415338,22.2796581,114.225693,830.771728515625
660415370,22.2783419,114.1686344,87.71599578857422
660415399,22.2767083,114.228239,446.0352783203125
660415482,22.2890012,114.1473061,915.1730346679688
660415490,22.4365571,114.034278,276.77659606933594
660415549,22.2811591,114.2207066,959.9338989257812
660415615,22.3070758,114.1616453,122.45712280273438
660415804,22.3129009,114.2252799,128.1943359375
660416813,22.2656577,114.2501988,691.7842407226562
660416822,22.2659013,114.2501675,2880.2022705078125
660416824,22.2658044,114.2504599,617.5589599609375
660416828,22.2629355,114.2494872,1707.0765991210938
660416838,22.2657974,114.2465205,415.81419372558594
660416857,22.2668167,114.2457077,172.18832397460938
660416858,22.2670428,114.2455143,265.1153106689453
660416995,22.4373853,114.0342045,169.53269958496094
660424446,22.2155598,114.2178217,235.7223892211914
660864273,22.3266111,114.1648676,645.7677612304688
660864274,22.3296552,114.1590169,572.9931030273438
660864276,22.3326545,114.1618473,1479.3916015625
660864277,22.3294008,114.1604067,1121.81689453125
660864281,22.3334174,114.160885,742.6172485351562
660913355,22.2492064,114.1495418,449.7322998046875
660914392,22.2493884,114.1477064,403.0362243652344
660915227,22.2480606,114.1512968,820.4533081054688
665084925,22.2956939,113.9717447,149.22654724121094
665085057,22.2721749,113.9920129,94.79803562164307
665732803,22.3654221,114.3740987,1428.0144386291504
671496983,22.2925749,114.0166,310.21646881103516
671496988,22.2948619,114.0174939,261.46447372436523
671852049,22.2497463,114.1364912,6225.392087936401
672617025,22.2524744,114.1819756,34.32686996459961
672664943,22.2656501,114.1520839,177.137939453125
673408199,22.2462925,114.1632142,696.3467788696289
673414471,22.2732033,114.1644998,392.5099105834961
675264194,22.311715,114.1769813,611.3849792480469
675264200,22.3125406,114.176703,588.7162780761719
675264297,22.3175059,114.1785841,1608.19775390625
675264429,22.3177931,114.1778323,326.9579772949219
675264494,22.3181676,114.1789154,371.0647583007813
675763958,22.3061226,114.1786247,348.5752410888672
675764061,22.3038962,114.1779356,299.0063934326172
675764066,22.3055281,114.1782949,139.2789306640625
675764190,22.3053647,114.1786497,286.7664031982422
675764196,22.3041189,114.1781895,356.0851745605469
684312827,22.38664,113.9752042,4987.147705078125
684943396,22.3138798,114.2745178,18.518285751342773
684943444,22.3125337,114.2750649,8.932699203491211
685141063,22.318446,114.1924962,1037.7921142578125
685141084,22.3150268,114.1892583,1378.1353759765625
685141115,22.3171408,114.1920548,1581.7642822265625
685141163,22.315923,114.1915733,664.4891967773438
687170960,22.2958179,114.0244797,137.99391174316406
689765080,22.3912005,113.959863,641.5542907714844
689765428,22.4409698,113.9796193,97.15719413757324
689765450,22.4434485,113.9845109,102.29643249511719
696730467,22.3941679,113.9743962,322.5951232910156
696730470,22.394098,113.9731875,330.87725830078125
696730479,22.39523,113.9675757,215.6115264892578
699690013,22.2517651,114.1391672,2266.552001953125
699691314,22.2521865,114.1399135,433.1792602539063
699691795,22.2519876,114.1398032,2693.59716796875
699698599,22.2531684,114.134863,4422.476013183594
703656268,22.4591327,114.1812171,274.1575708389282
703657934,22.4457737,114.1775268,1484.9988098144531
703657938,22.4461814,114.178541,995.6763820648193
703658326,22.4484523,114.1698521,331.7813720703125
705190492,22.3827902,114.2639931,18.63351058959961
705190900,22.3783534,114.2643761,427.93077659606934
705190959,22.382702,114.2644698,69.38101768493652
705191144,22.3824221,114.2644783,16.03095245361328
705191263,22.3856072,114.2607803,65.52979850769043
710347237,22.3019543,114.1766198,119.37232208251952
720163317,22.3448572,114.2534307,259.7322654724121
720163353,22.3440499,114.2548799,250.72591400146484
720163482,22.3521715,114.2477833,112.58391571044922
720163580,22.3519098,114.253388,1229.1140804290771
720163888,22.375011,114.2615916,227.8217544555664
720163956,22.3796223,114.2531593,109.71045112609863
720164068,22.3718992,114.2599792,354.58409881591797
720164120,22.388597,114.2730457,194.00961303710938
720164124,22.3885805,114.2734598,301.9395523071289
720164134,22.3911031,114.2725169,167.04539108276367
720164205,22.392335,114.2742037,58.531131744384766
720164208,22.3922423,114.2742089,31.89407730102539
724918937,22.3097984,114.2371842,2036.205322265625
724930485,22.3076288,114.231797,1068.862060546875
724930495,22.3076443,114.2333966,4415.7484130859375
726299186,22.3016521,114.0174685,66.50545501708984
726299683,22.3019358,114.0172209,213.1852798461914
726927959,22.30808,114.0132312,230.44666290283203
727277384,22.2942706,114.0185409,125.63223648071289
727278440,22.2929302,114.0169411,220.40630340576172
727278493,22.2933635,114.0165215,120.74389266967773
727279891,22.2967776,114.0244034,113.94499969482422
727445354,22.3822172,114.1391131,2825.722785949707
728266522,22.2878229,114.0054771,38.63575744628906
730591316,22.293987,113.9277231,151.63993072509766
730591324,22.2943633,113.9277795,29.75101852416992
730601855,22.2931936,113.940132,212.75706481933597
730601881,22.2932675,113.9409062,386.09931945800776
730606001,22.3001932,113.9346958,74.64067840576172
730607622,22.3045686,113.9346857,161.26874327659607
731983802,22.3051958,113.9380919,38.5781478881836
732044240,22.3030217,113.9309431,264.7931158542633
733586496,22.2941825,113.9209073,320.3727288246155
733588198,22.2948482,113.9211702,121.69355583190918
735027333,22.3100454,113.9375907,91.12211036682129
735028028,22.3116349,113.9364366,7.74960470199585
735029770,22.3118776,113.9381782,25.188533782958984
735034625,22.3137338,113.9388915,52.86305618286133
735042589,22.3102648,113.9385487,59.136884689331055
735042979,22.3146293,113.9379832,184.71924781799316
735059453,22.3131177,113.9360618,63.836029052734375
759629890,22.2980996,114.1756232,194.65190887451172
759629968,22.2951503,114.1752389,102.02383422851562
759630004,22.3008341,114.1762528,88.95353698730469
759630057,22.3015651,114.1764882,147.80503845214844
760224892,22.2375335,113.9636245,453.3044157028198
760600306,22.3471882,114.0606269,369.5836009979248
760600335,22.3408427,114.0481134,1600.3899059295654
770927977,22.3738154,113.9626068,2830.3076171875
770927984,22.3748534,113.9615662,1730.065731048584
770928027,22.3772659,113.9678848,167.03064727783203
773888710,22.319773,114.1775915,658.6378479003906
797775540,22.3807853,113.9794368,455.4538097381592
797775725,22.3841302,113.9804433,566.0978393554688
797776178,22.3896432,113.9801365,445.8182373046875
797776315,22.3883608,113.9805773,565.0366821289062
797776325,22.3883314,113.9804802,460.6066589355469
797776330,22.387749,113.9806343,1021.2379760742188
797776514,22.3870026,113.9822394,130.39585876464844
797776517,22.3837777,113.9812201,197.49221801757812
797776853,22.3883985,113.972922,1230.7471771240234
804106378,22.3262861,114.1880374,584.4677734375
804106467,22.3213343,114.1775493,412.2546081542969
804106489,22.3216911,114.1782441,398.9525451660156
804106555,22.3227056,114.1804845,1663.4464721679688
804106579,22.3240913,114.1836701,1042.7955322265625
804106761,22.3200578,114.1802987,715.5870971679688
804106904,22.3207389,114.1771973,408.377197265625
804106917,22.31854,114.175548,425.8024597167969
804107000,22.31717,114.17437,309.59039306640625
804107013,22.31819,114.17512,424.8844299316406
804107078,22.3239891,114.1837308,542.1944580078125
804107109,22.3224345,114.1802732,717.8286437988281
804107226,22.3199629,114.1732161,573.3563842773438
804107264,22.3193945,114.1699774,757.8880615234375
804107465,22.3210267,114.1785766,370.9237365722656
804107482,22.3200401,114.1791897,401.9965515136719
804107493,22.3187303,114.1792064,475.158447265625
804107967,22.3136033,114.1817949,289.8436584472656
804108092,22.3184469,114.173838,246.9789276123047
804108139,22.3198044,114.1748787,391.8728637695313
804108174,22.3136315,114.1819173,843.8549194335938
804108285,22.321093,114.1797594,674.3314819335938
804108396,22.319079,114.17518,758.0560607910156
804108496,22.3189799,114.1824153,1006.6825561523438
804108505,22.3198993,114.1821534,1223.0473022460938
804108560,22.3195296,114.1829373,1222.5479431152344
804108815,22.3200999,114.1832233,897.362060546875
804108926,22.3231581,114.1842335,2198.010711669922
804998993,22.4464063,114.0022016,212.13189315795898
804999765,22.4481129,114.0036606,1173.5710525512695
805000302,22.447103,114.0031545,139.8387680053711
805001135,22.4516724,114.0092053,71.2129898071289
805001137,22.4515671,114.0084872,87.06884002685547
805001166,22.4476872,114.0038866,66.8904800415039
805002681,22.4463863,114.0001454,165.83195877075195
805009259,22.4539385,114.0054849,3732.364501953125
805009260,22.4531832,114.0039005,2291.0198364257812
805009612,22.453495,114.0058132,2119.738525390625
805009726,22.453427,114.0041747,3205.0770263671875
832990537,22.4473365,114.1737945,917.8169860839844
833764676,22.3494943,114.0607454,82.48958587646484
833765006,22.3532143,114.0629607,19.006067276000977
849324633,22.4620833,113.9896863,359.4992866516113
849324653,22.4639887,113.9911341,47.31894302368164
849326157,22.4478753,113.9939324,374.97484016418457
849326642,22.4469545,113.9943052,296.6836242675781
849328201,22.448208,113.9925391,72.46010875701904
849330928,22.4495296,113.9930759,371.99790382385254
849331442,22.4497851,113.9914498,22.579686164855957
849331445,22.4501565,113.9909902,21.847840309143066
857781427,22.3180178,114.1901267,948.3568725585938
860718994,22.3270389,114.2183252,2367.1831817626953
860720690,22.3314065,114.2148329,1332.6293334960938
870222488,22.2642904,114.2407252,4541.968566894531
870232094,22.2683143,114.2414704,178.63861083984375
870232231,22.2665203,114.243107,133.06121826171875
870232692,22.2664135,114.2428451,154.86752319335938
895483400,22.4784137,113.994585,24.42645239830017
895490724,22.4659689,114.0167585,17.001393795013428
895494168,22.4664267,114.0386608,7.129095077514648
895496344,22.4472712,114.0364251,124.79369735717773
895496349,22.4476845,114.0389631,191.5701084136963
895496353,22.4479124,114.0406742,294.0054473876953
895499873,22.3774186,114.1864506,1416.3096618652344
919340746,22.3220936,114.2458288,4698.711479187012
919341008,22.3148119,114.2450613,328.8121643066406
920271242,22.374145,114.1110993,816.6844482421875
921346725,22.339803,114.1718084,715.4933547973633
927570132,22.2799619,114.177332,401.8414611816406
933038975,22.3908208,114.2055335,1577.9537200927734
945719214,22.2453991,114.1674494,117.83766174316406
945734868,22.2660665,114.1283598,274.79917907714844
981458182,22.2845601,114.2157675,2320.1869506835938
981458230,22.2847503,114.2144415,968.2020263671876
982666384,22.2831045,114.1924649,654.4180908203125
982684030,22.2799463,114.188373,203.5598907470703
982684040,22.2819314,114.1912886,347.3502502441406
982729992,22.2759634,114.1802484,429.4707946777344
982761663,22.2759776,114.1807891,236.6763610839844
983470728,22.277647,114.1813377,436.4802856445313
983508298,22.2875451,114.1506273,569.9330444335938
983508471,22.2868554,114.1355087,572.5873413085938
983512429,22.2823863,114.1324197,4832.728240966797
984230287,22.267889,113.992772,28.829182624816895
984409304,22.2822546,114.2307346,224.67840576171875
984409307,22.2832095,114.1581971,66.18782806396484
984409317,22.2859786,114.1550223,99.37747192382812
984409364,22.2821073,114.160506,75.01595306396484
984409427,22.284191,114.1927657,645.1044311523438
984409430,22.2850843,114.1579456,67.06730651855469
984409434,22.2777768,114.2302473,3262.6360778808594
984627654,22.2680239,113.9897315,127.8917589187622
984741520,22.2753648,114.155,165.74880981445312
984741541,22.2838977,114.1366761,859.40185546875
984741562,22.2857457,114.1904649,206.4354553222656
984968773,22.2773437,114.157521,100.84001922607422
988059398,22.3134374,114.187668,551.8519287109375
988059409,22.325213,114.1891912,121.53936767578124
988059420,22.2791793,114.1690873,339.1692810058594
988059423,22.27912,114.173,552.5745086669922
988059426,22.3046988,114.1900654,664.7518310546875
988059428,22.3148614,114.1883319,1606.3387451171875
988059430,22.3290066,114.1527649,344.5601501464844
988059453,22.2997639,114.1687326,770.365478515625
988059487,22.3175119,114.1915865,1030.3302001953125
988059511,22.3255515,114.1894164,642.954833984375
988059546,22.3106168,114.1876214,884.7566528320312
988059573,22.2805476,114.1787946,343.2911376953125
988059585,22.3183353,114.1902908,692.8182983398438
988059589,22.307984,114.1875195,1766.0465087890625
988059591,22.315528,114.1882639,1540.6990966796875
988059604,22.3036516,114.1892984,629.1589660644531
988059622,22.27925,114.17325,471.46533203124994
988059624,22.3215992,114.1876277,2242.6983032226562
988059643,22.3211992,114.1940226,331.1975555419922
988059645,22.2800041,114.1631907,80.07367706298828
988059659,22.2826086,114.2207768,888.5325927734375
988059662,22.3166356,114.1907389,1035.4139404296875
988059672,22.3200091,114.1932322,1035.260498046875
988059684,22.314265,114.1884763,1676.9154052734375
988059718,22.3354576,114.1518125,273.1258239746094
988059720,22.3176389,114.190956,1003.62060546875
988059722,22.3125202,114.186565,731.662841796875
988059725,22.3105983,114.1911361,1989.1155395507812
988059736,22.3134408,114.1891933,893.3022155761719
988059737,22.3240921,114.1899309,121.2458267211914
988059751,22.3152904,114.1887434,1436.686767578125
988059775,22.3138697,114.1893994,433.096435546875
988059778,22.2793544,114.1665484,79.96041107177734
988059815,22.3184456,114.1891283,863.646240234375
988059831,22.2996354,114.1684636,411.8331604003906
988059839,22.3179845,114.1875197,1870.7098388671875
988059851,22.2793063,114.1700263,332.54901123046875
988059857,22.310936,114.1856059,709.9848022460938
988059874,22.278309,114.2266317,873.1470336914062
988059878,22.2795646,114.1763829,754.8443908691406
988470346,22.2892463,114.196958,532.8096618652344
988470360,22.2783163,114.192493,280.7894287109375
988470367,22.2897162,114.1968472,2054.6463012695312
989118852,22.3106758,114.1840473,1973.3280029296875
989119028,22.3033452,114.1872566,348.0980834960937
989119175,22.3066961,114.1895305,897.34326171875
989119228,22.305549,114.1887062,1056.474853515625
989119352,22.304332,114.1879793,341.3228454589844
989119527,22.3088265,114.1902744,428.4330749511719
989119615,22.3039793,114.1875684,708.0266723632812
989119838,22.3046455,114.1880548,976.3110656738281
990023265,22.2913274,114.2083578,271.05694580078125
990023267,22.2853082,114.192977,830.7283935546875
990023269,22.285965,114.1930061,938.591064453125
990023270,22.2908415,114.1990176,1123.359619140625
990023283,22.2846355,114.2144609,850.6096801757812
990023289,22.2904124,114.1968588,1132.78857421875
990023290,22.2849547,114.2116345,1107.199951171875
990023291,22.2872279,114.1929782,255.13015747070312
990023292,22.291687,114.203108,906.0330200195312
990023293,22.2911147,114.2003232,964.8320922851562
990023295,22.2907843,114.198732,1142.0506591796875
990023300,22.2880494,114.2099703,237.0478515625
990023302,22.2906697,114.1962027,1128.99267578125
990023303,22.2901989,114.209259,370.0451354980469
990023305,22.2913962,114.1960336,2886.392822265625
990023310,22.2755135,114.1535197,180.6404266357422
990023311,22.2901854,114.1957509,1072.5975341796875
990023315,22.2879939,114.1933679,717.0900268554688
990023337,22.2900846,114.1953598,1098.9354248046875
990023343,22.2910137,114.1998347,1746.833740234375
990023345,22.2872406,114.2102328,702.9553985595703
990023347,22.2917775,114.2071609,740.7803039550781
990120027,22.3270451,114.1859238,534.0492553710938
990120029,22.3048912,114.1859467,1271.678955078125
990120079,22.3272828,114.1858276,497.0414123535156
990120097,22.3264625,114.1819762,253.79461669921875
990120113,22.3073803,114.1832827,755.5220947265625
990120128,22.313308,114.1868788,720.4756469726562
990120130,22.303118,114.1882795,358.2563171386719
990120169,22.3017796,114.1844548,90.66825103759766
990120217,22.3122973,114.188555,488.7517395019531
990120246,22.3205896,114.1900167,826.5618896484375
990120262,22.3259642,114.1820579,774.7648773193359
990120307,22.3033708,114.1829273,118.36497497558594
990120340,22.3089354,114.1876462,670.552001953125
990120362,22.2901674,114.1991894,859.661865234375
990120425,22.3068121,114.1841928,1815.2574462890625
990120446,22.3038841,114.1844696,191.2672271728516
990120461,22.2789051,114.1616304,78.80345153808594
990120486,22.2897248,114.1998325,137.18145751953125
990120507,22.3068763,114.1874162,1256.336669921875
990120665,22.3020648,114.181175,178.5718536376953
990625708,22.3025382,114.1887377,345.2950439453125
990625873,22.2992901,114.1805796,109.9601058959961
991294618,22.3228781,114.1630871,811.1390380859375
991294650,22.3225975,114.1643415,1338.1907958984375
991294655,22.2693395,114.1861542,587.5146942138672
991294657,22.3294386,114.1573622,509.7005615234375
991294717,22.3101361,114.2210734,166.36405181884766
991294794,22.2650687,114.1873287,243.7593536376953
991294805,22.2995765,114.1758732,107.6993408203125
991294824,22.3281631,114.1637351,1675.3846435546875
991294839,22.3232056,114.1609968,1087.007568359375
991294854,22.3164051,114.2144672,75.42003631591797
991294876,22.3159408,114.1693935,857.754638671875
991294889,22.3215084,114.1648729,1185.688232421875
991294892,22.3332533,114.1809631,185.36287689208984
991294931,22.3212262,114.163274,947.7874145507812
991294938,22.3333149,114.1796613,187.34339141845703
991294942,22.3107556,114.1698294,408.315185546875
991294947,22.3246751,114.2110012,173.18165588378906
991294970,22.3292078,114.158623,627.4356689453125
991295007,22.3251994,114.1666804,533.8887329101562
991295014,22.3310296,114.1795497,338.46038818359375
991295018,22.3280228,114.1591683,1054.4180908203125
991295049,22.2667114,114.1876078,169.22952270507812
991295076,22.3277584,114.1633726,783.8414916992188
991295079,22.3180217,114.2127076,147.63951110839844
991295090,22.328474,114.1595635,1606.9818115234375
991762590,22.3090652,114.2298851,734.3341064453125
991762591,22.3084378,114.2220329,79.13923645019531
991762594,22.309517,114.2215993,299.07240295410156
991762615,22.30895,114.2283978,559.4994506835938
991762682,22.3066112,114.2241536,75.4118881225586
991762721,22.3061418,114.2247526,456.8221740722656
991762753,22.3091397,114.2210736,163.0276336669922
991762865,22.3072893,114.2257937,409.8421936035156
991762948,22.3061443,114.2242998,996.7867126464844
992774976,22.3164773,114.2132636,79.39547729492188
992774984,22.3249879,114.2040589,179.3939208984375
992775002,22.3194288,114.2106107,227.5220718383789
992775003,22.323276,114.2046048,107.03074645996094
992775005,22.3244817,114.2041864,170.04293823242188
992775006,22.3221708,114.2047524,108.33790588378906
992815755,22.3196893,114.1711074,671.2377319335938
993410752,22.2623738,113.9916609,19.261862754821777
993701152,22.3186712,114.2155104,781.4127807617188
993701165,22.326013,114.2058952,138.78269958496094
993701168,22.3197496,114.2117736,160.4288330078125
993701181,22.3184118,114.2267115,2251.2188720703125
993701185,22.3192024,114.2118716,294.89488983154297
993701190,22.3137272,114.2174885,81.90868377685547
993701194,22.3159616,114.2190674,895.31640625
993701211,22.3181342,114.2152418,194.10535430908203
993701219,22.3156227,114.2181598,132.64047241210938
993701228,22.3111769,114.2278087,375.0232849121094
993701238,22.3172831,114.2160369,115.70626068115234
993701239,22.3184386,114.2317649,5392.7607421875
993701243,22.3138473,114.222258,470.1181106567383
993701246,22.3142856,114.2169557,84.8058853149414
993701260,22.3163811,114.2131577,62.88591003417969
993701261,22.3147071,114.211396,54.72153854370117
993701279,22.3165199,114.2268008,3413.8585205078125
993701314,22.3238466,114.2274628,1991.42919921875
993701315,22.318437,114.2137759,90.21587371826172
993701331,22.3173247,114.2252123,1704.6737060546875
993701347,22.3159935,114.2268908,3058.557861328125
993701365,22.3151275,114.2187689,106.86563110351562
993701368,22.318636,114.2137067,191.5977325439453
993701385,22.3149593,114.218266,114.28479766845705
993701393,22.3166559,114.2171733,152.10845947265625
993701479,22.3180407,114.2115416,57.333831787109375
993701516,22.3146448,114.2179475,87.66577911376953
993701517,22.314941,114.2242478,966.141357421875
993701559,22.3165528,114.2258953,919.3572998046876
993701565,22.3192377,114.2098545,112.1622314453125
993701580,22.3161001,114.2251884,764.0944213867188
994194693,22.2919691,114.1963863,1122.746826171875
994194695,22.3119193,114.2352701,2739.9749755859375
994194750,22.3190586,114.2315291,2444.8667602539062
998046347,22.3288542,114.1628411,1939.4227294921875
998474332,22.3391052,114.1994628,425.2886352539063
998474368,22.3381854,114.2016987,402.05963134765625
998474451,22.3377172,114.2023288,395.8000793457031
998474585,22.3449394,114.1983761,594.4649047851562
998474602,22.3460074,114.1976519,371.3341064453125
998474755,22.345578,114.1959587,3706.76318359375
998474825,22.3438875,114.1979878,549.6619873046875
998474885,22.3351575,114.1951632,418.17291259765625
998475025,22.3356578,114.1960493,448.6982116699219
998475033,22.3405186,114.2010818,451.6314239501953
998475174,22.3365825,114.1954681,427.3628234863281
998475314,22.3352461,114.1942327,899.0332641601562
998475343,22.3212184,114.2117411,169.24737548828125
998475445,22.3447675,114.1983776,1135.99072265625
998475500,22.3409951,114.197746,616.9507446289062
998475676,22.3362072,114.1951904,450.7557678222656
998475876,22.3206561,114.2202043,5803.365478515625
998475935,22.3374742,114.2029078,371.837890625
998476139,22.3384191,114.2009395,662.8016052246094
998476204,22.3354374,114.195889,452.91796875
998476307,22.3211919,114.2215464,2732.537872314453
998476438,22.3378679,114.202239,246.6029052734375
998476885,22.3412621,114.195545,3147.818115234375
998477348,22.3459788,114.1980596,682.3125610351562
998477380,22.340769,114.1920723,1404.0298461914062
998477558,22.3416268,114.1924804,858.4158325195312
998477760,22.34484,114.18722,2548.3283081054688
998477840,22.339845,114.1958347,2898.84228515625
998478116,22.3374125,114.2014044,387.5113830566406
998478488,22.3375124,114.2033123,280.6553955078125
998478842,22.3349724,114.1966127,385.1766052246094
998478850,22.3416101,114.1919227,1061.481201171875
998637708,22.3386622,114.1792808,78.67207336425781
998637740,22.3365851,114.178936,105.8660888671875
998638033,22.3379933,114.1885401,722.76513671875
998638127,22.3394233,114.1857899,1293.2484283447266
998638160,22.3375322,114.1884345,2025.3001098632812
998638174,22.3359139,114.1882266,1832.99951171875
998638275,22.3400599,114.1791455,112.17996215820312
999331314,22.3359254,114.1498536,334.0349426269531
999331329,22.3376364,114.1449323,328.0509338378906
999331373,22.338231,114.1461165,564.6991882324219
999331375,22.3404079,114.1547827,875.7726440429688
999331378,22.3356637,114.1498564,298.283935546875
999331400,22.3360329,114.1450766,285.5332336425781
999331405,22.3358874,114.1492134,355.8446960449219
999331442,22.337676,114.1494137,376.2304382324219
999331486,22.3355837,114.1580946,814.2738037109375
999331489,22.3410177,114.14143,234.87527465820312
999331499,22.3401357,114.1516825,358.0908508300781
999331509,22.3364574,114.145409,368.4118041992188
999331531,22.3347789,114.1591246,881.2697143554688
999331540,22.336494,114.1442724,563.5919799804688
999331564,22.3407306,114.1534008,765.4997863769531
999331615,22.3365148,114.1424292,672.043701171875
999331622,22.3415079,114.1409203,1184.4277801513672
999331647,22.3391364,114.1487978,647.6864318847656
999331650,22.3395002,114.1539777,728.4061889648438
999597569,22.4597959,114.2032686,356.8072853088379
999597843,22.4278136,114.2085573,43.662405014038086
999597862,22.4595183,114.2042884,53.1656608581543
999597863,22.4697524,114.2014168,523.2932386398315
999597880,22.4042024,114.2215207,129.7025146484375
999597972,22.4046686,114.2205528,384.8254165649414
999598258,22.404411,114.2209287,91.79345703125
999598381,22.4680484,114.2090727,529.8235397338867
999598474,22.4689983,114.2052869,116.93917655944824
999598506,22.4578032,114.2063228,113.48051452636719
999598613,22.4593343,114.2046887,104.95422554016115
1000961397,22.2808902,114.2136577,615.6680145263672
1000961406,22.344967,114.18769,5243.330139160156
1000961654,22.2897611,114.2005666,1508.2990112304688
1000961684,22.3451191,114.1911832,4852.6263427734375
1000961843,22.2834132,114.2134453,1929.5246887207031
1000961923,22.2811468,114.2128541,169.8434295654297
1000961971,22.2889345,114.210378,269.3650817871094
1000961997,22.2828198,114.217019,2888.0422973632812
1000962033,22.283566,114.2178303,1419.3883056640625
1000976432,22.3931895,114.2073403,748.0455093383789
1000976485,22.3760839,114.1897431,161.3922119140625
1000976547,22.393033,114.207151,1532.465030670166
1001584167,22.2852981,114.2172891,1241.6107177734375
1001584169,22.2854494,114.217106,888.0623779296875
1001584172,22.2843587,114.218865,955.8893432617188
1002550704,22.2774816,114.1716019,351.6015319824219
1002550713,22.2800148,114.1831924,357.63092041015625
1002550719,22.2801085,114.1791499,428.0292663574219
1002550734,22.2772472,114.1748283,437.0862426757813
1002550759,22.2800212,114.1871281,781.8851928710938
1002550765,22.2777033,114.1766389,426.79632568359375
1002550775,22.2800094,114.1873723,756.569091796875
1002550777,22.2775712,114.1703365,381.0342102050781
1002550791,22.2798375,114.1794043,401.9918823242188
1002550797,22.2800582,114.1843466,1456.6092529296875
1002550816,22.2777182,114.1747746,427.6117858886719
1002550817,22.2793821,114.1814501,410.6071166992188
1003282499,22.2794035,114.1926027,321.1441650390625
1003282514,22.2799863,114.1923832,296.3579406738281
1003282515,22.2833707,114.1917274,180.7057647705078
1003658391,22.2810336,114.2242148,786.8679809570312
1003658437,22.2810129,114.221678,1743.1373291015625
1004684255,22.2792832,114.2276242,769.1460571289062
1004684357,22.2941961,114.2047181,732.9831848144531
1004684390,22.2877156,114.2213105,2877.2257690429688
1004684440,22.2784671,114.2293948,1053.5867919921875
1004684455,22.28165,114.23026,288.2890625
1004684462,22.2879489,114.2207878,961.0553588867188
1004684468,22.2782521,114.2276216,829.4352416992188
1004684482,22.2838169,114.2224784,1195.5322265625
1005012506,22.2670415,114.2395602,271.1976318359375
1005012581,22.256758,114.2306327,972.3064880371094
1005012875,22.2674016,114.2413652,685.3692932128906
1005012987,22.282935,114.230463,347.0804138183594
1005422343,22.2773632,114.2406582,645.8540649414062
1010153766,22.2828565,114.231423,184.75881958007807
1010153787,22.2782135,114.2256199,2695.796142578125
1010153861,22.2825669,114.231532,219.5458984375
1010154002,22.2873481,114.2202113,1146.354248046875
1011184153,22.2923472,114.1979279,1114.997802734375
1012176438,22.2772943,114.1838259,595.0917358398438
1012308536,22.3710821,114.1234889,475.8349914550781
1012751963,22.2817971,114.1785103,350.7984313964844
1012751972,22.2781733,114.1801764,521.5123291015625
1012751981,22.2692296,114.1835366,243.2805938720703
1012751987,22.2713429,114.1802439,223.82621002197266
1012752002,22.2707368,114.1847845,1325.8275604248047
1012752041,22.2700553,114.1853199,269.69390869140625
1012752046,22.2839956,114.187094,646.4943084716797
1012752067,22.2813267,114.1818478,345.2653503417969
1012752099,22.2713632,114.1803763,904.6077499389648
1012752102,22.2686817,114.1856654,326.8802795410156
1012752115,22.2698906,114.1831858,233.90756225585935
1012752131,22.2691493,114.1853869,279.4366149902344
1013426162,22.279278,114.1746776,388.40765380859375
1013426197,22.2818593,114.1608522,65.98764038085938
1013426328,22.2792692,114.1744928,362.4208068847656
1013426619,22.2807517,114.1791017,374.3414611816406
1015074677,22.3895904,114.2070724,758.1277160644531
1015074679,22.3829527,114.2120533,224.3607406616211
1015074698,22.3857555,114.2068639,269.81419372558594
1015770597,22.3820731,114.1382816,688.4136962890625
1015770637,22.3802697,114.1344131,6785.857116699219
1015808060,22.3227001,114.2117253,165.0706329345703
1015808064,22.3227679,114.2117391,329.23277282714844
1023011458,22.3065841,114.2333589,1369.6210632324219
1023011906,22.3188971,114.2317781,3627.1181640625
1023011943,22.2751626,114.1725298,251.61505126953125
1023012043,22.3100155,114.2306979,559.3629150390625
1025346381,22.2764959,114.1800068,448.9463806152344
1025346406,22.2756095,114.1776785,755.0916137695312
1026550173,22.2757964,114.1691152,383.6229553222656
1026550190,22.2764319,114.1696128,436.6879577636719
1026550204,22.2756834,114.1671928,354.688232421875
1026550211,22.2740157,114.1740428,250.40902709960935
1026550219,22.2733097,114.1743845,107.0907974243164
1026550247,22.2724756,114.1752926,557.1836395263672
1026550252,22.2755644,114.1704512,233.1255340576172
1026550263,22.2752128,114.1678268,251.73275756835935
1026550287,22.2744102,114.1721153,487.5331573486328
1026550298,22.2755887,114.1690427,271.7041015625
1026550347,22.2765544,114.1684043,488.9191284179688
1026550414,22.2735674,114.1747393,120.98008728027344
1026550449,22.272829,114.1741912,241.69268798828125
1029866734,22.305105,114.1913245,652.4594268798828
1029866965,22.3042758,114.1907384,177.28907775878906
1029866980,22.2999156,114.1799237,97.59034729003906
1030727490,22.2794097,114.1642624,80.31504821777344
1033405497,22.27752,114.15445,506.09381103515625
1033405513,22.277,114.15428,198.2321929931641
1034004758,22.2880226,114.1495848,541.4630126953125
1034004768,22.2886521,114.1441214,458.2992248535156
1034004776,22.2888123,114.1416574,414.2474060058594
1034004795,22.28766,114.1448454,466.8165283203125
1034004865,22.2877481,114.150637,491.20599365234375
1034004903,22.2873414,114.1523808,547.9992065429688
1034004980,22.2873446,114.1518559,556.3873291015625
1035870940,22.2854731,114.1355866,1309.9493408203125
1035871049,22.2845409,114.1358924,358.7132263183594
1036265126,22.2877444,114.1370178,332.80352783203125
1038509164,22.2861756,114.1305824,1563.5204467773438
1038509260,22.2861055,114.1305035,666.8575439453125
1038509270,22.2839643,114.1297786,720.0569458007812
1039321291,22.2872374,114.1407872,456.4176330566406
1040620634,22.3812135,114.2067806,150.80032348632812
1041274191,22.2841848,114.1424991,314.5548095703125
1041585703,22.2825195,114.1419862,401.7574005126953
1041585759,22.2806373,114.1529575,595.132568359375
1042244738,22.2873101,114.1358813,517.0206298828125
1044679086,22.2756064,114.129263,214.28245544433597
1044679762,22.2794059,114.1280901,780.5633544921875
1049050152,22.3685419,114.0076327,104.63385391235352
1049050629,22.3774024,113.9964807,231.64174270629883
1049050683,22.3752309,113.9973541,242.3902931213379
1049672839,22.28323,114.14881,721.218994140625
1049672892,22.2645481,114.128208,686.7068176269531
1050473532,22.3653403,114.0130159,83.84123992919922
1050482970,22.3751299,113.9973956,34.326290130615234
1051293222,22.234272,114.0017408,24035.37981414795
1051414591,22.22175,114.24359,537.5314083099365
1051894365,22.2594979,114.1366286,231.0389175415039
1051894540,22.2537005,114.1392069,553.0003662109375
1051894574,22.250882,114.1370601,4196.9620361328125
1051894691,22.2523574,114.138878,629.560302734375
1051895012,22.2535063,114.1389572,651.6301879882812
1051895018,22.2510883,114.1365031,2949.5555419921875
1051895074,22.2523519,114.1385199,1503.35107421875
1051895076,22.2610544,114.1363507,1390.3128051757812
1051895088,22.2569248,114.1384718,1239.2833404541016
1053435041,22.2793028,113.9401939,182.11247634887695
1053691699,22.4034008,114.2427787,64.05321311950684
1053698250,22.4017924,114.2436377,121.29536628723145
1054284176,22.4339773,114.1636789,65.30607795715332
1054284192,22.4363351,114.1645534,116.53742980957031
1054616701,22.2507351,114.1556593,1250.3299713134766
1054617083,22.2483298,114.1557488,839.8058471679688
1054617244,22.2491292,114.1563064,3415.82958984375
1059197540,22.2420153,114.1559101,1395.0999755859375
1061641833,22.2491001,114.1693671,187.58767700195312
1061641837,22.248273,114.1681974,227.3467025756836
1063062004,22.412311,114.0683014,5.838735103607178
1063120150,22.2801576,113.9409246,60.42947006225586
1070003286,22.2492793,114.1749319,115.93412017822266
1070003309,22.2382718,114.1646927,1329.4099369049072
1070900483,22.2489379,114.1669314,106.21205139160156
1071364113,22.2567922,114.1932826,109.23099517822266
1072934025,22.2632806,114.1897317,199.1959686279297
1072934398,22.2578162,114.1930536,231.5937271118164
1072934434,22.2664801,114.1918125,146.92547607421875
1078809332,22.2400614,114.1912999,416.99983978271484
1078809338,22.2413882,114.1880854,296.607608795166
1078809403,22.2404966,114.1872229,398.0394821166992
1078809406,22.26588,114.18344,116.20671081542967
1078809478,22.2387484,114.1943789,114.03968048095703
1078809496,22.2390331,114.1944669,247.7427749633789
1080460783,22.2768145,114.1942529,302.1202697753906
1080460847,22.2685487,114.1914194,194.18597412109372
1080460924,22.2761707,114.1916135,207.05039978027344
1080461106,22.27603,114.1915253,570.3487091064453
1082508635,22.2393102,114.2015989,21.00726127624512
1082508685,22.2330999,114.1995842,45.47611999511719
1082508712,22.2377313,114.1990139,46.53533935546875
1082508834,22.2384269,114.1984264,277.5541877746582
1082508846,22.2374187,114.1979058,159.03029251098633
1082509061,22.2366277,114.1976014,125.69076538085938
1082509126,22.2395784,114.202281,18.501514434814453
1088002104,22.2892259,114.2763082,252.2682876586914
1088084090,22.3821841,114.2660002,82.79259872436523
1088104076,22.3649484,114.2594297,366.97155380249023
1088104201,22.3653534,114.2580219,479.7223320007324
1090203917,22.4363843,114.1636664,32.94847106933594
1091173600,22.5227231,114.1620181,41.92574214935303
1091174787,22.4755025,114.1545608,43.40505599975586
1091174796,22.4778961,114.1550544,77.30564880371094
1091174798,22.4788239,114.1552494,45.81297492980957
1091175053,22.4992609,114.1502129,155.41014575958252
1095691319,22.2676,114.1686533,86.38361358642578
1095691410,22.2640244,114.1554377,231.6096954345703
1095691419,22.2669703,114.1686043,61.97273635864258
1095691480,22.2664915,114.1521322,66.67236328125
1095691571,22.2687012,114.1513945,160.37278747558594
1095691673,22.2669604,114.155657,180.63306427001953
1095691696,22.2657998,114.1520618,145.14310455322266
1095691729,22.2668371,114.1521851,70.18576049804688
1095691772,22.2696647,114.1562709,224.3148422241211
1095691782,22.2698565,114.1565379,131.0100860595703
1095991426,22.3969015,114.1764984,49.995826721191406
1096196059,22.406616,114.027347,104.85374641418457
1096215418,22.3564944,114.0940138,436.96868801116943
1099089402,22.3701607,114.1117468,516.9884643554688
1099090481,22.3733753,114.1057763,241.5367584228516
1099095666,22.375651,114.1068313,1929.6097106933594
1099099722,22.3709606,114.1142614,453.3546142578125
1102084938,22.3726186,114.1957074,301.8040542602539
1102085105,22.3689441,114.1970221,189.98727798461914
1102085119,22.3724486,114.1962821,179.0070571899414
1102802007,22.4559249,114.1595555,47.34947681427002
1102802026,22.4562562,114.1627602,16.25528335571289
1102871894,22.4072254,113.9178807,81.46075248718262
1102974001,22.482332,114.1580703,20.324869632720947
1107010011,22.417108,114.073528,19.800026893615723
1107010015,22.4169112,114.0721988,49.50672912597656
1107010524,22.3716246,114.0164633,169.1090955734253
1107010551,22.4241836,114.0760488,163.43971633911133
1107010559,22.4216616,114.0751298,12.600258827209473
1107019733,22.282101,114.1986327,217.6951560974121
1107060761,22.3700618,113.9275979,50.4984130859375
1107060764,22.3698494,113.9274585,205.0734634399414
1107287994,22.3180242,114.1726054,231.77362060546875
1107287995,22.3177122,114.1735613,271.3248291015625
1107287997,22.3170746,114.1727977,197.6796875
1108894892,22.3700138,114.0510692,113.1700668334961
1108895137,22.4150404,114.0666576,18.602645874023438
1108895142,22.416632,114.066533,189.70425033569336
1108895150,22.4185753,114.0668608,147.0902214050293
1109030467,22.4137138,114.0277618,54.25662422180176
1109030479,22.4146754,114.0267205,54.11491298675537
1109030484,22.4152384,114.025793,13.768016815185549
1109030487,22.4158104,114.0247859,14.062512397766112
1109896745,22.4208008,114.0628867,119.8138313293457
1110038473,22.366266,114.022027,200.25042915344238
1110185605,22.2848552,114.1475803,670.0740966796875
1110247301,22.4267247,114.0348696,17.36712646484375
1110247302,22.4248931,114.0353683,29.7100248336792
1110247309,22.4182949,114.0254878,37.90533065795898
1110260303,22.4624315,114.0176681,17.647546768188477
1111285301,22.5336575,114.2002501,44.3000602722168
1111289416,22.5076218,114.1481535,71.5562744140625
1114954989,22.3733207,114.110776,607.8036499023438
1114957839,22.3730587,114.1104485,232.73374938964844
1115046667,22.3716545,114.1224634,358.2972106933594
1115059974,22.3717811,114.1232928,524.1976318359375
1116784756,22.5106267,114.1107606,89.58206462860107
1116784763,22.5175837,114.1136577,147.5803542137146
1116795859,22.5038914,114.1200377,115.9019603729248
1121793824,22.2203719,114.2138745,56.96053695678711
1121793987,22.2220216,114.2124201,179.93313598632812
1121794065,22.2232584,114.2125984,116.27267456054688
1121794324,22.2191104,114.2042891,359.3985824584961
1121794554,22.2236289,114.2123432,215.8057098388672
1121794643,22.2189602,114.2142513,212.03064727783203
1121794853,22.2198831,114.212147,752.0526275634766
1121795289,22.2220219,114.2108364,1102.7165069580078
1121795900,22.2183062,114.2133219,183.5536193847656
1121795936,22.212562,114.2165974,1996.9603309631348
1121795946,22.2214833,114.2126703,166.03834533691406
1122183020,22.2117959,114.2148762,103.7750244140625
1124851800,22.2367996,114.2233881,128.0605926513672
1131046669,22.2288527,114.2551643,25.2515869140625
1131047257,22.229868,114.2545574,721.2954597473145
1131047320,22.2441576,114.2455539,231.14169692993164
1131047442,22.2285464,114.2477943,399.17900466918945
1131047447,22.2290986,114.2543588,260.04905700683594
1132255832,22.2755791,114.2385959,1767.3558349609375
1132256169,22.2681823,114.2390469,391.8262023925781
1136084879,22.2680326,114.248102,1844.0402908325195
1139326576,22.3252045,114.1739834,974.4813537597656
1139326660,22.3254575,114.1762494,582.9971313476562
1139441035,22.3206796,114.1832969,1561.9925537109375
1139441156,22.3227398,114.1833374,1348.1548461914062
1139904730,22.3189331,114.1791702,781.161376953125
1140062928,22.3251361,114.1784192,473.6034698486328
1140062934,22.3283377,114.1784519,220.95248413085935
1140062960,22.3276533,114.1784146,221.24075317382807
1140062985,22.325658,114.1778509,1018.8743896484375
1141752023,22.3866072,114.2694065,65.03135681152344
1141752024,22.386224,114.2698693,31.730056762695312
1141756864,22.3340676,114.1789666,111.54792785644533
1141756868,22.3325386,114.1788876,103.53670501708984
1141792825,22.3260418,114.1800269,621.0158081054688
1141792828,22.3258934,114.179194,235.1236267089844
1141792843,22.3257314,114.1783989,238.0614013671875
1141935427,22.3289449,114.1785438,238.38047790527344
1143397595,22.5371914,114.1711897,83.58402371406555
1143790641,22.3169766,114.182013,1893.145751953125
1143790667,22.3161404,114.1812214,938.7053833007812
1143790668,22.3160611,114.1811243,458.3353576660156
1148712955,22.2714509,114.1495643,354.88195419311523
1149187987,22.4908509,114.1335634,216.3914337158203
1149188003,22.4913685,114.1339976,330.48304748535156
1149188011,22.4914016,114.1341126,122.09848022460938
1149188015,22.49079,114.1342848,113.41494750976562
1149188020,22.4908393,114.1343726,106.81388092041016
1149247737,22.4727502,114.2312178,51.85564422607422
1149247767,22.472303,114.2304988,45.61430740356445
1149247768,22.4727383,114.2326271,52.6726188659668
1149247788,22.4725112,114.2304579,58.69596099853516
1149594597,22.3160101,114.2601071,464.2205505371094
1149594603,22.3162957,114.2604725,2818.658477783203
1149594622,22.3178571,114.261896,4886.4329833984375
1149594734,22.3149364,114.2591164,962.3211364746094
1151084843,22.3225347,114.1686574,724.1008911132812
1151084845,22.3143339,114.1691199,431.6269226074219
1151084846,22.3141895,114.1721629,190.50840759277344
1151084855,22.3141569,114.1681879,489.3449401855469
1151084858,22.31737,114.174672,413.0067138671875
1151084860,22.319293,114.16932,1089.36962890625
1151084876,22.3130527,114.1707016,273.98614501953125
1151084896,22.3158381,114.1734082,1022.2892303466797
1151084898,22.3126662,114.1684974,456.056884765625
1151084917,22.3131762,114.1713307,208.1772003173828
1151084930,22.3160657,114.169976,275.699462890625
1151084934,22.3153623,114.1701253,497.9285583496094
1152660784,22.3204489,114.1752488,812.3082275390625
1152660823,22.3205146,114.1768942,442.20794677734375
1152660843,22.3219329,114.1805234,361.6764221191406
1152660881,22.3225762,114.1805246,743.8040771484375
1152803555,22.3290186,114.1665742,544.3655395507812
1152803582,22.3292635,114.1665477,748.156005859375
1152803584,22.3299548,114.1668228,652.2517700195312
1152803609,22.3278607,114.1678936,715.1401824951172
1152824573,22.326417,114.166009,781.4854736328125
1152824589,22.3252765,114.1636894,972.0280151367188
1152824595,22.3260425,114.1618981,2258.03759765625
1152824596,22.3262613,114.1634107,1113.049560546875
1152824608,22.32635,114.1643425,949.81689453125
1154359222,22.4579043,114.0524576,112.39759063720703
1154467245,22.4081717,113.9740735,690.9252471923828
1154467263,22.4089175,113.9754494,1330.4573974609375
1155743707,22.4426869,114.0334321,688.4830322265625
1155743708,22.4426653,114.0351894,148.38009643554688
1155748418,22.4430304,114.0299478,1205.0260620117188
1157190772,22.3898718,114.2603394,16.105844497680664
1157490598,22.2639954,114.240323,608.6148071289062
1157502974,22.2671497,114.2396793,174.34603881835938
1158360121,22.2948456,114.1732085,105.61612701416016
1158360123,22.2946787,114.1732915,474.5800476074219
1158360153,22.2956668,114.1752283,119.1300048828125
1158360166,22.2959039,114.1703027,126.99485778808594
1158360177,22.2949943,114.1748799,365.40210342407227
1158455517,22.369131,114.1895934,386.94886779785156
1161125995,22.3344834,114.0296742,307.4205780029297
1161179828,22.343467,114.1377937,344.5552062988281
1161181901,22.3415203,114.1382106,618.5503845214844
1161202138,22.3340931,114.135075,1245.1746444702148
1161205777,22.3365701,114.1417117,1287.1611328125
1161206758,22.3370347,114.1416331,1092.9678955078125
1161262089,22.338175,114.1407895,1032.0626525878906
1161266519,22.2658973,114.1888194,178.17312622070312
1161863731,22.3239432,114.1683547,634.7828369140625
1161863778,22.3233898,114.1651062,974.564208984375
1161863894,22.3252409,114.1720864,1087.1064758300781
1161863963,22.3249701,114.1705609,481.5034790039063
1161864000,22.3235753,114.166228,703.2828979492188
1161864003,22.3249547,114.1734227,1717.3497161865234
1161864045,22.3240619,114.1690465,564.5680541992188
1161864092,22.3242325,114.1700513,531.685546875
1161864158,22.3240511,114.1677567,717.3880004882812
1162875755,22.317756,114.1664069,1275.2945556640625
1162875756,22.3170632,114.1673226,1058.4495849609375
1162875765,22.3160848,114.1672629,1237.6463623046875
1162875767,22.3258904,114.165776,623.4187622070312
1162875771,22.3199614,114.1725978,628.4981079101562
1162969036,22.3724954,113.9898929,543.2590713500977
1162969044,22.3739463,113.9885747,172.7904052734375
1162969052,22.3723173,113.9889873,119.62884330749512
1163269785,22.4360564,114.073955,60.20458936691284
1163269804,22.4335308,114.0737136,48.82781744003296
1163269822,22.4313689,114.0753795,54.834070682525635
1163269836,22.4299819,114.0765117,49.91433143615723
1163297097,22.4275585,114.0824309,61.875999450683594
1163304510,22.4337924,114.0726968,42.183115005493164
1163356471,22.4386412,114.0206845,360.0604782104492
1163356483,22.4376168,114.0288895,303.9757385253906
1163356490,22.4344873,114.0300902,278.0121612548828
1163366818,22.4274688,114.0226961,17.94558334350586
1163366869,22.4386524,114.0257379,272.6533508300781
1163366911,22.4385988,114.0259619,296.1255187988281
1163366921,22.4391178,114.0258129,139.32013702392578
1163376665,22.4246083,114.0271681,20.30636405944824
1163376688,22.4210215,114.026885,131.45020866394043
1163389145,22.3092655,114.2517281,370.06292724609375
1163659817,22.3801808,114.2722013,269.4782257080078
1163659828,22.3799779,114.2724481,296.9756851196289
1164593257,22.4584967,114.0336932,105.2394483089447
1164593283,22.4532953,114.0350809,36.88974952697754
1164963525,22.2756931,114.2303272,536.1324768066406
1164966663,22.2760644,114.2295025,280.6182403564453
1166111625,22.314321,114.2747535,16.791433334350586
1166111641,22.3160193,114.2748509,57.96586799621582
1166348433,22.3334372,114.163277,1319.5748291015625
1166348436,22.3325603,114.1639611,1423.245361328125
1166348454,22.3305439,114.1658703,1046.2799072265625
1166348479,22.332613,114.1648699,1787.5068969726562
1166348512,22.3319323,114.165719,2010.383056640625
1166348523,22.3333098,114.16393,1195.2056884765625
1166928649,22.2651828,114.239653,584.2537536621094
1167415148,22.3620661,114.0193287,147.2532196044922
1167427534,22.3639366,114.0208085,341.31579399108887
1167836703,22.2862811,113.9347095,82.84820461273193
1167986940,22.3117863,114.17011,384.5920104980469
1168066104,22.3183644,114.1662865,2304.9112548828125
1168066109,22.3187864,114.1660433,1167.5950927734375
1168183618,22.3206632,114.1714135,658.3431396484375
1168183668,22.3200875,114.1682046,1209.1041259765625
1168183693,22.321087,114.1707993,694.255126953125
1168183695,22.3202612,114.1692279,769.3021850585938
1168183728,22.3191379,114.1683979,1140.9925537109375
1168183739,22.3184081,114.1633208,744.4926147460938
1168183745,22.3200383,114.167935,1241.02392578125
1168183774,22.3209829,114.1702304,719.4943237304688
1168315927,22.3124051,114.1666513,549.1316528320312
1168315967,22.3122609,114.1662607,526.374267578125
1168315980,22.3260418,114.1608067,2300.724609375
1168316008,22.3124983,114.1674658,590.7373046875
1168380684,22.3132112,114.1666465,451.4572448730469
1168414435,22.3065034,114.1709068,449.022705078125
1168421045,22.3203627,114.1566095,1656.0028381347656
1169220172,22.3270195,114.1797125,237.50997924804688
1170273640,22.534858,114.2083591,364.65748739242554
1172166298,22.3089739,114.1668186,501.7401123046875
1172166308,22.3170216,114.163278,1258.11181640625
1172166329,22.3128804,114.1642014,441.3511657714844
1172166339,22.3123638,114.1648004,524.7926025390625
1172166352,22.3173502,114.1634916,714.0196533203125
1172166414,22.313055,114.1650738,1118.0245971679688
1172166429,22.317109,114.1636734,1722.2061157226562
1172650881,22.3417132,114.1651181,198.6818389892578
1172757618,22.3239917,114.1625237,2126.88623046875
1172757712,22.3103292,114.171555,265.1944885253906
1172757780,22.3232158,114.1618863,1381.870849609375
1172757801,22.3109217,114.1710171,241.8470458984375
1172757887,22.3225054,114.159975,1004.3785400390624
1172757927,22.3036797,114.1842833,120.1485366821289
1172757994,22.3225298,114.1619166,1346.4300537109375
1172758011,22.306179,114.1810837,156.4453887939453
1172758015,22.3209248,114.1619401,973.0455932617188
1176974052,22.3766798,114.0057965,9.140738487243652
1176974608,22.376852,114.0072751,9.119885444641112
1176975545,22.3784472,114.0103919,65.59427070617676
1177097316,22.2829252,114.162673,228.53362274169922
1177098145,22.2834305,114.1616532,158.97528839111328
1177162825,22.2942595,113.9531525,419.41545104980463
1177162828,22.2939979,113.9522299,379.2515411376953
1177377131,22.2870095,114.2044814,662.5968322753906
1177377818,22.2870278,114.2048115,533.5813827514648
1178685485,22.3083713,114.0123182,73.12476348876953
1178835315,22.2942197,113.9275256,66.17753219604492
1178839485,22.3116206,113.9366117,27.748952865600582
1178862292,22.2914953,113.931977,98.50110626220703
1178971331,22.3225132,114.1658798,747.0865478515625
1178971336,22.3237063,114.1696699,454.8562622070313
1178971337,22.3232648,114.1692075,626.1588745117188
1178971341,22.3251174,114.1650812,825.7085571289062
1179001819,22.3254757,114.1698671,948.8070678710938
1179001820,22.325579,114.1704331,354.5927429199219
1179001823,22.3250123,114.1675281,556.2021484375
1179010012,22.3246198,114.1721513,1311.9153137207031
1179048364,22.2768187,114.2402793,500.2265319824219
1179823048,22.2890648,114.2106447,903.4275817871094
1180215220,22.2847383,114.2198186,841.401123046875
1180356947,22.3103916,114.178172,1041.0963439941406
1180356949,22.3120852,114.1768845,327.3514099121094
1180686922,22.3267296,114.1674069,857.5443115234375
1180806939,22.3730668,113.9933362,647.9764633178711
1180818602,22.3297289,114.1590862,1246.88916015625
1180818606,22.3283586,114.160894,1321.138916015625
1180818608,22.3289989,114.1600563,1304.010986328125
1180818609,22.3258151,114.1641842,919.564453125
1181846022,22.3226228,114.1649863,1548.141845703125
1181846056,22.3201831,114.1657598,884.3389282226562
1181846060,22.3270124,114.1614517,982.3137817382812
1181846062,22.3250376,114.16251,988.1619873046876
1181846078,22.3300844,114.164207,1484.658203125
1181846081,22.3291377,114.1633537,1877.25244140625
1181846119,22.3309771,114.1650119,1408.557861328125
1181846125,22.3279347,114.1622752,941.4050903320312
1182667250,22.2900815,113.9476772,1043.0176239013672
1182677821,22.3324983,114.155562,1119.8849182128906
1182677912,22.3182018,114.1626949,632.661376953125
1182691561,22.2830433,113.9374292,2856.601318359375
1182691869,22.2829811,113.9371734,6578.970060825348
1182950283,22.3169072,114.1663805,1788.6576538085938
1183030902,22.3142108,114.1671379,1896.2099609375
1183092754,22.3138521,114.1702215,423.93115234375
1183092765,22.3136351,114.1690544,479.3569946289063
1183208488,22.311636,114.1691856,458.1784362792969
1183985358,22.3555597,114.2440815,86.98554039001465
1183985374,22.3549486,114.246723,30.731121063232425
1183989491,22.3587501,114.2350586,40.7825927734375
1183989500,22.3599188,114.2389938,24.397390365600582
1185400414,22.3053236,114.1701366,474.3770446777344
1185400526,22.308724,114.1707791,400.4986267089844
1185400568,22.3058566,114.1676126,370.19189453125
1185400584,22.3065502,114.1715701,266.77716064453125
1185400587,22.3084001,114.1713909,259.0521850585937
1185400607,22.3125698,114.1708012,259.87890625
1185400622,22.3055,114.1692699,460.8871765136719
1185400645,22.3057012,114.1684358,719.1261901855469
1185808494,22.306656,114.1671025,458.8672180175781
1185808508,22.3082197,114.1675851,510.874755859375
1185808527,22.3039591,114.1717816,523.5673217773438
1187352694,22.3024492,114.1690836,942.4939575195312
1187352750,22.3049576,114.1674841,375.3424072265625
1187352946,22.3002205,114.1685581,301.8372802734375
1187353031,22.2947867,114.1724276,145.50035095214844
1187353069,22.3030318,114.1681169,428.92474365234375
1187353085,22.3026381,114.171856,938.6348266601562
1187353146,22.2976344,114.1722071,541.0102386474609
1189558856,22.3064467,114.1768007,170.5824432373047
1189559084,22.2967794,114.1736759,103.52318572998048
1189559158,22.2972094,114.1746006,186.31626892089844
1189559210,22.2967753,114.1745795,98.83475494384766
1189559382,22.3065887,114.1770016,187.8501739501953
1189559510,22.2991416,114.1730985,129.1726531982422
1189559520,22.3019354,114.174847,117.70433807373048
1189559654,22.3074196,114.1767635,1221.8389587402344
1189559662,22.296713,114.1750045,103.947265625
1189559738,22.3025381,114.1783361,143.6612548828125
1189559946,22.2989994,114.1725408,124.69463348388672
1189560073,22.2962332,114.1737152,199.65135955810547
1190349151,22.3969674,114.3194703,747.1429929733276
1191992667,22.3347013,114.1572982,779.8114624023438
1191992669,22.3325256,114.1600841,3183.505859375
1191992673,22.3340869,114.1585165,4484.296081542969
1191992711,22.3365121,114.1549547,404.5685424804688
1191992721,22.3378474,114.1495326,310.73504638671875
1191992746,22.3394928,114.1514881,681.4523315429688
1191992764,22.3297699,114.1636523,1440.222412109375
1191992766,22.3386937,114.151815,311.67401123046875
1191992790,22.3384136,114.1524457,388.015380859375
1191992814,22.3374465,114.1537382,425.10650634765625
1191992816,22.3369273,114.1544206,1121.064453125
1191992818,22.3317692,114.1610656,1383.257568359375
1192596686,22.3280578,114.165831,1434.1668701171875
1193696736,22.3301593,114.1660271,820.7904663085938
1193696741,22.3331818,114.1621692,1323.496337890625
1193696756,22.3333743,114.1624358,1344.3037109375
1194152559,22.3317467,114.1608904,1374.2142333984375
1194152567,22.3309434,114.16016,3379.7366333007812
1194205362,22.334228,114.1623117,1217.427734375
1194205370,22.330183,114.1672802,964.6573791503906
1194240788,22.3405903,114.1588993,454.79827880859375
1194240800,22.3406488,114.1581336,391.9224548339844
1194264045,22.3369237,114.1609982,2550.2923278808594
1194264048,22.3376364,114.1600625,1386.2755126953125
1194385446,22.3336459,114.1511854,349.6282653808594
1194385451,22.3338351,114.1526687,653.380615234375
1194385461,22.3348472,114.1523704,300.941650390625
1194385484,22.3382422,114.155608,807.9683227539062
1194385490,22.3334625,114.1531638,251.40838623046875
1195357629,22.3378104,114.1448787,928.3594970703125
1195383492,22.3308908,114.1484918,206.04458618164065
1195383509,22.3316285,114.1488348,263.5110168457031
1196531104,22.4428906,114.0608789,17.48085880279541
1196552339,22.4428699,114.0624559,63.58005332946777
1196552342,22.4428015,114.0612862,31.40236473083496
1196552570,22.4957841,114.1040601,41.43023443222046
1196552679,22.442122,114.0704439,246.2960968017578
1196552690,22.4422804,114.0609008,67.67154121398926
1196553265,22.4933475,114.0845965,18.76371741294861
1196553273,22.4939175,114.0856105,40.29110527038574
1196553339,22.4912145,114.0897793,48.926894664764404
1196553410,22.4984418,114.1010327,189.05555248260498
1196553609,22.4890809,114.1012827,11.551976919174194
1196553614,22.4885787,114.1013959,26.31505250930786
1196554029,22.4779604,114.0635839,38.393556118011475
1196554032,22.4777582,114.0643157,33.77636194229126
1196555502,22.440476,114.0041654,33.93619728088379
1196555504,22.4439541,114.0053694,33.13175582885742
1196596751,22.4437339,114.0558965,140.6582908630371
1196596764,22.4499465,114.0503968,90.6913948059082
1196596802,22.4446004,114.0615082,3.771232128143311
1196596810,22.4486445,114.0576607,59.186689138412476
1196596816,22.4426704,114.0592014,96.74363803863525
1196599559,22.4416009,114.0613794,33.851375579833984
1196599567,22.4409511,114.0693198,32.34214401245117
1196599569,22.4400224,114.0583129,70.71370315551758
1196599583,22.4408432,114.0692659,36.087032318115234
1196599611,22.4398552,114.0687376,58.47962951660156
1196603077,22.4402584,114.0703692,91.25799560546876
1196603082,22.4399747,114.0704864,57.167945861816406
1196603089,22.4402689,114.0701626,35.302757263183594
1196603096,22.4400566,114.0700044,60.004127502441406
1196603098,22.4426352,114.0705879,118.54697132110596
1196603102,22.4400667,114.0713696,164.33970642089844
1196707908,22.4421422,114.0834736,224.39418411254883
1196711140,22.448286,114.0499734,94.36034965515137
1196733124,22.450573,114.0484298,174.80015563964844
1196733262,22.4525893,114.0474826,206.20884323120117
1196755102,22.4291585,113.9918022,64.17724609375
1196782592,22.4039941,113.97768,182.96002960205078
1196782604,22.4057256,113.9760867,344.3946533203125
1196892846,22.4425774,114.0254977,304.1420593261719
1196892850,22.4422277,114.0267541,385.0714721679688
1196892852,22.443031,114.0254999,315.3905029296875
1196893268,22.329095,114.1501481,226.0189208984375
1196893303,22.3293536,114.1452812,525.3563690185547
1196893354,22.3309427,114.1483385,221.0762634277344
1196893393,22.3308809,114.145723,133.22596740722656
1196893423,22.3312171,114.1432371,155.5574493408203
1196893440,22.3321187,114.1448704,323.2631530761719
1196893472,22.3290567,114.1475007,141.61441040039062
1196893476,22.3292374,114.1484037,320.68141174316406
1197839243,22.3517778,114.2515091,117.0620346069336
1197839292,22.349804,114.249214,130.9508285522461
1197897954,22.3513595,114.250578,286.8173522949219
1197897978,22.3503667,114.2509033,103.0066375732422
1197897980,22.3508372,114.2522673,249.69986724853516
1197900484,22.3493367,114.2504738,53.91818237304688
1202810442,22.404193,113.9127378,45.73128795623779
1202810486,22.4051218,113.9116415,176.40427827835083
1202810501,22.3917645,113.920021,68.54876804351807
1202810536,22.402404,113.9146921,138.731595993042
1202810579,22.3910701,113.9208523,21.09769821166992
1203031062,22.3397259,114.1688859,383.9940185546875
1203389492,22.3275891,114.1525092,432.3578643798828
1203962126,22.3925514,114.2913153,154.48473358154297
1203972012,22.3937963,114.2970555,38.385969161987305
1203972013,22.3931092,114.289213,154.32542419433594
1203973930,22.3929098,114.2947148,233.75890922546387
1203997862,22.3734774,114.1974944,686.9200668334961
1203997866,22.3717777,114.1955118,226.19898223876953
1203997874,22.3735179,114.1950448,272.37108612060547
1204016697,22.3430714,114.1701919,763.7194290161133
1204215249,22.4636,114.18006,36.971007347106934
1204215255,22.4630416,114.1806336,104.24557685852051
1204221512,22.4591944,114.1796398,132.58180809020996
1208720114,22.373329,113.9971181,432.7069282531738
1210796218,22.3039532,114.1828802,164.37652587890625
1210796370,22.3041008,114.1821731,152.97047424316406
1210796394,22.3033056,114.1827508,148.61248779296875
1211544605,22.4359584,113.9961105,21.359498023986816
1211544613,22.4357479,113.9975071,99.03511619567871
1211544614,22.4333336,113.9958553,37.76713180541992
1211544621,22.4363479,113.9970517,54.97981643676758
1211544630,22.4346512,113.9965232,29.166866302490234
1211544632,22.434609,113.9960218,24.914535522460938
1212737800,22.2281608,113.8913397,193.86836528778076
1212737838,22.222182,113.8839634,12.04290771484375
1213567479,22.3085253,114.191884,579.6698150634766
1213567506,22.3083556,114.1916339,369.27642822265625
1215868259,22.3076323,114.1828791,774.23583984375
1216132235,22.3150222,114.1869159,2998.5707092285156
1216222866,22.314955,114.1874943,1830.339111328125
1220978482,22.3234481,114.1913066,113.50321197509766
1220978497,22.3210211,114.1858618,3128.5525512695312
1220978664,22.3200162,114.1868754,863.9459228515625
1220979109,22.3196988,114.194652,223.34306526184082
1220979220,22.3217499,114.1906601,1108.0791015625
1222130305,22.3213591,114.174308,1981.878158569336
1222130498,22.3150336,114.1774891,1518.410888671875
1222130508,22.3166156,114.1791806,338.982421875
1222130515,22.3201214,114.174072,427.4584655761719
1222130707,22.3145395,114.181684,1723.5275421142578
1222130725,22.3200741,114.1779005,320.8157958984375
1222130866,22.320412,114.1737919,527.7294921875
1223065960,22.4208165,114.0321489,16.825374603271484
1223069125,22.4202118,114.0325222,13.117657661437988
1223069126,22.4214031,114.0339712,14.035228729248049
1230522769,22.4668101,114.1797776,75.5363085269928
1230634171,22.2861658,114.1584843,70.85519409179688
1231861692,22.457095,114.14358,704.8542041778564
1231861696,22.4581014,114.1422745,353.0054750442505
1231861715,22.4606838,114.1412329,390.7557134628296
1231861767,22.4518188,114.1396222,789.0862226486206
1231861784,22.4499786,114.1438635,367.2917776107788
1231891391,22.3225518,114.1402785,4467.877552032471
1232271127,22.381787,114.1837362,994.3665161132812
1232289680,22.3809269,114.1806721,532.2042465209961
1232289683,22.3777892,114.180188,175.3482666015625
1232289684,22.3814956,114.1800292,561.0044097900391
1234252475,22.2578267,113.900253,6.820578575134277
1234252493,22.2569236,113.9020103,30.639493942260742
1234252682,22.2568646,113.9040695,4.586586952209473
1234252699,22.2568841,113.9034139,5.6208930015563965
1235363599,22.5476326,114.1593608,54.66880011558533
1235363636,22.5512545,114.1558559,29.16883659362793
1235363718,22.5459059,114.1564562,14.052681684494019
1235363738,22.5244095,114.1881278,99.87563562393188
1235363767,22.5329601,114.1610299,62.36359977722168
1235388743,22.4272202,114.0729887,189.20401000976562
1235388755,22.4257179,114.0716853,37.88583946228027
1235388759,22.4219631,114.0700422,487.5263977050781
1235388761,22.4251474,114.0717855,39.557538986206055
1235388785,22.4270518,114.0726938,101.11935997009277
1235388787,22.4235644,114.0694305,248.36852073669434
1235392019,22.4360141,114.0666603,86.57193183898926
1235392028,22.4365112,114.066579,81.09125518798828
1235392039,22.432747,114.0639774,322.42745208740234
1235392055,22.421687,114.0670259,281.8939437866211
1235397068,22.4211111,114.067206,128.85853958129883
1235397069,22.4196554,114.0676258,226.22139739990234
1235397073,22.4176123,114.0686954,38.20884704589844
1235421720,22.2404691,113.9750431,98.83378553390503
1235478915,22.3868639,113.9640219,419.2737579345703
1235478921,22.3872636,113.965017,623.4539184570312
1235478922,22.3854265,113.9589395,17.30617332458496
1235499528,22.4462779,113.9997146,49.04380416870117
1235499533,22.4469244,113.999811,160.14330291748047
1236905335,22.3822033,114.2155157,2219.450241088867
1239609475,22.452381,113.9799548,89.4404673576355
1239609479,22.4472312,113.9830822,646.2799606323242
1239609516,22.4519005,113.9871832,98.0571231842041
1239609560,22.4497463,113.9801582,22.030452728271484
1239609564,22.4511164,113.9881041,13.566739082336426
1239609580,22.4516486,113.989123,77.19882249832153
1239609582,22.4494367,113.9802185,74.75332641601562
1239613000,22.4670495,113.9842888,105.9675178527832
1239613017,22.4672996,113.9840373,53.47233581542969
1239613023,22.4675253,113.9841301,51.79945373535156
1239625135,22.4426942,113.9954367,126.67207956314087
1239625274,22.4367888,114.0740915,138.98512506484985
1239635122,22.4356025,114.0355005,88.78853607177734
1239635141,22.4372217,114.0363247,288.0646438598633
1239642466,22.4361747,114.0390996,96.92062759399414
1239642467,22.4375408,114.0381743,191.65283203125
1239642469,22.4355301,114.0399687,36.60797500610352
1239642480,22.4380672,114.0386392,93.00763702392578
1239650291,22.4434215,114.049671,143.15824508666992
1239650292,22.4417086,114.0613128,36.10187911987305
1239650326,22.4390224,114.0713419,132.88909721374512
1239652033,22.4327832,114.0824364,132.37034249305725
1239672067,22.4255278,114.0152571,13.565535068511963
1239672100,22.4255213,114.0150861,14.911427974700928
1239672114,22.4354543,114.0201754,29.904760360717773
1239672118,22.4360081,114.0203065,422.2201042175293
1239672158,22.4360075,114.0250076,983.2614364624023
1239672168,22.4388034,114.0193543,28.816033363342285
1239672209,22.4388709,114.019523,30.738924980163574
1239672217,22.4368918,114.0342248,108.75222587585449
1239672233,22.4390155,114.019405,23.96445941925049
1239672281,22.4346346,114.0286515,466.3480682373047
1239672300,22.4338347,114.0322585,224.314697265625
1239672320,22.4338573,114.0286268,299.53851318359375
1239672376,22.4314025,114.0285222,513.5484161376953
1239691100,22.4438898,114.0072017,127.73410606384277
1239691120,22.4461947,114.0059931,85.65037441253662
1240289606,22.346707,114.2051754,1079.6367950439453
1241492153,22.34526,114.19497,6570.774658203125
1247873739,22.341224,114.1956439,796.7023315429688
1250680008,22.5311368,114.1699205,55.431660652160645
1250695748,22.3789922,114.1228784,950.9638824462891
1250716757,22.392634,114.2704083,107.06401920318604
1250716778,22.3945128,114.2689469,58.23630905151368
1251979444,22.4311098,114.2629984,227.7833652496338
1251979458,22.4293729,114.2627296,65.45775985717773
1251979483,22.4205945,114.2630698,132.08544540405273
1251979487,22.4300915,114.2459365,1111.329086303711
1251979509,22.4337703,114.2435602,133.90589141845703
1251979602,22.4295475,114.2600324,37.70486068725586
1251979623,22.4292764,114.2603835,151.25710678100586
1252055352,22.381318,114.270337,206.93313598632807
1253391131,22.4313278,113.946341,16.062116622924805
1253396996,22.4672633,113.9825346,69.22296905517578
1253396997,22.4660678,113.9839381,214.2799892425537
1253619681,22.4493277,114.0608908,7.344519376754761
1253619692,22.4496029,114.0607715,10.885459661483765
1255794254,22.334275,114.2103103,3232.4275817871094
1258654714,22.3320281,114.2135801,620.37158203125
1258725805,22.329146,114.2055931,4240.721031188965
1263026660,22.417636,114.2317008,2884.836669921875
1263026670,22.4176388,114.23172,594.703369140625
1263026679,22.417411,114.2315644,4199.8336181640625
1263031120,22.4198364,114.2323823,836.7646789550781
1263031127,22.4198369,114.2322737,3689.430908203125
1263031128,22.4189258,114.2328121,1694.372573852539
1264106493,22.2669694,113.9972143,27.791240692138672
1264106523,22.3190541,113.9335816,29.032241821289062
1264106526,22.319172,113.9335297,111.43077325820923
1264494683,22.3362557,114.1749587,580.7987365722656
1266044463,22.3340567,114.1669852,764.1463012695312
1266044494,22.342386,114.1668417,121.49166870117188
1266044554,22.333771,114.1673627,831.4487915039062
1266044625,22.3347442,114.1676129,702.6383666992188
1266044628,22.3409655,114.1413167,269.6690368652344
1266044651,22.341941,114.1677996,161.2758026123047
1266044669,22.3304637,114.1927613,1314.6052856445312
1266044672,22.3429024,114.1671473,1051.4683380126953
1266634871,22.4336906,114.2393104,779.0801372528076
1266691500,22.4224823,114.2288403,1989.775634765625
1266702126,22.4239939,114.2332904,1398.1742248535156
1266759703,22.4307823,114.2528641,472.05912017822266
1266764352,22.4294454,114.2455178,891.4045104980469
1266786243,22.4212519,114.2661618,161.57176971435547
1266798377,22.395201,114.2825506,151.32532501220703
1266798389,22.3884069,114.2742676,216.25627899169922
1266798391,22.388445,114.2745077,137.94874572753906
1266798396,22.3882221,114.2744728,141.66001892089844
1266817718,22.38461,114.2716324,221.2728576660156
1266843878,22.390823,114.2743186,42.77510070800781
1268399068,22.3261988,114.1590619,1486.2901611328125
1268399112,22.331313,114.1464584,326.4956970214844
1268457865,22.3290809,114.1077721,105.09597110748291
1268457913,22.3410925,114.1100587,40.41080093383789
1268457937,22.3411607,114.1108259,114.7366886138916
1268457966,22.336682,114.1107868,88.6093692779541
1268458009,22.3363383,114.1105137,28.89682388305664
1268458015,22.3366967,114.1104308,21.71545791625977
1268458038,22.3412615,114.1099777,36.93465805053711
1268458145,22.3416746,114.1101487,42.104278564453125
1268472507,22.3167899,114.2291554,2394.30029296875
1268472547,22.3171393,114.2291286,780.596435546875
1268472549,22.3201721,114.2314971,816.211669921875
1268472553,22.3059112,114.2342808,768.010009765625
1268472602,22.305556,114.233775,916.2729034423828
1268472646,22.3133515,114.2297519,196.5706787109375
1270178773,22.3444917,114.126265,797.7014808654785
1270189955,22.3517664,114.1228143,132.53075408935547
1270189990,22.3503555,114.1246567,162.29950618743896
1270241988,22.4431278,114.1699905,1311.5526504516602
1270241992,22.4448223,114.166683,604.4955749511719
1270241999,22.4436654,114.1709751,50.205116271972656
1270242018,22.4439956,114.1712573,55.78899383544922
1270242030,22.4426958,114.1701759,59.11347579956055
1270247396,22.4420273,114.1687343,179.7500343322754
1270251721,22.4480069,114.1659741,341.801513671875
1270253471,22.4510194,114.1672685,277.45343017578125
1270257618,22.4465903,114.166682,343.3049621582031
1270373443,22.4486557,114.1697828,957.01904296875
1270874066,22.4535557,114.1779789,130.06018829345703
1270874069,22.4535728,114.1778704,1579.88228225708
1270874080,22.4566936,114.1795569,16.489225387573242
1270901480,22.2623607,113.9951255,109.95108270645142
1270901490,22.2616731,113.9941413,17.403348445892334
1270935458,22.4467595,114.1315811,167.86272621154785
1270944764,22.44518,114.1337463,95.64896869659424
1270944777,22.4434279,114.1331194,22.367960929870605
1270951937,22.4830167,114.1582394,25.03675937652588
1270951943,22.4807241,114.1558965,37.87019729614258
1270951954,22.4815641,114.1562815,23.655694007873535
1271091047,22.3421909,114.1298642,37.8299674987793
1271091049,22.3514699,114.1257906,46.09566116333008
1271091057,22.3402143,114.1363299,592.0257873535156
1271091077,22.3469316,114.1250627,78.7725715637207
1271091078,22.3422047,114.1309786,193.80450439453125
1271091099,22.3413297,114.1308444,35.93595504760742
1271091100,22.3389627,114.1326618,1625.1972045898438
1271091126,22.3420332,114.1315606,535.4337463378906
1271091171,22.3503727,114.1253965,96.15296936035156
1271091185,22.3475739,114.1248496,212.56042861938477
1271091225,22.3399501,114.1317824,292.1456489562988
1271091243,22.3436775,114.1284277,603.1254367828369
1271091292,22.3377299,114.1359771,312.4571533203125
1271091296,22.3382308,114.1341942,1914.5806274414062
1271091304,22.341811,114.1298431,103.67244911193846
1271091312,22.343364,114.1286963,133.56300354003906
1271091333,22.3373174,114.138374,1484.0927124023438
1271128975,22.3548873,114.1287204,342.9819030761719
1271128998,22.3552341,114.1291038,345.234619140625
1271128999,22.3543972,114.1282492,100.5821762084961
1271129005,22.3600518,114.1309842,643.1689147949219
1271129007,22.3568866,114.1298798,376.1767272949219
1271129011,22.3548546,114.1285535,173.21607971191406
1271236067,22.3632989,114.1321636,189.5076446533203
1271236078,22.3611047,114.1308115,319.0516662597656
1271236083,22.3552881,114.1319133,918.422119140625
1271236089,22.3665466,114.1332791,348.077880859375
1271236099,22.3612793,114.1307112,308.71795654296875
1271236107,22.3574473,114.1300589,479.0211639404297
1271236121,22.3570365,114.1305613,717.3674468994141
1271236135,22.3632788,114.1322839,598.0591430664062
1271236146,22.3620275,114.1316739,301.0711975097656
1271236155,22.3559893,114.1310756,945.2173767089844
1271236163,22.3676325,114.1330031,877.0001831054688
1271236164,22.3670892,114.1328204,656.25
1271236173,22.3608158,114.1317681,271.76812744140625
1271329683,22.3554881,114.1262812,51.00632095336914
1271329688,22.3536488,114.1283353,553.6872100830078
1272043228,22.4103428,113.9809615,641.2049255371094
1272043282,22.4107533,113.9799055,1897.947982788086
1272043285,22.412788,113.9828903,6843.139019012451
1272060825,22.4157378,113.9781566,304.07818603515625
1272066827,22.3424312,114.1330294,1974.4428253173828
1272066869,22.3471481,114.1266421,426.1313896179199
1272066944,22.3518405,114.1275112,51.895599365234375
1272066958,22.3511407,114.1316109,359.3390808105469
1272067051,22.3515772,114.1339033,1449.5813903808594
1272067060,22.3515619,114.131592,365.4715576171875
1272077023,22.4156585,113.9789869,337.5085220336914
1272077059,22.4185726,113.9786173,666.8357238769531
1272077118,22.4170526,113.9807757,278.15586853027344
1272077121,22.415837,113.9789693,583.3655700683594
1272077159,22.4199994,113.9795243,379.7227783203125
1272077177,22.4176509,113.9802623,542.1169738769531
1272077210,22.4207284,113.9806104,109.61736297607422
1272077211,22.4216166,113.9819837,303.01952362060547
1272077216,22.4205342,113.9803295,55.52519989013672
1272077218,22.422459,113.9831493,239.49398040771484
1272093299,22.4205356,113.9932476,450.94569396972656
1272093400,22.4197222,113.9877106,176.44315338134766
1272106318,22.4142312,113.9906468,497.8289747238159
1272106341,22.4215677,113.9847808,184.29708099365234
1272106350,22.4204885,113.9860813,354.54993438720703
1272106361,22.4147672,113.990615,364.56885528564453
1272106368,22.4160449,113.9904148,428.6872138977051
1272106375,22.4239309,113.9964856,428.87500190734863
1272106389,22.417061,113.9875392,327.49880027770996
1272106390,22.4182412,113.98699,220.6602840423584
1272106394,22.41698,113.98957,265.7116012573242
1272117672,22.4156302,113.9876544,488.1948471069336
1272117675,22.4021254,113.9791792,420.14063262939453
1272117702,22.4152442,113.9840556,2700.981643676758
1272117895,22.4143126,113.9811913,299.21844482421875
1272684550,22.3540973,114.1248202,57.37385940551758
1272684551,22.3550194,114.123642,101.68415832519531
1272684553,22.356044,114.1238277,55.06727600097656
1272684560,22.3551424,114.1226347,111.38204956054688
1272684570,22.3557595,114.1227386,147.97390747070312
1272684613,22.3550656,114.1227906,42.97696304321289
1272684617,22.35426,114.1244988,56.92702865600586
1272684620,22.3565001,114.1226604,74.8077163696289
1272684634,22.357154,114.1215492,138.61778259277344
1272684647,22.3557305,114.1233629,50.84498977661133
1272716244,22.3581917,114.126625,372.7707061767578
1272716246,22.3581326,114.1283591,460.00242614746094
1272716274,22.3569806,114.1250087,47.54545211791992
1272716349,22.3589805,114.1274805,181.024169921875
1272845658,22.5136908,114.1672595,117.8874397277832
1272845672,22.5134628,114.1674183,197.39654922485352
1272854455,22.5110337,114.1630616,86.02154541015625
1272854464,22.511425,114.1631153,273.77985858917236
1272854534,22.5113504,114.1629327,136.13439846038818
1272854547,22.5111961,114.1633116,102.11792373657227
1273039205,22.3638807,114.1322611,195.67828369140625
1273039218,22.3607653,114.1270791,1145.1476287841797
1273039226,22.3705446,114.1312391,517.6560668945312
1273039239,22.3575386,114.1291024,196.23269653320312
1273039243,22.3595562,114.1323735,151.16555786132812
1273039246,22.3599675,114.1340611,1571.902816772461
1273039271,22.3717207,114.1354857,338.2428894042969
1273039295,22.3705465,114.124851,1195.6322021484375
1273039301,22.3616862,114.1353363,750.51806640625
1273039307,22.3700089,114.1340361,575.2415161132812
1273039308,22.3614564,114.1358676,314.0393371582031
1273039312,22.3661344,114.1338055,328.088623046875
1273039340,22.3654523,114.1335572,322.95263671875
1273039341,22.3649427,114.1256364,4050.417152404785
1273039361,22.3684313,114.134141,374.9802551269531
1273039368,22.3697582,114.1344521,549.0092163085938
1273039376,22.3697365,114.1331659,829.4091796875
1273039383,22.3559623,114.1271619,199.0331573486328
1273039388,22.3713321,114.1349532,451.7232360839844
1273039402,22.3717871,114.1358138,457.4297180175781
1273039405,22.3639026,114.1349359,615.0575866699219
1273039415,22.3708624,114.1289996,1327.42578125
1273039420,22.3688682,114.1343115,561.1864013671875
1273039443,22.3629133,114.1340074,540.4719085693359
1273039446,22.3609483,114.1328772,262.6209716796875
1273039447,22.3600234,114.1279095,190.93495178222656
1273039499,22.370626,114.125774,1628.0672607421875
1273039510,22.3647831,114.1341512,683.2270202636719
1273039521,22.3656624,114.1343814,349.5276184082031
1273039527,22.3711937,114.1349997,558.2440185546875
1273039535,22.3693284,114.1330969,1616.4243774414062
1273039542,22.3658156,114.130763,934.9879150390624
1273039556,22.3621976,114.1315303,182.03753662109372
1273039794,22.3057197,114.2557815,1392.714111328125
1273039806,22.3092994,114.256053,3574.6287841796875
1273039809,22.3059375,114.2564933,2700.1785278320312
1273039815,22.3094989,114.2585196,3724.7734985351562
1273048185,22.3041944,114.2483711,818.2917461395264
1273048208,22.3035522,114.2489005,1243.1063232421875
1273048222,22.3037194,114.2486466,696.5883178710938
1273054236,22.3078841,114.2497467,1026.0955657958984
1273054288,22.3054993,114.2494539,2600.1251220703125
1273054289,22.3076173,114.2501227,2288.69482421875
1273056903,22.3101035,114.2577337,7720.10546875
1273056907,22.3097485,114.2563977,3028.148681640625
1273056924,22.3094097,114.2560988,1430.84619140625
1273063010,22.3214222,114.2549689,2592.4801025390625
1273076684,22.3234743,114.247722,6386.675971984863
1273104881,22.3675386,114.121888,1904.587890625
1273104883,22.3679693,114.1219204,1058.4483642578125
1273104889,22.3638764,114.1195294,103.38027954101562
1273104905,22.365996,114.1210941,138.01792907714844
1273104908,22.3702739,114.1228952,575.3193359375
1273104911,22.3672161,114.1214206,610.6085205078125
1273104922,22.3648744,114.1211886,350.23046875
1273104925,22.3636281,114.1188686,110.50310516357422
1273104931,22.3651545,114.1212225,123.2482452392578
1273104938,22.3689694,114.1244907,2134.1591186523438
1273104944,22.3649914,114.1208067,122.5892562866211
1273104949,22.3631184,114.1181854,120.60015869140624
1273104951,22.3682678,114.122863,1075.675537109375
1273104952,22.3657464,114.1209333,137.73106384277344
1273104954,22.3684702,114.1240869,1067.8377685546875
1273104956,22.3699405,114.1257637,1887.5061645507812
1273114334,22.3627299,114.1183268,115.2057647705078
1273114342,22.3638872,114.1172937,106.22377014160156
1273177536,22.3754782,114.1086192,1309.8107452392578
1273177540,22.3715574,114.108756,778.0080261230469
1273177545,22.3724487,114.1093069,199.62193298339844
1273177547,22.3714239,114.106838,180.75167846679688
1273177563,22.3726817,114.1107773,570.3576049804688
1273177564,22.3721437,114.1076423,636.2823333740234
1273177568,22.3722149,114.1100466,599.3734741210938
1273177571,22.3756403,114.1084923,2444.9744262695312
1273192188,22.3679829,114.1344664,584.4476928710938
1273447950,22.3001358,114.2398564,6120.255035400391
1273447951,22.2999576,114.2392583,3551.1260375976562
1273448040,22.2922968,114.2385562,492.3280029296875
1273448045,22.2739909,114.155118,943.2948608398438
1273448047,22.2911499,114.2362635,153.29345893859863
1273448055,22.2941231,114.2339891,99.45680618286133
1273448058,22.2945496,114.2357186,100.16565704345705
1273448062,22.2951679,114.234259,493.40554428100586
1273448119,22.2946607,114.2332017,288.165958404541
1273448120,22.2948414,114.2335679,186.63171005249023
1273448126,22.291768,114.2354194,90.81867218017578
1273448128,22.2926707,114.2345346,205.7794303894043
1273448153,22.29488,114.2393106,1531.6753845214844
1273448169,22.2940526,114.2388224,1308.185562133789
1273448170,22.2937486,114.2381074,274.26141357421875
1273448188,22.2915308,114.2388195,828.3505592346191
1273992753,22.3230827,114.0405868,121.17904281616211
1273992863,22.3238399,114.0401427,328.929012298584
1273992920,22.3238556,114.0406241,126.00275802612305
1273998540,22.3497405,114.0607022,100.76859283447266
1274005414,22.3504878,114.0608348,404.22277450561523
1274007355,22.3575535,114.0831275,135.926025390625
1274007358,22.3538464,114.0827536,565.7147216796875
1274008555,22.3376616,114.0943299,731.5301294326782
1274008587,22.332872,114.091679,454.5235137939453
1274031787,22.3440273,114.1086233,122.34848022460938
1274031797,22.3439965,114.1085507,39.66693115234375
1274031810,22.3441744,114.1085341,1326.5819625854492
1274031816,22.344089,114.1084534,1163.7884521484375
1274031832,22.3441636,114.1085986,599.8756103515625
1274036160,22.3623021,114.115443,88.81015014648438
1274036190,22.3680627,114.1183484,463.0885009765625
1274036191,22.3630677,114.1191716,111.4389877319336
1274036211,22.3610189,114.1151496,186.7742156982422
1274036222,22.3600405,114.1148964,845.6565399169922
1274036231,22.3713636,114.1067672,459.73121643066406
1274036236,22.3622431,114.1130486,3295.252197265625
1274036266,22.3693185,114.1214882,570.7128295898438
1274036268,22.3614949,114.1156759,262.6289367675781
1274036289,22.3682332,114.1184565,520.5667724609375
1274036303,22.364103,114.1154579,1264.4805908203125
1274036506,22.3447094,114.1115386,172.0229835510254
1274037792,22.3475046,114.110294,1337.3842163085938
1274038401,22.3464584,114.1109648,101.86834716796875
1274042392,22.4213319,114.0666904,69.63632202148438
1274042406,22.3292001,114.108015,100.31297874450684
1274042409,22.4214665,114.0669319,51.862422943115234
1274042425,22.3289591,114.108077,17.33484172821045
1274042435,22.4214813,114.0670967,52.93451690673828
1274042436,22.4213684,114.067165,60.23315048217773
1274043348,22.432984,114.0635793,153.64859771728516
1274043349,22.4331561,114.0637974,118.93436431884766
1274043352,22.4328704,114.0637028,81.46857261657715
1274078877,22.3625397,114.1364209,497.4179992675781
1274078887,22.3650841,114.1355245,579.0518188476562
1274078894,22.3608346,114.1360077,2051.6939086914062
1274078897,22.3616267,114.1362055,432.0332946777344
1274078907,22.3531405,114.1330502,599.5640563964844
1274078914,22.3649981,114.1354409,350.0924377441406
1274091234,22.3439388,114.139242,227.9219970703125
1274091257,22.3508979,114.1330594,433.5252685546875
1274091259,22.3522766,114.1329308,213.58450317382807
1274220655,22.3727248,114.1131366,559.973876953125
1274250460,22.3715383,114.1125733,654.302978515625
1274306658,22.3720054,114.1123363,691.06982421875
1274306723,22.3732571,114.112213,631.9089965820312
1274330672,22.373032,114.11533,1477.4474487304688
1274461314,22.3754192,114.1110234,258.257568359375
1276680358,22.3662605,114.1191648,560.06201171875
1276680386,22.3674502,114.1172891,515.0381469726562
1276680500,22.3678829,114.1154677,384.64739990234375
1276680848,22.3727167,114.1049212,345.17628479003906
1276693687,22.3782843,114.1236121,1679.3777770996094
1277846856,22.4179756,114.268107,113.66460418701172
1277846859,22.4186312,114.2682341,133.6818084716797
1277846888,22.4271606,114.2661582,33.92128944396973
1277851511,22.4193232,114.2660824,418.75622177124023
1277851611,22.4315466,114.2532112,122.8455810546875
1277851657,22.4197368,114.2670533,102.8850269317627
1277851683,22.4171614,114.267638,151.3474578857422
1277851702,22.4169325,114.2666055,141.64103317260742
1277851764,22.4307344,114.2582071,394.27792739868164
1278175530,22.349218,114.2343546,40.47865104675293
1280105951,22.3661786,114.175015,426.5234680175781
1280105996,22.3665417,114.1753445,431.7236328125
1280106018,22.366499,114.1746111,1754.5912170410156
1280106127,22.3666646,114.1756618,460.6018371582031
1280110593,22.3624228,114.1699013,2157.263114929199
1280110595,22.3625291,114.170435,176.39332580566406
1280110642,22.3698428,114.1770189,1281.1748352050781
1280110666,22.3624309,114.1705656,2933.4713745117188
1280110676,22.3677532,114.174403,1143.1540222167969
1280110683,22.3634853,114.1711859,2440.666213989258
1280110685,22.3694812,114.1803824,1367.689224243164
1280123105,22.34091,114.1579213,331.0692443847656
1282550094,22.2940092,113.9469399,942.4297027587891
1282550109,22.294114,113.9468155,212.61143493652344
1283132491,22.3600508,114.1024344,1695.22900390625
1283132563,22.3611166,114.0902074,1108.8998184204102
1283132583,22.3609918,114.0897708,238.36839294433597
1283132585,22.3611189,114.0897483,504.59557914733887
1283132616,22.3602473,114.0933119,808.4647026062012
1283132643,22.3604632,114.098366,451.23974609375
1283132667,22.3593364,114.1029845,1393.2324829101562
1283132789,22.361002,114.0940838,3804.815589904785
1283139993,22.362033,114.0996196,1030.9804382324219
1283140030,22.3614878,114.0991791,1135.350357055664
1283140034,22.3618757,114.0994131,647.7073669433594
1283140051,22.3618721,114.0997599,996.23681640625
1283140066,22.3608812,114.1027028,6348.221038818359
1283140095,22.3621168,114.1001298,3192.181869506836
1283156380,22.3359133,114.0347403,190.01657104492188
1283156693,22.3411,114.0489948,101.60864639282227
1283995787,22.3166623,114.2117307,68.26627349853516
1283995810,22.3164147,114.2159522,195.59386444091797
1283995876,22.2775485,114.188673,165.16197204589844
1283995914,22.3218615,114.2115768,181.20233154296875
1283995974,22.2775967,114.188503,324.5803527832031
1284345806,22.4943524,114.0614231,54.53780174255371
1284369307,22.4961446,114.0480668,283.098397731781
1284419014,22.4647899,114.0512735,34.0405912399292
1284419119,22.4620969,114.052938,31.5316219329834
1284419150,22.4648776,114.0504964,162.45144033432007
1284440515,22.4403741,114.0593508,37.517852783203125
1284440577,22.4421145,114.0506468,187.32947540283203
1285619968,22.2750208,113.9342976,97.82564735412598
1285623141,22.2795799,113.9392704,3360.3111572265625
1287737167,22.4466062,114.0152902,113.33387756347656
1287737193,22.4437019,114.0159269,66.98768615722656
1287737245,22.4446378,114.0166083,65.10384368896484
1287737265,22.4469522,114.005257,55.1318359375
1287737277,22.441257,114.0173457,1563.2595558166504
1287737282,22.4479069,114.0055467,220.9020538330078
1287737294,22.4434309,114.0170502,809.596435546875
1287737296,22.4432834,114.0164519,425.2931518554688
1287741190,22.4438489,114.0159914,67.77654266357422
1287743025,22.4448341,114.0167608,71.3760986328125
1287752751,22.4470305,114.0156666,54.22328567504883
1287752766,22.4471056,114.0154568,116.27603149414062
1287752779,22.4471614,114.0139447,291.4029769897461
1287754146,22.4467368,114.0156291,53.99201965332031
1287754706,22.4471495,114.016605,130.2742691040039
1289813181,22.3761717,114.16962,668.9926147460938
1291616849,22.4202148,114.0626538,312.6893711090088
1293265948,22.246887,114.1594608,125.4852294921875
1293266037,22.3674565,114.0121569,385.1609001159668
1293266513,22.3317209,114.1823317,418.63952255249023
1295654772,22.3593421,114.1272088,196.9623107910156
1295654773,22.3683292,114.1397122,2449.0328979492188
1295654813,22.3585105,114.1277809,194.56024169921875
1295654829,22.3671389,114.1386216,1339.459228515625
1295654847,22.3708366,114.1385922,705.2796020507812
1295654866,22.3604622,114.1274165,184.2753448486328
1295654886,22.3702911,114.1422777,1130.7797393798828
1295654889,22.368407,114.1392557,1373.0604248046875
1295654902,22.3521996,114.1222879,77.86017990112305
1295869670,22.3175263,114.1568431,383.1512145996094
1295882375,22.4183233,113.9936493,619.7975120544434
1295882401,22.4180552,113.9927782,337.1318244934082
1295894855,22.4435274,114.0105702,135.21966552734375
1295894857,22.4440382,114.010045,111.32244110107422
1295894861,22.4452098,114.0103052,98.40052127838135
1295894867,22.4443856,114.0097551,67.00753784179688
1296024084,22.4390146,114.0070074,37.97089767456055
1296024158,22.4383307,114.0086699,116.9692268371582
1296056983,22.4374561,114.0115037,143.39704513549805
1296057005,22.436226,114.0064892,185.3194923400879
1296057027,22.4349127,114.0120032,13.262985229492188
1296057042,22.4342728,114.0037487,110.66925811767578
1296057055,22.4400909,114.0091139,53.93949508666992
1296057061,22.4367755,114.017347,53.977760314941406
1296078543,22.4377499,114.0120079,157.51803588867188
1296078546,22.4377275,114.0139139,133.29559707641602
1296078559,22.4343571,114.0022838,55.67202758789063
1296104597,22.3634578,114.0137076,153.2217559814453
1296104603,22.36226,114.01971,189.4580841064453
1296108812,22.3732672,113.9962887,270.43433380126953
1296111493,22.3753338,113.998616,26.29244041442871
1296111514,22.375528,113.9985497,19.44266128540039
1296111561,22.3756748,114.0004425,40.30620002746582
1296356403,22.3504769,114.1097715,302.8212890625
1296356412,22.3571335,114.0827202,139.723388671875
1296356441,22.3518117,114.1197052,32.02861404418945
1296356470,22.352367,114.1070513,302.1791687011719
1296356597,22.351734,114.1184011,253.26377868652344
1296356658,22.351748,114.1193126,57.72263717651367
1296356700,22.3515691,114.1091459,306.7567443847656
1296356715,22.347955,114.1122282,382.2891387939453
1296356738,22.351005,114.1081952,565.2249145507812
1296356781,22.3326136,114.1120929,56.79999256134033
1296356782,22.3517196,114.1095501,497.1415100097656
1296356852,22.3522353,114.1198905,130.97128295898438
1296356865,22.3446451,114.1119054,112.10186004638672
1296356970,22.3514007,114.1087718,264.0738830566406
1296356973,22.3508869,114.1096019,551.85693359375
1296356982,22.3489381,114.1115549,1043.7511291503906
1296357115,22.3508643,114.110598,310.5033721923828
1296357133,22.3520464,114.1191474,144.0295639038086
1296357149,22.3325946,114.1117925,115.83491230010986
1296357150,22.3485761,114.1102354,2183.6935424804688
1296357169,22.3323091,114.1117414,92.76545715332031
1296942899,22.3949486,113.9660673,3061.9246826171875
1297046345,22.3704236,113.951292,189.60226440429688
1297048823,22.3719781,113.9542014,379.3562126159668
1297049405,22.3789284,113.9629346,4044.485595703125
1298013872,22.415707,113.9886718,392.8141174316406
1298041436,22.4645052,114.0067485,2837.934539794922
1298042837,22.4485285,114.0304101,466.4468383789063
1298042838,22.449124,114.029521,753.1300354003906
1305475624,22.4696469,114.1512407,126.35820007324219
1305484644,22.4711695,114.1511834,122.47570610046387
1305484656,22.4561183,114.1427633,497.50270986557007
1305484661,22.4655471,114.1499111,43.911746978759766
1305484664,22.4680496,114.1502488,292.94297790527344
1305484675,22.4694424,114.1492233,37.4777774810791
1305484681,22.468892,114.1523409,85.22988700866699
1305484690,22.4696507,114.150844,84.25972938537598
1305506219,22.515374,114.175596,212.79857921600342
1305506278,22.5163983,114.1714103,418.21006202697754
1305545724,22.5045853,114.0775205,483.55601263046265
1305545770,22.5162722,114.0682588,278.5892858505249
1305545771,22.5167593,114.070646,203.12365341186523
1305545798,22.5150527,114.0744605,40.01218128204346
1305545808,22.4951992,114.0732429,83.87104988098145
1305552293,22.5009641,114.0794876,42.52050590515137
1305552337,22.5014815,114.0747175,271.80426502227783
1306828091,22.3069353,114.0105176,66.78276062011719
1306828096,22.3041151,114.0106382,69.31397247314453
1306828289,22.3068401,114.0104033,196.90422821044922
1311402225,22.3759406,114.2001162,613.3317375183105
1311402245,22.3780691,114.1823747,274.6329040527344
1311402271,22.3785409,114.1818297,513.1482162475586
1311402286,22.3785223,114.1861012,291.6954650878906
1311402310,22.3748374,114.1775922,1582.3785400390625
1311402320,22.4022079,114.1954869,97.52731323242188
1311402325,22.3726823,114.198642,763.5898132324219
1311402351,22.3715134,114.1741153,266.7530212402344
1311402361,22.3763868,114.2005033,81.92942810058594
1311402363,22.3781689,114.1994016,157.25628662109375
1311402397,22.3719544,114.1995329,860.544885635376
1311402407,22.370275,114.197602,77.90814971923828
1311402417,22.3680332,114.1984436,46.72533988952637
1311402419,22.3781993,114.1836592,242.00753784179688
1311402431,22.3780071,114.1827383,239.7082672119141
1311402434,22.3766082,114.1692169,308.9179077148437
1311402449,22.3706821,114.1977838,91.45339965820312
1311402461,22.3816635,114.1806762,292.4285888671875
1311402553,22.3772983,114.2022838,99.96712493896484
1311402563,22.3749853,114.175646,534.2255401611328
1311402575,22.3767772,114.1773155,1034.801513671875
1311402605,22.3783808,114.2049376,344.5935363769531
1311402655,22.3771441,114.1781049,1060.3134765625
1311402673,22.3700107,114.1976725,111.03154754638672
1311402685,22.3706708,114.1981131,592.4596862792969
1311402695,22.3774127,114.1733698,1817.5225219726562
1311402698,22.3772365,114.1816412,299.1114501953125
1311402743,22.4016927,114.1967714,148.8220672607422
1311402764,22.3771953,114.167836,398.9803161621094
1311402791,22.3770187,114.1720797,463.946044921875
1311402811,22.3764679,114.1723753,1086.9830780029297
1311402824,22.2751016,114.1733294,227.62722778320312
1311402826,22.3781035,114.1676239,477.43577575683594
1311407536,22.4161488,114.2000477,205.47173309326172
1312609944,22.3084939,114.0117205,285.10658264160156
1312612465,22.3096192,114.0171217,290.72949600219727
1312616713,22.3038964,114.0124723,267.6441764831543
1315915577,22.3812387,114.1244799,532.4757690429688
1315915583,22.3841607,114.122076,173.07378768920898
1315920544,22.4517402,114.010506,68.00118255615234
1317015321,22.2868972,114.1589532,156.25048828125
1317027127,22.2824558,114.1646,154.47262573242188
1320379506,22.357847,114.0187912,187.89550018310547
1329833940,22.3031531,114.1596259,146.88450622558594
1329865262,22.3086223,114.1621246,471.5328979492188
1337855721,22.282939,113.9385385,3124.8485164642334
1339061433,22.5463124,114.2234297,123.07722854614258
1339061474,22.5453291,114.2207313,41.21165466308594
1339061477,22.5454,114.2212842,79.71879196166992
1339061617,22.5462082,114.2247519,179.15789985656738
1339061631,22.5454849,114.2219364,165.57029724121094
1339061680,22.5457232,114.2238184,91.03189086914062
1340673443,22.4770962,114.219534,193.6656894683838
1351008363,22.3294067,114.1720879,1803.0653228759766
1351280393,22.4047874,113.9139725,118.3029956817627
1351280414,22.3673596,113.9462145,205.03667831420898
1351280439,22.4457714,114.1680242,296.1090393066406
1351280545,22.4458802,114.1670473,303.131103515625
1351280601,22.4389964,114.071016,57.0371208190918
1351280615,22.3818341,113.9210212,245.79290676116943
1351280651,22.3677981,113.9451731,443.5309638977051
1351280654,22.4479167,114.1686685,284.6779479980469
1351280752,22.3672954,113.9448429,768.2582321166992
1351280800,22.3707447,113.9303252,15.217157363891602
1354159659,22.302776,114.2721617,94.0090274810791
1354159685,22.3030514,114.2724736,26.15659713745117
1354159697,22.3031718,114.2727684,64.71643733978271
1354159701,22.3040168,114.2740128,65.16979885101318
1354159703,22.3042516,114.2742084,47.3516902923584
1354159711,22.3055648,114.2746188,23.957926750183105
1354159712,22.3057859,114.2746085,154.7435131072998
1354207537,22.3097038,114.2667103,205.57476806640625
1354207593,22.3121463,114.2655544,639.2667846679688
1354207598,22.3122762,114.2660708,181.86224365234375
1354207606,22.3131756,114.2641465,1238.6934204101562
1359996388,22.3174233,114.2356418,5438.359802246094
1359996753,22.3183673,114.2362042,260.7809143066406
1362224339,22.5078788,114.1022536,309.8267855644226
1362224361,22.5118487,114.1052971,341.29810404777527
1362226350,22.5036543,114.100074,595.0712738037109
1362226357,22.5050682,114.1001754,182.42743015289307
1362226373,22.5234836,114.1002579,242.83469009399414
1362227491,22.5272289,114.1108552,73.33903694152832
1363775609,22.3088168,114.2317275,2038.6201171875
1365548769,22.3063465,114.2290767,857.71044921875
1367520078,22.3008989,114.2365195,2895.1542053222656
1367520285,22.3024961,114.2370708,3711.3387145996094
1381127091,22.4697771,114.0482569,76.37084102630615
1381127145,22.4704808,114.0471447,64.83996868133545
1381127191,22.4791197,114.0566332,77.80402755737305
1381127194,22.476484,114.0516333,39.110145568847656
1381127247,22.4716374,114.0324534,29.05895757675171
1381151889,22.4938939,114.0861513,66.22957229614258
1381151890,22.4938256,114.0857471,4.826972007751465
1381152017,22.5017651,114.1165799,50.25415802001953
1381152064,22.4908842,114.0884684,34.54591369628906
1383805181,22.432565,114.1693859,49.31390953063965
1384338208,22.2824205,114.1649147,81.86421966552734
1384338214,22.2823801,114.1651547,80.90109252929688
1384338227,22.2808668,114.1679305,77.76515197753906
1384338245,22.2822019,114.1674397,85.66252899169922
1393198963,22.3522916,114.2478927,256.7786445617676
1393307675,22.3309413,114.2219549,586.69970703125
1393390322,22.3762255,113.9983347,116.32729530334473
1393439187,22.4065748,113.9871043,155.97382259368896
1393546661,22.3546001,114.2469262,89.83474731445312
1393546675,22.3544314,114.248307,59.49216842651367
1393546747,22.3546035,114.2459255,108.87731170654297
1393546749,22.3542781,114.2464124,115.02790260314941
1393546761,22.3537561,114.2488639,180.17984771728516
1393546874,22.3552029,114.2484062,52.62040710449219
1393738983,22.3301261,114.1933054,562.5635375976562
1394291921,22.3280423,114.1903644,370.0943908691406
1399405596,22.3287536,114.2504945,200.9055643081665
1403794649,22.3040659,114.2528072,2143.890380859375
1403795427,22.3056812,114.2521149,1608.291015625
1403795478,22.3059125,114.2524176,1956.4901123046875
1403797212,22.3074456,114.2510952,4068.344482421875
1403798252,22.309246,114.2577953,1238.2440185546875
1403798360,22.3109099,114.260147,1071.7042236328125
1403798417,22.3115773,114.262036,483.07025146484375
1407825102,22.3136934,114.2675097,118.44893646240234
1407825106,22.3137661,114.2674268,1618.496597290039
1407825152,22.315555,114.2633758,600.554931640625
1407825171,22.3159884,114.2637679,2113.2766723632812
1407825207,22.3162329,114.2679048,4082.9456787109375
1407825249,22.3171436,114.2656134,1822.8468017578125
1408521472,22.3267414,114.1900623,602.7549438476562
1408521475,22.3268975,114.1895444,615.4893798828125
1408521488,22.3273729,114.1893292,564.7550659179688
1409233949,22.506026,114.1528104,163.89115047454834
1409234072,22.5084728,114.1472002,15.77606725692749
1409255745,22.5090414,114.1468912,8.043196678161621
1409255746,22.5104858,114.1465957,95.03294658660889
1416750040,22.276333,114.1596916,582.6813430786133
1416779083,22.3196297,114.2628261,553.4440002441406
1416779440,22.3219551,114.259116,2103.478759765625
1416779451,22.3223112,114.259749,3957.585494995117
1416779469,22.3224496,114.2595874,1453.14794921875
1416779582,22.3242216,114.2580277,3202.4203491210938
1416779595,22.3245564,114.2576986,1619.14990234375
1416779626,22.3257489,114.2585855,146.59910583496094
1416779628,22.3258116,114.2585357,265.4342498779297
1416779704,22.3270414,114.2549881,4858.231628417969
1416779720,22.3275183,114.2548875,509.3666877746582
1417692952,22.3232046,114.2569073,1454.9627685546875
1424846293,22.4368254,114.1645414,125.56792449951172
1424863642,22.3537819,114.2609639,45.37517547607422
1424865936,22.3401098,114.2471813,67.25992393493652
1424865938,22.3398382,114.2474637,153.0388126373291
1428870156,22.3082934,114.1722297,253.49221801757807
1428870157,22.3093602,114.1721911,225.36117553710935
1431749855,22.2946239,114.271647,128.2042579650879
1431749873,22.2947664,114.2717176,109.90432739257812
1431753390,22.2942917,114.2718915,493.52239990234375
1432371255,22.3890324,114.2760462,350.4589080810547
1436087413,22.3304576,114.194049,403.6240768432617
1436439855,22.3348778,114.1828884,667.256519317627
1436447874,22.3391344,114.17978,108.18431854248048
1437620121,22.3335026,114.2363647,50.64776039123535
1437620131,22.3347508,114.2378469,74.37447834014893
1442493548,22.2815387,113.9362435,6968.6523814201355
1442732055,22.2865995,114.1539697,96.80916595458984
1442838594,22.28382,114.1453475,282.9556884765625
1444685747,22.2847663,114.1458618,1347.2320556640625
1444685769,22.2848772,114.1459344,315.0375061035156
1447887997,22.2850582,114.1374213,882.754150390625
1448580612,22.4526828,114.1611703,4594.1278076171875
1449544222,22.4991739,114.1252208,528.8513031005859
1449544271,22.5027204,114.126782,2986.5045166015625
1449544294,22.5015833,114.1280443,1303.1512451171875
1449544316,22.5017626,114.1284793,749.4266357421875
1457417519,22.3817939,114.2701393,309.1024627685547
1457457325,22.4190216,113.9699237,692.6315059661865
1457457758,22.4015464,113.9806434,577.9913482666016
1457457761,22.4043006,113.980821,608.8213119506836
1457459876,22.499575,114.0746974,18.78706932067871
1457459885,22.500133,114.0760252,19.01337242126465
1458379725,22.3283498,114.1914829,119.39656066894533
1463520811,22.3822114,114.1383074,133.75103759765625
1467953052,22.3337584,114.1905426,624.8300094604492
1467953069,22.3343448,114.1895284,2701.9904174804688
1473136096,22.3182449,114.2538807,540.6136474609375
1477924377,22.4189596,114.2040684,27.126596450805664
1478728797,22.3060804,114.2669272,1347.1423988342285
1480657227,22.5056654,114.0852986,180.99314641952515
1480657235,22.5061509,114.081681,96.36651420593262
1480657247,22.5056002,114.0802138,265.4756555557251
1480657293,22.4522021,114.0323764,288.446533203125
1480657417,22.4990904,114.1538969,51.62878227233887
1480657603,22.5184906,114.1640632,268.32090425491333
1480657632,22.5209884,114.1590848,64.07113289833069
1480657691,22.527369,114.1532324,37.0891375541687
1480657699,22.5277597,114.1517797,79.475914478302
1480657812,22.5262334,114.1361585,86.41081953048706
1480657852,22.5241422,114.1308949,61.852365016937256
1480662722,22.5293827,114.1557048,122.32965612411499
1480662736,22.5181472,114.1657138,46.6168327331543
1480662760,22.4967318,114.1482483,29.83636474609375
1480662765,22.4974383,114.1490247,86.62947940826416
1480662781,22.5191576,114.1496924,66.08472847938538
1480662784,22.5234115,114.1512799,11.66353726387024
1480662794,22.5199727,114.1612056,174.66352248191833
1480669310,22.5183006,114.1251364,456.5197229385376
1480669368,22.5041098,114.0823536,54.8955020904541
1480669382,22.5107902,114.077782,94.65926361083984
1480669390,22.5110182,114.0775701,32.14531707763672
1481942025,22.2840186,114.2677132,640.4345512390137
1481943877,22.4558117,114.2137871,268.0054225921631
1481943882,22.4570263,114.2134652,73.43246459960938
1484015717,22.4143838,114.2100607,57.95345687866211
1484015747,22.4145364,114.2101015,22.25324058532715
1484868364,22.2920944,114.2736034,111.34080410003662
1484868890,22.2976621,114.2733154,24.670827865600582
1484908434,22.4195866,114.2092666,50.700775146484375
1485671729,22.4185823,114.2065199,89.80579853057861
1485706595,22.4719989,114.2287563,45.46348190307617
1485706624,22.4731962,114.2301331,55.00308609008789
1485706632,22.4734,114.23457,485.99483489990234
1485706635,22.4734602,114.2286886,123.78096008300781
1485706652,22.4737452,114.2310939,92.6395034790039
1485706663,22.4739466,114.2334023,69.53338623046875
1485706664,22.473951,114.234371,87.13343811035156
1485706666,22.47408,114.23498,686.1495971679688
1485706667,22.4744409,114.2299336,61.473365783691406
1485706722,22.4751056,114.2320493,120.29972076416016
1485706729,22.4753536,114.2388188,128.52468490600586
1486317085,22.3992384,113.9793724,516.0857810974121
1486317088,22.3999813,113.9755891,188.60980987548828
1486317103,22.4183129,114.0249998,40.04761505126953
1486317135,22.4341625,114.0156504,50.75053310394287
1486317146,22.4362763,114.0152766,30.08465385437012
1486317148,22.4364094,114.014418,178.3280906677246
1486317165,22.4379014,114.0157486,58.52953720092773
1486317171,22.4393192,114.0381068,204.0052833557129
1486317187,22.4401801,114.0257036,311.4476318359375
1486317195,22.4401689,114.0296061,187.1161880493164
1486317201,22.4417531,114.0267387,330.68585205078125
1486317240,22.4426469,114.0291028,726.9039916992188
1486317303,22.4434011,114.031504,664.1369018554688
1486317317,22.4434909,114.027286,441.0730895996094
1486317324,22.443581,114.0266447,455.05615234375
1486317342,22.4439408,114.0272945,457.2196044921875
1486317351,22.4439847,114.0315104,572.5237426757812
1486317356,22.4441719,114.0170201,432.7183532714844
1486317359,22.4442543,114.0341461,1007.9280700683594
1486317362,22.4442737,114.0195719,453.5304527282715
1486317376,22.4444669,114.0226235,359.496337890625
1486317378,22.4445026,114.0215231,879.07177734375
1486317386,22.4445751,114.0280152,479.2504577636719
1486317396,22.4446437,114.0226404,357.6532592773437
1486317397,22.4446411,114.0218776,527.6962280273438
1486317426,22.4449216,114.0324218,552.7749633789062
1486317429,22.4449871,114.0222653,396.5615234375
1486317448,22.445039,114.0288416,352.0615539550781
1486317452,22.4450514,114.0280273,863.4339599609375
1486317469,22.4450724,114.0300147,634.765869140625
1486317476,22.4450804,114.0266385,414.3664245605469
1486317550,22.4454934,114.0184325,65.56845092773438
1486317583,22.4457182,114.027155,426.9314575195313
1486317586,22.445665,114.0187398,75.71034240722656
1486317590,22.4457365,114.0308491,614.4223022460938
1486317605,22.4457913,114.0234685,381.4739990234375
1486317606,22.4458551,114.0293463,641.7421264648438
1486317630,22.4460691,114.0280179,419.6755065917969
1486317632,22.4460781,114.0274019,949.6374206542969
1486317644,22.4464062,114.0289463,1201.3923950195312
1486317652,22.4464761,114.0248712,489.37054443359375
1486317664,22.4467127,114.030203,626.7064819335938
1486317683,22.4472995,114.0207108,477.6043701171875
1486317687,22.4474261,114.0289617,602.6468505859375
1486317700,22.4476411,114.0233431,2442.461700439453
1486317702,22.4475637,114.0221914,1790.6981201171875
1486317731,22.4478323,114.0264108,446.4713134765625
1486317742,22.448062,114.026462,467.17578125
1486317746,22.4481862,114.0275335,509.4342651367188
1486317768,22.4492299,114.0274932,362.1685791015625
1486317771,22.4495877,114.0269279,1859.6307678222656
1486317776,22.4503714,114.0249762,5929.763244628906
1486317780,22.4593116,114.1902763,145.90247869491577
1487952780,22.4528234,114.1570331,201.6940155029297
1487952793,22.4532306,114.1571079,207.68942260742188
1489217239,22.4047606,114.2073024,120.7576904296875
1489217277,22.4109877,114.2122662,143.77202224731445
1490080660,22.3972716,114.1982506,73.22825622558594
1490080661,22.3973279,114.1953422,119.86803436279295
1490080666,22.3974008,114.1956164,89.49116516113281
1490080667,22.3978442,114.1971952,60.64972686767578
1490080677,22.3984097,114.1917155,94.2706298828125
1490080684,22.3987614,114.1920822,77.57583618164062
1490080731,22.4004817,114.1916967,63.217533111572266
1490080738,22.4009706,114.1923181,245.01462173461914
1490080742,22.4011597,114.2015812,85.95696258544922
1490080798,22.4059198,114.210112,883.559928894043
1490080837,22.4138343,114.2134507,56.70200729370117
1490080848,22.4140335,114.2133734,68.34555053710938
1490080851,22.4180466,114.2137632,257.2794380187988
1490080875,22.4234366,114.212927,200.89183044433594
1490080879,22.4236321,114.2134253,58.248321533203125
1490080970,22.4269693,114.2074072,23.541534423828125
1490080982,22.4273572,114.207553,21.93696975708008
1490081007,22.4281858,114.2082066,17.974191665649414
1490081023,22.4307972,114.2027062,48.34280776977539
1490081044,22.43274,114.2010699,336.57213401794434
1490081064,22.4352587,114.2002955,47.27201843261719
1490081067,22.4353272,114.2000196,249.11469268798828
1490081071,22.4354709,114.2006757,297.6355495452881
1490210022,22.3874085,114.2006993,1754.4707641601562
1490210033,22.3890664,114.1980331,888.8438415527344
1490210047,22.3908306,114.1970347,1373.20361328125
1490210053,22.3918397,114.1967898,97.02088165283205
1490210068,22.3922087,114.1967407,201.75621032714844
1490210070,22.3922998,114.1968992,435.1217803955078
1490210114,22.3965746,114.1950276,573.2210159301758
1490210116,22.3974801,114.1940267,117.029052734375
1490210122,22.3998676,114.1915702,65.3014907836914
1490642074,22.3889659,114.1980897,2488.886932373047
1490642077,22.3907305,114.1880756,3876.75
1490642151,22.394067,114.1881373,1778.5762023925781
1490642208,22.398508,114.1928788,104.24939727783205
1490642229,22.4230857,114.213095,222.26416397094727
1492138399,22.3849138,114.2045124,1020.122802734375
1492139049,22.3859235,114.2046824,847.761962890625
1492139568,22.3874701,114.2021213,879.3712158203125
1492198377,22.4266482,114.2030632,10.887341499328612
1492198386,22.4356232,114.2001392,140.69983291625977
1492208113,22.414002,114.213431,60.54003143310547
1492215994,22.5002223,114.0791752,26.02853202819824
1492216034,22.5013135,114.0810477,55.37814140319824
1492216039,22.5012188,114.0801985,27.39678192138672
1492216049,22.5015925,114.079985,28.555383682250977
1492216050,22.5015735,114.0798524,24.18008804321289
1492216094,22.5034813,114.0824161,27.963762283325195
1492216100,22.5035329,114.0823859,27.80408477783203
1492216125,22.5037859,114.0833339,109.91531944274902
1492216565,22.5169393,114.0712341,97.76435089111328
1492502334,22.3788426,114.2045624,576.6871337890625
1492502340,22.3790696,114.2064517,320.3785095214844
1492502629,22.3805755,114.2071606,165.22244262695312
1492640629,22.3887309,114.2064177,476.1085510253906
1492640652,22.3904262,114.2083738,526.616943359375
1492640659,22.3908753,114.2083252,490.5262756347656
1492640720,22.3928892,114.2085328,306.18896484375
1492640775,22.3948011,114.2099075,387.1799011230469
1495350619,22.3813501,114.1971145,549.4207611083984
1496795400,22.3722524,114.186188,377.6412124633789
1496795401,22.3723185,114.1861482,106.94635009765624
1496796052,22.378833,114.1970847,301.2884063720703
1497108599,22.3219698,114.1756761,1289.3437194824219
1502804205,22.3743242,114.1855319,1458.584228515625
1502804228,22.3762365,114.1897096,636.5592498779297
1502804257,22.3793088,114.1883556,207.86941528320312
1502804258,22.3793185,114.1886262,154.99053955078125
1502804259,22.3796,114.1888977,955.5503692626953
1502804281,22.380257,114.1878656,458.97621154785156
1502804286,22.3807761,114.1877195,454.6470947265625
1502804306,22.3822935,114.1910423,279.8843078613281
1502804310,22.3825615,114.1895064,1118.818115234375
1502804316,22.3829253,114.1880619,937.8630905151367
1502804317,22.3827798,114.1918719,218.794189453125
1502804319,22.3828672,114.1919458,669.9861755371094
1502804320,22.3829583,114.1918244,165.44802856445312
1502804368,22.3849497,114.1937526,778.7701721191406
1502804373,22.3851693,114.1940702,1479.476463317871
1502804379,22.3854153,114.1937654,516.82470703125
1502804399,22.3868551,114.1956721,2402.8657836914062
1502804406,22.3894384,114.1993151,1163.7958984375
1504396539,22.3796351,114.2080793,143.3316650390625
1505243336,22.4011679,113.9174661,107.16850471496582
1505396936,22.2565646,113.9982094,12.317055702209473
1505564653,22.375989,114.1794949,709.2249755859375
1506614902,22.3766163,114.1755305,1913.3915405273438
1515214822,22.4273778,114.2069832,39.81460762023926
1515214823,22.426855,114.207787,24.33617401123047
1515224322,22.3494923,114.1000709,4859.232925415039
1515224332,22.3494171,114.1006503,1650.6229248046875
1518118642,22.3645143,114.1822022,290.57061767578125
1518118775,22.3676453,114.174357,863.0096130371094
1519336333,22.4305739,114.1632999,13.700477600097656
1519336344,22.4322932,114.1635568,15.902012825012207
1519336354,22.4352988,114.1643203,112.9242935180664
1519382955,22.4498416,113.9793179,187.97935104370117
1519382992,22.4547253,113.9837326,126.58874607086182
1519383036,22.4589123,113.9861748,27.30064868927002
1519383045,22.4593039,113.9854069,6.704867362976074
1519384218,22.3244586,114.1542104,227.55258178710935
1519384290,22.3251249,114.1544894,499.7210235595703
1520461627,22.5451088,114.2195307,220.5851011276245
1520461628,22.5452363,114.2200329,40.8279914855957
1520461680,22.5475885,114.2220863,181.9223976135254
1523239256,22.323582,114.1761128,870.2322235107422
1533476865,22.3938403,114.2998098,15.42481517791748
1533476884,22.3934526,114.300374,96.68884658813477
1533476891,22.3928421,114.3001315,128.2900505065918
1533476896,22.3917754,114.3004999,47.92048645019531
1533476929,22.3916977,114.3015828,253.324951171875
1533521602,22.3988795,114.2835003,59.63616180419922
1533521613,22.3979223,114.2839203,145.82232666015625
1533521619,22.3982026,114.2837078,135.45138549804688
1534051124,22.4405019,114.1295295,71.6891279220581
1536053303,22.5250925,114.1617865,90.1984486579895
1536053405,22.5247596,114.1601359,96.43136692047119
1536053476,22.5266656,114.166926,140.56552624702454
1546003550,22.4398373,114.0119941,101.17289638519287
1546003553,22.4404292,114.0110787,96.36663055419922
1553853274,22.4440198,114.1674757,344.03350830078125
1553853298,22.444021,114.1701653,121.34811401367188
1553853302,22.443866,114.1675334,1031.933837890625
1553853307,22.4444095,114.1685644,1041.3838424682617
1554893641,22.3674171,114.1827009,561.4668884277344
1554893753,22.3677897,114.1825545,610.1512756347656
1554893834,22.3680764,114.1844219,807.2369842529297
1554893870,22.3683957,114.1837845,892.8060150146484
1557324991,22.3618858,114.1757544,536.3342590332031
1557325623,22.3645578,114.1763775,184.5696258544922
1557325735,22.365225,114.1767499,425.8778076171875
1561111123,22.3624297,114.1306724,610.268798828125
1565256271,22.443964,113.9846402,115.99760341644287
1565256296,22.4454861,113.982937,168.93731689453125
1565256300,22.4395828,113.9857827,23.61996459960937
1565256348,22.4452662,113.9837183,362.7677574157715
1565278994,22.4621546,113.9970755,921.760009765625
1565279049,22.4624373,113.996926,3880.3345336914062
1565279054,22.4620215,113.9959323,2082.6195068359375
1580842246,22.3169325,113.9979992,482.5542449951172
1580842294,22.3180909,113.997431,897.9234848022461
1580886580,22.4405865,113.991744,395.4234552383423
1580886595,22.4399933,113.9870154,23.295352935791016
1584195249,22.4690841,114.1117029,18.520387649536133
1584195253,22.4693165,114.1087551,90.1099100112915
1584197251,22.4093537,114.0264737,63.62462997436523
1584197258,22.4126589,114.027455,17.44308853149414
1584197263,22.4102103,114.0265844,95.24808883666992
1584319090,22.2699678,114.1951587,147.5808563232422
1589332154,22.4649582,114.2070861,384.71592712402344
1589332165,22.419963,114.0199745,14.981610298156738
1589332182,22.4649958,114.2082278,317.55074310302734
1589332193,22.4199492,114.0206954,14.618452072143556
1589359549,22.4543927,113.9789248,16.491304397583008
1589359553,22.4527784,113.9777176,28.015811920166016
1589531348,22.5275501,114.1043852,654.4417591094971
1589792834,22.4373186,114.0256104,760.1294708251953
1590330151,22.3950389,114.2185742,537.1353225708008
1590333083,22.4030378,114.2179127,114.48831176757812
1590333095,22.4024541,114.2173898,99.4237823486328
1590333115,22.4027057,114.2172388,104.08753204345705
1590333116,22.403594,114.2187814,380.26780700683594
1590333120,22.4031572,114.2176176,225.92290496826172
1590333123,22.402527,114.2168363,103.44158935546876
1590365739,22.4025354,114.2153209,688.3303699493408
1590376954,22.4017833,114.2156149,328.2271041870117
1590376963,22.4015138,114.2158918,455.61746978759766
1590377000,22.4017792,114.2167478,302.19604873657227
1595259095,22.3395107,114.1719203,540.4250640869141
1595259096,22.3396238,114.1688482,2205.7781143188477
1595259156,22.3400016,114.1780282,109.31200408935548
1595259162,22.3400476,114.17724,112.44562530517578
1595259170,22.3401396,114.1759199,197.67780303955078
1595259207,22.3407201,114.1757131,260.33690643310547
1597620336,22.4408491,114.1653923,1447.6657638549805
1597620337,22.4409042,114.1623678,399.25654792785645
1597620352,22.4411662,114.1661028,63.1987533569336
1597620355,22.4411804,114.1657896,79.47824096679688
1597620365,22.4417466,114.1664943,1111.1267204284668
1597620371,22.441786,114.166311,1421.427734375
1597620375,22.4417863,114.1707643,98.08328628540039
1597620398,22.442308,114.1705087,122.88616180419922
1597620403,22.4425002,114.1666061,1475.244140625
1597620410,22.442836,114.1662624,1226.58642578125
1597620736,22.4456969,114.1740964,51.04397964477539
1597620781,22.4459754,114.166122,447.73387145996094
1597620847,22.4469876,114.1658385,329.9007263183594
1597620848,22.4470284,114.1678107,275.1552734375
1597620874,22.447546,114.1684544,303.0899658203125
1597620892,22.447985,114.1663541,329.3374328613281
1597620904,22.4482701,114.1668939,276.06024169921875
1597620910,22.4484176,114.166566,354.8785705566406
1597620924,22.4486006,114.1691117,315.56658935546875
1597620928,22.4486967,114.1688972,617.01513671875
1597620946,22.4490029,114.1682141,355.14630126953125
1597620955,22.4493035,114.1675434,384.4582214355469
1597620962,22.4495163,114.1670688,521.1083374023438
1597620969,22.4496967,114.1647367,322.28521728515625
1597620982,22.4499493,114.166147,553.8799133300781
1597621203,22.4512732,114.1656,858.2010192871094
1597621907,22.4560897,114.1629977,23.86850929260254
1597622071,22.4574266,114.1722809,660.2877807617188
1597622286,22.4585327,114.1690595,16.704002380371094
1597833915,22.46306,114.148507,43.33509063720703
1599355237,22.4730882,114.1549745,16.862149715423584
1599355259,22.4733976,114.1541113,15.06589126586914
1599355301,22.4754219,114.1556431,5.9078755378723145
1599355426,22.4777446,114.1561495,3.51819372177124
1599355738,22.4818304,114.1435111,340.6020812988281
1599355769,22.4819166,114.1374211,1678.9792175292969
1599355940,22.4825776,114.143305,642.6077270507812
1599355943,22.4825324,114.143633,195.03384399414065
1599355964,22.4823688,114.141557,736.2729187011719
1599356069,22.483224,114.1439157,299.74261474609375
1599356098,22.4833543,114.1432692,311.9764709472656
1599356206,22.483968,114.1424613,1981.24658203125
1599356413,22.4849523,114.1423108,5420.69189453125
1599356539,22.4855604,114.1392839,1030.9839401245117
1599356569,22.4859417,114.1402713,602.8013916015625
1599356597,22.4861868,114.1439561,5073.472030639648
1599356600,22.4860148,114.150385,373.94551849365234
1599356718,22.4880611,114.1401062,292.8617248535156
1599356719,22.4881103,114.1402231,558.6858825683594
1599356746,22.4882591,114.1409155,10066.150833129883
1599356898,22.49049,114.1342703,254.57143020629883
1599356916,22.4906072,114.1323691,793.5646495819092
1599357016,22.4912411,114.1354999,321.4692687988281
1599357246,22.4917422,114.135525,262.455078125
1599357326,22.4919627,114.1406163,5780.429962158203
1599357366,22.4920699,114.1446626,1168.9951934814453
1599357368,22.492038,114.1406947,2966.0783081054688
1599357391,22.4920861,114.1349184,2770.595001220703
1599357454,22.4924584,114.1465599,310.60173416137695
1599357468,22.4925435,114.1358634,726.2161254882812
1599357556,22.4927702,114.1468708,350.2586975097656
1599357562,22.4927935,114.1366199,3106.8099365234375
1599357586,22.4928463,114.1450098,194.98031616210935
1599357599,22.492946,114.1460064,202.7298126220703
1599357614,22.4929606,114.1356963,3294.8343505859375
1599357695,22.4933152,114.1391992,1703.0342407226562
1599357697,22.4934026,114.1394227,1174.0755615234375
1599357751,22.4938933,114.1470807,200.22862434387207
1599357830,22.4945746,114.137646,1314.5382690429688
1599357833,22.4946629,114.1408055,3026.952392578125
1599357842,22.4946413,114.1377156,585.3004913330078
1599357880,22.4950161,114.1409738,851.7545166015625
1599357931,22.4957323,114.1384777,361.01478576660156
1599358008,22.4962661,114.1431564,322.1433868408203
1599358026,22.4963452,114.1420534,150.10693359375
1599358130,22.4969304,114.1466332,45.628421783447266
1599358180,22.4972056,114.1459134,300.91393661499023
1599358193,22.4974223,114.1378359,521.5153656005859
1599358199,22.49752,114.1426508,155.77342224121094
1599358247,22.4978715,114.1429686,143.61819458007812
1599358279,22.4980804,114.1527438,61.64662075042724
1599358291,22.4984313,114.1435098,593.0034790039062
1599358298,22.4984415,114.1422972,644.6046752929688
1599358304,22.4985148,114.1414546,109.2279281616211
1599358324,22.4987948,114.1438664,155.7869110107422
1599358358,22.4990107,114.1416225,197.6175079345703
1599358359,22.4990233,114.1368102,1555.402816772461
1599358369,22.4991319,114.1460016,304.6176452636719
1599358371,22.4990892,114.1468771,278.93589782714844
1599358373,22.4991756,114.1442426,588.8993530273438
1599358379,22.4992372,114.1520298,34.57942485809326
1599358391,22.4992128,114.1357979,350.8230895996094
1599358393,22.4993266,114.1424621,424.0544128417969
1599358405,22.4993624,114.1432073,571.3717041015625
1599358445,22.4995796,114.1421624,169.7163543701172
1599358459,22.4988509,114.1446223,156.71185302734375
1599358462,22.4996736,114.1438441,589.2651977539062
1599358468,22.4997234,114.1466335,174.91839599609375
1599358503,22.4999493,114.1425163,171.4981231689453
1599358510,22.4999605,114.1408655,136.75042724609375
1599358635,22.5004229,114.1344963,753.2888031005859
1599358687,22.5006242,114.1340842,446.58387756347656
1599358786,22.5013327,114.1328247,895.370849609375
1599358804,22.501591,114.1441117,1404.5427856445312
1599358807,22.5018607,114.1418702,1059.0580749511719
1599358824,22.5019637,114.1418656,1025.5567016601562
1599358847,22.5021956,114.1357636,1329.2446899414062
1599358867,22.5023623,114.1400401,505.3746643066406
1599358895,22.5027358,114.1305358,1403.4117736816406
1599358989,22.5065757,114.1536005,56.49399757385254
1599358990,22.5066284,114.1540128,22.76302528381348
1599359001,22.5067648,114.1538862,136.14095163345337
1599359017,22.5098015,114.1264722,746.6974487304688
1601302399,22.5098324,114.1473297,210.87506866455078
1606609568,22.4299339,114.0944934,26.948720932006836
1606609570,22.4301231,114.0967182,14.272649765014648
1606609572,22.4301762,114.0991441,23.35506629943848
1606609576,22.430632,114.0960545,13.979016304016112
1606609578,22.4307602,114.0960408,14.606610298156738
1606609582,22.4306571,114.0927391,14.409643173217772
1606609588,22.4309304,114.094837,14.558351516723633
1606609623,22.4315338,114.0904867,14.601004600524902
1606609624,22.4316264,114.0905512,18.26816177368164
1606609632,22.4316851,114.0904103,20.12974262237549
1606823741,22.4902089,114.1231183,521.6663565635681
1606823930,22.5014435,114.1233774,71.6878662109375
1606824184,22.50344,114.1298471,313.3027038574219
1606824214,22.5043089,114.1237442,564.4399719238281
1606824249,22.5045484,114.1230027,257.76312255859375
1606824250,22.5046759,114.1209322,59.24711227416992
1606824259,22.5047016,114.1231628,243.5096435546875
1606824271,22.5052251,114.1214591,18.587099075317383
1606824281,22.5054046,114.1200858,17.811302185058594
1606824362,22.5069481,114.121559,399.5119934082031
1606824413,22.5071837,114.1246629,148.22702026367188
1606824569,22.507605,114.1221795,324.2017517089844
1606824636,22.5081861,114.1214888,122.5050048828125
1606824701,22.5087166,114.127476,357.99827575683594
1606824734,22.5088375,114.1269863,165.66696166992188
1606824824,22.5095432,114.1236216,427.10717391967773
1606825071,22.5112287,114.1226414,422.0897750854492
1607428326,22.4444298,114.0409584,100.87435913085938
1607428373,22.4456382,114.0330929,1009.683837890625
1607428382,22.4458492,114.0361838,75.22199249267578
1607428383,22.445838,114.0375872,101.04891395568848
1607428413,22.4463415,114.0375919,22.883373260498047
1607428424,22.4465877,114.0345192,939.0912170410156
1607428425,22.4465929,114.034246,405.8744201660156
1607428442,22.4474804,114.0372772,71.16462135314941
1607662067,22.4414609,114.0394891,1400.3329391479492
1607662069,22.4423839,114.0376417,1124.6948699951172
1607662071,22.442676,114.0376453,458.2467651367188
1613032125,22.284096,114.2135645,2259.4296875
1613174187,22.2888377,114.1960696,621.5634460449219
1613174192,22.2892204,114.1991217,637.5251007080078
1613174197,22.2894665,114.2038602,2491.956314086914
1613174402,22.2910015,114.2043176,1656.2573852539062
1613174419,22.2915782,114.1965577,1992.927490234375
1613294035,22.2837009,114.148473,738.0594482421875
1613294079,22.2841941,114.1501151,1227.3167114257812
1613294148,22.284652,114.15104,627.6136474609375
1613294178,22.284916,114.1504489,591.5896606445312
1613294191,22.2848417,114.1468251,557.7755737304688
1613294211,22.2852241,114.1514296,127.72991943359376
1613294228,22.2853843,114.1481563,607.0314331054688
1613294262,22.2855777,114.1508738,530.2337036132812
1613294275,22.285779,114.1518045,513.6881103515625
1613294277,22.2856823,114.1476075,606.0042114257812
1613294318,22.2859868,114.15004,590.1994018554688
1613294339,22.2862508,114.1463731,1264.2174682617188
1613294341,22.2862609,114.1468846,1188.3427124023438
1613294380,22.2874301,114.1471432,529.6455078125
1613294384,22.2884023,114.1459009,471.0401916503906
1615603716,22.2792345,114.15203,1183.3978271484375
1615603719,22.2792766,114.1524852,1500.0376586914062
1615603762,22.2799191,114.1607334,62.824737548828125
1615603765,22.2802103,114.1565133,536.3433227539062
1615603766,22.2802554,114.1579062,79.96809387207031
1615603783,22.2804095,114.154248,1095.082275390625
1615603832,22.280941,114.1532564,558.6776123046875
1615603862,22.2812009,114.1556598,589.0110473632812
1615603888,22.2813305,114.1558415,105.6619644165039
1615603903,22.2813754,114.1535025,569.7547607421875
1615603936,22.2816902,114.1547588,115.8832550048828
1615603946,22.2817803,114.1565178,200.44598388671875
1615603974,22.2820163,114.1538681,112.89684295654295
1615603987,22.2821358,114.152636,564.6515502929688
1615604003,22.282465,114.1549557,116.67770385742188
1615604006,22.2824763,114.1524434,598.526123046875
1615604011,22.2825285,114.153926,106.74293518066406
1615604025,22.2828683,114.151844,1187.9228515625
1615604031,22.2830643,114.1554844,229.69418334960938
1615604170,22.2850733,114.1529138,101.6909637451172
1615604185,22.2851142,114.1504804,584.6613159179688
1618530586,22.2751109,114.171666,245.02012634277344
1618530594,22.2754503,114.1710572,251.716796875
1618530602,22.2756095,114.1736927,238.77047729492188
1618530611,22.2758372,114.1728766,278.2328796386719
1618530633,22.2767326,114.1749824,439.5257263183594
1618530634,22.2768186,114.169039,462.4703063964844
1618530635,22.2767791,114.1707357,466.3126831054688
1618530647,22.2776138,114.1810272,425.9975280761719
1618530649,22.2776675,114.169261,419.8199462890625
1618530653,22.2781554,114.1716735,354.3293762207031
1618530658,22.2783693,114.1806518,421.2576904296875
1618530684,22.2797762,114.1705122,319.0488586425781
1618530719,22.2807655,114.1642116,63.97275161743164
1618530720,22.2808415,114.1807837,348.933837890625
1623824754,22.2625789,114.1900252,189.83419799804688
1623824777,22.2638785,114.1901044,328.41038513183594
1623824787,22.2643638,114.187455,216.69674682617188
1623824789,22.2643647,114.1882558,103.39290618896484
1623824813,22.2653584,114.1888205,322.6544952392578
1623824816,22.2655005,114.1862056,367.37713623046875
1623824824,22.2655425,114.1920924,360.33531951904297
1623824847,22.2658974,114.1876236,143.94711303710938
1623824850,22.2659238,114.191856,159.82766723632812
1623824862,22.2661953,114.1921801,119.69672393798828
1623824864,22.2662561,114.1884771,185.41807556152344
1623824866,22.2664941,114.1879218,174.13150024414062
1623824894,22.2669724,114.1922611,155.7711944580078
1623824939,22.2673623,114.1928741,196.7699737548828
1623824940,22.26749,114.18504,497.4013977050781
1623824943,22.2674171,114.1938344,324.74989318847656
1623824946,22.2675278,114.1875475,175.47683715820312
1623824948,22.267672,114.183542,121.47856903076172
1623824951,22.267675,114.184166,141.76620483398438
1623824952,22.2676278,114.1869461,288.8922119140625
1623824989,22.2677577,114.1935578,196.79623413085935
1623825008,22.2678781,114.1920644,358.53399658203125
1623825024,22.2680452,114.1912619,360.8074493408203
1623825029,22.268267,114.184481,605.0353698730469
1623825030,22.2681808,114.1871332,238.44471740722656
1623825039,22.26835,114.18321,228.4106903076172
1623825051,22.2683734,114.1864943,286.6732482910156
1623825058,22.268575,114.1868813,598.0978775024414
1623825068,22.26872,114.183212,114.7325668334961
1623825075,22.2687001,114.1934691,204.9855499267578
1623825103,22.26906,114.18387,253.8775329589844
1623825113,22.2691062,114.191431,306.25782775878906
1623825141,22.2692217,114.1951488,366.9816360473633
1623825184,22.2697198,114.1919328,149.64808654785156
1623825210,22.2699936,114.1914189,412.6584930419922
1623825212,22.2699975,114.1943474,667.2659149169922
1623825227,22.2701674,114.1856909,1528.8262176513672
1623825249,22.2692692,114.1940583,170.0596160888672
1623825283,22.270597,114.1962499,376.8748550415039
1623825285,22.2705852,114.1912767,1153.066551208496
1623825315,22.2712076,114.1969747,235.50582122802734
1623825350,22.2727492,114.1958842,488.8584671020508
1623825370,22.2738246,114.1848518,946.6716003417969
1623825373,22.2738918,114.184305,472.10572814941406
1623825406,22.27445,114.1961,262.3805847167969
1623825431,22.2762434,114.1854106,1244.2774963378906
1623825441,22.2767888,114.1853096,701.1195068359375
1623825443,22.2770878,114.1899884,317.50074768066406
1623825453,22.2772194,114.193861,635.3677673339844
1623825463,22.2778396,114.1922294,339.3081970214844
1623825465,22.2779761,114.1909811,193.78114318847656
1623825482,22.2783599,114.1916414,277.9906311035156
1623825485,22.2784342,114.1908705,184.8280029296875
1623825499,22.2787813,114.1891498,191.455078125
1623825503,22.2787501,114.1910209,280.1054382324219
1623825506,22.2790249,114.186107,824.1041870117188
1623825524,22.2790511,114.1915611,286.1714172363281
1623825551,22.2794199,114.1862483,860.739013671875
1623825584,22.2818497,114.1914572,591.4876403808594
1624949965,22.3031125,114.1692752,389.5068054199219
1624949969,22.304193,114.1686622,387.9497680664063
1624949976,22.3048394,114.1691511,423.6461486816406
1624950016,22.3064738,114.1681615,471.7925415039063
1624950037,22.3074363,114.1653346,472.3851013183594
1624950047,22.3076398,114.1673663,528.1618041992188
1624950055,22.3077213,114.1684803,499.9994812011719
1624950102,22.3080611,114.1655095,467.8686828613281
1624950109,22.3082026,114.1666189,561.2035522460938
1624950117,22.3083098,114.1686347,489.37786865234375
1624950126,22.3088787,114.1692487,505.5388488769531
1624950141,22.3097754,114.1680008,345.7218322753906
1624950142,22.3099411,114.169031,415.4884643554688
1625209816,22.3027621,114.1735065,138.26638793945312
1625209821,22.3028212,114.1745233,149.64450073242188
1625209829,22.3031866,114.1702441,440.2263488769531
1625209830,22.3032133,114.1707532,510.4260559082031
1625209833,22.3033537,114.1734724,170.15562438964844
1625209841,22.3040708,114.1735183,399.1040954589844
1625209862,22.3051792,114.1706132,508.6335144042969
1625209865,22.305208,114.1702033,440.6614074707031
1625209874,22.3052682,114.1715768,567.0015258789062
1625209877,22.3052283,114.1743596,559.1696281433105
1625209882,22.3054538,114.1720632,609.1399536132812
1625209890,22.3059379,114.1715141,550.0147705078125
1625209894,22.3060769,114.173022,141.1129913330078
1625209902,22.3064258,114.1734877,149.48777770996094
1625209910,22.3066248,114.1725876,454.8977661132813
1625209919,22.306722,114.1740122,134.12106323242188
1625209952,22.3074663,114.1718697,269.1165771484375
1625209969,22.3075251,114.1725019,240.7471466064453
1625209996,22.3082767,114.1741667,1206.7088012695312
1625210026,22.3084837,114.1709535,432.0570373535156
1628446308,22.3716086,114.1752329,989.9814910888672
1628446368,22.3721165,114.1765248,544.8128051757812
1628446529,22.3728222,114.1759547,507.29771423339844
1628446532,22.3728614,114.171609,562.6551055908203
1628446592,22.3729648,114.1708399,393.9034652709961
1628446891,22.3734327,114.1704344,123.64280700683594
1628446993,22.3734762,114.1741054,221.4846649169922
1628447343,22.3736464,114.173321,336.8813781738281
1628448650,22.3744203,114.1699344,251.1644058227539
1628448930,22.3746902,114.1740617,522.4009094238281
1628449102,22.374707,114.1779831,967.0738525390624
1628449865,22.3756957,114.1815257,594.88134765625
1628450032,22.3759566,114.1690167,278.7630615234375
1628450329,22.376612,114.1749959,533.6346588134766
1628450401,22.3769139,114.180846,292.7108459472656
1628450409,22.3769491,114.1815584,284.95758056640625
1628450417,22.3770325,114.1748766,984.1065063476562
1628452019,22.379028,114.1782499,2188.9501953125
1628452497,22.3798543,114.1762563,641.78076171875
1628452631,22.3800903,114.1760976,1011.8564453125
1629723002,22.3808862,114.2180701,676.4754409790039
1629723306,22.3814061,114.2165137,1518.8402252197266
1629723489,22.3816962,114.2132649,1290.7476043701172
1629724061,22.3825846,114.2115937,213.88458251953125
1629724414,22.3831901,114.2140596,105.17150115966795
1629724699,22.3839419,114.2142231,454.68092346191406
1629725204,22.3842616,114.2171549,151.37677001953125
1629725214,22.3845046,114.2177452,149.0127296447754
1629858131,22.3644854,114.0549354,544.09521484375
1629858133,22.3647258,114.0551319,581.5582885742188
1629858165,22.3645908,114.0549338,2474.879119873047
1629858181,22.3576182,114.018647,170.19886779785156
1629875285,22.3570427,114.0340596,75.59091186523438
1629875313,22.3572369,114.0340135,621.7200088500977
1629875315,22.3571655,114.0338218,396.23389434814453
1630236045,22.3834419,114.2076342,355.40245819091797
1630236403,22.3870919,114.2082159,784.1702575683594
1630236419,22.3870885,114.2107797,340.421875
1630236510,22.388005,114.2074498,912.8805847167969
1630236550,22.3887059,114.208136,680.5974731445312
1630236566,22.3889154,114.2064438,170.8899688720703
1630236567,22.388933,114.2061953,282.4413146972656
1630236603,22.3897483,114.2091667,465.9362487792969
1630236606,22.3898423,114.2052861,743.1683044433594
1630236608,22.3901806,114.2063627,1045.0326843261719
1630236611,22.3906058,114.2080635,423.1001586914063
1630236883,22.394277,114.2090997,603.5556030273438
1630236917,22.3951173,114.2104904,603.8467712402344
1630236947,22.3969397,114.2114067,529.7870483398438
1630236949,22.3971414,114.2112304,314.2812194824219
1633606113,22.2793454,114.1892091,359.2706298828125
1634974089,22.3298194,114.1791731,181.6602783203125
1634974104,22.331903,114.1808771,80.20008087158203
1634974108,22.3319615,114.1796044,194.0952606201172
1634974112,22.332425,114.181674,181.88800048828125
1634974118,22.3324254,114.1787439,185.54399871826172
1634974143,22.3340162,114.1825443,405.1460304260254
1634974376,22.3356387,114.1766819,85.60912322998047
1634974400,22.3363872,114.1789814,104.66447448730467
1635553738,22.4067057,114.2197839,538.3337707519531
1635553742,22.4072486,114.2218854,627.464599609375
1635553746,22.4066469,114.2217582,254.4281311035156
1635553760,22.4095156,114.2223437,674.0855712890625
1635553770,22.4099507,114.2212385,1458.9412231445312
1635553781,22.4108316,114.2231441,965.9119873046875
1635553794,22.4112901,114.2237143,910.83349609375
1635553799,22.411528,114.2217923,2219.2839965820312
1635553842,22.4128847,114.2256756,369.90301513671875
1635554060,22.4172984,114.2238972,3369.9673767089844
1635554182,22.4187122,114.2260532,12144.475830078125
1635555895,22.4214107,114.2323772,1593.8536987304688
1635555999,22.4216247,114.2339686,2219.1719970703125
1635556180,22.4219762,114.2272976,15887.526184082031
1635556198,22.421867,114.2326221,297.6127319335937
1635556419,22.422975,114.2281389,2103.5161743164062
1635556457,22.4232036,114.2335566,271.8799743652344
1635556514,22.4234365,114.2310547,2096.8633422851562
1635556570,22.4236103,114.2329498,261.1093444824219
1635556622,22.4236735,114.2297637,530.843994140625
1635556625,22.4237482,114.2329814,505.9015197753906
1635556764,22.4242405,114.230295,3180.43310546875
1635556817,22.4245291,114.2351142,2835.3949584960938
1635556979,22.4254272,114.2292677,4259.794982910156
1635557222,22.4261423,114.239485,4170.455665588379
1635557344,22.4267146,114.2343562,2006.9762268066406
1635557369,22.4265912,114.2391334,315.79266357421875
1635557568,22.4273709,114.2380667,2311.7928161621094
1636543634,22.3186875,114.1740632,350.3214416503906
1636543637,22.3187498,114.1718354,929.9459533691406
1636543654,22.3188646,114.1724172,683.605224609375
1636543655,22.3189809,114.1730241,601.8148803710938
1636543656,22.3193118,114.1768212,409.6320495605469
1636543662,22.3200956,114.1652334,1031.149169921875
1636543682,22.3208828,114.1647701,1193.015869140625
1636543699,22.3215384,114.1807217,872.6329345703125
1636543715,22.3221285,114.1771737,326.22381591796875
1636543718,22.3221991,114.1771699,316.9115295410156
1636543745,22.3231663,114.1764607,390.29498291015625
1636543746,22.3235489,114.1770141,671.8664093017578
1636543755,22.3240625,114.176627,475.519287109375
1636543791,22.3251515,114.1750511,1074.0306091308594
1636543805,22.3253788,114.1693279,934.3590698242188
1636543831,22.3260673,114.1744451,1077.5467224121094
1636543839,22.3262677,114.1776704,537.2320556640625
1636543843,22.3265822,114.1685268,616.7178955078125
1636543858,22.3265456,114.1783464,256.9185485839844
1636543900,22.3282199,114.1677193,1853.3817138671875
1636543909,22.3283472,114.1776737,175.67300415039062
1636641300,22.3106816,114.1795439,1539.1819915771484
1636641311,22.3128298,114.1758576,1094.5403747558594
1636641318,22.3136518,114.1790152,3496.2771911621094
1636641322,22.3139405,114.1778234,3470.6176147460938
1636641328,22.3145251,114.1815619,496.96533203125
1636641331,22.3149555,114.1779638,1760.2408447265625
1636641338,22.3158004,114.1727039,460.10931396484375
1636641344,22.3158609,114.1793744,1021.3084411621094
1636641355,22.3161634,114.1769436,574.9415283203125
1636641360,22.3164003,114.1731821,277.0603942871094
1636641362,22.3164512,114.1740031,469.62432861328125
1636641367,22.3166438,114.1739792,331.8407897949219
1636641375,22.3167862,114.175778,603.8050842285156
1636641377,22.3169323,114.1778335,2850.937255859375
1636641378,22.316935,114.1755972,359.33935546875
1636685510,22.3111808,114.1761949,871.9175872802734
1636685526,22.3111949,114.1750087,600.926139831543
1636685557,22.3118729,114.1743595,221.58905029296875
1636685662,22.314068,114.1722161,362.96888732910156
1636685664,22.3146308,114.1707353,246.47201538085935
1636768897,22.3100905,114.169953,419.2301330566406
1636768902,22.3102195,114.1706807,454.906005859375
1636768903,22.3103567,114.1716514,170.93743896484375
1636768904,22.3106548,114.1693789,442.903564453125
1636768934,22.3118402,114.170835,411.1452941894531
1636768942,22.3133341,114.1673432,614.7960815429688
1636768945,22.3143102,114.1677016,592.5070190429688
1636768947,22.3148984,114.167584,1186.003173828125
1640472705,22.307121,114.1614284,140.55572509765625
1640472718,22.3092355,114.1608066,1146.4794750213623
1640472730,22.3127354,114.1605996,102.16171264648438
1640472735,22.3172787,114.1581879,51.04228210449219
1640472756,22.3181344,114.1616675,642.761474609375
1640472795,22.3191447,114.1612294,576.5400390625
1640472796,22.3191301,114.1615798,742.74609375
1640472827,22.3194019,114.1599957,369.4445495605469
1640472859,22.3199984,114.160381,1242.4547729492188
1640472860,22.3200037,114.1619669,961.78662109375
1640472864,22.3201305,114.1640286,733.302734375
1640472865,22.3202127,114.1635596,1025.110595703125
1640472868,22.3203902,114.1625259,2086.7299194335938
1640472873,22.3206795,114.1598552,642.73193359375
1640472874,22.3209096,114.1603705,773.9324951171875
1640472876,22.3210574,114.1642187,307.514892578125
1640472879,22.3213195,114.1627113,937.8049926757812
1640472884,22.3214228,114.1619335,1000.8326416015624
1640472886,22.3214059,114.1603679,825.4893798828125
1640472888,22.321587,114.163852,803.1085815429688
1640472889,22.3216139,114.159875,831.9138793945312
1640472891,22.3219131,114.1634268,764.993896484375
1640472898,22.3225141,114.1606676,1006.9270629882812
1640472910,22.323217,114.1619809,1200.42529296875
1640472911,22.323282,114.1634491,2112.599609375
1640472918,22.3241447,114.1602375,2549.7178955078125
1640472919,22.3241402,114.1609827,1365.277587890625
1640472922,22.3244827,114.1579631,284.0589904785156
1640472923,22.3245001,114.1581374,1146.175048828125
1641766299,22.3253879,114.1673292,783.1524047851562
1641766324,22.3264083,114.1634104,1012.2808227539062
1641766330,22.3267034,114.1608954,783.116455078125
1641766332,22.3268852,114.1625904,1014.4865112304688
1641766351,22.3275776,114.1616944,1087.4505615234375
1641766386,22.32807,114.1621341,1793.5108642578125
1641766422,22.3296682,114.1570682,436.2981262207031
1641766435,22.3297353,114.1543973,1850.1370239257812
1641766439,22.3300325,114.1595218,1202.454833984375
1641766472,22.3315756,114.1687587,1697.6268157958984
1641766529,22.3331713,114.1696389,1445.4946899414062
1641766543,22.3342298,114.1463281,340.1930847167969
1641766552,22.3347529,114.162066,2447.8778076171875
1641766579,22.334957,114.1654529,1462.9522094726562
1641766599,22.3354318,114.1611759,1437.7692260742188
1641766633,22.3360534,114.1465135,329.8719177246094
1641766639,22.3366298,114.1498253,721.7893371582031
1641766640,22.3367141,114.1575714,1005.5755004882812
1641766654,22.3371167,114.1496456,645.721435546875
1641766656,22.3373998,114.1567091,1495.3692626953125
1641766671,22.3380902,114.155824,603.5547485351562
1641766676,22.3381672,114.1476599,656.0902404785156
1641766727,22.3386161,114.1531844,357.4504089355469
1641766740,22.3387883,114.1458921,1104.5913848876953
1641766746,22.3390627,114.1502404,1015.1869506835938
1641766747,22.3390564,114.1535867,354.73907470703125
1641766754,22.339024,114.1660796,1901.5660858154297
1641766779,22.3392229,114.1471583,1774.8490142822266
1641766783,22.3393711,114.1569842,1437.8436889648438
1641766800,22.3397006,114.1485672,1549.3346099853516
1641766811,22.3398573,114.1525492,746.4411315917969
1641766830,22.3400471,114.1653229,332.7047119140625
1641766834,22.3401662,114.1534009,441.2369384765625
1641766836,22.3400663,114.1561027,823.4526977539062
1641766845,22.3404609,114.1526178,676.9875335693359
1641766856,22.3402469,114.1577701,557.3156433105469
1641766858,22.3404971,114.1650451,290.0235595703125
1641766877,22.3406654,114.1650324,208.42938232421875
1641766879,22.3408407,114.1651235,374.3190460205078
1641766884,22.341147,114.1546739,1084.6519165039062
1641766885,22.3410631,114.1632391,205.32933044433597
1641766896,22.3413891,114.1632083,601.7341156005859
1641766938,22.3418939,114.1654362,335.2410583496094
1641766947,22.3424629,114.1649428,664.5869903564453
1641894489,22.4427308,114.0110782,60.99424362182617
1642181939,22.3051168,114.1837127,1066.830810546875
1642183081,22.305781,114.1842014,922.7515258789062
1642183520,22.306088,114.1854795,1050.64111328125
1642183580,22.3061364,114.1868816,1076.48828125
1642184365,22.3065382,114.1922251,1847.8816223144531
1642184427,22.3066347,114.1915033,1465.7248840332031
1642184436,22.3067242,114.1859462,1080.88427734375
1642184439,22.306806,114.1828611,1803.241455078125
1642184499,22.3073215,114.1858997,2076.016845703125
1642184525,22.3074261,114.1839442,1611.63818359375
1642184531,22.3074597,114.1847758,1826.8319091796875
1642184574,22.3076244,114.1820547,672.3510131835938
1642184661,22.3081723,114.1827514,817.0947265625
1642184704,22.3083139,114.1921047,1040.6102600097656
1642184789,22.3087635,114.1906914,439.4646911621094
1642184796,22.3093504,114.1872477,636.584716796875
1642184800,22.3098066,114.1876102,982.8005676269531
1642184803,22.3103285,114.1852352,707.4185791015625
1642184836,22.311243,114.1893643,432.8869323730469
1642184858,22.3116509,114.1870725,684.81494140625
1645491623,22.3191168,114.1280492,289.9714946746826
1645491693,22.3207162,114.1304033,279.9223937988281
1645491725,22.3210341,114.1300386,40.37498474121094
1645491795,22.3215391,114.1300781,150.80743217468262
1645491862,22.3231921,114.122304,887.233115196228
1645491865,22.3232764,114.1330602,1114.827735900879
1645491871,22.3229738,114.1321899,712.4951505661011
1645491907,22.3260575,114.1370891,1357.8910245895386
1645491917,22.3263145,114.1379762,656.7504959106445
1645491931,22.326763,114.1375733,175.40992736816406
1645491965,22.3274214,114.1374928,318.16607189178467
1645491986,22.3281177,114.1398537,156.42591857910156
1645492004,22.3287973,114.1500384,202.9477996826172
1645492008,22.3289852,114.1098425,139.50616836547852
1645492069,22.3297037,114.1485502,413.0012969970703
1645492100,22.3302349,114.1424809,150.64669799804688
1645492223,22.3314704,114.1122625,136.47712326049805
1645492252,22.3312988,114.1359657,112.06163501739502
1645492334,22.3315847,114.1358329,233.60112380981445
1645492675,22.3323231,114.1555974,1053.28466796875
1645492687,22.3324146,114.1556611,3630.6227111816406
1645492717,22.3330616,114.1381586,137.57850646972656
1645492731,22.3335268,114.1389287,1484.2367553710938
1645492740,22.3336667,114.1383579,439.9209899902344
1645492775,22.3345215,114.1573111,1755.5088500976562
1645492776,22.334613,114.1542033,1354.0648193359375
1645492784,22.3334627,114.1085706,129.59005737304688
1645492788,22.3346005,114.1572093,1736.3252258300781
1645492813,22.3355518,114.1452975,285.72021484375
1645492854,22.3354106,114.1549152,962.2144775390625
1645492869,22.335481,114.15821,773.9077758789062
1645492896,22.3357795,114.148437,618.2859191894531
1645492900,22.3353615,114.1346456,86.2576675415039
1645492916,22.3359865,114.1554292,2225.7735595703125
1645492924,22.3360236,114.1584917,982.439208984375
1645492929,22.3360604,114.1523341,906.9470825195312
1645492946,22.3360932,114.1340409,43.36400985717773
1645492968,22.3362741,114.1342452,629.3665161132812
1645492995,22.3364678,114.1588926,971.5217895507812
1645493001,22.3366682,114.1465089,337.1088562011719
1645493035,22.336857,114.153063,594.5357971191406
1645493036,22.3368146,114.1433851,1269.7809753417969
1645493057,22.3367145,114.1352674,1390.3492431640625
1645493068,22.3371243,114.1478161,322.4742736816406
1645493072,22.3373084,114.1596663,961.9920654296876
1645493088,22.337363,114.135989,1663.0827026367188
1645493211,22.3401798,114.1428139,960.1834716796875
1645493214,22.3402668,114.1424856,395.1868286132813
1645493348,22.3424302,114.1591229,1907.8839263916016
1645493401,22.3431168,114.1441009,1422.3632202148438
1645493403,22.3437539,114.1062274,605.9034252166748
1645493425,22.3452261,114.1630214,1116.1786346435547
1645493466,22.3526208,114.1206827,102.7156982421875
1645493479,22.3536864,114.1213047,324.17519760131836
1645493480,22.353615,114.121452,42.1884994506836
1646788796,22.3549342,114.1167708,84.88467407226562
1646788798,22.3549434,114.1171881,318.2425346374512
1646788801,22.3550495,114.1165215,833.4151992797852
1646788836,22.3616084,114.1127831,103.04922485351562
1646788861,22.3626332,114.117645,196.2679901123047
1646788868,22.362893,114.1148178,115.76473236083984
1646788890,22.3634983,114.1176661,96.1481704711914
1646788896,22.3636157,114.113984,7439.3001708984375
1646788909,22.3644675,114.115635,396.3236389160156
1646788910,22.3647278,114.1170888,468.77685546875
1646788911,22.3648254,114.1196248,129.7582550048828
1646788912,22.3648999,114.119685,126.08939361572266
1646788921,22.3649528,114.1146477,400.0293273925781
1646788922,22.3651892,114.1185128,517.9902954101562
1646788923,22.3652912,114.1172668,1011.6478881835938
1646788928,22.3656082,114.1187802,490.7799377441406
1646788929,22.3657229,114.1163839,447.1097717285156
1646788931,22.365952,114.1197783,1031.6244506835938
1646788932,22.3662007,114.1161827,426.2941284179688
1646788939,22.3670348,114.1176758,985.5493469238281
1646788944,22.3675122,114.1182472,1062.7867431640625
1646788958,22.3697249,114.116765,580.2149658203125
1646788968,22.370183,114.1209263,539.215576171875
1646788970,22.3701616,114.1215238,562.670166015625
1646789004,22.3711152,114.118213,591.6187133789062
1646789014,22.3713439,114.1177884,610.8296508789062
1646789016,22.371297,114.1237502,536.6285400390625
1646789024,22.3716992,114.1303914,1292.4298400878906
1646789032,22.3719218,114.1262568,1235.2821807861328
1646789043,22.3724112,114.1181694,991.2075500488281
1646789046,22.3726899,114.1178236,598.0206298828125
1646789049,22.372671,114.1311569,1429.8701477050781
1646789060,22.3739738,114.1065228,660.3710174560547
1646789071,22.3742006,114.1083364,459.9519958496094
1646789103,22.3748354,114.1075993,480.88777160644526
1646789111,22.3751329,114.1212152,369.5240173339844
1646789153,22.3756571,114.1060102,466.96380615234375
1646789159,22.3757581,114.1100443,917.8456420898438
1646789161,22.3757135,114.117026,746.0496063232422
1646789170,22.3758396,114.1162568,1017.8307342529297
1646789203,22.3758369,114.1073815,1665.0222778320312
1646789253,22.3769561,114.1029737,1817.3564224243164
1649047767,22.2955321,114.1712611,364.7379455566406
1649047793,22.2962672,114.1702054,406.06787109375
1649047802,22.2964281,114.1716292,380.1896362304688
1649047910,22.2972478,114.1756058,213.0536651611328
1649048019,22.2976932,114.172956,104.01472473144533
1649048045,22.2977222,114.1704421,1248.4644470214844
1649048061,22.2979909,114.1688287,941.0393524169922
1649048075,22.298039,114.1775345,115.61044311523438
1649048105,22.2981391,114.172169,137.3139190673828
1649048112,22.2981357,114.1715134,381.5592651367188
1649048150,22.2981396,114.1734373,106.4082489013672
1649048220,22.298415,114.1739886,60.31295394897461
1649048235,22.2983673,114.177223,106.86872100830078
1649048285,22.2985079,114.1770464,171.76187896728516
1649048348,22.2989577,114.1736723,57.04189682006836
1649048396,22.2993008,114.1801317,241.87924194335935
1649048523,22.2995066,114.1719939,444.2794799804688
1649048555,22.2996643,114.1760233,113.86761474609376
1649048598,22.2996409,114.1744713,101.16854095458984
1649048754,22.2997822,114.180616,90.93228912353516
1649048787,22.3000647,114.1743417,54.75143814086914
1649048789,22.2999865,114.1771029,186.3232879638672
1649048792,22.3001586,114.1868238,884.39794921875
1649048798,22.3001426,114.1733121,118.45848083496094
1649048804,22.3002161,114.1749958,99.9337158203125
1649048823,22.3003453,114.1770641,85.7206039428711
1649048826,22.3003809,114.1742461,67.49219512939453
1649048830,22.3001325,114.1802665,90.10381317138672
1649048839,22.3006158,114.1731661,138.41458129882812
1649048841,22.3005886,114.1792775,118.75497436523438
1649048879,22.3010409,114.1756128,130.9087677001953
1649048881,22.3012027,114.1751086,129.01698303222656
1649048895,22.30149,114.1797998,219.38533782958984
1649048897,22.3013697,114.1785378,121.79449462890624
1649048949,22.3017103,114.1795814,107.5111312866211
1649048965,22.3019571,114.1754299,135.50778198242188
1649048966,22.3019797,114.1829113,96.40755462646484
1649048995,22.3022033,114.1810929,220.4983673095703
1649049033,22.3020119,114.1809036,94.90489959716795
1649049049,22.3025588,114.1752701,146.3162384033203
1649049060,22.3026657,114.1768964,195.02490234375
1649049079,22.3033758,114.1745849,442.25025177001953
1651827742,22.3152832,114.1909464,1603.6299133300781
1651827748,22.3163333,114.1875198,1571.013427734375
1651827750,22.3163032,114.1864208,4155.191864013672
1651827752,22.3163872,114.1896496,1075.8839111328125
1651827755,22.3165802,114.1894149,1253.7706298828125
1651827765,22.3179068,114.1910872,1021.079833984375
1651827767,22.3179589,114.1864227,4511.802978515625
1651827781,22.318542,114.1916752,973.33349609375
1651827797,22.3188727,114.1920097,834.8880004882812
1651827803,22.3190944,114.1876219,977.1268310546876
1651827805,22.3192057,114.192467,831.5781860351562
1651827809,22.3193311,114.1941813,74.05958557128906
1651827817,22.319518,114.1864133,1742.4207763671875
1651827822,22.3194362,114.1939377,759.1567993164062
1651827826,22.3198985,114.1941661,94.43990325927734
1651827836,22.3201862,114.1878887,761.1571044921875
1651827839,22.3204462,114.1932385,93.47260284423828
1651827844,22.3207377,114.1925764,854.00830078125
1651827851,22.321042,114.1918769,908.0980834960938
1651827852,22.3210452,114.1905304,1030.8905029296875
1651827854,22.3212464,114.1914071,974.48681640625
1651827862,22.3215342,114.1932558,83.39838409423828
1651827865,22.3218385,114.1925556,96.83035278320312
1651827885,22.3222453,114.1916192,102.63664245605467
1651827897,22.3236409,114.1883767,1724.8171844482422
1651827909,22.324351,114.18934,126.58302307128906
1651827924,22.3249117,114.1882543,487.7776794433594
1651827925,22.3248939,114.1856714,974.0475158691406
1651827929,22.3250125,114.1856429,1713.094970703125
1651827933,22.3251354,114.1872011,433.9470520019531
1651827946,22.3259786,114.1843714,903.5043792724609
1651827949,22.3262098,114.1876841,1107.6354370117188
1651827953,22.3266823,114.1831863,256.694091796875
1651827954,22.3267534,114.1843285,237.84521484375
1651827966,22.3270431,114.1852101,210.3274688720703
1651827970,22.3270966,114.1862851,531.8642578125
1651827976,22.3271791,114.1833529,199.17218017578125
1651827991,22.3274483,114.1875544,528.4912109375
1651827999,22.3275363,114.1881102,521.54150390625
1651828011,22.3280812,114.1864346,400.7649688720703
1651828012,22.3281471,114.184079,322.6531219482422
1651828017,22.3290214,114.1864747,230.58009338378903
1651828018,22.3290512,114.1854073,886.3553161621094
1651828025,22.3305468,114.1910212,1080.447509765625
1651828027,22.3305918,114.1899042,896.0524749755859
1651828028,22.3305748,114.1915606,867.7193298339844
1651828029,22.3306082,114.1893425,897.4180450439453
1651828031,22.3306597,114.1882333,689.6407165527344
1651828032,22.3306711,114.1876918,807.2272644042969
1651828033,22.330688,114.187087,438.29290771484375
1651828036,22.3317834,114.1865828,221.9942779541016
1651828039,22.3321602,114.1933121,83.12084197998047
1651828084,22.3339684,114.1967853,1914.6120605468748
1651828091,22.3342883,114.1930258,1327.8851318359375
1651828093,22.3343725,114.1975524,1017.0016479492188
1651828105,22.3345308,114.1928253,1297.7169799804688
1651828110,22.3345928,114.1911408,2563.496795654297
1651828118,22.3346655,114.1942679,1003.8014526367188
1651828133,22.3354345,114.1931625,510.7131958007813
1651828141,22.3356914,114.1931707,1435.4457397460938
1651828144,22.3358021,114.1874811,2111.4271850585938
1651828159,22.3367717,114.1918798,2393.7937927246094
1651828161,22.3368232,114.1950843,919.2063598632812
1651828163,22.3368684,114.1950145,1241.928466796875
1651828168,22.3374195,114.1867525,3182.9845809936523
1651828172,22.3376157,114.193863,1723.5982971191406
1651828203,22.3383278,114.1881162,772.6840209960938
1651828205,22.338487,114.1963424,382.1941528320313
1651828211,22.3385414,114.1962628,517.5066528320312
1651828268,22.3392396,114.1977216,751.6050720214844
1651828285,22.3393133,114.1826602,128.7080535888672
1651828294,22.3395472,114.1805461,93.10552978515624
1651828313,22.3396279,114.1882438,1810.656494140625
1651828324,22.3396843,114.1858153,1234.0917358398438
1651828372,22.3406175,114.1882926,2268.896240234375
1651828374,22.3406737,114.1856309,3053.2091674804688
1651828379,22.3407666,114.1843609,1576.8513793945312
1651828393,22.3420244,114.1894657,1073.12353515625
1651828400,22.3435103,114.1881424,2450.8351440429688
1652496884,22.3107349,114.1866154,1112.34912109375
1652496885,22.3262419,114.2085494,496.02729797363276
1652496889,22.3523222,114.1239594,101.36079025268555
1652496890,22.3526833,114.1230578,47.73188781738281
1652496891,22.3576756,114.1191268,70.90281677246094
1652496892,22.3579272,114.1240638,210.26663208007807
1652496896,22.365882,114.1229749,2258.327262878418
1652496912,22.3664586,114.124988,1315.4537811279297
1652496922,22.3672311,114.1265717,1349.1910095214844
1652496923,22.4956788,114.1126053,182.71005296707153
1652496926,22.4965099,114.1069388,78.03117847442627
1652496941,22.498327,114.1121335,27.142816066741943
1652496965,22.5006831,114.1103197,58.97513294219971
1652874770,22.3340607,114.1994835,255.2264633178711
1652874775,22.334421,114.2004475,222.69332885742188
1652874850,22.3362516,114.1973535,448.1802062988281
1652874857,22.3362676,114.19919,796.5956726074219
1652874865,22.336656,114.2002891,834.1683654785156
1652874875,22.3367743,114.2042703,2136.1641845703125
1652874876,22.3370381,114.1979301,787.2574462890625
1652874878,22.3371197,114.2033695,421.5744934082031
1652874902,22.3375359,114.2048654,1063.2061767578125
1652874907,22.3378203,114.1985108,774.7064819335938
1652874916,22.3381297,114.1987408,429.71234130859375
1652874924,22.3386503,114.1991271,891.4035949707031
1652874931,22.3392113,114.1994098,440.1636352539063
1652874938,22.3392992,114.1985311,413.4367370605469
1652874957,22.3406544,114.2039946,563.9947814941406
1652875005,22.3433244,114.1975379,1270.5204467773438
1652875078,22.3451071,114.1949709,2225.1385498046875
1652875091,22.3456767,114.1995738,1378.6068115234375
1653118101,22.2754324,114.2307197,466.90160369873047
1653118103,22.2755121,114.2308443,875.7858734130859
1653118140,22.2761512,114.2293757,340.8326416015625
1653118151,22.2762796,114.2294123,250.3546905517578
1653118255,22.2773177,114.2265314,874.5327758789062
1653118289,22.2774098,114.228301,1033.945068359375
1653118342,22.2778844,114.2258153,3715.8397827148438
1653118344,22.2777637,114.2283801,1118.0281982421875
1653118414,22.2783909,114.2296762,951.253662109375
1653118463,22.27904,114.22835,1115.1158447265625
1653118511,22.2792901,114.2249928,2705.5052490234375
1653118596,22.2798587,114.2245705,1608.1809692382812
1653118643,22.279997,114.2255933,754.690185546875
1653118743,22.2804173,114.2247074,704.9658203125
1653118756,22.2805908,114.2226447,939.6180419921876
1653118793,22.2809761,114.2350778,838.4756164550781
1653118800,22.2807698,114.2306906,454.0020294189453
1653118809,22.2807992,114.2256637,1827.6455688476562
1653118849,22.2809865,114.2192028,10022.867919921875
1653118859,22.28185,114.23059,1184.8729248046875
1653118889,22.2815191,114.223299,791.3588256835938
1653118929,22.2817242,114.2215425,829.0361328125
1653118955,22.282009,114.2322994,248.1857147216797
1653118960,22.2820176,114.231504,242.5738067626953
1653119015,22.2821124,114.2301694,214.09458923339844
1653119020,22.28217,114.22822,2064.7845916748047
1653119022,22.282242,114.2327408,233.1881103515625
1653119106,22.2827415,114.2200108,1735.7457275390625
1653119170,22.2830392,114.2259267,4692.4766845703125
1653119191,22.2848336,114.22156,1224.36572265625
1653780060,22.465611,114.1936483,378.3171634674072
1653780097,22.4616432,114.1918883,125.80558013916016
1653788996,22.466855,114.1934424,411.96321296691895
1653913928,22.3766842,114.196763,130.74855041503906
1653913929,22.3766291,114.1966841,1492.3270568847656
1653913936,22.3761673,114.1978014,289.55296325683594
1654579181,22.2628657,114.2495399,27139.15283203125
1654579418,22.2641026,114.2486522,1443.5783081054688
1654579532,22.264575,114.234225,2100.3152465820312
1654579657,22.2648033,114.2515561,1786.4093017578125
1654579690,22.2648757,114.2516021,1419.2025756835938
1654579888,22.2655687,114.2468105,232.79449462890625
1654579930,22.265433,114.2472549,947.0684204101562
1654579950,22.266659,114.2468457,200.793212890625
1654580517,22.26889,114.23353,4288.836853027344
1654580567,22.2690915,114.2384252,252.22494506835935
1654580660,22.2714717,114.2452808,135.75538635253906
1654580699,22.2733635,114.2320018,962.1387176513672
1654580742,22.2742944,114.231955,1121.8880462646484
1660289687,22.418547,114.2257046,9068.069763183594
1660289690,22.4182593,114.2258741,4792.338073730469
1668784512,22.2648851,114.2455162,5278.277313232422
1678487188,22.4166294,114.2235667,921.3214111328124
1678714365,22.3149247,113.9402063,33.977439880371094
1680951160,22.2762125,114.156337,411.1439971923828
1680951340,22.2802352,114.127459,615.159912109375
1680951625,22.2808678,114.1447047,871.2538909912109
1680951631,22.2811549,114.1399238,847.9162445068359
1680951634,22.2811688,114.1404586,630.3070373535156
1680951653,22.2816363,114.1283773,1138.6678466796875
1680951989,22.2824439,114.1260257,462.65338134765625
1680952015,22.2827375,114.129062,707.4468994140625
1680952034,22.2829055,114.1259372,817.4720153808594
1680952102,22.283242,114.1301259,2086.078125
1680952330,22.2850206,114.1348542,1780.0911254882812
1680952370,22.2861801,114.1487553,1101.8616333007812
1680952417,22.2873072,114.1398512,481.6224060058594
1683191543,22.2276494,114.1986709,77.06737327575684
1683191548,22.2277707,114.200265,146.2774314880371
1683191591,22.2336361,114.1994646,42.989871978759766
1683191619,22.2356651,114.1990366,144.03289031982422
1683191620,22.2356701,114.1983002,20.569150924682617
1683191658,22.2368603,114.1981566,43.54461669921875
1683191667,22.2373629,114.1898194,149.8224868774414
1683191685,22.2377407,114.1716419,606.4743900299072
1683191704,22.2379417,114.1540433,1382.83154296875
1683191731,22.2384493,114.1941698,48.35829544067383
1683191735,22.2384186,114.1537063,2336.3724670410156
1683191736,22.2383855,114.1895408,141.08683013916016
1683191742,22.2385753,114.1523012,212.87255859375
1683191758,22.238848,114.1933435,185.29297637939453
1683191780,22.2393171,114.2016777,33.07480239868164
1683191852,22.2429638,114.154647,840.1114501953125
1683191859,22.2422434,114.1588135,5605.783493041992
1683191876,22.2435366,114.1514284,1370.9534912109375
1683191928,22.2453605,114.1678544,328.49716567993164
1683191950,22.2460581,114.1856588,403.12688064575195
1683192030,22.2480972,114.1673531,126.5868911743164
1683192032,22.248042,114.1694397,228.95209503173828
1683192050,22.2482427,114.1765181,185.32891082763672
1683192120,22.2486912,114.1664424,80.33969116210938
1683192152,22.2492263,114.1674759,106.17669677734376
1683192164,22.2494419,114.1642096,185.1840362548828
1683192168,22.2495162,114.1669732,147.33948516845703
1683192175,22.2495878,114.1801248,823.9274406433105
1683192182,22.2497738,114.1473889,996.0003967285156
1683192216,22.2512014,114.148335,1216.7005157470703
1683192221,22.2536345,114.1826925,122.5426025390625
1683192299,22.2533707,114.1859123,45.199588775634766
1683192313,22.2538337,114.186618,58.95636749267578
1683192340,22.256366,114.1933781,310.1729431152344
1683192361,22.2572016,114.1921708,49.172019958496094
1684278340,22.2159272,114.2049866,99.38754272460938
1684278372,22.2160796,114.2050435,291.4320831298828
1684278395,22.2166412,114.2038022,358.17911529541016
1684278435,22.2177123,114.204642,547.339599609375
1684278437,22.2177168,114.2060484,1086.0690612792969
1684278450,22.2179769,114.2054412,358.4674987792969
1684278526,22.2193792,114.2038532,622.0558547973633
1684278548,22.2198254,114.2069685,378.241455078125
1684278583,22.2208825,114.2025419,522.1619606018066
1684278588,22.2210808,114.2120663,358.64764404296875
1684278601,22.2211632,114.2137196,123.00733947753906
1684278707,22.221932,114.2112683,154.46165466308594
1684278731,22.2225791,114.2138433,403.6531066894531
1684278805,22.2241753,114.2136857,115.69155883789062
1684278858,22.2250166,114.2146236,495.04308319091797
1684279299,22.2344599,114.2227801,229.54547119140625
1684279440,22.2361904,114.2235667,120.583251953125
1684279524,22.2368592,114.2219328,122.1310806274414
1685958590,22.2638339,114.1510592,103.88758850097656
1685958601,22.2639853,114.1494601,318.08820152282715
1685958643,22.2647488,114.1556683,141.8463478088379
1685958645,22.2648677,114.1619968,100.89819717407227
1685958652,22.2650038,114.1631294,315.9425582885742
1685958676,22.2654024,114.154683,193.28919982910156
1685958737,22.2658188,114.1613002,65.56390380859375
1685958748,22.2659601,114.1533722,189.10393524169922
1685958757,22.2661259,114.1522408,92.95829010009766
1685958771,22.266386,114.1624604,151.03304290771484
1685958796,22.2665766,114.1599667,165.89459228515625
1685958802,22.2666296,114.163098,315.8189697265625
1685958857,22.2671586,114.1514819,239.2022933959961
1685958870,22.2674777,114.1554962,193.7207374572754
1685958893,22.2678214,114.1523529,73.03848266601562
1685958912,22.26802,114.1535099,228.60868072509766
1685958916,22.2680247,114.1564034,53.92149353027344
1685958934,22.2683561,114.1569889,191.7241325378418
1685958946,22.2686169,114.1764615,97.0676040649414
1685958949,22.2686368,114.1639988,107.82312774658205
1685958975,22.2691282,114.1656145,260.2239685058594
1685958990,22.2692747,114.1507254,507.25951766967773
1685959012,22.2694175,114.1653219,142.38253784179688
1685959022,22.2694394,114.1674464,258.01036834716797
1685959024,22.2694682,114.1538636,248.8082847595215
1685959326,22.2708847,114.1235772,312.1546211242676
1685959335,22.2708986,114.1515652,274.3543701171875
1685959569,22.2735129,114.152083,249.9831771850586
1685959619,22.273736,114.1559493,387.68050384521484
1685959649,22.2739703,114.1529113,647.6193389892578
1685959693,22.2743261,114.1183106,644.0331115722656
1685959735,22.2746133,114.1571984,423.93829345703125
1685959750,22.2748151,114.1563918,147.04388427734375
1685959764,22.2748005,114.1625163,268.35980224609375
1685959767,22.2748164,114.1625749,251.36539459228516
1685959795,22.2754088,114.1533738,187.84860229492188
1685959805,22.2755514,114.1524718,687.2831497192383
1685959836,22.27603,114.1632711,138.6592559814453
1686529413,22.3335156,114.2125336,1899.4055175781252
1686529430,22.3345135,114.2152117,3700.2576904296875
1686529479,22.3357347,114.2143107,2460.125274658203
1686529488,22.3359834,114.2088635,1053.3403015136719
1686529561,22.3408475,114.2102755,2218.637420654297
1686529565,22.3411115,114.2084706,3422.1170043945312
1686529596,22.3431785,114.207796,8453.68783569336
1686529644,22.3482576,114.2041916,4932.913330078125
1686529653,22.3487514,114.1997167,1804.8193359375
1687467580,22.3623409,114.1383339,1576.0264282226562
1687467592,22.3624555,114.1395718,2005.9205474853516
1687467602,22.3626671,114.1364895,506.9534301757813
1687467618,22.3633992,114.1397915,349.2338256835937
1687467624,22.3634907,114.1397286,357.18896484375
1687467629,22.3636741,114.1399884,1546.0177459716797
1687467637,22.3643082,114.1392903,459.843505859375
1687467649,22.3649224,114.1388504,1477.5213623046875
1687467664,22.3652879,114.1408936,9625.614158630371
1687467666,22.3654687,114.1361357,601.9500732421875
1687467688,22.3667245,114.1389752,2763.8411865234375
1687467698,22.3679109,114.1415042,4909.1373291015625
1687467721,22.36932,114.1409584,1787.20751953125
1687467723,22.3693296,114.1402918,639.7996826171875
1687467733,22.3700319,114.1404275,337.7690124511719
1687467735,22.3701739,114.1413291,538.1782836914062
1687467741,22.3705558,114.1403332,964.7564392089844
1687467742,22.3709443,114.1387022,509.7950744628906
1687467749,22.3713192,114.1382266,1053.635498046875
1687467775,22.3725803,114.1390463,3413.6171264648438
1687467788,22.3731096,114.1413523,1013.9433822631836
1688106573,22.3147645,114.2164097,79.16665649414062
1688106574,22.3149382,114.2162116,220.65727996826172
1688106578,22.3151549,114.2118787,165.51314163208008
1688106582,22.3156482,114.2173228,97.16071319580078
1688106583,22.3158142,114.2111601,122.79135513305664
1688106607,22.3181022,114.2177577,3132.5283813476562
1688106618,22.3192151,114.2079737,108.9109878540039
1688106638,22.3202715,114.2077571,443.7440643310547
1688106639,22.3203202,114.2130196,327.7104797363281
1688106642,22.3203898,114.2091393,116.82374572753906
1688106645,22.3204438,114.209769,101.2948226928711
1688106647,22.3207336,114.2064557,128.3243865966797
1688106657,22.320772,114.2162631,3185.9658203125
1688106659,22.3209008,114.2110831,147.31976318359375
1688106663,22.3210916,114.2096986,121.39076232910156
1688106666,22.3210674,114.2129476,511.36085510253906
1688106668,22.3215033,114.2069582,149.82737731933594
1688106670,22.321561,114.2076269,174.1147003173828
1688106671,22.321623,114.2083444,144.42129516601562
1688106672,22.3217135,114.2096309,152.37158203125
1688106673,22.3218667,114.2109814,158.38015747070312
1688106675,22.3220131,114.205612,250.87860107421875
1688106680,22.3220719,114.2062928,144.1387481689453
1688106690,22.3225187,114.208254,325.4076232910156
1688106691,22.3224869,114.2095551,317.06288146972656
1688106692,22.3226034,114.2109033,143.88589477539062
1688106694,22.3225995,114.2164395,2625.740966796875
1688106696,22.3227089,114.2168765,805.145263671875
1688106702,22.3229076,114.2176398,4921.945373535156
1688106707,22.3230675,114.2061923,291.786865234375
1688106714,22.323351,114.2108279,308.8727111816406
1688106723,22.3237975,114.2173267,2109.39013671875
1688106728,22.3240614,114.2107562,137.69540405273438
1688106730,22.3242926,114.2176089,2957.6220092773438
1688106733,22.3241905,114.2053922,146.570068359375
1688106737,22.3244212,114.2080619,295.6631317138672
1688106739,22.3245349,114.2093779,288.29852294921875
1688106749,22.3251808,114.2045867,195.2635803222656
1688106766,22.3260401,114.2046763,362.5880432128906
1688106767,22.3259913,114.2162729,7206.026916503906
1688106799,22.3266843,114.2058361,392.0464324951172
1688106813,22.3275143,114.206904,1076.4845886230469
1688106820,22.3277416,114.2149325,653.3622436523438
1688106831,22.3278526,114.2149894,1581.414794921875
1688106916,22.3337655,114.207761,390.5857849121094
1688106925,22.3339762,114.2055061,1201.262939453125
1688106936,22.3341518,114.2053331,1024.753662109375
1691725388,22.2981781,114.2373382,1664.7396697998047
1691725399,22.2991647,114.2334164,371.62718963623047
1691725439,22.3023694,114.2366949,3298.0015869140625
1691725454,22.3036161,114.2249619,1701.5448455810547
1691725469,22.3045175,114.2260498,1649.1890869140625
1691725473,22.3044743,114.2275199,935.5263977050781
1691725499,22.3053496,114.2304176,328.43865966796875
1691725500,22.305219,114.2285695,330.76336669921875
1691725503,22.3052882,114.2292323,295.8790283203125
1691725511,22.3055131,114.229003,360.3484497070313
1691725525,22.3060756,114.2285397,553.23193359375
1691725533,22.3062425,114.2275991,796.8397521972656
1691725546,22.3066794,114.2272151,866.518310546875
1691725566,22.3071669,114.2310152,1629.935775756836
1691725569,22.3073962,114.2282531,1187.2877197265625
1691725591,22.3082366,114.2272072,560.1198120117188
1691725604,22.3084709,114.2290809,721.1298217773438
1691725607,22.3085361,114.2285428,703.6715698242188
1691725610,22.3085943,114.2297567,800.6200561523438
1691725616,22.3090413,114.227066,150.92674255371094
1691725624,22.3090988,114.2274696,656.2463989257812
1691725632,22.3093311,114.2272156,320.4086608886719
1691725639,22.3095581,114.2199745,266.01009368896484
1691725650,22.3101932,114.224335,614.3531265258789
1691725659,22.3107659,114.225081,293.6066436767578
1691725663,22.3107933,114.2353666,2791.47314453125
1691725681,22.3115758,114.2183945,530.9213333129883
1691725688,22.3117233,114.2262237,334.1959381103515
1691725711,22.3120942,114.2295715,546.9724731445312
1691725716,22.3121046,114.2373778,2661.429931640625
1691725717,22.3122553,114.2192889,146.97018432617188
1691725722,22.3121709,114.2371286,2148.225372314453
1691725724,22.3122515,114.2296823,638.2765502929688
1691725746,22.3129259,114.2197999,84.99295043945312
1691725776,22.3133427,114.227073,1270.0025634765625
1691725792,22.313531,114.2275866,1140.16650390625
1691725813,22.313811,114.2316228,4508.088043212891
1691725823,22.3137566,114.2261594,1177.584716796875
1691725824,22.3138024,114.2280683,3194.833984375
1691725828,22.3139063,114.2274191,2245.0209350585938
1691725835,22.3139474,114.2238256,185.64442443847656
1691725845,22.3141926,114.2175794,90.53104400634766
1691725855,22.3142353,114.2235947,182.46316528320312
1691725882,22.314592,114.2180103,120.00096130371094
1691725898,22.3145617,114.2348258,3235.4551391601562
1691725924,22.3147592,114.2224659,2467.33349609375
1691725957,22.314982,114.2257367,1349.785888671875
1691725976,22.3151347,114.2252282,914.4810180664062
1691726004,22.3153042,114.2261766,1237.435546875
1691726061,22.3157244,114.2230547,950.432373046875
1691726066,22.315713,114.2214567,978.0782470703124
1691726081,22.3158796,114.2240204,886.8682250976562
1691726083,22.3159259,114.225652,1000.8192749023438
1691726087,22.3159875,114.2213772,2560.7433471679688
1691726127,22.3164947,114.2233342,1678.9002075195312
1691726163,22.3171488,114.2223951,2646.3529663085938
1691726209,22.3175587,114.228949,5702.0811767578125
1691726224,22.3176355,114.226129,1360.8395385742188
1691726227,22.317669,114.2268966,1582.256103515625
1691726272,22.318301,114.227173,883.0069580078125
1691726289,22.3183577,114.2358548,281.6963806152344
1691726312,22.3186465,114.2218568,3276.6857299804688
1691726325,22.3189418,114.2201632,3657.6726989746094
1691726421,22.3210416,114.2219789,4348.78564453125
1691726423,22.3210292,114.2242174,3042.342041015625
1691726429,22.3213826,114.2254609,4881.662780761719
1691726457,22.3224154,114.2253994,1248.814697265625
1691726494,22.3233842,114.2257872,994.0639038085938
1691726574,22.3245004,114.2253215,750.334716796875
1691726581,22.3310542,114.2292918,898.9076499938965
1694239542,22.2918703,114.2370651,501.30287170410156
1694239564,22.2921105,114.2358019,93.04656982421876
1694239655,22.2929811,114.234882,84.6898422241211
1694239663,22.2931001,114.2365646,447.0277404785156
1694239734,22.2940377,114.235581,183.0398712158203
1694239993,22.2948399,114.2363486,746.9002838134766
1694240175,22.2951139,114.2380054,1356.3858337402344
1694240351,22.296832,114.2375723,519.2077484130859
1694240504,22.2979497,114.239908,4874.382995605469
1694240581,22.2981775,114.2405923,2075.550994873047
1694240825,22.3005581,114.2382741,4527.336151123047
1694240829,22.3005902,114.2383708,3878.2284545898438
1694241020,22.3024495,114.2369888,1240.4171142578125
1694241136,22.3083644,114.2377108,5066.1913986206055
1694241138,22.3084866,114.2375383,2384.2346801757812
1694241335,22.3138121,114.2386609,2844.9520263671875
1695400981,22.3332793,114.2359039,25.13647079467773
1695401000,22.333289,114.2347939,35.29219055175781
1695401024,22.3334806,114.239357,92.96614742279053
1695401036,22.3335994,114.2347824,161.56066131591797
1695401091,22.3340456,114.2377904,24.105648040771484
1695401102,22.3341008,114.2373915,53.59267234802246
1695401103,22.3341102,114.2415787,147.2659912109375
1695401126,22.3345445,114.2388213,25.66959381103516
1695401133,22.3347457,114.2399061,24.72124671936035
1695401134,22.3347296,114.2404195,23.429332733154297
1695401144,22.3350347,114.2409767,23.766944885253903
1695401148,22.3350813,114.2401884,50.38466262817382
1695401152,22.3351041,114.2384574,76.48679733276367
1695401156,22.3352823,114.241315,48.66399383544922
1695401165,22.3356483,114.2448308,25.64752769470215
1695401167,22.3360222,114.244277,51.61023139953613
1695401180,22.3363708,114.2422088,47.721168518066406
1695401214,22.3370651,114.2448842,23.967439651489254
1695401226,22.3372045,114.2400295,11.391279220581056
1695401290,22.3380384,114.2416531,88.65851306915283
1695401338,22.3384466,114.2447957,120.90333080291748
1695401341,22.338485,114.2452042,164.7985439300537
1695401492,22.3404828,114.258324,48.826908111572266
1695401503,22.3408282,114.2580948,51.28587341308594
1695401516,22.3410156,114.2480269,24.78510284423828
1695401642,22.3423227,114.2470699,42.21281433105469
1695401662,22.3425234,114.2463162,73.11035919189453
1695401674,22.3426852,114.2570524,175.8941421508789
1695401697,22.3429202,114.2469298,36.818992614746094
1695401700,22.3430282,114.2465915,26.02208709716797
1695401879,22.3462792,114.2602486,173.55291366577148
1695401922,22.3483265,114.2546171,203.16094207763672
1696442087,22.3188029,114.2491107,2017.6252212524414
1696442089,22.318808,114.2395914,831.3871765136719
1696442107,22.3190376,114.2543569,2147.4640197753906
1696442267,22.3210167,114.2434825,136.0701789855957
1696442377,22.3268261,114.2534106,4025.1943359375
1696447168,22.3306646,114.2623672,335.35347080230713
1696447199,22.3329556,114.263258,613.7020344734192
1697915952,22.3147388,114.2846893,14.745213508605955
1697915971,22.3162445,114.2862659,51.62592363357544
1697916031,22.318737,114.2771831,46.41934013366699
1697916090,22.3196208,114.2748175,78.08115577697754
1697916190,22.3202422,114.2745057,159.662184715271
1697916216,22.3205957,114.2758392,55.78775691986084
1697916224,22.3207517,114.2763081,44.01265621185303
1697916278,22.3230955,114.2707924,228.13240814208984
1697916328,22.3258012,114.2693047,108.09253692626953
1697916429,22.3274016,114.2703128,20.65973281860352
1697916485,22.3289382,114.2642466,35.0873966217041
1697916497,22.3294261,114.2675898,55.24110984802246
1697916564,22.3348266,114.2262912,126.01481246948242
1697916567,22.3354186,114.2287898,342.4730033874512
1697916586,22.3362444,114.2331104,282.4415760040283
1697916601,22.3369091,114.2293997,176.57987022399902
1697916618,22.3383983,114.229439,20.58405876159668
1699097981,22.3378029,114.1789966,177.61256408691406
1699097985,22.3386107,114.1790467,104.91748046875
1699098115,22.3425344,114.178762,122.34819793701172
1699098297,22.3438348,114.1783973,119.37037658691406
1699098310,22.3644478,114.1816247,567.0244445800781
1699159037,22.3682161,114.1808771,1896.156494140625
1699159040,22.3683845,114.1818394,1205.2589111328125
1699159082,22.3763373,114.1834045,811.7582397460938
1699159114,22.3779634,114.1844902,288.9740905761719
1699159166,22.3808198,114.1764366,1152.2991333007812
1699159318,22.3833503,114.1897465,286.4417724609375
1699159479,22.3936695,114.1881522,709.2259216308594
1699159542,22.3964866,114.1907491,990.6717224121094
1699159554,22.3973821,114.1894949,305.29859924316406
1699159556,22.3975345,114.1926958,64.82026672363281
1699159559,22.3978735,114.1899038,178.11485290527344
1699159574,22.3978584,114.188873,83.19260025024414
1699159598,22.398516,114.1894394,131.12231826782227
1699159609,22.3988875,114.1911768,157.90342712402344
1699159618,22.3990052,114.1933032,64.16584014892578
1699159630,22.3993941,114.1908392,205.55327987670898
1699159651,22.3995995,114.1911559,65.79148864746094
1699159653,22.3996719,114.1939772,127.74845123291016
1699159657,22.3998434,114.1999465,109.22970962524414
1699159658,22.3998358,114.1978814,146.16350936889648
1699159691,22.4001522,114.1983898,58.827091217041016
1699159696,22.4001785,114.1920368,65.22197723388672
1699159702,22.4004811,114.1989675,55.40910720825195
1699159740,22.4007696,114.1998964,61.641700744628906
1699159741,22.4007929,114.1976757,118.03140640258789
1699159746,22.4009238,114.1967896,71.11077117919922
1699159767,22.4013657,114.1975598,212.38802337646484
1699159786,22.4021342,114.195365,99.87655639648438
1699191397,22.4053403,114.2038043,341.0270652770996
1699191441,22.4067479,114.2061863,128.65230178833008
1699191460,22.4071698,114.2030767,233.59140014648438
1699191483,22.4075149,114.2065785,82.44729232788086
1699191500,22.4079404,114.2081952,200.71512413024902
1699191510,22.4078918,114.1997155,203.31065940856934
1699191518,22.4082902,114.2054143,23.780536651611328
1699191527,22.4083723,114.2052917,21.35131454467773
1699191538,22.4087333,114.2049329,16.319326400756836
1699191554,22.4089741,114.2086648,49.61936569213867
1699191592,22.4096153,114.2042122,50.64598560333252
1699191604,22.4103319,114.203284,201.45528888702393
1699191618,22.4106782,114.2064388,225.93428230285645
1699889027,22.4216196,114.2035287,154.4714298248291
1699889122,22.4261719,114.1994294,25.71152639389038
1699889202,22.429933,114.1962282,44.792449951171875
1699889328,22.4334019,114.1920044,36.79823684692383
1699889394,22.4341127,114.1927792,15.957330703735352
1699889494,22.4342268,114.1927812,17.432632446289062
1699889502,22.4344675,114.1947346,426.64965057373047
1699890399,22.4424566,114.1752013,47.1147575378418
1699890502,22.4518758,114.1915396,98.80978202819824
1699890529,22.4525155,114.1797217,474.0652160644531
1699890575,22.4539797,114.1883344,31.82902717590332
1699890578,22.4539832,114.1916201,39.35763072967529
1699890585,22.4541208,114.1871451,126.30643081665039
1699890617,22.4555984,114.1916208,44.21962356567383
1699890620,22.4555979,114.1914702,70.47428226470947
1699890621,22.4555959,114.1918138,91.07393407821655
1699890624,22.4557355,114.1811346,133.50546646118164
1699890676,22.4565682,114.1799664,44.60100555419922
1699890695,22.4570492,114.1849095,127.61232376098633
1699890696,22.4570491,114.1812254,90.96620178222656
1699890697,22.4570447,114.1864694,109.8068733215332
1699890712,22.4570476,114.1882799,44.41862106323242
1699890715,22.4570154,114.1795958,23.595478057861328
1699890749,22.4575319,114.1798523,31.118867874145508
1699890791,22.4581446,114.1799335,52.18372344970703
1699890811,22.458182,114.1812244,91.98067474365234
1699890813,22.458182,114.1849108,102.86453056335449
1699890819,22.4587178,114.1849132,292.6833801269531
1699890823,22.4593267,114.1882763,161.6367883682251
1699890838,22.4612753,114.1883579,186.18706130981445
1699890840,22.4612763,114.186747,220.89744758605957
1699891002,22.4654282,114.1803235,12.433507919311523
1699891119,22.5217266,114.1225775,467.83199882507324
1699891142,22.5252509,114.1196239,35.556856870651245
1699891209,22.534918,114.1317743,35.51116371154785
1700554334,22.5033016,114.0790665,172.93002700805664
1700554456,22.5075738,114.0831175,193.84730625152588
1700570884,22.4819899,114.0458966,101.19512557983398
1700585559,22.4485648,114.0290885,923.8250427246094
1700585573,22.4494854,114.02769,698.2414245605469
1700585576,22.4501699,114.0282189,164.8157196044922
1700585587,22.4508253,114.028717,400.6236877441406
1700585589,22.451068,114.0313575,444.859375
1700585591,22.451524,114.029247,416.85655212402344
1700585605,22.4520099,114.0310146,322.81927490234375
1700585614,22.4526005,114.0292437,721.1434936523438
1700585630,22.4536634,114.0288668,563.3617477416992
1700585638,22.4545908,114.0325357,298.8081798553467
1700585643,22.4558576,114.0307994,321.6855354309082
1700585646,22.4564188,114.0327006,54.724660873413086
1700585660,22.4581718,114.0232593,214.46290397644043
1700585661,22.4587536,114.0243715,117.84573268890381
1700585677,22.4594575,114.0226482,224.1637783050537
1700585691,22.460052,114.0280277,511.5093746185303
1700585701,22.4606809,114.0249901,187.88497734069824
1700585729,22.4612074,114.0296596,228.87091779708862
1700585738,22.4615941,114.0267421,393.9013328552246
1700585739,22.4619779,114.0231039,209.09960174560547
1700585740,22.4625333,114.0238713,155.20580291748047
1700585742,22.4629289,114.0175013,14.413110256195068
1700585743,22.4635016,114.025202,419.8655891418457
1700585747,22.4639411,114.0184074,12.150840759277344
1700585762,22.4658822,114.0268129,192.26609802246094
1700626208,22.4343666,114.0118987,20.61260223388672
1700626231,22.4353602,114.0045603,216.36787796020508
1700626247,22.4369161,114.011458,142.9085054397583
1700626253,22.4371933,114.0152793,61.78090286254883
1700626257,22.4373249,114.0347152,83.71839141845703
1700626264,22.4380054,114.0132583,155.17858123779297
1700626270,22.4384428,114.0039992,36.45719909667969
1700626278,22.4389002,114.0089219,35.013450622558594
1700626283,22.4391926,114.0072827,40.73315048217773
1700626284,22.4393656,114.0157586,129.4652976989746
1700626287,22.4392639,114.0110765,54.46257019042969
1700626288,22.4394465,114.0102475,74.33101844787598
1700626291,22.439317,114.0158795,186.5144805908203
1700626297,22.4398784,114.0094851,53.72800064086914
1700626309,22.4405496,114.0332719,1045.2459106445312
1700626310,22.4405073,114.0073821,99.90029907226562
1700626318,22.4406764,114.0047167,40.50309085845947
1700626335,22.4412286,114.006908,26.27095031738281
1700626341,22.4420307,114.0166074,1365.3697204589844
1700626344,22.4420976,114.0164856,540.1561508178711
1700626346,22.4417525,114.0334335,670.9111022949219
1700626355,22.4420145,114.008999,194.12932586669922
1700626357,22.4422161,114.0310699,781.5693969726562
1700626361,22.4425829,114.023357,329.3428955078125
1700626368,22.4430442,114.023352,356.7095947265625
1700626388,22.4434801,114.0244505,816.0685729980469
1700626394,22.4435382,114.033443,1777.9950561523438
1700626400,22.4439775,114.0250105,449.7378234863281
1700626401,22.4441021,114.0061707,33.76959228515625
1700626409,22.4443782,114.0192228,432.5409240722656
1700626423,22.4453072,114.0301871,534.1903076171875
1700626432,22.4457561,114.0298676,658.3726196289062
1700626435,22.4457977,114.0222814,414.73577880859375
1700626436,22.4458255,114.0219933,593.1463012695312
1700626443,22.4460981,114.0260013,1285.6869812011719
1700626445,22.4461276,114.0244356,843.5567016601562
1700626451,22.4463474,114.016543,63.31720352172852
1700626455,22.4468814,114.0209213,673.4632720947266
1700626462,22.4470574,114.0139226,311.2469673156738
1700626471,22.4481995,114.0215673,1106.23779296875
1700626480,22.449164,114.0100991,116.93389892578125
1700626481,22.4494681,114.0211812,70.88558197021484
1700626507,22.4527863,114.023922,1372.4752082824707
1700635864,22.2809249,114.1928022,1346.4396057128906
1700635868,22.2818215,114.2136951,1352.4838256835938
1700635870,22.2821717,114.2128285,875.1927795410156
1700635871,22.2819433,114.1928387,1348.9758911132812
1700635874,22.2823695,114.1929509,642.1493530273438
1700635876,22.2827459,114.213749,2734.1383056640625
1700635879,22.2828871,114.1934435,663.9335327148438
1700635882,22.2833886,114.1932419,620.4398803710938
1700635888,22.2845282,114.2115792,1563.9766540527344
1700635889,22.2845152,114.1979387,993.9516754150392
1700635897,22.2893932,114.208882,772.7789916992188
1700635899,22.289961,114.2084277,336.57623291015625
1700638675,22.3399876,114.0955982,149.58043670654297
1700638678,22.341259,114.0956496,296.46561431884766
1700638680,22.3415259,114.0943643,307.1576318740845
1700638698,22.3456486,114.0966266,147.96732711791992
1700638702,22.352398,114.0984128,2869.132963180542
1700639871,22.3389636,114.1091602,40.54441452026367
1700639878,22.3509082,114.1166006,484.08587074279785
1700639889,22.3574211,114.0968213,382.46667098999023
1700639894,22.3580689,114.0976607,718.4869689941406
1701617743,22.3286541,114.0927354,279.3447370529175
1701617756,22.3298985,114.0919184,158.61738204956055
1701617762,22.3300574,114.0953502,409.5278568267822
1701617843,22.353544,114.084649,228.5549774169922
1701617848,22.3552355,114.1002129,3007.454132080078
1701617855,22.3549928,114.1022561,698.7404479980469
1701617860,22.3544841,114.0859365,917.6306629180908
1701617864,22.3552044,114.1022271,350.2518005371094
1701617882,22.358444,114.0828451,134.1207275390625
1701670338,22.3522853,114.08256,880.7820205688477
1701670373,22.3547165,114.107038,1194.6990356445312
1701670394,22.3550288,114.1037709,1126.35009765625
1701670404,22.3551289,114.1038877,158.92605590820312
1701670405,22.3557372,114.1038521,2767.056396484375
1701670438,22.3624826,114.045749,769.4121704101562
1701670459,22.3638758,114.0031435,46.57695960998535
1701670484,22.3657199,114.0021024,77.32718276977539
1701670509,22.365894,114.0683829,1187.3606567382812
1701670542,22.3662787,114.0129656,319.4896926879883
1701670629,22.3679482,114.0720581,518.445068359375
1701670722,22.3689093,114.0626795,154.37889099121094
1701687014,22.3783635,114.1287572,1894.1613388061523
1701687016,22.3784196,114.1308874,598.8213500976562
1701687026,22.3791039,114.1305895,868.4980773925781
1701687036,22.3793452,114.1320299,911.6664733886719
1701687040,22.3796912,114.129304,1106.8148803710938
1702198021,22.3723225,114.1232969,915.5614929199219
1702198042,22.3726357,114.1363746,2304.218231201172
1702198141,22.3756236,114.1363795,1671.0069274902344
1702198156,22.3764617,114.1365299,2164.357620239258
1702198397,22.3797675,114.1323276,284.36199951171875
1702198415,22.3800759,114.1329942,2469.701904296875
1702198479,22.3805718,114.1316101,516.5339813232422
1702198482,22.3805576,114.132384,361.9480285644531
1702198484,22.3806865,114.1338128,240.3383331298828
1702198505,22.3808842,114.1360504,1061.9635162353516
1702198565,22.3818789,114.1349835,727.5516128540039
1702291077,22.3757058,114.1369044,2030.4772872924805
1703006543,22.3634807,114.1362396,1408.6187744140625
1703006607,22.3658201,114.1366973,1187.226806640625
1703006612,22.3664552,114.1362058,1771.167724609375
1703006631,22.3672835,114.1375143,1104.3934326171875
1703006657,22.3676988,114.1390682,675.1104125976562
1703006661,22.3681127,114.1372211,1151.2003173828125
1703006681,22.3684815,114.1346408,575.944091796875
1703006698,22.3686977,114.1368947,1138.9236450195312
1703006716,22.3690254,114.1360395,1133.902587890625
1703006752,22.3693495,114.1364923,1307.4698486328125
1703006754,22.3694023,114.1389701,1993.5704956054688
1703006759,22.3695665,114.1355884,921.7454528808594
1703006769,22.3707109,114.1360645,491.1984558105469
1703006788,22.3718066,114.1364141,436.2297973632813
1703020754,22.3612445,114.1335931,716.2052612304688
1703830420,22.3033425,113.9779932,304.96582412719727
1703830441,22.3035499,113.9777472,245.8138771057129
1703830448,22.3050932,113.981616,642.6576061248779
1703830479,22.3050898,113.9818596,230.69351387023926
1704049347,22.3531898,114.1322887,185.2185821533203
1704049395,22.354737,114.1318076,609.7489624023438
1704049397,22.3547722,114.130648,929.5266265869141
1704049417,22.3587059,114.131163,953.4901123046875
1704049438,22.3590102,114.1321859,694.4534301757812
1704049444,22.3592676,114.1313598,582.5523681640625
1704049457,22.3598048,114.1315552,325.4300231933594
1704049460,22.3600926,114.1325637,299.32666015625
1704049500,22.3644808,114.1324707,1313.1639404296875
1704049523,22.3659956,114.1308091,888.6966552734375
1704049645,22.3672803,114.1321421,2358.8821411132812
1704049709,22.3683093,114.1332951,815.9026489257812
1704049711,22.3683971,114.1323201,1487.503662109375
1704049747,22.3690644,114.1298349,776.8015747070312
1704049750,22.3692063,114.1302357,766.8599243164062
1704049757,22.3698018,114.1313209,2298.2601928710938
1704049768,22.3701799,114.1333347,1553.1947937011719
1704049769,22.3702829,114.1299819,1252.3818359375
1704060429,22.3640636,114.128568,3237.1573486328125
1704060449,22.3665551,114.1300423,841.6226806640625
1704060451,22.3671238,114.126174,152.6578369140625
1704060465,22.3673781,114.1262342,1319.7451171875
1704060476,22.3675801,114.1248499,2039.3641357421875
1704060481,22.3678724,114.1243167,1109.639892578125
1704060484,22.3680762,114.1238181,987.6094970703124
1704060489,22.3682499,114.1290049,1467.4544677734375
1704060493,22.3681984,114.1278337,3744.77099609375
1704060521,22.3697663,114.1277532,2851.6195068359375
1704079185,22.358897,114.1215743,165.09637451171875
1704079191,22.3597722,114.1214722,200.23883056640625
1704079196,22.3619386,114.1236649,1701.649284362793
1704079201,22.3621835,114.1218619,515.9050216674805
1704079211,22.3630264,114.1295011,1698.087890625
1704079249,22.3651988,114.1282795,1999.6918334960938
1704079260,22.365802,114.1304096,2135.3646240234375
1704088489,22.3513757,114.1179042,142.8330535888672
1704088504,22.3581384,114.1235902,516.0981521606445
1704088507,22.3598272,114.1260735,794.9964752197266
1704088508,22.3602381,114.1256065,1054.0448760986328
1704088509,22.3604066,114.1283259,359.1531524658203
1704094681,22.3574345,114.1188482,95.87757873535156
1704094693,22.3585872,114.1183781,76.0538558959961
1704094696,22.3590267,114.1184409,85.2015151977539
1704094698,22.3593168,114.1184883,183.40536499023438
1704094706,22.3610843,114.118394,277.88340759277344
1704463364,22.342966,114.1320076,246.8993377685547
1704463410,22.3457433,114.1243031,26.922710418701172
1704463688,22.3502873,114.1153679,940.0968608856201
1704463779,22.351069,114.1244848,42.8364143371582
1704463806,22.3511291,114.1248988,44.050926208496094
1704463848,22.3513235,114.1248227,38.093597412109375
1704463894,22.3514201,114.1242901,42.36684036254883
1704463907,22.3515714,114.1236371,76.6742172241211
1704464106,22.3524397,114.1213116,43.12012481689453
1704464321,22.3531624,114.1268783,146.93643188476562
1704464402,22.3537007,114.1245917,100.64867401123047
1704464440,22.3540824,114.1236631,48.58475875854492
1704464712,22.3550897,114.1273742,49.88053131103516
1704464967,22.3564693,114.1269459,195.3322296142578
1704465094,22.3567176,114.1229755,94.33131408691406
1704465114,22.3568643,114.1186078,401.5096778869629
1704465163,22.3570974,114.1238036,93.057861328125
1704465242,22.3574488,114.122225,156.10023498535156
1704465394,22.358015,114.1195534,192.35110473632812
1704465399,22.3579643,114.1271011,378.03611755371094
1704465764,22.3592581,114.1187531,158.6730728149414
1704549277,22.3469971,114.1290852,1088.0498809814453
1704549307,22.3495011,114.134014,1352.6585693359375
1704549353,22.3509784,114.1325635,876.4213256835938
1704549359,22.35119,114.1340448,2450.388442993164
1704549402,22.3520824,114.1311047,151.2761993408203
1704549448,22.3526296,114.1310787,706.7334899902344
1704549575,22.3553584,114.1369705,1335.9418182373047
1704631836,22.3444193,114.1292456,1399.9616088867188
1704631922,22.3454019,114.132309,295.89849853515625
1704632093,22.346236,114.1330235,658.0040893554688
1704632140,22.3465739,114.1318726,814.4921798706055
1704632390,22.350575,114.1306847,563.9188995361328
1704984066,22.3346176,114.1324984,706.7438445091248
1704984098,22.3352528,114.1322832,114.23120403289795
1704984175,22.3358704,114.1319989,45.142534255981445
1704984177,22.3358748,114.1323065,38.86691284179688
1704984203,22.3360332,114.1332763,83.43416976928711
1704984272,22.3366583,114.1373433,2770.176467895508
1704984354,22.3369787,114.131687,95.56036949157715
1704984379,22.3370225,114.1346108,883.5671997070312
1704984432,22.3372593,114.1319213,281.501708984375
1704984459,22.3372913,114.1315819,201.97101402282715
1704984494,22.3373125,114.1407241,1832.094970703125
1704984572,22.3374274,114.1383924,1674.7133178710938
1704984669,22.3383217,114.1402293,739.0696105957031
1704984718,22.3390222,114.1312264,66.10096740722656
1704984721,22.3390782,114.1385048,1148.8014221191406
1704984748,22.3391933,114.1308513,143.7079677581787
1704984795,22.3402167,114.1310664,66.41836929321289
1704984809,22.3409738,114.1303288,198.3319501876831
1704984826,22.3411987,114.1365546,2325.972915649414
1704984888,22.3419456,114.1297795,80.02751922607422
1704984897,22.3422657,114.1299975,42.440528869628906
1704984990,22.3432896,114.1288143,74.67823791503906
1704985034,22.3451834,114.1248235,44.08053970336914
1705336794,22.348124,114.0874695,384.5690155029297
1707528802,22.361129,114.0473967,472.92974853515625
1707528829,22.3614865,114.0468262,419.0072326660156
1707528876,22.3632006,114.0526291,605.4568786621094
1707528976,22.3650127,114.0701478,244.29361724853516
1707528978,22.364775,114.0642646,235.29654693603516
1707529029,22.3653186,114.0563967,484.3903198242188
1707529095,22.365876,114.0719606,122.6860580444336
1707529185,22.3665151,114.0635748,261.64247131347656
1707529199,22.3665796,114.0634337,103.29901885986328
1707529210,22.3666376,114.0636848,445.40087890625
1707529224,22.3666986,114.0634371,159.708984375
1707529226,22.3667585,114.063567,221.28472900390625
1707529253,22.3673063,114.062746,156.1957550048828
1707529298,22.3675382,114.06245,543.7789916992188
1707529299,22.3676521,114.0602352,1947.0151977539062
1707529321,22.367726,114.0857879,254.9234390258789
1707529346,22.3679293,114.0920563,483.6185607910156
1707529349,22.3679861,114.0850582,375.6937789916992
1707529427,22.3683803,114.0627529,248.74024963378906
1707529433,22.3685435,114.0624734,197.01095581054688
1707529468,22.3686595,114.0621763,200.03782653808597
1707529491,22.3687784,114.0602776,335.89898681640625
1707529533,22.3692689,114.0611178,306.64959716796875
1707529555,22.3694882,114.078108,138.05909729003906
1707529566,22.369527,114.0626609,298.33705139160156
1707529567,22.3696622,114.0782405,146.4929656982422
1707529592,22.3698343,114.0780937,124.7743148803711
1707529604,22.3700482,114.0584483,241.88196563720703
1709229186,22.3632026,114.0175883,71.34892272949219
1709229230,22.3635769,113.9989835,125.75519371032715
1709229261,22.3637819,114.0015492,97.99817848205566
1709229300,22.3639962,113.9994189,83.3011589050293
1709229340,22.3642469,114.0133396,89.2806396484375
1709229482,22.3652903,114.0129306,115.8710479736328
1709229493,22.3653889,114.0016491,39.9337739944458
1709229544,22.3656507,113.9976618,217.90484809875488
1709229578,22.365885,114.0133317,136.4397430419922
1709229579,22.3659533,114.0011293,180.05889892578125
1709229606,22.3660582,114.0052384,171.14076042175293
1709229627,22.3661632,114.0059736,72.43013191223145
1709229630,22.3661834,114.0024615,29.30961036682129
1709229669,22.36635,114.0069966,83.57070541381836
1709229674,22.3663777,114.0023368,111.652587890625
1709229695,22.3664209,114.0087955,187.70146942138672
1709229710,22.3664343,114.0069791,66.83745574951172
1709229741,22.3664854,113.995014,317.4650478363037
1709229788,22.3665832,114.016452,583.720365524292
1709229900,22.3672177,114.0140198,93.9027099609375
1709229955,22.3673914,114.0140628,274.4303779602051
1709230013,22.3678157,113.9968093,95.74029541015624
1709230044,22.3679816,113.9966921,249.60213470458984
1709230102,22.3683756,113.99759,138.05035400390625
1709230191,22.3691562,113.9953836,403.89066314697266
1709230209,22.3694788,113.9977379,311.3837471008301
1709230214,22.3695461,113.9967654,223.39371490478516
1709230272,22.3706052,113.9979017,793.3160095214844
1709230284,22.3709097,113.9941644,443.44017791748047
1709230287,22.370973,113.9942754,94.82927703857422
1709230387,22.372891,113.9963668,122.05026626586914
1709230408,22.3732382,113.9962972,109.23749542236328
1709230488,22.3755427,113.9861347,46.490535736083984
1709230521,22.3771063,113.9844373,103.11550903320312
1709230550,22.3784602,113.9812291,45.92111206054688
1709230573,22.379319,113.9803792,105.56929779052734
1709230648,22.3801511,113.9829905,871.9006233215332
1709230669,22.3825338,113.9782836,470.9149856567383
1710825014,22.3850108,113.9760135,2374.3670043945312
1710825019,22.3850447,113.9803115,1160.2769775390625
1710825061,22.3854381,113.9759858,985.7435302734376
1710825095,22.3859598,113.9800526,589.978759765625
1710825097,22.3863075,113.9799556,504.8385314941406
1710825211,22.3876775,113.978738,1055.7615356445312
1710825245,22.388471,113.9787001,551.8109130859375
1710825270,22.3887826,113.9782602,1334.0687866210938
1710825307,22.3898971,113.9783039,559.3609619140625
1710825317,22.3899819,113.9760869,1391.6868896484375
1710825322,22.3897947,113.9777403,496.123291015625
1710825328,22.3900374,113.9772051,589.0220947265625
1710825349,22.390376,113.9786225,553.4759521484375
1710825409,22.3911619,113.97787,818.0673522949219
1710825463,22.3915326,113.9795078,480.650016784668
1710825502,22.3921886,113.98077,351.9706802368164
1710825505,22.3923389,113.977537,480.60162353515625
1710825506,22.392608,113.9785334,411.8712158203125
1710825518,22.3927411,113.9787261,114.99979400634766
1710825519,22.3927997,113.9788358,206.56697845458984
1710825523,22.3935782,113.9771754,443.7358703613281
1710825561,22.3941744,113.9732056,318.0293273925781
1710825588,22.3944694,113.9768265,365.8270568847656
1710825615,22.3949525,113.9768378,341.5501708984375
1710825621,22.3950932,113.9776525,116.91316223144533
1710825646,22.3952172,113.9777388,242.33538818359375
1710825650,22.3959,113.9775256,247.62276458740234
1710825675,22.3969264,113.9764636,214.29427337646484
1710825727,22.399298,113.9732464,571.5704345703125
1710825729,22.3992938,113.9733415,543.5629196166992
1710825750,22.400225,113.9742752,108.271240234375
1710825772,22.4013218,113.9729233,335.70831298828125
1710825804,22.4025806,113.9727788,304.7591552734375
1710825818,22.4028645,113.9727721,707.492919921875
1710825831,22.4032491,113.9743574,3030.0696411132812
1710825841,22.4041424,113.9778623,338.5115051269531
1710825865,22.404411,113.9728032,1360.1758422851562
1710825944,22.405092,113.9671326,1175.42138671875
1710826019,22.4052719,113.9705596,1571.2590942382812
1710826050,22.4054921,113.9721941,1159.6292724609375
1710826057,22.4054731,113.9723897,359.4739685058594
1710826135,22.4058192,113.9764099,389.4640655517578
1710826221,22.406247,113.9782913,766.9940414428711
1710826224,22.4069543,113.9714623,359.54197692871094
1710826226,22.4067391,113.9782191,1097.872817993164
1710826227,22.4069308,113.971353,447.97035217285156
1710826264,22.4073024,113.9672146,1519.6381225585938
1710826266,22.4073448,113.9670943,12368.828186035156
1710826378,22.4083873,113.9705862,192.79592895507807
1710826426,22.408908,113.9697441,202.11468505859372
1710826457,22.4093522,113.9683412,1005.7901458740234
1710826461,22.4093542,113.9711464,277.76768493652344
1710826466,22.4094507,113.9683931,466.3448791503906
1710826538,22.4099884,113.9673917,274.61773681640625
1710826548,22.4099999,113.9672875,1688.4796447753906
1710826553,22.4101318,113.9673191,188.6522216796875
1710826615,22.4125386,113.9694831,128.21215438842773
1710826656,22.414331,113.971752,107.78382873535156
1710826684,22.41494,113.97129,56.90187072753906
1710826712,22.415879,113.971251,185.551176071167
1710883197,22.3907086,113.9776113,783.7959899902344
1710883233,22.3920759,113.9764538,1144.0683898925781
1710883241,22.3925774,113.9751877,1062.603759765625
1710883245,22.3933978,113.9751749,412.3678588867188
1710883249,22.3937723,113.9767192,399.0894470214844
1710906283,22.3951019,113.9762046,361.1958618164063
1710906288,22.3966542,113.9763108,95.1946792602539
1710906289,22.3978224,113.9780572,733.6367721557617
1710906301,22.3994091,113.9775314,101.03223419189452
1710906302,22.399423,113.9774439,101.40098571777344
1710906307,22.4007523,113.978018,124.26535034179688
1710906315,22.4048657,113.9790361,231.88229370117188
1710987939,22.3884198,113.9721822,1656.7685241699219
1710988204,22.4007346,113.9781164,255.05294799804688
1710988263,22.4028046,113.9791935,553.4785614013672
1710988334,22.4049168,113.9791344,643.137939453125
1710988368,22.4053396,113.9823226,161.4253692626953
1710988372,22.4057011,113.9827767,92.74625015258789
1711045060,22.393817,113.9748736,347.7029113769531
1711045099,22.3968237,113.9773574,120.50186920166016
1711045101,22.3968887,113.9774489,116.78043365478516
1711045115,22.3980202,113.9751173,83.90122985839844
1711045149,22.4009268,113.9763851,198.56805419921875
1711045162,22.4016048,113.9763605,166.9947738647461
1711045181,22.4058121,113.9819415,372.38391876220703
1711182941,22.3930447,114.1882123,3042.8142623901367
1712155504,22.3746417,113.9695034,1465.84912109375
1712155528,22.3756535,113.9674564,2101.5362854003906
1712155536,22.3759633,113.9680918,1491.1204833984375
1712155537,22.3759947,113.9667372,8170.800323486328
1712155615,22.3792505,113.9697322,1321.3362617492676
1712155647,22.3807995,113.9643823,5210.638641357422
1712155673,22.3812515,113.9633715,634.743200302124
1712155718,22.3856839,113.9763742,1756.75
1712155759,22.3911125,113.9675189,178.80638122558594
1712456310,22.3857905,114.1872523,837.5892868041992
1713550339,22.4459835,113.9875059,669.0969934463501
1713571252,22.4554442,114.0091087,709.3131799697876
1716515369,22.386402,113.9676595,713.6813812255859
1716515416,22.3881119,113.9682803,535.4439849853516
1716515532,22.3924,113.9692696,232.61824798583984
1716515589,22.3941833,113.9695171,617.7047500610352
1716515602,22.394368,113.96837,461.33631896972656
1716515664,22.39476,113.96829,235.72467041015625
1716515688,22.3948871,113.9697078,300.2254638671875
1716515690,22.3948677,113.9704623,287.1191711425781
1716515706,22.3950836,113.9695897,204.4039764404297
1716515794,22.3959351,113.9723591,894.4313049316406
1716515803,22.3959887,113.9681453,300.7275695800781
1716515821,22.3960816,113.9717254,569.2574157714844
1716515846,22.3962826,113.9708564,509.6812744140625
1716515879,22.396605,113.9694643,274.4398498535156
1716515885,22.3966444,113.9681305,299.2889404296875
1716515888,22.3966683,113.9691465,197.786865234375
1716516084,22.3979327,113.9703854,698.1490325927734
1716516104,22.3981376,113.9695671,834.3448181152344
1716516136,22.3982216,113.9680907,7710.459014892578
1716516380,22.4002188,113.9689419,886.2708435058594
1716516388,22.4002907,113.9697989,549.9635314941406
1716516412,22.400561,113.9678329,309.6215515136719
1716516440,22.4009719,113.9697488,1622.253173828125
1716516443,22.4009508,113.9679108,1252.71923828125
1716516458,22.4009902,113.9672928,2447.592742919922
1716516463,22.4011465,113.971319,1124.6871643066406
1716516481,22.4012404,113.9729378,342.8939819335937
1716516485,22.4011334,113.9660983,6870.829132080078
1716516591,22.4019534,113.9750273,145.83350372314453
1716516838,22.402599,113.9746351,1564.5070190429688
1716516955,22.4026665,113.9772274,288.1773376464844
1716517092,22.4027958,113.9725052,543.4071655273438
1716517140,22.4029104,113.9786277,232.39849853515625
1716517324,22.4034362,113.9709204,4110.344421386719
1716517329,22.403449,113.9786724,474.4158477783203
1716517343,22.4035897,113.9778838,105.67072296142578
1716517397,22.4039184,113.9787658,215.4310302734375
1716517488,22.4043317,113.9680804,2873.2999877929688
1716517567,22.4047806,113.9674426,581.3665771484375
1716517584,22.4048813,113.9731115,747.8001098632812
1716518180,22.4075014,113.9691702,2971.2122192382812
1716518403,22.4079806,113.971656,545.0701293945312
1716518697,22.4093712,113.9677755,769.63671875
1716519074,22.4114609,113.9762198,438.7760696411133
1716519263,22.4121707,113.9755995,138.27000427246094
1716613620,22.3870689,113.9653738,416.56105041503906
1716687520,22.3950997,113.9753839,365.717529296875
1716687567,22.3955013,113.9760361,97.90409088134766
1716687574,22.395602,113.9755882,106.43144989013672
1716687579,22.3957018,113.9751441,386.9517517089844
1716687627,22.3967829,113.9751876,316.5566711425781
1716687694,22.3980266,113.9743108,78.39089965820312
1716687728,22.3990412,113.9759365,324.91502380371094
1716687737,22.3993227,113.9765868,108.80530548095705
1719431933,22.3733291,113.9635647,3168.102249145508
1719431941,22.3734299,113.9625302,76.57099914550781
1719432116,22.3749713,113.9617323,3701.57763671875
1719432372,22.3776903,113.9668363,724.2428588867188
1719432750,22.3814179,113.9745716,475.12333488464355
1719433519,22.3848545,113.9713872,464.3764343261719
1719433840,22.3971323,113.9739786,845.4230041503906
1719974286,22.4582479,114.0589336,97.06714701652527
1719975572,22.45591,114.0673943,86.45371437072754
1719975632,22.4503417,114.0581444,10.48356318473816
1721495996,22.4177692,114.0717695,25.448129653930664
1721496082,22.4212906,114.0633489,242.8748664855957
1721496088,22.4214178,114.0645565,227.2935333251953
1721496131,22.4229895,114.0723579,87.02255249023438
1721496164,22.4248812,114.0754404,253.21026611328125
1721496298,22.4348056,114.0663351,295.23418045043945
1721496313,22.4354142,114.0668583,110.0649185180664
1721496357,22.4379115,114.0660206,118.45922470092773
1721496362,22.4390162,114.0700522,59.85617065429688
1723163089,22.3645826,113.9291786,175.750262260437
1723163192,22.3657353,113.9462718,398.30845165252686
1723163234,22.3662304,113.9471207,64.89198112487793
1723163261,22.3663737,113.9284274,16.07662582397461
1723163336,22.3667904,113.945535,55.789546966552734
1723163339,22.3667457,113.9451599,409.91086864471436
1723163342,22.3667379,113.9479744,145.9586181640625
1723163407,22.3669695,113.9466641,50.07044982910156
1723163416,22.3669791,113.9259373,93.15839195251465
1723163466,22.3671811,113.9273174,108.1552848815918
1723163488,22.3672696,113.930385,115.44489288330078
1723163515,22.3673375,113.9501475,110.77871704101562
1723163527,22.3675669,113.9491402,105.67093658447266
1723163606,22.367885,113.9488314,204.40539932250977
1723163670,22.3681577,113.9261658,238.69906616210938
1723163683,22.368169,113.9491439,60.3859977722168
1723163733,22.3685745,113.9502531,104.03336715698242
1723163798,22.3688833,113.9499392,48.84478759765625
1723163844,22.3690247,113.9303742,118.53316402435303
1723163933,22.3692951,113.9509852,114.05149459838867
1723163943,22.3694199,113.9494055,466.7649269104004
1723163975,22.3696745,113.9287794,102.16883850097656
1723163989,22.3696828,113.9365071,893.6834735870361
1725039694,22.3952571,114.1082572,151.79330444335938
1726097085,22.2867254,114.1577794,75.82698822021484
1735275733,22.4039165,113.9863585,131.32322311401367
1735275759,22.4047494,113.9854197,135.25131034851074
1735275765,22.404955,113.9860415,20.43697929382324
1735275776,22.4051015,113.9858439,35.65135383605957
1735276257,22.4111318,113.9821329,974.3028144836426
1735276315,22.411468,113.9811111,483.26306152343744
1735276725,22.4133876,113.9767145,217.8644561767578
1735276885,22.4140488,113.9789703,748.6530685424805
1735276903,22.4142776,113.9899732,284.38365173339844
1735277218,22.415688,113.9744097,661.6086349487305
1735277222,22.4157175,113.98252,185.9317092895508
1735277337,22.4166287,113.9899054,92.1833953857422
1735277380,22.4171175,113.9855079,331.02502632141113
1735277450,22.4179031,113.9775342,168.73941802978516
1735277453,22.4179828,113.9774582,160.60887145996094
1735277513,22.4182596,113.9916993,476.3420104980469
1735277655,22.4186812,113.9844675,123.74555397033691
1735277771,22.4191934,113.9827716,366.5026321411133
1735277917,22.419686,113.9880958,224.68250274658203
1735278076,22.4202597,113.9813049,217.13958740234375
1735278146,22.4204923,113.9919996,340.32103729248047
1735278273,22.4208975,113.9866241,237.93338012695312
1735278291,22.4210544,113.9841411,155.0346908569336
1735278310,22.4209303,113.9926772,292.2245788574219
1735278481,22.4214908,113.9841646,98.00952911376952
1735278587,22.4220381,113.9969226,169.96440982818604
1735278599,22.4221582,113.9853208,324.2495651245117
1735278639,22.4222335,113.9883722,164.3001594543457
1735278659,22.4223112,113.9839061,89.48783111572266
1735278661,22.4223029,113.988925,137.61711311340332
1735278719,22.4226601,113.9951086,311.7937774658203
1735278789,22.4228942,113.9900628,106.03793716430664
1735278798,22.4229635,113.9944815,360.8408317565918
1735279014,22.4239951,113.9812657,22.483800888061523
1735279141,22.4242963,113.9873263,145.41697692871094
1735279167,22.4244105,113.9869706,209.400390625
1735279240,22.4247359,113.9893322,121.9011812210083
1735279261,22.4249462,113.9878118,75.56368255615234
1735279263,22.4249209,113.9879008,143.13655853271484
1735279293,22.4252195,113.9741089,98.64621686935425
1735279374,22.4265729,113.9889534,65.21694946289062
1735279396,22.4271918,113.9933472,106.49495220184326
1735279406,22.4273353,113.9920992,53.764678955078125
1735279421,22.4276535,113.9925372,36.2700309753418
1735279426,22.4277054,113.9982034,359.9850606918335
1735279438,22.4278606,113.9901264,64.32109069824219
1735279448,22.4282511,113.9905284,101.52356719970703
1735279455,22.428538,113.9922449,54.15313720703125
1735279472,22.4289642,113.9942178,25.20137310028076
1735279478,22.4290435,113.9913134,55.38376235961914
1735279485,22.4292389,113.9941526,33.5953483581543
1735279492,22.4294607,113.9948754,13.202204704284668
1735279500,22.4295992,113.9953405,168.80638027191162
1735279518,22.4298136,113.9914899,110.58838081359863
1735279552,22.4302245,113.9924743,72.71819305419922
1735279553,22.430244,113.9933201,75.58415222167969
1735279569,22.4306523,113.9938173,274.4064712524414
1735279606,22.4312201,113.9923145,189.25852966308594
1735279620,22.4314022,113.9983604,27.35728740692139
1735279631,22.4315892,113.9914326,157.1477870941162
1735279635,22.431529,113.9936018,131.15300750732422
1735279650,22.4321023,113.997737,97.00728607177734
1735279676,22.4325671,113.9927115,105.64324188232422
1735279710,22.4327781,113.993638,184.23771572113037
1735279863,22.4339552,113.9936687,53.26096057891846
1735279869,22.4340321,113.9982457,64.331787109375
1735279872,22.4340927,113.9950224,39.19597339630127
1735279907,22.4345593,113.9937888,34.99016189575195
1735279928,22.434687,113.9921658,75.00307846069336
1735279935,22.4347334,113.9926958,122.94674301147461
1735279944,22.434875,113.995288,7.49440336227417
1735279964,22.4350335,113.9958568,10.536580085754396
1735279986,22.435512,114.0002629,61.5286750793457
1735280025,22.4356687,114.0007237,63.038082122802734
1735280049,22.4357418,114.000292,121.90151977539062
1735280085,22.4362437,114.0015665,256.3194160461426
1735280095,22.4362881,114.000185,150.35384368896484
1735280140,22.4369154,113.9993399,108.89537048339844
1735280160,22.4375405,113.999143,107.60055160522461
1735280165,22.4373481,113.9995268,135.6281967163086
1735280180,22.4374903,113.9917395,185.84110069274902
1735280189,22.4376365,114.0034399,238.2049789428711
1735280215,22.438042,114.0035831,129.51594924926758
1735280234,22.4382971,114.0039772,59.39536666870117
1735280264,22.4385387,114.0050751,136.35091018676758
1735280288,22.4387045,113.9985202,108.08291244506836
1735280298,22.4390616,113.9991255,39.91593551635742
1735280312,22.4389997,113.9962759,8.381769180297852
1735280328,22.4391732,114.0011854,141.0894317626953
1735280331,22.4391872,113.9963552,8.551643371582031
1735280336,22.4392401,113.99778,34.0669059753418
1735280337,22.4392496,113.9958649,6.47569465637207
1735280338,22.439259,113.9954523,25.28582191467285
1735280357,22.439462,113.9990779,25.545522689819336
1735280392,22.4396868,113.9961212,5.282876968383789
1735280419,22.4400871,113.9981886,22.693220138549805
1735280422,22.4401202,113.9964816,9.254277229309082
1735280439,22.4402755,113.9970129,21.317079544067383
1735280511,22.440836,113.9983324,41.60750389099121
1735280552,22.4411277,113.9972146,22.64040946960449
1735280602,22.441383,113.9955072,29.404109954833984
1735280605,22.4414078,113.9970172,17.355419158935547
1735280643,22.4418346,113.9957242,5.748203277587891
1735280644,22.4418408,113.9989331,44.24145317077637
1735280652,22.4416058,113.9987148,19.45342254638672
1735280701,22.4432509,114.0133809,80.88931274414062
1735280707,22.4435072,113.9992963,122.85129261016846
1735280714,22.4436056,114.0032412,58.41024446487427
1735280724,22.444393,113.9992801,304.7115774154663
1735280741,22.4440863,113.9915241,515.1463165283203
1735280757,22.4442596,114.0033646,60.160441398620605
1735280865,22.4458859,113.9826709,61.25718688964844
1735280873,22.4459845,113.982763,62.308441162109375
1735280899,22.4463831,113.999168,46.721527099609375
1735280916,22.4466849,113.9978048,247.41752433776855
1735280941,22.4474263,113.9795868,40.33657455444336
1735280952,22.4475573,113.9799576,42.15746307373047
1735280954,22.4475701,113.9803475,46.13108825683594
1735280979,22.4478845,113.9800302,44.043453216552734
1735280997,22.4482638,113.9793829,119.23555755615234
1735281065,22.4506693,113.9761232,39.373497009277344
1735281066,22.4507082,113.9762868,37.727386474609375
1737484483,22.3512297,114.2521224,124.78752136230467
1737484500,22.3529192,114.2506349,215.03062438964844
1738402376,22.4463215,114.0315165,434.2332458496094
1749628398,22.4464455,114.0059252,60.82392978668213
1749628447,22.4413759,114.0613943,73.03079223632812
1759588236,22.3189572,114.0374758,125.56675148010254
1761768277,22.3234539,114.2144382,726.4219665527344
1765262404,22.432655,114.1010588,96.88317680358887
1765262410,22.4323072,114.1019361,108.1811637878418
1777083399,22.4305748,113.9455387,14.021512985229492
1777083418,22.4356341,113.9484479,12.735384941101074
1777083597,22.4463098,113.9994112,53.33835220336914
1777083602,22.4464746,113.996504,477.07129096984863
1777083624,22.4467235,113.9990649,60.557037353515625
1777083894,22.4497592,113.9900795,20.634756088256836
1777083926,22.4507181,113.9643841,11.28348159790039
1777083991,22.4519276,113.9927807,267.12184047698975
1777084002,22.4523992,113.9731871,121.60141372680664
1777084146,22.4540243,113.9725633,120.37057113647461
1777084226,22.4556308,113.992713,612.326117515564
1777084257,22.4567803,113.993698,3604.0786895751953
1777084263,22.4573304,113.9775852,102.43006896972656
1777084359,22.4595333,113.9852851,6.231949806213379
1777084385,22.4599475,113.9901421,820.5380573272705
1777084410,22.4604231,113.9852443,42.445162296295166
1777084420,22.4608403,113.9897944,290.02142333984375
1777084451,22.4614147,113.9918943,188.6331558227539
1777084455,22.4615754,113.9924827,60.736366271972656
1777084547,22.4636016,113.9835191,43.55118465423584
1777084620,22.4643137,113.9938669,4546.319107055664
1777084674,22.465801,113.9806269,71.09918117523193
1777084790,22.4677245,113.9817625,120.24341583251953
1777130918,22.4468379,114.0052275,56.78128433227539
1777131163,22.4487573,113.9992537,3040.2630004882812
1777131165,22.4491204,114.0146329,259.1384553909302
1777131168,22.4489554,113.9989574,3070.699938774109
1777131230,22.4504432,114.0075746,127.41773986816406
1777131260,22.4513218,114.0089046,121.91526794433594
1777131288,22.4514455,114.011746,49.22025108337402
1777131325,22.4520169,114.0091771,153.75366973876953
1777131396,22.4540705,114.0090185,1904.320613861084
1777131427,22.4546589,114.0093326,239.6392788887024
1777131787,22.4585339,114.0087486,310.11077976226807
1777131840,22.45958,114.0086087,165.36484718322754
1777131946,22.4608784,113.9931296,2294.1101303100586
1777132028,22.4616242,114.0083605,996.6150741577148
1777132044,22.4617975,113.9933551,1060.2349853515625
1777132045,22.4617984,113.9937642,947.9182739257812
1777132149,22.4620461,114.0039643,802.431640625
1777132163,22.4621085,114.0079321,2379.1869506835938
1777132206,22.4621913,114.0083411,469.79888916015625
1777132243,22.462375,114.0096625,220.08474159240723
1777132528,22.464274,114.0034725,8977.745727539062
1777132562,22.4644337,114.0078206,1923.8403930664062
1777132696,22.4660427,113.9981466,1395.6951904296875
1777132705,22.4661132,113.9982671,5225.532470703125
1777132711,22.4661894,113.9980507,1022.7814331054688
1777132718,22.4662747,114.005249,1316.9188232421875
1777132814,22.4669933,113.9955023,1688.4334106445312
1777132821,22.4670829,113.9955422,2621.2077026367188
1777132834,22.46703,113.9953992,850.6963653564453
1777132934,22.4688512,113.999991,10652.473495483398
1777132997,22.4705665,113.9970358,4323.2572021484375
1777133000,22.4702696,114.0024687,4554.556976318359
1777133043,22.4705306,114.0015046,7735.557434082031
1777133061,22.4711306,114.0022215,654.686279296875
1777175024,22.4712363,113.9969257,160.63253116607666
1777175156,22.4765391,114.0052501,1928.627890586853
1777175194,22.4774276,113.9939412,31.189069747924805
1779419947,22.4613117,114.0041657,1839.4610595703125
1779420263,22.4635802,114.0040216,1424.5258178710938
1779420395,22.4640103,114.0042396,747.108642578125
1779420406,22.4640502,114.0041189,753.107666015625
1779420791,22.4654817,113.9969626,5198.777770996094
1779421866,22.4715307,114.0028605,6969.504535675049
1780212416,22.2371599,113.9633947,28.7386417388916
1780212438,22.2372877,113.9630427,27.543380737304688
1781184056,22.2385348,113.9604254,25.37331771850586
1781281010,22.4406384,114.0289073,687.0294189453125
1781281187,22.4428292,114.0356388,455.4394836425781
1783169584,22.4508475,114.0066753,475.4512939453125
1783169597,22.451368,114.0075186,90.60712432861328
1783169639,22.4523908,114.0064197,95.69683074951172
1783169692,22.4531544,114.0035964,5105.6253662109375
1783169713,22.4535573,114.0037183,3937.3060913085938
1783169728,22.4536177,114.0068882,3079.2335205078125
1783169781,22.4541601,114.0071811,419.8811950683594
1783169800,22.4543558,114.0064064,1503.4976806640625
1783169810,22.4544182,114.0011668,1866.1880722045898
1783169852,22.4551298,114.007321,2677.6015625
1783169899,22.4555093,114.0000697,520.1911010742188
1783170014,22.4565898,114.0069091,296.0151672363281
1783170075,22.456751,114.006089,612.3255004882812
1783170175,22.4580678,114.0046604,355.892578125
1783170304,22.4587864,113.9980777,438.3763732910156
1783170309,22.4588225,114.0028528,1214.6317443847656
1783170363,22.4589753,114.0030231,804.8568725585938
1783170448,22.4593895,114.0019663,908.6015014648438
1783170521,22.4595874,113.995267,6294.724166870117
1783170555,22.4596984,114.0061159,362.9706726074219
1783170564,22.4597693,113.9975315,1359.294677734375
1783170664,22.460329,114.0013885,830.4305114746094
1783170696,22.4604281,114.0063332,1772.587646484375
1783170700,22.4604378,114.0014031,1628.1192321777344
1783170782,22.4607136,114.0019751,1252.079833984375
1783171071,22.461973,114.0017193,4213.318115234375
1784785777,22.3219865,114.1581695,317.3516845703125
1784785861,22.4469083,114.0042556,63.43401718139648
1784785900,22.4472396,114.0034103,75.9533920288086
1784786029,22.448006,114.0040449,82.93305969238281
1784786041,22.4481888,114.0037755,88.32252502441406
1784786134,22.4491312,114.0014507,2724.4252319335938
1784786264,22.4498233,114.0016487,795.9503173828125
1784786268,22.4498643,114.002789,3989.77840423584
1784786358,22.4503235,114.0013626,1457.0811767578125
1784786465,22.4508613,114.0024601,4802.6925048828125
1784931777,22.3010393,114.2942068,9.132842063903809
1784931814,22.3042899,114.2915771,10.451997756958008
1784931816,22.3047127,114.2921387,18.88336944580078
1784931821,22.3048594,114.2916647,8.63943862915039
1784931856,22.3062016,114.2919097,31.550281524658203
1784931947,22.429749,114.2423165,494.0432586669922
1784931989,22.431034,114.2397647,113.89456939697266
1784931991,22.4310066,114.2395962,294.25487518310547
1784931995,22.4311538,114.2397637,89.82089233398438
1784931996,22.4311761,114.239591,99.69969177246094
1784931997,22.4311936,114.2397106,89.42093658447266
1784932012,22.432281,114.242212,195.0482406616211
1784932057,22.4333008,114.242434,74.21770477294922
1784932063,22.4335344,114.2422402,180.49897003173828
1785583830,22.3800743,114.1287351,646.1486206054688
1785583840,22.3784364,114.1263326,2744.6129837036133
1786437380,22.3805318,114.1281164,1271.288345336914
1788866059,22.4260697,114.0021006,423.312237739563
1788866177,22.4280694,113.99775,85.14471673965454
1788866312,22.4305828,114.0022955,396.1272888183594
1788866344,22.4323752,113.9981093,52.29561996459961
1788866420,22.4330723,113.9990603,90.92795181274414
1788866439,22.433248,113.9975659,61.7392692565918
1788866447,22.4332678,114.0088773,7.913434982299805
1788866450,22.4332949,114.0087976,11.05422306060791
1788866476,22.4338063,114.0026052,124.59893035888672
1788866477,22.4338221,114.0000832,97.90861129760742
1788866479,22.433811,113.9984197,62.87943649291992
1788866482,22.4338878,114.0090656,27.43496608734131
1788866514,22.4342185,114.0021143,69.44647216796875
1788866575,22.4348611,114.0024496,55.86423873901367
1788866577,22.4349561,114.0073988,236.1843147277832
1788866578,22.4349067,114.012715,97.98857593536377
1788866642,22.4362507,114.0095835,304.4350652694702
1788866684,22.4368395,114.0067383,146.7845916748047
1788866705,22.4373389,114.0089208,258.92455673217773
1788866749,22.4378838,114.0056305,53.34495162963867
1788866751,22.4378894,114.0055621,96.88068008422852
1788866754,22.437852,114.0074667,61.39081573486328
1788866770,22.4379833,114.0056429,62.53326797485352
1788866773,22.438009,114.0042086,64.83871459960938
1788866775,22.4380187,114.0064193,100.2318344116211
1788866817,22.4402318,114.0132981,118.20877265930176
1788866821,22.4402727,114.0142683,224.06611442565918
1788866896,22.4436033,114.0153364,68.97332000732422
1796094900,22.464531,113.9909997,7.764647483825684
1796094914,22.465127,113.9927125,206.883544921875
1796094939,22.4657537,113.9917461,8.08222484588623
1796095810,22.4787147,113.9947637,137.7209234237671
1796095820,22.4794673,113.993662,41.5984525680542
1796171428,22.4474763,114.0098845,318.8127212524414
1796191915,22.4365367,114.0190629,53.97126770019531
1796191924,22.4367771,114.0192013,123.85231018066406
1800325816,22.5314677,114.2037978,94.69119834899902
1800325864,22.5316927,114.2042141,95.40049743652344
1800325901,22.5322916,114.2043736,165.94499015808105
1800326508,22.5450546,114.2242552,59.69730567932129
1800326557,22.5452804,114.2246208,30.9704647064209
1800326594,22.545497,114.2239628,37.533538818359375
1800326674,22.5458785,114.2249262,42.84379196166992
1800326827,22.5477787,114.2221812,302.4521198272705
1800327056,22.550268,114.2230829,528.9789886474609
1800374533,22.5441082,114.2248791,52.88065433502197
1800374535,22.5444148,114.2253984,51.331557750701904
1800866022,22.44058,114.0316258,97.05330657958984
1802128048,22.499129,114.1357646,458.45387268066406
1803892177,22.4262317,114.2389064,1864.1010131835938
1803892226,22.4277802,114.242774,710.7710571289062
1803892227,22.4278042,114.2492046,533.8438568115234
1803892385,22.4290742,114.2496516,839.324592590332
1803892505,22.4302244,114.2531009,487.5195617675781
1803892516,22.4302313,114.2552577,105.18781280517578
1803892519,22.4303554,114.2529233,484.60343170166016
1803892707,22.4321041,114.2549681,618.0782871246338
1805726891,22.4168628,114.2250167,2963.3882446289062
1805727147,22.4225273,114.2275482,3903.495819091797
1806881265,22.4061311,114.222765,171.6371612548828
1807046609,22.3843403,114.2729089,380.6939163208008
1807046627,22.3858582,114.2731754,322.7704391479492
1807309483,22.382074,114.2733792,332.4939422607422
1807309554,22.3843532,114.2752566,73.96070861816406
1807309583,22.3846466,114.2768036,122.71008586883545
1807309614,22.3851691,114.2748143,124.73742294311523
1807333749,22.3799166,114.268924,373.59605407714844
1807959400,22.3773319,114.173947,286.4991149902344
1808396453,22.4627481,114.1971655,1033.0878171920776
1808396460,22.4628492,114.1976112,339.5186710357666
1808396514,22.4665576,114.1975551,718.0509004592896
1808396661,22.4735441,114.2211876,94.44470691680908
1808396668,22.4737344,114.2200124,24.564359664916992
1808396679,22.4749239,114.2198566,82.299729347229
1808396686,22.4753274,114.2200007,101.40286827087402
1808651190,22.293569,113.9432685,1455.4545440673828
1808651197,22.2922867,113.9414813,926.7343444824219
1809540715,22.4567867,114.213865,176.43996810913086
1809540731,22.4570116,114.2135719,34.25636291503906
1809540766,22.4573849,114.2114948,150.4363670349121
1809540955,22.4583379,114.2089228,76.09812355041504
1809540972,22.4584717,114.2081683,63.77783012390137
1809540993,22.4586239,114.2092307,40.02684020996094
1809541606,22.4729032,114.1959803,829.1008033752441
1809541610,22.4728453,114.2066252,348.57951831817627
1809715206,22.3808124,114.2699127,433.4481201171875
1813780602,22.2891584,113.9471329,415.53913497924805
1813780670,22.2905195,113.9507482,839.5598945617676
1813780684,22.2923222,113.9399179,411.5706024169922
1813780693,22.292577,113.9395788,588.7879333496094
1813780700,22.292655,113.9512021,223.4673309326172
1813780714,22.2929868,113.9505343,836.4755096435547
1815946782,22.433584,114.0286191,133.53497314453125
1818523999,22.3831733,114.216507,441.9892349243164
1818524028,22.383284,114.2171649,418.73020935058594
1820302283,22.280718,113.9410463,353.73939514160156
1820302352,22.2872007,113.9408339,97.32163619995117
1822894720,22.2832645,114.1849546,149.30938720703125
1822894759,22.283873,114.1858625,873.9352722167969
1831360702,22.3703993,114.0790399,260.4593505859375
1831721706,22.2962359,113.9355355,67.17843818664551
1831721728,22.2968796,113.9361714,137.66989135742188
1831721795,22.2993443,113.9352075,180.42093658447266
1831721806,22.2997512,113.9363914,33.55857467651367
1831721808,22.2997758,113.9326076,156.16150665283203
1831721836,22.3010801,113.9349546,115.92108058929443
1831721845,22.3011807,113.9350403,87.48989677429199
1831722123,22.3172553,113.9400461,82.36131858825684
1831722224,22.3180315,113.9365709,296.5094223022461
1831722377,22.3194282,113.9389438,111.43933868408203
1831747794,22.2943399,113.9219214,28.67499351501465
1831747799,22.2969247,113.9203576,1320.3725938796997
1831981267,22.2963479,113.9271246,338.21151208877563
1832003632,22.2610042,114.1360831,57.83486175537109
1834170614,22.2941152,113.9231696,192.6933946609497
1834170737,22.3068654,114.013929,205.6626205444336
1834171359,22.329124,114.0325648,216.4880256652832
1834171360,22.3292613,114.0327997,258.2467956542969
1834171558,22.3388081,114.2621802,78.80763244628906
1834932685,22.3721202,114.2576573,430.64734840393066
1836960224,22.2759354,114.2975321,133.21176147460938
1839454922,22.2702263,114.2016024,381.8513126373291
1840098468,22.3612204,114.0437786,611.6278686523438
1840098581,22.3622704,114.044838,1898.77001953125
1840098665,22.3627428,114.0517926,270.3409423828125
1842194297,22.3677248,114.084954,128.8182373046875
1842194505,22.3692286,114.0766529,368.54068756103516
1842194580,22.3695528,114.0986408,1055.9323272705078
1842194585,22.3695015,114.0981177,647.7306060791016
1842194617,22.369961,114.0776767,141.36978149414062
1842194637,22.3702386,114.1009109,381.8157958984375
1842194660,22.3706099,114.1009828,262.8881225585937
1842194667,22.3720947,114.1016044,268.9580993652344
1845717240,22.4056639,114.221678,493.79457092285156
1846616488,22.2255763,113.9274074,22.979137420654297
1846616516,22.2260414,113.9293458,21.740753173828125
1846616522,22.2261993,113.9276374,82.03686904907227
1846616594,22.228196,113.9266675,56.21008682250976
1846849457,22.3754572,114.2738453,244.9195442199707
1846849492,22.3758501,114.2731468,126.8207950592041
1846849569,22.3837205,114.2760349,224.20767974853516
1846849570,22.3840699,114.275615,57.78384017944336
1849951174,22.4233441,114.2139104,87.78697204589844
1851249320,22.2658689,114.2503702,615.8034057617188
1851249354,22.3855931,114.2020998,1007.37939453125
1853720034,22.2409371,113.9810432,6.526738166809082
1855205152,22.2837621,114.1605544,77.79295349121094
1855205155,22.2840475,114.159688,76.07344055175781
1858026677,22.3827095,114.2633982,19.009109497070312
1858026685,22.3830444,114.2623093,119.896484375
1858026811,22.3876887,114.261399,14.733393669128418
1858026826,22.3884818,114.2643788,248.22168064117432
1858026879,22.3889569,114.2613539,14.816030502319336
1858026887,22.389382,114.2605158,21.73084831237793
1863754134,22.4509544,114.1418919,35.283525466918945
1864490832,22.32873,114.1805457,139.1904754638672
1877027660,22.4152146,114.0219977,15.49814510345459
1889335891,22.2423797,114.1578984,1063.4964599609375
1889336022,22.2428095,114.1564888,1767.8753051757812
1890950767,22.250473,114.149042,427.7333679199219
1891382637,22.2481808,114.1477293,407.6656188964844
1900567610,22.368991,114.1135845,1111.500244140625
1921958812,22.2845888,114.1399336,1199.07666015625
1922000260,22.2842037,114.1406634,267.4565124511719
1923609225,22.2823234,114.1265814,521.7015380859375
1925255416,22.3275414,114.2041183,231.22900390625
1925255429,22.3283572,114.2026865,89.58918571472168
1925255482,22.3312362,114.2037318,107.81875610351562
1925255573,22.3331283,114.2046454,168.81554412841797
1925255620,22.3340864,114.2031212,246.7608642578125
1925255663,22.3346186,114.203908,102.27442932128906
1925255668,22.3347514,114.203475,115.35360717773438
1925307147,22.3317762,114.1940423,106.2872543334961
1925307161,22.3319288,114.1931049,205.19330596923828
1933640096,22.3250416,114.2086745,750.950927734375
1933640118,22.3252243,114.2064106,252.03515625
1933640154,22.3253434,114.2063355,226.72349548339844
1933640165,22.3253806,114.2081889,333.5033264160156
1933640220,22.3255642,114.2089808,315.3221435546875
1933640255,22.3258849,114.2085845,294.3616943359375
1933724420,22.3755765,114.1904748,160.22206115722656
1933724428,22.3757942,114.192498,3136.1483612060547
1933724464,22.3766207,114.193926,5869.018508911133
1933724484,22.3786402,114.1964007,159.13665771484375
1933724510,22.3761463,114.1898095,181.8687438964844
1933724535,22.3779341,114.1957498,2393.180908203125
1933757404,22.3261338,114.2073017,473.35520935058594
1939369732,22.308176,114.2114711,503.5217971801758
1947366889,22.3735578,114.1348453,1543.4859924316406
1947367014,22.3750788,114.1344315,866.0376281738281
1949885736,22.332223,114.1953064,857.3614501953125
1951029490,22.4984439,114.1574228,32.24417304992676
1951077528,22.499548,114.178325,69.68962287902832
1951187636,22.3350708,114.1977166,474.2214965820313
1951187641,22.3356475,114.1969069,441.9423828125
1952598379,22.3103309,114.1857405,669.69091796875
1952885031,22.4747672,114.0608346,25.73603129386902
1952885056,22.4707817,114.0615534,50.8288836479187
1952885202,22.474532,114.0766262,18.00034475326538
1952885309,22.475202,114.0761982,5.195411682128906
1952934360,22.4773106,114.0723296,8.491884469985962
1952934363,22.4776369,114.0738399,9.502753496170044
1952934364,22.4780379,114.0756402,45.587626934051514
1952960327,22.4747899,114.0730138,12.073331594467163
1957114649,22.3906764,114.1099568,217.46276092529297
1957239253,22.4924746,114.0680549,81.1275224685669
1957239259,22.4905945,114.072219,17.244852542877197
1957239278,22.4852798,114.0706348,17.2037353515625
1957239283,22.4845975,114.0759206,65.67281794548035
1957239293,22.488559,114.0744149,24.666502714157104
1960216525,22.50925,114.1076513,82.29237174987793
1960246619,22.4983847,114.0968382,169.81263542175293
1960579902,22.4727338,114.0679894,17.113683938980103
1960579948,22.4772177,114.070533,12.955102920532227
1960579949,22.4772484,114.0749417,2.4266157150268555
1960580157,22.4843424,114.0720455,32.143908739089966
1960580291,22.485272,114.0707975,2.3052420616149902
1960580457,22.489054,114.100536,43.35729646682739
1960580518,22.4914628,114.0729879,9.21853756904602
1960580521,22.4917037,114.1028535,4.555798530578613
1960580557,22.4920893,114.0727221,12.146982192993164
1960580587,22.4925323,114.0727454,58.4643976688385
1960580651,22.4941723,114.0727386,69.9423656463623
1960580763,22.4956064,114.101118,21.383522987365723
1961317114,22.5308092,114.2012603,85.72918510437012
1961317116,22.5319345,114.2022254,58.8245325088501
1961369741,22.4734734,114.2230244,181.33406352996826
1961369745,22.4717898,114.2220226,145.35577392578125
1961369809,22.4754959,114.225079,24.48767852783203
1961369834,22.4717139,114.226403,41.75107192993164
1962454999,22.3691899,114.1460863,1096.0545921325684
1966250288,22.3638785,114.0156704,137.97379302978516
1966250296,22.3629924,114.017365,142.4388427734375
1968350183,22.3623259,114.0217743,245.58120346069336
1968350294,22.3635186,114.0228728,21.458969116210938
1968350347,22.3641672,114.0226515,17.561403274536133
1968350379,22.3645757,114.0230362,57.56547737121582
1968359764,22.3646282,114.0212372,217.8025302886963
1973815890,22.3554018,114.1995355,42.44401550292969
1974692376,22.2641697,114.1847689,142.4310302734375
1975052818,22.3322975,114.1705759,417.21185302734375
1975950491,22.3349282,114.1756296,289.4988098144531
1978608856,22.4450667,114.0331597,480.5516357421875
1978609036,22.4473973,114.0319337,611.6829223632812
1978609061,22.4488716,114.0320335,245.68206787109375
1978609094,22.4513622,114.0322802,551.2159423828125
1979749399,22.442024,114.0249884,235.34190368652344
1979749436,22.4425843,114.0249904,317.83453369140625
1979749621,22.444038,114.0291248,429.0334777832031
1984325376,22.4423316,114.0548827,106.67932415008545
1984325377,22.441224,114.0542847,40.21092224121094
1984334649,22.2484523,114.171095,273.62983322143555
1986334587,22.4267314,114.2059084,42.4162826538086
1986334616,22.428168,114.2037125,90.25676345825195
1992279572,22.3943192,114.1980241,93.45325469970705
1992279612,22.3947968,114.1982068,107.49127960205078
1995451454,22.4311286,114.1641169,21.128962993621826
1995451463,22.4310497,114.1699696,82.76253604888916
1995451475,22.431692,114.1642559,43.14465665817261
1995451962,22.4358299,114.1626626,60.84033966064453
1995452384,22.4364884,114.162296,158.12665796279907
1995452807,22.4408914,114.1706469,280.8292579650879
1999074160,22.4474375,114.1647544,610.7414245605469
2001310748,22.5054705,114.1543338,114.22784042358398
2001310755,22.506031,114.1575818,43.4196138381958
2001310758,22.5063501,114.1541142,25.00180053710937
2001310797,22.5070711,114.1567669,70.87519073486328
2001310806,22.5075568,114.157533,73.56622314453125
2001310829,22.508801,114.160706,11.209030151367188
2001310838,22.5090556,114.1607914,76.22400093078613
2001310866,22.5093764,114.157824,291.6696267127991
2003929187,22.5283583,114.1116504,1168.794038772583
2019628818,22.4463827,114.1637543,848.8585815429688
2024801630,22.4555116,114.1721314,767.4666137695312
2024801740,22.4559171,114.1716279,1330.1170043945312
2024802125,22.4622611,114.186648,78.93092346191406
2024802169,22.462385,114.185595,295.1765365600586
2029403683,22.4190446,114.0640153,216.74353790283203
2029403688,22.4191088,114.0634761,401.93170166015625
2029411660,22.4832143,114.1393327,2894.7020416259766
2034557016,22.419546,114.2101943,62.412466049194336
2034597009,22.4140567,114.2074084,40.878204345703125
2034597019,22.4140003,114.2073394,33.34855651855469
2035114210,22.4276693,114.2044805,38.99940872192383
2035774198,22.3356967,114.1650718,2962.8595581054688
2041706390,22.3732489,114.1854483,628.5029296875
2046024624,22.3856755,114.2069482,141.2173614501953
2046024625,22.3870137,114.2083014,1027.8804931640625
2051466619,22.3738849,114.1767199,291.8244934082031
2059552149,22.4297539,114.2372162,1513.277000427246
2078243166,22.2971207,113.9325715,228.82808303833008
2078667454,22.3318158,114.216283,1058.0432434082031
2078667614,22.3328759,114.21218,2362.711700439453
2081884303,22.2347453,113.9567038,69.09447288513184
2081884314,22.234175,113.9559488,84.0656247138977
2081890250,22.3042764,114.2555223,560.9178466796875
2081890258,22.305383,114.2551164,2074.4450073242188
2081890259,22.3075445,114.2640351,1515.2408599853516
2081890273,22.3034696,114.2568121,1418.7309112548828
2081890280,22.3048146,114.25884,2269.347854614258
2081890285,22.3040714,114.2555268,375.1920166015625
2081890294,22.3036962,114.2565226,464.4585876464844
2081890300,22.3051348,114.254467,2158.6087646484375
2086857083,22.3757677,113.9862267,428.3184280395508
2092336418,22.3500383,114.1941228,7931.092529296875
2099691730,22.4694959,114.1470805,168.00399494171143
2099691849,22.4718815,114.1526258,89.16163158416748
2099691876,22.4724402,114.1521159,28.665827751159668
2099691878,22.4724872,114.152525,37.70074844360352
2099691895,22.4730891,114.1532457,70.02101230621338
2099691904,22.4729126,114.1559659,28.126535415649414
2099691908,22.4737592,114.1515026,43.64583683013916
2099691949,22.4752001,114.1521254,33.01073455810547
2099691973,22.4759927,114.1519569,23.016733169555664
2099691974,22.4760086,114.1523311,32.726959228515625
2108763893,22.3849623,114.2750991,66.75762939453125
2109227088,22.4356362,114.1930602,190.32946014404297
2121250626,22.4215456,114.0752,28.509224891662598
2121250644,22.4221451,114.0739963,187.65091276168823
2121250646,22.4221892,114.0751223,82.9994010925293
2130960806,22.3160823,114.2449409,78.82986831665039
2130960836,22.318188,114.2439341,142.12731170654297
2138566009,22.374946,114.1911995,1743.107795715332
2146400013,22.4688685,114.0704227,44.172324895858765
2151442286,22.4174786,114.2123557,135.0816307067871
2151442294,22.4176389,114.2123984,75.8553466796875
2154504575,22.4347125,114.336733,108.01362419128418
2154564983,22.4473466,114.0401727,95.68140411376952
2155483576,22.4933431,114.1009313,25.00965714454651
2156099261,22.4690496,113.9838891,335.52048540115356
2156454222,22.3524695,114.1068157,281.0281982421875
2156454234,22.3562574,114.106912,1119.827880859375
2156454256,22.3527601,114.1076111,398.60858154296875
2156454273,22.3542884,114.1070608,1586.8043365478516
2156454290,22.3547161,114.1068717,2028.2022094726562
2156454319,22.3525009,114.1074823,308.00555419921875
2156462437,22.3574434,114.1011948,381.4060974121094
2156462478,22.3573891,114.1017939,390.0543518066406
2156462487,22.3572966,114.1017289,1406.928955078125
2156884863,22.3527528,114.1012084,312.8831787109375
2156884901,22.3528842,114.1015716,305.9574279785156
2156884920,22.3530503,114.1020003,837.3213195800781
2156884972,22.3524621,114.1044776,4149.8857421875
2156912655,22.306475,114.2223761,98.05402374267578
2156912668,22.3072594,114.2236627,70.09123229980469
2157588608,22.329452,114.090834,100.36127853393555
2159769432,22.3505713,114.1055892,3459.7470092773438
2159769451,22.3508046,114.106767,285.2117004394531
2159769453,22.3502829,114.106597,5052.89404296875
2159769475,22.3518113,114.1058421,1140.2669677734375
2159996776,22.3725276,114.1057425,165.37196350097656
2159996790,22.3724182,114.1056646,160.13955688476562
2160413902,22.2999826,114.2320886,289.85186767578125
2160492016,22.3091671,114.2377318,4476.175842285156
2160507423,22.3110664,114.23216,1007.1553955078124
2163266045,22.3047987,114.2614262,2436.1752014160156
2163266068,22.307567,114.2612816,2093.1409912109375
2163266096,22.3067578,114.2614068,2565.947265625
2163965913,22.3162061,114.2573019,1668.3531494140625
2163966095,22.3164894,114.257394,1405.3629760742188
2168296875,22.4659289,114.0533106,180.25518417358398
2168297466,22.4716412,114.053611,29.147584915161133
2168297471,22.4716956,114.053643,32.050315856933594
2168297523,22.4726813,114.0540782,1600.1612014770508
2168297535,22.4728434,114.0510578,791.9655151367188
2168297550,22.4734965,114.0512934,1779.2464599609375
2168297647,22.4757362,114.0534246,210.75079536437988
2168297711,22.4766276,114.054714,27.742213249206543
2168297737,22.4774828,114.0552563,125.27263259887695
2172886225,22.4720708,114.056509,86.01609420776367
2172886234,22.4731536,114.0562583,444.5493583679199
2178166263,22.444649,114.1760459,50.4550895690918
2178560248,22.4424651,114.1777442,66.9085922241211
2178560253,22.4429414,114.1768643,108.65630722045898
2178560281,22.4447321,114.1763751,393.8855895996094
2179628492,22.4618813,114.1518793,1007.915605545044
2179716032,22.3758145,113.9931096,950.5524597167969
2191094032,22.4399813,114.0604111,72.53506851196289
2193685792,22.2432895,114.151078,877.2476806640625
2193685824,22.2433321,114.151626,1266.8023681640625
2193685844,22.2428747,114.1547044,2369.1060791015625
2193685908,22.2438145,114.1508081,2284.8582153320312
2194466212,22.3982952,114.2019347,211.06190490722656
2195625685,22.3501052,114.0871835,78.57754516601562
2196657989,22.2897055,114.2734452,249.91893005371094
2197546589,22.4321988,114.00255,308.92345428466797
2197831223,22.3067205,114.2587782,676.3207397460938
2197831234,22.3065913,114.2587931,2230.9938354492188
2199141188,22.3081224,114.2112159,97.13866424560547
2199457437,22.2884543,114.2123716,552.4076538085938
2199726464,22.3700137,114.2683691,461.1383571624756
2199881387,22.3815823,114.1348985,610.1303100585938
2200310474,22.3056228,114.2525079,1406.1463623046875
2204318638,22.304206,114.2535256,662.3031005859375
2207999967,22.4622774,114.1502224,179.01978302001953
2208339291,22.3027572,114.1775126,150.728759765625
2208339310,22.3032512,114.177468,155.57009887695312
2213577625,22.3215762,114.2581621,788.6471557617188
2222534605,22.2633813,114.1893752,144.8609161376953
2232082988,22.3287601,114.2135466,1077.1478576660156
2232083179,22.3283598,114.2140775,876.7403869628906
2232083195,22.3293518,114.2121178,641.1784057617188
2241016631,22.4108895,114.2099259,152.87697219848633
2246024722,22.461917,114.1517842,102.90966033935547
2251798415,22.2730593,114.1634487,139.89137268066406
2280300926,22.3303281,114.1798788,144.13714599609375
2280302647,22.3287112,114.1792321,171.82638549804688
2280302655,22.3289956,114.1792533,165.78477478027344
2285675770,22.2750356,114.1777911,124.0945816040039
2291194568,22.3034161,113.9778235,37.388633728027344
2294263259,22.3333253,114.0325075,645.9208984375
2295759000,22.3832365,114.2718771,364.9918975830078
2296597394,22.313442,114.2233679,182.08258056640625
2296605228,22.3151582,114.2201129,1967.2838134765625
2298602007,22.4053754,114.2230743,1210.9664001464844
2312246071,22.3162325,114.2481735,55.31194686889648
2312246086,22.3157234,114.2439728,918.6820793151855
2312246119,22.3163427,114.254053,674.0513610839844
2319181387,22.4615184,114.1518259,303.72107696533203
2319181389,22.4615214,114.151768,52.17044448852539
2319181392,22.4614807,114.151764,395.1820526123047
2321414009,22.3828519,113.9694056,612.5104675292969
2321463439,22.3834786,113.9685735,1110.3499069213867
2323041382,22.3709327,114.1206869,380.6786804199219
2323041438,22.3711217,114.1204613,961.6165466308594
2333122916,22.3500714,114.0582261,136.46197509765625
2334078567,22.3503682,114.060691,98.1729736328125
2334984719,22.2961643,114.0122052,68.53319549560547
2334984750,22.2963515,114.012195,74.35418701171875
2335432817,22.3446299,114.1794591,440.46105194091797
2337019266,22.415385,114.2130267,274.9756546020508
2337019285,22.4185204,114.2135782,119.51782608032227
2337065290,22.4102106,114.2131565,699.2224617004395
2338167691,22.3584196,114.1737016,1963.5513610839844
2338322453,22.3706939,114.1738644,458.80287170410156
2338361776,22.3726502,114.1750468,282.7511901855469
2344185445,22.3170082,114.2081105,75.05375671386719
2345781806,22.2821702,114.1732227,220.40966796875
2351222090,22.4516366,114.1566673,491.5755310058594
2351268971,22.4524669,114.1583991,1007.10693359375
2351268988,22.4519872,114.1585754,6286.1302490234375
2355888876,22.3473309,114.0605557,144.26457977294922
2355888888,22.3539334,114.0838351,273.04119873046875
2355888901,22.341916,114.0519067,603.4256725311279
2358140946,22.4509957,114.0227442,3394.1705932617188
2358205396,22.4491981,114.0213335,961.913818359375
2364176287,22.4039444,114.2076527,727.1651268005371
2364176516,22.4052936,114.2068532,205.94124603271484
2365741861,22.2641627,114.2486027,1284.2861938476562
2366350201,22.4433578,114.0222174,745.0872497558594
2366350214,22.4424104,114.0222141,1137.509880065918
2366375002,22.4421543,114.0239235,525.8632965087891
2367577854,22.4385529,114.0220714,171.82249450683594
2367731820,22.4467132,114.0234803,487.3817138671875
2367787523,22.4473621,114.0242094,424.3123168945313
2371375066,22.3486308,114.1042943,1204.6272926330566
2371375074,22.3487337,114.1043355,4017.1562271118164
2373085253,22.2904209,114.2079836,385.4123840332031
2386125040,22.4198695,114.2041843,21.43239021301269
2386125061,22.4198723,114.2043506,26.104681968688965
2387027559,22.4200979,114.2140408,226.6156883239746
2387608506,22.4275701,114.2046326,21.196367263793945
2389070853,22.3248567,114.1633036,696.1834716796875
2390560650,22.3008341,113.9740226,125.73084259033203
2391111079,22.3656017,114.1273163,4899.74267578125
2392854598,22.4371807,114.067658,60.155216217041016
2392854599,22.4385597,114.0627109,101.16513633728027
2392856841,22.4402041,114.0740688,156.53955841064453
2392857812,22.4425406,114.0837901,133.10014009475708
2392861847,22.4412617,114.0835133,434.34451818466187
2392914860,22.4161154,114.066652,28.34426975250244
2392914867,22.414514,114.0650643,14.652377128601074
2392914870,22.4121976,114.0635635,15.014606475830078
2392914872,22.4112331,114.0631793,18.950060844421387
2394103679,22.2924077,114.20294,2282.6414794921875
2394103746,22.292591,114.2038491,773.2008666992188
2398444753,22.3580458,114.0190991,356.0589599609375
2399530788,22.2567049,114.1342056,152.74758911132812
2403562255,22.3960517,113.9737001,261.2187194824219
2405720821,22.3205896,114.2231333,1106.02734375
2405903429,22.3267571,114.2043695,95.03433227539062
2408448739,22.2867358,114.1316979,903.8704223632812
2408518738,22.3160697,113.9974773,341.8724708557129
2408584411,22.3099059,114.2301835,552.7339477539062
2410120877,22.388593,113.9791951,1081.0252685546875
2411745271,22.5149487,114.0720252,321.30085849761963
2414714348,22.2861421,114.1606536,106.55056762695312
2416574067,22.5170831,114.1164786,393.57333278656006
2416591523,22.5249819,114.0954726,1802.4911932945251
2416603362,22.5152195,114.074202,21.12619972229004
2418770847,22.5031495,114.123874,72.44173431396484
2424053076,22.2691704,113.9310833,194.44738006591797
2424053329,22.5176855,114.1658498,290.088773727417
2424053465,22.5350187,114.1629314,25.99104619026184
2424053469,22.5352515,114.1625793,7.259401559829712
2424053474,22.5354053,114.1630244,4.5975868701934814
2424053477,22.535547,114.162949,12.236232995986938
2426845571,22.5406643,114.1434098,93.16198468208313
2426845763,22.5439708,114.2165908,31.26072120666504
2426845977,22.551563,114.1571911,3.075831651687622
2426845989,22.5520074,114.1560412,5.0574259757995605
2426846011,22.5522362,114.1573734,4.898924350738525
2426846032,22.5524157,114.156542,4.937127113342285
2426846039,22.5526079,114.1561594,6.971567153930664
2426846041,22.5523792,114.1641859,231.19491982460022
2426846074,22.5535217,114.1629795,5.489680290222168
2426846292,22.5561536,114.1626547,13.466765403747559
2426846464,22.5578953,114.1643379,27.67093849182129
2426846513,22.558406,114.1652708,850.0767793655396
2426846521,22.5585436,114.1643139,208.78835010528564
2426868646,22.5293233,114.1380143,63.8230414390564
2426868687,22.5318972,114.1417109,89.59487819671631
2426868775,22.53557,114.133136,139.26094388961792
2429183679,22.3378032,114.1378654,2256.707763671875
2429183683,22.3399741,114.1388166,388.6907653808594
2439950778,22.3389059,114.2618582,69.21794509887695
2439950793,22.3386504,114.2620813,228.0803050994873
2439986129,22.3397108,114.2596412,137.25782012939453
2441531462,22.4185684,113.9230831,62.912646770477295
2441575729,22.4011482,113.9173003,74.99585247039795
2441575735,22.4009814,113.9158491,78.43446254730225
2441575745,22.390721,113.919949,21.72575569152832
2442164047,22.2519374,114.1778546,98.6518325805664
2454355466,22.3320206,114.196575,127.46715545654295
2476609844,22.3716429,114.0762186,1006.4545593261719
2477396677,22.4682712,114.0434484,109.79977178573608
2477409128,22.4257777,113.9399432,387.6360740661621
2484962056,22.5119278,114.0790471,34.053964614868164
2484962306,22.5152434,114.0818346,7.737472057342529
2496629707,22.279066,114.1630188,85.79055786132812
2496629713,22.279121,114.1625454,84.73368835449219
2496629807,22.2796083,114.1659468,72.03575897216797
2496630004,22.2812119,114.1629863,63.46370315551758
2496630063,22.2821589,114.1597904,53.40248489379883
2498627579,22.2773598,114.175878,424.0623474121094
2502987643,22.4301769,114.0767443,23.955284595489502
2503503935,22.4144957,114.0705191,142.3386869430542
2503503958,22.4131904,114.0707373,153.99535751342773
2504700182,22.4014616,114.2813338,29.03047561645508
2510407197,22.2637122,113.9984217,163.5155372619629
2510410707,22.2636919,114.0018304,36.978797912597656
2510410716,22.2638688,114.0019401,87.86110305786133
2510642520,22.3232266,114.2690815,95.21936416625977
2510642523,22.3226463,114.2690503,95.34870910644533
2511189436,22.4451898,114.1782725,1005.8544311523438
2511253696,22.4458575,114.1671016,312.0299987792969
2512279124,22.3552063,114.1023175,328.869873046875
2512279128,22.353255,114.1025472,1670.3095703125
2512279137,22.3529593,114.1066777,814.0060424804688
2512279162,22.3592847,114.1027792,680.7887573242188
2512283627,22.3526901,114.1010352,1049.6119384765625
2514325158,22.3602753,114.1142918,480.3705024719238
2514542974,22.2533755,113.8673522,146.69594764709473
2514617957,22.4559197,114.1650487,31.728805541992188
2514673438,22.4511684,114.1574893,1859.8285751342773
2514673441,22.4569112,114.1627154,28.06434440612793
2514673445,22.4575835,114.163051,59.52903461456299
2517093907,22.4387601,114.0262905,273.7881774902344
2517093908,22.438874,114.0264268,177.93155670166016
2517247600,22.4225131,114.045188,81.95654964447021
2517247604,22.422275,114.0458472,64.08108043670654
2517247633,22.4428037,114.1284502,88.6557502746582
2517284501,22.4649551,114.1815083,4.638352870941162
2517397286,22.4313759,114.2032749,44.871429443359375
2517506057,22.3571759,114.0822008,291.3854522705078
2519392520,22.440459,114.0434427,71.1948938369751
2519392523,22.4411284,114.0435071,73.25234031677246
2520279129,22.5102127,114.1605706,130.77679014205933
2524864899,22.3292895,114.2016464,105.71506309509277
2524864928,22.3283687,114.2006524,138.16852951049805
2524977344,22.4303372,113.9460886,203.61155319213867
2525357139,22.4461319,114.1403827,26.299519538879395
2525357307,22.4461332,114.1382986,161.13829040527344
2526358922,22.4802718,114.1581274,9.824735403060913
2526358928,22.4802241,114.1589609,3.411675453186035
2526358933,22.4796039,114.1589415,3.537508487701416
2526822451,22.4339742,114.1620852,51.418368339538574
2526958091,22.3232361,114.2043558,146.17449951171875
2527973367,22.440836,114.0971353,32.76383638381958
2527973405,22.4412029,114.0963127,9.956354141235352
2527973410,22.4418854,114.0968379,24.04161500930786
2527973415,22.4437343,114.0965998,7.463265895843506
2527973420,22.4418167,114.0945794,87.378981590271
2527994794,22.4255313,114.1027736,231.84332656860352
2527999951,22.4167221,114.0760654,18.639994144439697
2527999980,22.4165805,114.0753507,6.3108344078063965
2528006356,22.4377218,114.066614,104.24306869506836
2528021074,22.4379941,114.0676825,80.63554763793945
2528021078,22.4395866,114.0674601,29.97323036193848
2528021082,22.4391151,114.0635248,31.822221755981445
2528021083,22.4400645,114.0628531,36.43175506591797
2528021088,22.4416025,114.0626459,34.1784553527832
2528032208,22.4472192,114.0811,216.28819370269775
2528060192,22.4978145,114.0746769,16.30000114440918
2528060194,22.4967661,114.0753985,78.27462196350098
2528060220,22.4967999,114.0734798,19.95025062561035
2530142270,22.2758144,113.9335356,42.4339714050293
2531008276,22.2825328,114.1768446,815.9267578125001
2531333922,22.3656098,114.0116038,313.02585220336914
2531347578,22.3663412,114.0024833,63.78549385070801
2531385556,22.3641045,114.0184642,258.92534255981445
2531385557,22.3640023,114.0183574,71.34119415283203
2531434039,22.4267015,114.2635027,35.06000518798828
2531469748,22.4251453,114.2117171,104.2123031616211
2531469749,22.4252226,114.2115639,312.8276596069336
2531544523,22.4674549,113.9842359,140.5034637451172
2532025164,22.4627302,114.1481362,99.7775650024414
2532025198,22.4641841,114.1487941,43.97475051879883
2532025215,22.4654221,114.1476165,109.81494903564453
2532025219,22.465345,114.1484186,91.82948303222656
2532029722,22.4627649,114.1468742,177.8185272216797
2532029729,22.4634336,114.1469093,34.99335861206055
2532212162,22.4493575,114.166633,334.1080017089844
2532231938,22.4519416,114.0982825,81.61671257019043
2532937323,22.32595,114.2022766,114.48059463500977
2533293536,22.4117287,114.0174557,145.66971015930176
2533293537,22.4118737,114.0173893,63.22635459899902
2533293546,22.4125321,114.0189684,83.55788707733154
2533293554,22.4148877,114.0208889,29.39071559906006
2533338077,22.4340105,114.0264845,397.63643646240234
2533351665,22.4324399,114.0314374,76.13529586791992
2533351676,22.426923,114.0353873,13.8308687210083
2533351689,22.4255035,114.0373022,13.996467590332031
2533351722,22.4267544,114.0350547,17.545320510864258
2533368760,22.4219736,114.0353011,29.793731689453125
2533368776,22.4212868,114.0362734,102.84036827087402
2533368812,22.4188301,114.0264194,110.85166931152344
2533385614,22.429241,114.0286447,692.4097290039062
2533385625,22.4251708,114.0270245,15.995073318481444
2533385630,22.4244875,114.0264951,16.117666244506836
2533400201,22.4216649,114.0195512,44.82466697692871
2533400202,22.4211535,114.020536,14.679593086242676
2539399248,22.2944766,114.0256247,6095.476226806641
2539439851,22.3075735,114.0163277,79.83656311035156
2541157040,22.443379,114.133715,85.20584106445312
2541157064,22.4428243,114.1324459,22.285293579101562
2545282593,22.3059948,114.1890277,544.1364135742188
2546377019,22.4138781,113.9751887,480.70337677001953
2555609168,22.3166225,114.2710934,141.66082000732422
2555609220,22.3163133,114.2703125,63.58049011230469
2555615369,22.313769,114.2683358,280.78625106811523
2556775251,22.2799576,114.182628,365.0200500488281
2556822835,22.2822218,114.1921987,635.4158325195312
2557844148,22.3193004,114.2365808,249.3702545166016
2557844162,22.3262106,114.2306268,867.6483154296875
2557844188,22.3277587,114.2302652,405.92649841308594
2557844191,22.3276311,114.2305461,273.46539306640625
2557844281,22.3262062,114.2307163,1030.3307571411133
2557844294,22.3191762,114.2366886,237.7239532470703
2557859878,22.3209526,114.2333993,1510.9079284667969
2557859886,22.3210011,114.2334719,931.6079559326172
2557863785,22.3192859,114.2368833,412.42718505859375
2557998262,22.4718133,114.2273633,97.25281143188477
2557998288,22.4733584,114.2267223,52.27615547180176
2557998304,22.4734857,114.2259226,48.656185150146484
2557998317,22.474376,114.2257453,38.76118469238281
2557998344,22.4745216,114.2265652,15.306439399719238
2558022903,22.325028,114.1991058,170.6080150604248
2558022910,22.3244717,114.1994509,76.45835876464844
2558022928,22.3159741,114.2035916,46.32932662963867
2558022929,22.3259201,114.1986146,22.74514961242676
2558033404,22.3313367,114.1970534,135.998197555542
2558033418,22.3282364,114.1943772,359.14050483703613
2558033462,22.3256036,114.1916039,444.2432632446289
2558033473,22.3272339,114.1933135,164.5110034942627
2567790730,22.454812,114.1507994,298.706205368042
2567790733,22.452514,114.1524791,483.3920097351074
2571020492,22.4579091,114.1581837,10.231229782104492
2571020498,22.4578831,114.1584358,60.15426063537598
2571020501,22.4579733,114.1581764,576.6281242370605
2571020541,22.4558703,114.1584385,14.543123245239258
2571031567,22.4578655,114.162614,176.06734418869019
2571271471,22.2833265,114.2208723,857.9083251953125
2600050362,22.280778,114.223384,859.6786499023438
2603493203,22.2648746,114.2514899,647.7196655273438
2606167483,22.285475,114.2208635,1071.3946533203125
2609917525,22.50255,114.1319852,272.7007141113281
2609917661,22.5028226,114.1319922,363.95355224609375
2609923032,22.5154491,114.1262923,881.3790702819824
2612242134,22.2715177,114.1302284,306.72047424316406
2613114068,22.4008459,113.9682019,310.6614685058594
2613114069,22.4008901,113.9697583,568.855224609375
2613114080,22.4010617,113.9713281,880.5487976074219
2613523868,22.269718,114.12743,144.0504150390625
2614782477,22.3448865,114.1815053,119.2439956665039
2614782635,22.3703751,114.1887409,461.75328063964844
2614791420,22.3582356,114.1730922,1711.5037841796875
2616048110,22.3974051,114.20219,656.1320304870605
2616048232,22.3987952,114.2025976,285.78035163879395
2616048280,22.4012642,114.2017278,75.95906066894531
2616048445,22.4156515,114.2140875,268.42315673828125
2616048486,22.4222918,114.2141725,122.71570968627933
2623068067,22.4273501,114.2392847,204.219482421875
2623068073,22.4274847,114.2396943,1366.1181030273438
2623068077,22.4278685,114.2388326,161.81483459472656
2623068081,22.4281598,114.2407512,750.8056640625
2623068082,22.4281102,114.2402294,299.9130859375
2623068087,22.4282579,114.2408553,764.583740234375
2623068091,22.428378,114.2394353,199.0663299560547
2623068096,22.4287133,114.2413702,761.7960815429688
2623068102,22.4290048,114.2398972,138.65057373046875
2623068107,22.429039,114.2407167,297.0087280273437
2623068112,22.4292002,114.2413472,728.9524536132812
2623068113,22.4291989,114.2400787,238.4110412597656
2626737797,22.3832562,113.9781783,105.82979583740234
2629471728,22.3942696,113.9750987,374.9087524414063
2630509363,22.3651167,114.0056723,127.79549598693848
2632515672,22.4963294,114.0670495,499.7311680316925
2632515715,22.5056586,114.0582503,48.8854398727417
2634618234,22.4177602,113.9921855,384.2495651245117
2639411203,22.3189568,114.2707228,266.5862350463867
2639464982,22.3958702,114.2830461,152.78695678710938
2639464992,22.3965792,114.2859702,74.34114837646484
2639464996,22.3967355,114.2817224,137.0489387512207
2639465001,22.3969119,114.2857608,148.85834503173828
2639465011,22.3972483,114.2865165,279.2241973876953
2639465015,22.3975527,114.2863098,72.43970489501953
2639465023,22.397987,114.2815009,316.4134216308594
2639465038,22.399058,114.2838317,64.65643310546875
2639465048,22.401105,114.2805836,75.36352443695068
2639465161,22.4155855,114.269985,141.2569808959961
2639465183,22.4167812,114.2695708,143.26410675048828
2639465669,22.4274254,114.2632715,87.0117597579956
2639465783,22.4280558,114.2584558,416.0281620025635
2639465987,22.4302764,114.2562548,329.18102264404297
2639465993,22.4303455,114.2559118,93.98428344726562
2639744183,22.3243515,114.1707464,517.1397705078125
2639744184,22.3224248,114.1711457,1901.4263610839844
2639744193,22.3197996,114.1716887,625.1029052734375
2639744195,22.3212871,114.1713815,1049.6700134277344
2653223035,22.368916,114.1896416,1596.7764434814453
2663121240,22.27968,114.22822,2583.0184326171875
2663123732,22.27968,114.22813,1354.3232421875
2663131703,22.28217,114.22813,1414.6650390625
2663216801,22.4895621,114.0859411,56.00633144378662
2663217577,22.4928424,114.0872431,27.061219930648804
2663218242,22.4977085,114.0752764,23.236949920654297
2663218300,22.4982292,114.0751472,15.898412704467772
2663218382,22.4983023,114.0737925,8.682037353515625
2663218388,22.4984528,114.0755506,25.0584659576416
2663218582,22.4992244,114.0743652,27.32221221923828
2663218586,22.4992288,114.0758762,43.760427474975586
2663218593,22.4992856,114.0751624,10.931082725524902
2663218698,22.5004649,114.0765488,50.83550834655762
2665217895,22.28047,114.2265,3937.1436767578125
2666817561,22.3737605,114.1788295,722.3304443359375
2666817594,22.3738896,114.1761865,271.1829833984375
2666817711,22.3745762,114.1799914,645.849853515625
2666818430,22.3763598,114.1822409,277.68170166015625
2666818933,22.3773437,114.1784161,689.9098510742188
2666818935,22.3772971,114.1791835,724.6175537109375
2666819120,22.3778411,114.1843977,398.73565673828125
2666819123,22.3777756,114.1806723,352.77642822265625
2666819133,22.377896,114.184232,549.8976440429688
2671143228,22.4331442,114.2007216,440.79119873046875
2672955878,22.3786276,114.1860664,570.9212036132812
2672955881,22.3790405,114.1873443,286.33465576171875
2674872589,22.3422384,114.109214,226.6774024963379
2674873426,22.34511,114.1118525,46.14176559448242
2674873495,22.3453094,114.1118613,47.26559066772461
2674874517,22.3495147,114.100648,1667.4461669921875
2674874741,22.3505447,114.1009398,6730.793670654297
2677094772,22.346678,114.1414096,860.8587493896484
2677094791,22.3454135,114.1428259,404.1462707519531
2677104582,22.3810969,114.2694824,146.15675354003906
2685070696,22.2400491,113.9768738,43.8060622215271
2685161444,22.3629439,114.1148843,1345.0712890625
2685161479,22.3636689,114.1140411,1451.7340087890625
2685161488,22.3625614,114.1151117,98.27294158935548
2686827790,22.279413,114.229357,1182.322998046875
2688575200,22.2708703,114.1781811,113.72761535644533
2689360489,22.3400056,114.1833356,147.54351806640625
2689360839,22.3408205,114.1837148,146.00750732421875
2690901498,22.335617,114.2084168,270.8150634765625
2694634180,22.282307,114.2281447,3544.6359252929688
2694685648,22.2827722,114.222974,757.3772583007812
2694689181,22.2820368,114.2238282,618.2457275390625
2694690479,22.2816548,114.2245149,1488.999267578125
2694704580,22.2815943,114.2244742,708.0527954101562
2694745278,22.2829898,114.2231986,702.8764038085938
2694757125,22.2836123,114.2222164,1148.119140625
2697672568,22.3635925,114.0163959,136.58897399902344
2701442931,22.3417219,114.1927774,2677.6986389160156
2701442972,22.3420627,114.1902138,1094.7391967773438
2701445371,22.3463603,114.1990151,725.9221801757812
2702201683,22.228736,114.2555408,106.6254711151123
2703756796,22.3612194,114.1126204,393.1532897949219
2709024595,22.3241039,114.1538849,243.04946899414065
2709024610,22.3237496,114.1535741,1516.3801803588867
2716903492,22.3431146,114.1439067,671.2406921386719
2717008947,22.3821412,114.137019,707.1808776855469
2717008968,22.3823926,114.1379209,131.27220153808594
2717008978,22.3829738,114.1383872,394.92958068847656
2717008980,22.3834941,114.1393988,462.87035369873047
2717049214,22.4181828,114.2020205,111.27911376953125
2717049217,22.4195591,114.1999719,69.34525680541992
2717049219,22.419576,114.1998489,33.75339126586914
2717049241,22.4252073,114.1965482,17.81380844116211
2718287036,22.28079,114.1869752,175.0396270751953
2718296121,22.2852156,114.1907778,177.7642822265625
2719227999,22.2821899,114.1919139,196.53924560546875
2736510372,22.4091335,113.9144823,27.558012008666992
2736584274,22.3700512,113.9283094,41.46310043334961
2736584277,22.3708184,113.9272114,328.47100257873535
2754770542,22.306099,114.1658037,115.2761001586914
2754770587,22.3058654,114.1655428,229.9149169921875
2758354053,22.4492839,114.0334143,95.60798645019533
2758354058,22.4515852,114.0351257,60.77690124511719
2766165915,22.2830323,114.1805167,1192.8109741210938
2766165937,22.2827101,114.1768632,675.3584289550781
2771633628,22.4863228,114.1409464,2096.905517578125
2772111145,22.3118437,114.1767076,269.9555969238281
2772111189,22.3149317,114.1772394,912.3954162597656
2773486275,22.378124,114.2041919,107.57196044921876
2774641711,22.5241823,114.156431,22.932984113693237
2774815499,22.315962,114.1776909,2192.476348876953
2784190335,22.5174517,114.0740982,17.630578994750977
2784725901,22.3260153,114.2506057,288.14404296875
2784725940,22.3248105,114.2507774,1634.3248596191406
2820060097,22.3800072,114.1861286,763.2577362060547
2828403933,22.466809,114.1519773,373.7950210571289
2832941871,22.3275955,114.1391642,174.3754119873047
2848458049,22.322409,114.04316,197.7871971130371
2849744955,22.4232636,113.9843245,215.60415649414062
2849744960,22.4252114,113.9830053,223.73547744750977
2849744970,22.4270321,113.9866588,231.68009281158447
2857776260,22.4955468,114.1309592,1232.5538330078125
2857776268,22.4954972,114.1313186,2222.777587890625
2861666783,22.3090323,114.1617576,634.2793579101562
2862154078,22.3329217,114.1382477,39.81724166870117
2862192390,22.3394615,114.1316142,232.0975341796875
2863929152,22.3169506,114.157058,202.09119606018066
2863929182,22.3203332,114.1566946,964.1686706542969
2863930040,22.3317109,114.1361833,74.93846130371094
2863930056,22.3328302,114.1385738,86.73524475097656
2866714633,22.313268,114.160735,277.4989624023437
2866714637,22.3146385,114.1618332,916.054931640625
2868162215,22.3276678,114.1518161,208.0982360839844
2868162220,22.3290897,114.1526447,250.39654541015625
2868162227,22.3299105,114.1533291,256.3752136230469
2868162235,22.3302026,114.1532573,717.6387634277344
2868162247,22.3309353,114.1543817,537.3729248046875
2873992823,22.3331676,114.2006234,234.96273803710938
2873992835,22.331512,114.1969835,116.16512298583984
2873992839,22.3314819,114.1974121,104.4465560913086
2878204573,22.3366146,114.2010278,774.2443542480469
2878206305,22.33238,114.19849,207.18877410888672
2895159101,22.319553,113.9420652,17.22295570373535
2915587321,22.4311634,114.3269514,15.07284927368164
2915589003,22.4320735,114.3262543,22.405750274658203
2916981823,22.3412506,114.2605786,190.3871250152588
2916981831,22.3414264,114.2591382,150.7365837097168
2916981844,22.3420999,114.2580528,160.7056884765625
2917466051,22.286488,114.15253,563.5717163085938
2929242711,22.3043371,114.0116647,79.8523178100586
2929242757,22.3042279,114.0119119,163.64380645751953
2929243333,22.3087386,114.0159095,144.5852813720703
2941442681,22.2878979,114.2210572,1007.6607666015624
2941443017,22.2871475,114.2211838,2661.3779296875
2946016612,22.3868959,114.1916723,194.80609130859372
2946016617,22.3870617,114.1917877,403.272705078125
2946016618,22.3868219,114.1920722,228.19500732421875
2957737627,22.2777449,114.1834619,329.57440185546875
2959967709,22.4426969,114.0357455,729.4968109130859
2961396794,22.3394761,114.1717742,577.9704208374023
2964459091,22.4484554,114.0337711,86.64852142333984
2964472326,22.4503878,114.0344458,95.40877532958984
2973413752,22.3412544,114.17907,117.95317840576172
2977109522,22.2802385,114.1818556,322.7102966308594
2979415356,22.2789709,114.1830913,372.2032470703125
2983153895,22.4184533,114.2033648,41.186161041259766
2985674591,22.3200363,114.2313877,774.1771240234375
2985674600,22.3205404,114.2313158,3936.8013610839844
2985674623,22.4372986,114.0384368,73.5921859741211
2985674683,22.4651193,114.1494336,140.98891830444336
2987721680,22.2793251,114.1795251,446.3177795410156
2987721815,22.2799242,114.1809219,360.9357604980469
2990408738,22.3573217,114.0969624,697.2557983398438
2991174644,22.2792966,114.1570588,560.3349609375
2991174653,22.2793926,114.1576443,1009.4615783691406
2994176302,22.2524862,114.1780101,259.2608222961426
2994176313,22.25238,114.1782622,294.09356689453125
2994210917,22.2515026,114.1727036,87.85808563232422
2994211452,22.2515467,114.1728464,174.45257568359375
2996594287,22.3282315,114.1521081,229.6600646972656
2996594292,22.32826,114.1515362,215.9283905029297
2999564058,22.3314061,114.1664143,812.4727172851562
3005305141,22.2666983,114.2475994,657.8836517333984
3005305218,22.2800857,114.2139811,1284.0512390136719
3005305940,22.2823844,114.2161114,3513.2357177734375
3005305941,22.2824652,114.2215423,853.6254272460938
3005305956,22.282581,114.2162057,1281.52197265625
3005306196,22.2838403,114.2184288,823.69189453125
3005306231,22.2842474,114.2154901,1782.4286499023438
3005306449,22.284368,114.2129072,800.9485473632812
3005306576,22.2860537,114.2150192,1681.2156982421875
3005306589,22.2863349,114.2150374,852.9479370117188
3005306764,22.2873335,114.2142148,1541.35986328125
3005306765,22.2874395,114.2115769,419.7536315917969
3005306789,22.288546,114.2108628,331.1031799316406
3005347621,22.26796,113.99189,14.681541919708252
3005347657,22.2681124,113.9926277,46.94290733337402
3005347718,22.267798,113.9919,27.404290676116943
3013850445,22.2992652,114.2341688,2473.8976440429688
3013850657,22.3030161,114.2270678,1693.604263305664
3013850815,22.3032482,114.2270248,641.1228790283203
3013851186,22.3072434,114.2330236,2444.49609375
3014645578,22.3618881,114.1743938,3222.159378051758
3017941654,22.37729,114.20357,86.29714965820312
3017941712,22.3791178,114.2068632,265.05125427246094
3017941899,22.3793883,114.2085554,83.16521453857422
3017942478,22.3803056,114.2088505,287.6497802734375
3017943483,22.3811528,114.2067104,289.741455078125
3017943565,22.3813227,114.1960153,529.3706665039062
3017943780,22.3815759,114.2024878,761.9699401855469
3017943786,22.3816352,114.202437,778.8935546875
3017943798,22.3816867,114.2025208,516.6996612548828
3017944248,22.38281,114.205008,161.66397094726562
3017944706,22.3863754,114.2029223,991.1767578125
3034002227,22.2798252,114.1743586,227.6549072265625
3034002229,22.2797842,114.1746444,215.78497314453125
3035848251,22.4191435,114.2007059,70.73974609375
3047964668,22.3646211,114.1156172,414.754150390625
3047967499,22.3664067,114.1146111,711.3569641113281
3047967533,22.3664448,114.1147109,394.12982177734375
3047967789,22.3666623,114.1150294,367.6836242675781
3047968142,22.3668522,114.1159235,445.6178894042969
3047968431,22.3671775,114.1167426,421.7265625
3047969302,22.3685495,114.1208636,561.422607421875
3047970334,22.3715294,114.1278557,2126.236099243164
3047970381,22.3720347,114.1247829,340.54815673828125
3047970420,22.3722734,114.1251255,1348.1989364624023
3047970549,22.3766622,114.1195176,719.59912109375
3047970575,22.3774819,114.119181,191.7405242919922
3047970585,22.377601,114.1192107,1174.3643341064453
3047970727,22.3790292,114.1248987,978.4820556640625
3047970789,22.3792003,114.1255518,328.1843566894531
3047970822,22.3794565,114.1255286,356.07789611816406
3047971898,22.3939378,114.1111007,122.59892272949219
3059540361,22.3225518,114.2546523,882.9743041992188
3059540365,22.3266905,114.2510598,810.7206878662109
3059540385,22.3250471,114.2577145,1618.5421447753906
3059540398,22.3260495,114.2508824,645.698974609375
3059540408,22.3234715,114.2555461,813.469970703125
3059540423,22.3225951,114.2545983,474.1855773925781
3059542836,22.3239511,114.2563321,1450.975830078125
3059542843,22.3201663,114.2559772,461.474609375
3060475815,22.3439439,114.1375443,2725.290855407715
3060475817,22.3432508,114.1380037,234.8216094970703
3063935156,22.4121392,114.0271328,34.61538887023926
3063935170,22.4133141,114.0253419,45.433319091796875
3063935172,22.4135738,114.0246905,31.107336044311523
3063935191,22.414707,114.0242759,27.00422191619873
3063935214,22.4154122,114.0201459,31.444093704223633
3063935222,22.4208034,114.0482694,114.2867431640625
3063935230,22.421513,114.0487372,162.40434455871582
3063935355,22.4225876,114.0458222,15.959952354431152
3063935360,22.4227735,114.0461643,85.58873558044434
3063935377,22.4236656,114.0412625,52.715850830078125
3063935389,22.424132,114.0330455,56.30747985839844
3063935390,22.4241744,114.0478397,118.11803340911865
3063935404,22.4250191,114.0276704,16.55730628967285
3063935410,22.425415,114.0374769,40.28944206237793
3063935426,22.4259345,114.0309486,110.26401901245117
3063935537,22.4262668,114.0178509,40.74671173095703
3063935539,22.4263118,114.0197633,45.462947845458984
3063935543,22.4265017,114.0175923,21.43131923675537
3063935544,22.4264746,114.035979,29.81285572052002
3063935556,22.4267512,114.019361,31.310781478881836
3063935572,22.427196,114.0350596,16.216524124145508
3063935610,22.4282045,114.0342838,30.56395387649536
3063935654,22.4288348,114.0367213,12.685678482055664
3063935671,22.4291192,114.0375272,13.304896831512451
3063935700,22.4294419,114.0263189,23.39044570922852
3063935847,22.4303235,114.0369907,62.617682456970215
3063935930,22.4314146,114.0176076,5.585018157958984
3063936057,22.4316653,114.0180264,11.784471988677979
3063936119,22.4322477,114.0248537,63.35217475891113
3063936121,22.432262,114.0317511,93.73735046386719
3063936125,22.4322841,114.0277835,92.87728881835938
3063936129,22.432317,114.032717,93.77154350280762
3063936233,22.4323478,114.0326483,19.785663604736328
3063936248,22.43248,114.0243134,20.0537052154541
3063936251,22.4324668,114.0285632,121.47913360595705
3063936253,22.4325501,114.0170355,18.121084690093994
3063936260,22.4325873,114.0272804,237.65399169921875
3063936262,22.4326021,114.0269017,68.46501922607422
3063936293,22.4333403,114.0307063,121.2256851196289
3063936295,22.4333618,114.0308884,133.69825744628906
3063936473,22.4336201,114.0323179,211.4278335571289
3063936486,22.4336501,114.0155424,13.571612358093262
3063936514,22.4337638,114.030851,67.48651123046875
3063936569,22.4339687,114.0266227,406.70765686035156
3063936571,22.4339727,114.0162809,16.980158805847168
3063936712,22.4344658,114.0303891,134.9077663421631
3063936855,22.4346062,114.0180184,51.00886154174805
3063936884,22.4350289,114.0210661,197.82757568359375
3063936890,22.4350556,114.0209536,101.80419158935548
3063936892,22.4350353,114.0172089,40.952149391174316
3063936907,22.4351777,114.0210051,139.3480224609375
3063936913,22.4352057,114.0188733,36.34694290161133
3063937064,22.436065,114.0168988,91.67747116088867
3063937072,22.4361216,114.0290831,139.50763702392578
3063938224,22.437477,114.0280039,332.5649108886719
3063938901,22.4382391,114.0158381,126.38896942138672
3063939224,22.4387575,114.037897,180.09808349609375
3063939822,22.439811,114.0007013,16.767763137817383
3063940293,22.4401965,114.023552,492.1982727050781
3063940388,22.4403289,114.025316,194.5504150390625
3063940561,22.4405957,114.0259787,373.67620849609375
3063940624,22.4406575,114.0235361,222.91372680664065
3063940810,22.4407522,114.0241504,263.6834411621094
3063941391,22.4410725,114.0018427,32.10166645050049
3063941548,22.4411453,114.0026411,28.584999561309814
3063941748,22.4412914,114.0068746,6.669267654418945
3063942181,22.4419054,114.0113157,69.90220642089844
3063943768,22.4436035,114.0197085,1112.8975448608398
3063943994,22.4438331,114.0432353,125.30292701721191
3063944001,22.443849,114.0438312,223.0449676513672
3063945233,22.4452023,114.0425835,83.88399505615234
3063945451,22.4458495,114.0360847,646.6793823242188
3063945553,22.4462315,114.0227677,522.1657104492188
3063945554,22.4462058,114.0393781,83.48503112792969
3063945562,22.4463218,114.0428121,205.53130340576172
3063945567,22.446317,114.0444683,127.50884056091309
3063945585,22.4464669,114.0417026,140.88455200195312
3063945587,22.4463446,114.0598571,24.786677360534668
3063945673,22.4467473,114.0392239,96.79608917236328
3063945760,22.4473104,114.0408355,174.7716827392578
3063946045,22.4486494,114.043781,391.8752098083496
3063946337,22.4494937,114.0392134,62.979400634765625
3063946361,22.4495486,114.039086,35.476768493652344
3063946366,22.4495782,114.0211334,74.09354400634766
3063946381,22.4496758,114.0215242,2607.6823120117188
3063946487,22.4499988,114.0400559,248.70486450195312
3063946643,22.4502958,114.0540624,50.211785078048706
3063946682,22.4505816,114.0580538,10.709006547927856
3063946686,22.4506937,114.026607,1060.6902465820312
3063946687,22.4506552,114.026453,511.9611511230469
3063946710,22.4509974,114.0226294,2533.021255493164
3063946720,22.451185,114.0258202,543.4356651306152
3063946772,22.4517018,114.0348976,22.20007705688477
3063946775,22.4517308,114.0273872,489.6062622070313
3063946822,22.4521432,114.0341401,146.26392364501953
3063946826,22.4521905,114.0275981,466.7650451660156
3063946849,22.4524363,114.0391925,57.337286949157715
3063946857,22.4524555,114.0244215,606.6175537109375
3063946878,22.4527411,114.0399967,99.01876449584961
3063946916,22.4531906,114.0244196,540.2872924804688
3063946921,22.4532393,114.0256492,71.37224292755127
3063947036,22.4533842,114.0392533,29.64919376373291
3063947052,22.4535985,114.0289413,467.5484924316406
3063947055,22.4536238,114.0384885,131.40205907821655
3063947090,22.4539658,114.0281385,92.05891990661621
3063947105,22.4540225,114.0282514,526.6867408752441
3063947107,22.4540227,114.0242258,102.0435905456543
3063947175,22.4546274,114.0241551,90.46987438201904
3063947258,22.4554408,114.0240298,270.9335708618164
3063947504,22.4623848,114.0193906,15.871435642242432
3063947519,22.4626662,114.0223669,49.14122009277344
3063947540,22.4632549,114.0217184,18.42498207092285
3063947576,22.4636594,114.018105,12.795400142669678
3063947587,22.46384,114.0218984,23.030385971069336
3063947590,22.4639596,114.0190641,20.279237270355225
3063947598,22.4639416,114.0237968,90.13933563232422
3063947718,22.4665612,114.0253377,257.8282470703125
3066136926,22.2787747,114.1637483,83.24002838134766
3066150336,22.2785371,114.1767582,407.72119140625
3070121226,22.320198,114.2560862,886.112060546875
3070121423,22.3225069,114.2596532,1819.6729736328125
3070121539,22.3236737,114.2551533,881.156982421875
3070122289,22.3276404,114.2503196,51.84583282470703
3071501091,22.3901496,113.9776184,549.8594360351562
3071501096,22.390398,113.97822,405.688232421875
3071501317,22.3975002,113.9721787,285.0329895019531
3071501321,22.3978373,113.9751165,394.9289245605469
3080352352,22.3428979,114.0945404,637.1043167114258
3080352381,22.3463533,114.0886081,347.2865505218506
3080352393,22.3475046,114.0880815,141.08821868896484
3080352396,22.3487927,114.0874872,89.78533554077148
3088552656,22.2910463,113.9511936,544.1403350830078
3088552686,22.30679,113.9843199,595.5435981750488
3112166581,22.3146461,113.9414828,31.41296768188477
3125423916,22.2350684,113.9615263,50.71327590942383
3125424067,22.236385,113.9614499,136.4171724319458
3147374572,22.3900255,114.2937058,268.22058486938477
3149368557,22.3441725,114.252907,44.439395904541016
3149368558,22.3443683,114.2531067,67.32603454589844
3153738406,22.3133518,114.2165706,74.78548431396484
3153792306,22.3092812,114.2306842,1004.3079833984376
3170494122,22.2823853,114.2714842,748.9575910568237
3170494125,22.2818674,114.2730767,202.67979431152344
3170494127,22.2824789,114.2715279,191.53705215454102
3170494128,22.2813413,114.2744187,386.6296167373657
3175200651,22.280807,114.1682664,330.6427917480469
3178526449,22.4687999,114.1086477,149.62894248962402
3178527266,22.4391949,114.0935719,199.29233741760254
3178527277,22.4298144,114.0919599,13.552180290222168
3178527282,22.4293169,114.0922696,26.129517555236816
3178527288,22.428492,114.0921228,5.789838790893555
3178527308,22.4274041,114.0822299,117.60017967224121
3178555628,22.4518167,114.0507623,77.75312042236328
3178555645,22.4522071,114.0544907,17.611167430877686
3180387913,22.2813735,114.1199351,708.7286224365234
3187954268,22.3812637,114.2669098,375.9994201660156
3192442552,22.3238376,114.2176998,1596.6655578613281
3193591619,22.3199594,114.2450917,456.4647216796875
3193596097,22.363751,114.2525378,105.80008125305176
3193596133,22.3641226,114.2505753,18.88140106201172
3193596364,22.3644463,114.2497423,24.33308219909668
3193596418,22.3649573,114.250296,64.16766166687012
3193596579,22.365537,114.2517618,40.70923614501953
3193596767,22.3670479,114.2503797,40.52630043029785
3193597508,22.3695823,114.2634956,50.825782775878906
3193597918,22.3710085,114.2624695,136.2038116455078
3198278024,22.3195734,114.2364796,649.1744689941406
3200153661,22.3233398,114.1593015,466.1088562011719
3200246561,22.3229596,114.1591205,471.0687255859375
3201120328,22.4412483,114.1302218,99.32509994506836
3201120935,22.4460237,114.1390869,17.56985092163086
3201121151,22.4476528,114.1412584,113.43542003631592
3201121622,22.4509632,114.1415041,115.37530422210693
3209873327,22.362929,114.0234023,155.78087520599365
3209882781,22.4107049,114.0650726,15.152520656585692
3209882812,22.4110099,114.0647271,5.494946002960205
3209883220,22.4139704,114.0637947,97.0996789932251
3209883286,22.414776,114.064386,55.041738510131836
3209883310,22.4151009,114.0637308,551.1473903656006
3209883519,22.4164972,114.083042,118.6739387512207
3209883790,22.4186676,114.0718554,36.2518196105957
3209884434,22.4213925,114.0760587,59.46783638000488
3209884514,22.4220864,114.0850644,113.42637777328491
3209884747,22.423189,114.0904127,24.07979154586792
3209884763,22.423337,114.0914018,11.22358512878418
3209884837,22.4240502,114.0869178,43.29833650588989
3209884881,22.4242807,114.086326,18.50827717781067
3209884908,22.4243681,114.0776346,146.5034637451172
3209884916,22.4245758,114.0843849,44.32039785385132
3209885058,22.425671,114.0850176,17.601030826568604
3209885218,22.426978,114.0847702,37.576457500457764
3209885224,22.4269416,114.0863644,25.4650936126709
3209885227,22.4270372,114.0948385,10.56265354156494
3209885274,22.4276568,114.0941449,16.995298862457275
3209885488,22.429752,114.0784614,65.5277681350708
3209885671,22.4310599,114.0964298,12.461666107177734
3215667267,22.3596282,114.1222969,595.8883056640625
3220235873,22.4420214,114.0859205,247.4023208618164
3220235879,22.4421219,114.0886421,256.46867752075195
3220235881,22.4421756,114.0855208,169.48853206634521
3220235980,22.4433307,114.062342,50.84781455993652
3220235992,22.4435386,114.0922016,32.86066818237305
3220236008,22.4436936,114.0916966,135.66072845458984
3220236046,22.4440784,114.0626358,9.696075439453125
3220236074,22.4443851,114.0917188,89.10318851470947
3220236156,22.4452567,114.076691,207.4468913078308
3220236191,22.4454959,114.0608993,3.479060173034668
3220236196,22.445514,114.0631499,6.611578702926636
3220236307,22.4465881,114.0637908,3.4630661010742188
3220236316,22.4467564,114.0637774,2.893122434616089
3220236820,22.4510478,114.0634829,85.75473070144653
3220236915,22.4518321,114.0614229,72.00004315376282
3220239514,22.4707372,114.0638714,46.685821533203125
3220239732,22.4723579,114.065037,6.506831407546997
3220239861,22.4725912,114.0654475,17.354525089263916
3220239928,22.4730374,114.0637068,8.186351299285889
3220239952,22.473184,114.0635994,26.71701216697693
3220240235,22.4748495,114.0694785,10.651170253753662
3220240290,22.4750383,114.070621,9.20224928855896
3220240306,22.4750826,114.0712864,9.260628461837769
3220240349,22.475192,114.0799006,76.62242722511292
3220240380,22.4752783,114.076202,12.553932905197144
3220240582,22.4757842,114.0723045,2.187230348587036
3220240612,22.4758511,114.0717698,3.919184684753418
3220240624,22.4758776,114.0677536,23.198755741119385
3220240760,22.4763232,114.0701537,6.269028186798096
3220241077,22.4766681,114.0684349,4.4001383781433105
3220241351,22.4771082,114.0685143,30.547412395477295
3220241375,22.4771823,114.0749555,7.36323356628418
3220241653,22.4785878,114.0731388,52.41331076622009
3220244337,22.4897179,114.0667637,65.82761335372925
3220244605,22.4908051,114.0702065,73.653329372406
3220244674,22.4912263,114.0674498,65.87755393981934
3220244707,22.4914013,114.0596958,18.50864601135254
3220244874,22.4924453,114.0963129,6.944465160369873
3220244894,22.4926686,114.0977805,56.30028676986694
3226540308,22.2826476,114.1788043,648.4263916015625
3230280999,22.3190813,114.1676639,1211.5704345703125
3232992626,22.5245824,114.2082789,10.127538681030272
3233075570,22.2664009,113.9942491,5.018293857574463
3249544588,22.2952976,114.2403125,918.5609741210938
3261524561,22.3245698,114.1580379,612.4007263183594
3270208461,22.3250032,114.1616263,2499.35986328125
3270255161,22.2874303,114.1495951,1110.3757934570312
3270265561,22.2866901,114.1513186,554.1498413085938
3276861091,22.2858565,114.1305204,450.7816162109375
3296357668,22.2842569,114.1407599,346.092529296875
3305256749,22.2723974,114.2436281,463.20249938964844
3305256771,22.2722701,114.2435648,292.4528045654297
3305611193,22.4257649,114.2054609,36.560258865356445
3305611195,22.425787,114.2052779,72.10937881469727
3311241014,22.2591737,114.1372529,2498.1626586914062
3311241016,22.25946,114.1369544,336.6506042480469
3311905459,22.2873483,114.2023845,426.04266357421875
3311906863,22.2875494,114.2020968,164.69569396972656
3311906879,22.2882369,114.2028802,355.6772766113281
3336091196,22.3260091,114.1559135,240.3125
3336091197,22.3260835,114.1558098,400.62982177734375
3336091198,22.3261673,114.155878,221.17657470703125
3336091205,22.3268794,114.1566862,980.5427856445312
3336091210,22.3275503,114.1572975,394.6780395507813
3336091224,22.3286948,114.1583038,596.1154174804688
3338147030,22.3295791,114.1591149,1256.6900634765625
3345517151,22.4857646,114.0058405,71.8509931564331
3345517156,22.4831681,114.0053448,44.6422758102417
3349602493,22.2565196,114.1385017,1237.4679565429688
3439430895,22.2882916,114.1899046,935.5590057373047
3532113433,22.2513392,114.1484676,2303.6734466552734
3533214222,22.2477345,114.1653925,256.23085021972656
3541799987,22.4674367,114.1107462,73.17944526672363
3544297837,22.3838208,114.2738648,161.30986785888672
3544825137,22.3853432,114.2691043,166.24256896972656
3546217296,22.3856209,114.2711982,363.6065673828125
3557993862,22.5183508,114.125108,644.2797718048096
3559135034,22.3838636,114.1895303,222.63868713378903
3567777074,22.4460501,114.0954182,53.81164360046387
3568018773,22.3488373,114.0574691,532.3366813659668
3568370402,22.3531959,114.0628087,36.236595153808594
3568370416,22.3536106,114.0628,14.412939071655272
3568370454,22.3535127,114.0626591,23.772205352783203
3568370465,22.3536223,114.0625979,101.54485321044922
3568370467,22.3536976,114.0627375,81.4467830657959
3569722801,22.2821945,114.1743328,242.34423828125
3610003009,22.3003949,114.1682081,214.20030212402344
3627215372,22.4955962,114.1408298,173.62960815429688
3664638204,22.2761125,114.1745454,408.1819458007813
3673461564,22.3937804,113.9717951,216.3343963623047
3687232872,22.3572567,114.1253727,207.38771057128903
3688964712,22.3704057,114.1245142,2031.3853149414062
3692616228,22.3233315,114.1594542,769.7393798828125
3698862626,22.2511825,114.1708599,415.492244720459
3708053159,22.41418,114.0697944,16.530677795410156
3708053179,22.4135718,114.0685004,5.287569522857666
3708065445,22.4129304,114.0642571,20.63215398788452
3708065467,22.4196954,114.0645389,173.94755172729492
3714522831,22.3231056,114.2144738,830.9935760498047
3729567629,22.3413168,114.179236,298.55237579345703
3731029260,22.3072076,114.2683892,400.29421615600586
3741053477,22.4500893,114.0431034,543.4551582336426
3741053482,22.4528671,114.0429086,297.39041328430176
3741053501,22.4640688,113.9837699,152.29614639282227
3741053511,22.4644103,113.9803485,43.41103172302246
3762293787,22.4636412,114.1463245,58.805084228515625
3762293816,22.4640544,114.1449067,138.7582221031189
3774168192,22.2980496,113.9645289,28.125563621520996
3778335486,22.3350836,114.1994189,356.6990966796875
3778466777,22.3323649,114.2143701,1924.3206787109375
3780785219,22.4719146,114.0483327,56.65903186798096
3787678459,22.2634748,114.2363155,1082.1886901855469
3788723660,22.2688191,114.194079,166.15762329101562
3790344874,22.272751,114.193897,591.6249008178711
3790361664,22.272968,114.193177,488.17169189453125
3790454858,22.2735521,114.1931379,348.65380859375
3792285557,22.274186,114.1924,349.94415283203125
3792290657,22.273938,114.19282,181.9532928466797
3799066459,22.252046,114.17532,444.0221252441406
3799066557,22.2512471,114.174804,326.4534912109375
3799184057,22.24994,114.174335,129.56004333496094
3803613858,22.2408234,113.980288,20.81825828552246
3803618062,22.3509716,114.0582906,484.6211738586426
3811347192,22.2639131,113.998386,77.87607192993164
3812289304,22.2668373,113.9970804,29.79813003540039
3812611227,22.2347621,113.9489349,41.58357334136963
3812611246,22.2360788,113.9504718,131.21412467956543
3812744908,22.22766,113.9325549,82.15625667572021
3812744913,22.2276456,113.9322415,62.59652900695801
3812751359,22.2283184,113.9339499,96.90337371826172
3812751365,22.2293964,113.9335269,32.935354232788086
3812862630,22.2217294,113.9159141,11.53389835357666
3814913723,22.3842685,113.9655488,1257.4135665893555
3816523855,22.3769017,113.9833106,50.69686126708984
3816523856,22.3770638,113.9820282,76.37613677978516
3816523858,22.377022,113.9812623,12.432295799255373
3817479961,22.3742628,113.9873234,69.61913299560547
3817479964,22.3746724,113.9878042,329.63013458251953
3832639406,22.5136055,114.167679,83.52200317382812
3865098358,22.3512806,114.0572878,241.9511890411377
3868722561,22.5459875,114.2201798,250.87593364715576
3889166011,22.3287379,114.2031087,290.2057914733887
3891143728,22.4805764,114.1178536,135.67966413497925
3906342481,22.3409761,114.1106364,101.8498306274414
3920059985,22.5527166,114.15536,78.58666896820068
3920059988,22.5534593,114.1554004,91.01676654815674
3920060003,22.5533847,114.1555625,8.994688987731934
3920060245,22.2808405,114.1765072,660.9485473632812
3927528104,22.536451,114.1300203,709.4077663421631
3927534996,22.5362147,114.1313576,246.1935329437256
3936118509,22.334228,114.2286764,97.4417953491211
3936118510,22.3340673,114.2284418,198.5749969482422
3954541571,22.2810605,114.1667352,156.53755950927734
3955936812,22.4134162,114.0234222,17.85403823852539
3955936820,22.4138771,114.0229088,15.224201202392578
3969546736,22.4558001,114.0308745,109.07235717773438
3969546747,22.4998335,114.0818106,122.35876178741455
3971771859,22.4956033,114.1298832,966.4885864257812
3971771863,22.5015779,114.1052585,131.16715621948242
3972170362,22.3594202,114.1063345,5373.128723144531
3972170409,22.3687135,114.0611429,200.3213653564453
3975190942,22.3848493,114.1780095,78.0339584350586
3977471887,22.3430211,114.1731503,329.4022521972656
3977471889,22.3425938,114.1727301,249.78851318359375
3977810969,22.341992,114.1900513,589.67822265625
4020947417,22.3815997,114.2691581,254.67484283447266
4020947431,22.3826773,114.2691142,160.6223373413086
4020947448,22.383451,114.269607,367.05344009399414
4020947464,22.3843754,114.2689856,60.686317443847656
4020974168,22.3790123,114.2576045,21.168312072753903
4020974170,22.3790217,114.2579167,99.92802810668945
4031325421,22.481742,114.1440917,897.1478500366211
4032534958,22.3759328,113.9606384,1148.5081253051758
4032534962,22.3765017,113.9606904,3729.2285766601562
4058227661,22.4510222,114.1636355,1937.8877563476562
4061027437,22.3781917,114.2696173,161.5932159423828
4061027438,22.3781948,114.2697406,296.53844833374023
4066689003,22.3869861,114.275376,223.98597717285156
4068388035,22.4166178,114.0215738,15.900733947753906
4068388046,22.4165881,114.0208467,15.963356018066406
4068388050,22.4173472,114.0210338,15.476338386535645
4068388052,22.4177835,114.0212018,16.110166549682617
4079617449,22.3802336,114.2676752,243.9466323852539
4079617454,22.380383,114.2678584,108.59745025634766
4079617458,22.3805318,114.268186,153.1400909423828
4085960683,22.3794463,114.2715288,313.8548278808594
4087912473,22.402428,114.215701,214.50613403320312
4087914581,22.4064835,114.2174521,230.0203399658203
4089756724,22.4105679,114.224292,470.9112854003906
4089756762,22.4128015,114.225799,325.89601135253906
4093280457,22.2754764,114.1442281,85.08967208862305
4129881155,22.5112667,114.1348412,408.9889392852783
4129881156,22.5112586,114.1344988,370.0758419036865
4129881160,22.5127511,114.1351641,246.15811443328857
4129881181,22.5145609,114.134299,69.02766418457031
4141005601,22.2474916,114.1666822,129.14366149902344
4141005618,22.2478162,114.1660523,115.6436004638672
4141005631,22.2493731,114.1674173,76.98253631591797
4141005666,22.2482456,114.1690167,114.1304931640625
4155586951,22.4398714,114.0212816,52.27350997924805
4161607235,22.4631423,114.0176808,15.637664794921875
4161607260,22.4642027,113.9887226,12.701976776123049
4161607262,22.4311365,113.9992969,11.440999984741213
4161607265,22.4319092,113.9996268,15.109971046447754
4161607277,22.4314728,114.0019517,66.12321472167969
4161609692,22.4302106,114.019348,17.253917694091797
4161609703,22.4318657,114.020659,76.59064483642578
4161609705,22.4344713,114.0218709,415.5586242675781
4161609712,22.4643606,114.051687,16.269818782806396
4169037485,22.5381939,114.1569461,30.06157684326172
4183883936,22.2820068,114.1767903,406.8631591796875
4198261451,22.3684931,114.0592386,273.5558395385742
4252768075,22.4253724,113.9460003,36.00416946411133
4253750558,22.5185306,114.1681397,174.42346715927124
4253750567,22.5188283,114.166471,53.46368598937988
4253750580,22.5192541,114.166708,214.56249499320984
4258688516,22.4349102,114.1015206,173.98136711120605
4258688517,22.4331865,114.1024134,107.4204330444336
4269897841,22.41438,113.971732,40.38595581054688
4275641140,22.3203578,114.1301515,52.8681583404541
4275641157,22.3193445,114.128076,398.53636932373047
4275713633,22.2853169,114.1601161,74.98065948486328
4284117919,22.3341121,114.1815728,114.91345977783205
4294666033,22.3105236,114.1842023,637.7279663085938
4317106321,22.3765867,114.2658559,196.8349094390869
4321307714,22.2824391,114.1780283,405.1246643066406
4331840392,22.2869345,114.1562741,82.25944519042969
4333569539,22.3836585,114.27097,452.5003356933594
4335051653,22.3559052,114.2514184,400.8176574707031
4338486892,22.362103,114.1134463,119.22502899169922
4346757219,22.3308912,114.0950332,451.3778190612793
4347293498,22.2866799,114.1582942,74.66950225830078
4358976094,22.2818398,114.1768858,756.0205383300781
4394829272,22.2220944,113.8845338,35.95529747009277
4395743268,22.4742415,114.1534619,102.15856170654297
4396374771,22.238788,114.2001039,85.4303970336914
4396910107,22.2376602,114.2001888,75.23617172241211
4397517484,22.4364801,114.0192761,41.28094482421875
4397517489,22.4365822,114.0191069,45.13269805908203
4406412332,22.3764657,114.0052501,8.998838424682617
4408296007,22.4711907,113.9973825,16328.499992847443
4409776691,22.4401966,114.0105257,100.74431991577148
4414267008,22.343461,114.1474163,3197.7276763916016
4414305981,22.343509,114.172544,974.5456466674805
4415222784,22.3451558,114.1692162,408.61993408203125
4416574292,22.2846947,113.941535,150.7220687866211
4416574298,22.2797163,113.9414587,51.34211730957031
4416574299,22.2794822,113.9410392,64.67861938476562
4416574302,22.2795016,113.9416137,76.81792259216309
4416701298,22.2788517,113.9423487,239.30239725112915
4416846032,22.3303542,114.2156231,1756.4042053222656
4416854005,22.3356154,114.2124235,4990.548812866211
4421445236,22.3126951,114.1714748,173.34278869628906
4425051072,22.3417191,114.1579317,1230.1054077148438
4425247936,22.2743865,114.1182416,319.0490417480469
4426184206,22.3684643,114.0014411,116.26641845703125
4426184822,22.3688673,114.0027119,121.40782356262207
4426186686,22.3691668,114.0016713,45.45027542114258
4426187084,22.3697363,114.0022164,16.431840896606445
4426187087,22.3695121,114.001413,210.39686965942383
4426187200,22.3695334,114.0030976,63.18912982940674
4426450214,22.4199507,114.2009819,33.62406539916992
4427383322,22.5004877,114.1067666,138.12849521636963
4427383330,22.5000347,114.1064016,15.251383781433104
4427385240,22.4999024,114.1042491,70.83601093292236
4427385246,22.4986481,114.1047067,13.845442295074463
4427388574,22.5006551,114.1090486,124.1544303894043
4427388575,22.500093,114.1090431,27.432567119598385
4427422266,22.5012584,114.1115036,59.70879507064819
4427422281,22.5001282,114.1127614,6.367711544036865
4430405066,22.5003308,114.1540203,115.39860725402832
4430737265,22.4808438,114.1600698,3.980687141418457
4430737277,22.48071,114.1602012,4.504175662994385
4430737285,22.4806084,114.1593644,3.884464979171753
4430737390,22.4815509,114.159435,3.873105049133301
4430909635,22.4953871,114.1490568,99.49167060852051
4430909645,22.5031072,114.1521558,195.6215467453003
4430995990,22.4860331,114.1183678,399.3645715713501
4431036732,22.4980935,114.1134441,5.692777633666992
4431036734,22.4985544,114.1137874,11.84346055984497
4432829782,22.3289038,114.1526786,278.00909423828125
4438955533,22.3555279,114.2599187,389.8043975830078
4438966562,22.3648772,114.2532645,207.4943733215332
4438966563,22.3642982,114.2527337,39.25258255004883
4438966566,22.3652989,114.2526976,161.51519584655762
4439005336,22.3905101,114.2744378,113.68366622924805
4439431877,22.3679962,114.1700401,324.4907531738281
4439431924,22.3721287,114.1739254,248.94140625
4440451563,22.3195288,114.1797701,399.1124572753906
4440481507,22.3316006,114.1486473,259.537353515625
4440481517,22.3332605,114.1465069,374.8542175292969
4440666147,22.3074328,114.2520612,1558.7838134765625
4443348838,22.2853513,113.9422273,116.58504486083984
4444425852,22.3371879,114.2280594,104.1452522277832
4444486392,22.3201256,114.2721628,130.57400512695312
4444486393,22.3200404,114.2722837,89.85272598266602
4444486414,22.3087669,114.2883564,146.33500289916992
4446915903,22.5579925,114.1617731,348.4705114364624
4449431417,22.5106082,114.1449463,8.05029296875
4449431635,22.5333221,114.1521778,133.14838027954102
4449431647,22.5325864,114.1497437,7.869974374771118
4449431762,22.5348294,114.1491748,5.148542404174805
4449431772,22.5341292,114.1493903,8.08109188079834
4449431775,22.5342563,114.1490478,5.051461219787598
4449431805,22.5315077,114.1505643,56.311423778533936
4449431810,22.5329226,114.1490333,35.34459662437439
4449492999,22.5324389,114.1300998,122.43815422058105
4449493005,22.5333009,114.1302668,118.48088073730469
4449493006,22.5314698,114.1292202,227.0538101196289
4449493026,22.5332772,114.1287677,60.784546852111816
4449493381,22.5162186,114.1238485,428.1808738708496
4449543219,22.5149421,114.1092879,69.42757081985474
4449627396,22.500026,114.1144388,22.24510383605957
4449627412,22.5000374,114.1130563,7.262813568115234
4449627623,22.4978907,114.1060771,4.367200374603272
4449627657,22.4979407,114.1042348,11.864394187927246
4449675702,22.475986,114.1110466,72.63088130950928
4449675707,22.4735495,114.1167133,56.24636363983154
4449675771,22.4778239,114.108499,45.67588233947754
4449730322,22.5044293,114.1185844,153.09185028076172
4449780081,22.5077422,114.1237993,676.1102523803711
4450405376,22.2295447,114.2548116,24.884435653686523
4451092963,22.3405903,114.1515354,1160.7094116210938
4451866329,22.3266782,114.2046991,151.2013397216797
4452448322,22.4766552,113.992911,87.91552305221558
4452448335,22.4765452,113.991693,175.99356937408447
4452551276,22.4486464,113.9911532,43.529831886291504
4452602738,22.4364874,113.9945016,44.36499309539795
4452602739,22.4368568,113.9950075,23.994284629821777
4454215039,22.4635425,114.1453877,30.68610572814941
4454215109,22.4636531,114.1475825,188.36392211914062
4454568702,22.4338572,114.1632324,25.425989151000977
4454568704,22.4342517,114.1628274,41.597310066223145
4454672468,22.4373078,114.1654035,145.77759552001953
4454672499,22.4374845,114.1662829,351.27985191345215
4454835805,22.4380669,114.182167,165.27005195617676
4455293992,22.4278489,114.0865045,16.966222286224365
4455720985,22.4284967,114.0873818,31.853503227233887
4456009501,22.3675576,114.0069037,196.3356590270996
4456009551,22.3678432,114.0084229,154.37391281127933
4456009641,22.3762956,114.0024343,60.89431667327881
4456009729,22.3774567,114.0061176,10.379633903503418
4456009751,22.3762819,114.0076161,9.97914695739746
4456009753,22.3767197,114.0067325,9.19161605834961
4456009756,22.3772397,114.0066356,9.832460403442385
4456009775,22.3774923,114.0110176,25.864012718200684
4456009786,22.3768701,114.0105163,53.1746826171875
4456009787,22.3777522,114.0121854,36.770484924316406
4456009801,22.3795337,114.0118995,112.11151027679443
4456009833,22.3780536,114.0079376,21.143925666809082
4456009895,22.3759013,114.0005091,70.39703750610352
4456082253,22.4345895,113.9859601,31.229825973510742
4456082305,22.4369652,113.9843224,56.44530200958252
4456082319,22.438912,113.985128,59.679473876953125
4456082328,22.4342911,113.9844751,13.719417572021484
4456082333,22.4352566,113.9839422,27.975594520568848
4456082426,22.4390431,113.9859014,42.510690689086914
4456082427,22.4392079,113.9868685,54.562578201293945
4456082433,22.4386529,113.9878084,77.98232746124268
4456082438,22.4406308,113.9864387,24.389141082763672
4456082442,22.4412077,113.9864118,26.51803970336914
4456082448,22.4410674,113.9905392,220.54383754730225
4456082473,22.4395815,113.9900128,104.14097833633423
4456082494,22.4398223,113.9868502,26.65334892272949
4456082501,22.4450718,113.9897422,346.36004638671875
4456082510,22.4467392,113.9889356,121.41940212249756
4456082511,22.4459866,113.9894936,83.18976593017578
4456082512,22.4462812,113.9901177,118.27569103240967
4456082513,22.4449778,113.9922291,169.71323776245117
4456082534,22.4449205,113.9915263,136.02447509765625
4456082535,22.4455561,113.9916459,59.2976188659668
4456082543,22.4464656,113.9911531,64.79562664031982
4456082547,22.4460029,113.9909061,58.06265640258789
4456082553,22.4455634,113.9927157,120.58146667480469
4456082558,22.4463629,113.992782,129.48035430908203
4456082573,22.4497802,113.9880592,6.099462509155273
4456082574,22.4511749,113.9869734,35.52373027801514
4456082689,22.450048,113.9870982,42.91627025604248
4456082700,22.4498722,113.9877912,6.487310409545898
4456103334,22.4515908,113.9662268,9.088428497314451
4456103337,22.451138,113.9663662,10.877721786499023
4456103355,22.4523887,113.9679511,8.883933067321777
4456103365,22.4503038,113.9638285,28.221766471862793
4457241441,22.3714833,114.0965242,4615.573440551758
4457265794,22.4631455,113.9906484,54.631378173828125
4457284056,22.4636086,113.98709,297.0460433959961
4457284060,22.4637649,113.9874779,70.63661193847656
4457284070,22.46306,113.9825026,36.59675979614258
4457284074,22.4632882,113.9827226,24.443212509155273
4457329261,22.4529538,113.9694304,24.71371078491211
4457365027,22.4547142,113.9952763,5015.778991699219
4457366124,22.4643101,113.9865189,146.2958221435547
4457366129,22.4648641,113.9865979,49.25552368164063
4457385440,22.4854445,114.0056097,37.793665409088135
4457385445,22.4839339,114.0060283,20.8788161277771
4457385474,22.4846175,113.9968322,39.59717512130737
4457385728,22.4838699,114.0042287,32.64484739303589
4457385964,22.485372,113.997738,41.82023477554321
4457385978,22.4859716,113.9972435,8.105549812316895
4457385992,22.4864215,113.9983152,31.590080738067627
4457386004,22.4882953,113.9987394,8.750649452209473
4457386009,22.4869951,114.0000518,22.475006103515625
4457386017,22.4877216,113.9999961,34.3877010345459
4457386058,22.4887565,113.9991414,8.683815956115723
4457386085,22.488997,114.002028,63.287123680114746
4457765463,22.4383818,114.0346759,292.544620513916
4458642949,22.2368039,113.9490259,51.545753479003906
4458642952,22.2374542,113.9484545,26.854989051818848
4458643022,22.2267727,113.9306365,25.0610933303833
4458643025,22.2267573,113.9310236,61.79795837402344
4458660880,22.2243883,113.9284093,14.706997871398926
4458660881,22.2244953,113.9283155,21.67512321472168
4458661415,22.2214135,113.9135469,10.831470012664795
4458661494,22.2362523,113.9577096,69.13089227676392
4458661508,22.2358177,113.9560345,55.5255823135376
4458727729,22.4000531,114.1964849,39.18107604980469
4458727835,22.3970157,114.198725,211.0502166748047
4458906489,22.2396803,113.9808131,35.10365438461304
4458906492,22.2405633,113.9814823,7.792813301086426
4458906497,22.240271,113.9817501,26.73421573638916
4458906498,22.2433175,113.9772502,46.25053405761719
4458906507,22.2446548,113.97727,55.40663146972656
4458906508,22.2444608,113.9769747,13.442177772521973
4458906521,22.2447303,113.9763151,61.282416343688965
4458906531,22.2452495,113.9796471,117.17819261550903
4458906534,22.245917,113.9791883,156.87571811676025
4459025874,22.3126152,114.2840763,13.346885681152344
4459025884,22.3142715,114.2856568,18.636549949645996
4460333316,22.314117,114.1900277,537.2385864257812
4463416866,22.4005506,113.9798071,246.30774688720703
4463416870,22.4000765,113.980015,434.1689987182617
4463486818,22.3634537,114.0028633,65.55195999145508
4463486819,22.3639279,114.0030122,15.98646354675293
4463487272,22.3603157,114.0191532,360.3156509399414
4463487281,22.360007,114.0202173,197.13978958129883
4463532277,22.3588851,114.0213682,1120.0618362426758
4463710791,22.4511383,114.0508242,38.304874420166016
4463710792,22.4514464,114.0500104,201.41703414916992
4463710800,22.4518496,114.0561627,14.153797149658203
4463710804,22.4506773,114.0535634,69.98964023590088
4463710822,22.4509617,114.0503752,38.894569396972656
4463710830,22.4521068,114.0530325,52.89060592651367
4463710836,22.4505745,114.053974,13.410655498504639
4463710839,22.4518282,114.052141,89.89902973175049
4463710845,22.452098,114.0570228,14.647905826568604
4463710858,22.4518177,114.0539799,8.224481582641602
4464337597,22.4200816,114.0388153,36.7321662902832
4464337604,22.4201553,114.0396007,55.866193771362305
4464337613,22.4198661,114.0408172,15.019278526306152
4464337614,22.4197474,114.0408499,31.594402313232422
4464337621,22.4161068,114.0382459,15.472309112548828
4464342427,22.431879,114.0238853,19.982467651367188
4464342443,22.4273981,114.0236705,34.62164115905762
4464342449,22.4216971,114.0209939,30.15895938873291
4464343093,22.4198975,114.0309372,28.567739486694336
4464343111,22.4226509,114.0306528,39.38128662109375
4464343112,22.4219237,114.0308961,117.47269058227539
4464343113,22.4224978,114.029599,97.13579177856445
4464343129,22.4246193,114.0287853,79.41740036010742
4464343130,22.4220468,114.0283144,73.56741714477539
4464343133,22.4221818,114.0281698,180.25000381469727
4464343289,22.4248654,114.0352394,35.26005744934082
4464343307,22.4265457,114.0313862,221.96063995361328
4464343313,22.4256986,114.0328601,42.1643180847168
4464343317,22.4265357,114.0326695,41.306396484375
4464343320,22.4268255,114.0327285,21.335363388061523
4464343324,22.4258288,114.0338768,44.14119338989258
4464862873,22.2867706,113.9405944,44.160186767578125
4464876335,22.3342856,114.1647595,2682.9430541992188
4466992703,22.3025668,114.2370192,1628.564697265625
4467947264,22.4436526,114.0720155,111.2847146987915
4467947265,22.4436756,114.0721521,33.29036808013916
4467947266,22.442858,114.0721591,88.83175754547119
4467947649,22.4245903,114.0712689,10.249980926513672
4467947652,22.424997,114.0712602,6.195000648498535
4467947755,22.4250387,114.0788289,400.9422564506531
4467947779,22.4219496,114.0804781,169.7138066291809
4467970038,22.429039,114.0876859,26.285198211669922
4467970052,22.4300972,114.0883973,57.24811315536499
4467970064,22.4286596,114.0856732,13.510250091552734
4467970066,22.4293102,114.0861931,13.040781021118164
4475439235,22.2775981,114.2395023,366.9635620117188
4475439241,22.2773955,114.2399029,313.3009033203125
4475439248,22.2781897,114.2390398,704.289794921875
4477338312,22.3209756,114.267139,57.5729866027832
4477338313,22.3217861,114.267272,176.35773086547852
4481209220,22.341564,114.1674245,379.6416778564453
4481274585,22.3942532,113.9634583,3323.7542419433594
4483890026,22.4675488,114.2090325,182.88388442993164
4483890032,22.4671588,114.209268,194.0221176147461
4492433321,22.36625,114.0479121,1790.3385829925537
4492433326,22.3646569,114.0477299,1543.2433776855469
4493621922,22.3066443,114.1759936,263.6920166015625
4496786786,22.3924914,113.9676977,234.4679412841797
4499985107,22.4604067,113.9971677,3786.486328125
4501979659,22.3150558,114.1667867,1416.397216796875
4502257560,22.2845716,114.1895174,505.35135650634766
4505089515,22.526644,114.1848324,39.346354722976685
4505089516,22.5264561,114.1848738,25.288951635360718
4505089518,22.5264608,114.1846269,88.80860090255737
4505089526,22.5249745,114.1873508,70.28115749359131
4505089534,22.5256199,114.1880714,3.6081602573394775
4509866844,22.2457633,114.1668107,336.1301574707031
4509916787,22.2465872,114.173778,214.05150985717773
4510113007,22.2194369,114.2068058,739.3972625732422
4510281041,22.3031142,114.1702498,391.23529052734375
4510281043,22.3031402,114.170752,445.0801696777344
4510286866,22.3029485,114.1681224,375.290283203125
4525575958,22.269228,114.1603931,54.18558883666992
4530300507,22.4410179,114.0391311,513.3776397705078
4532822702,22.3788464,114.1834286,507.3241500854492
4535526794,22.3025284,114.1757299,323.0145568847656
4536998062,22.3133446,114.2296378,179.32522583007812
4537629763,22.2977686,114.2735066,90.9126329421997
4537735943,22.3211609,114.2689747,256.87891387939453
4538875721,22.5215105,114.180997,218.35191202163696
4543506213,22.2549834,114.1357614,722.8344116210938
4551132053,22.4389938,113.9955312,22.401174068450928
4555616919,22.2817327,114.1484468,1850.6828002929688
4557487810,22.28173,114.1477,620.4854125976562
4561133843,22.4475533,114.0615143,6.911280393600464
4561133938,22.458605,114.0553859,94.56543922424316
4561133944,22.4555575,114.0576528,63.851346492767334
4561133966,22.44195,114.044703,91.51759910583496
4561133992,22.4398351,114.0399855,224.17745304107666
4561133996,22.4381668,114.0391701,80.13033294677734
4561139486,22.4626948,114.0210538,11.48631191253662
4561140790,22.4620521,114.0215341,91.4419116973877
4575037426,22.3148954,114.278718,45.2699499130249
4575037437,22.315295,114.279082,31.238478660583496
4575151285,22.4135748,114.0276689,31.043346405029297
4576491061,22.4977419,114.1139082,97.34610557556152
4576491071,22.4974632,114.1122981,25.065784692764282
4577535120,22.2828633,114.182049,699.0980834960938
4582220383,22.3189834,113.9333563,599.5595772266388
4583629978,22.2965126,114.0230934,225.5664405822754
4593927784,22.3688743,114.0224418,861.1225900650024
4596152025,22.286661,114.0129304,64.44556617736816
4603072658,22.2490377,114.1683215,98.96289825439452
4603072686,22.2483663,114.1697626,109.0918426513672
4607173046,22.2434935,114.1529156,3903.2470092773438
4607173193,22.2438521,114.1575685,2021.4363403320312
4620931814,22.3362883,114.0350286,1150.9681968688965
4627466800,22.4462335,114.1701885,1439.0397033691406
4627607624,22.4488641,114.1642025,371.4759216308594
4627692243,22.4526716,114.1894371,72.65028476715088
4631836161,22.4622608,114.1898872,170.15710830688477
4633818210,22.4753916,114.2259031,18.73701858520508
4634869334,22.44098,114.0444,57.32122039794922
4636438860,22.4738479,114.2317416,83.89072799682617
4664814345,22.4414835,114.1755056,115.36956405639648
4687212199,22.280712,114.1772681,335.8443298339844
4689807727,22.3183571,114.181692,380.9879760742188
4728719140,22.3411901,114.1682845,227.45372009277344
4733952775,22.3121849,114.1904996,535.6690063476562
4772154442,22.3064778,113.9840912,339.08902168273926
4772154449,22.2972995,113.9617659,11.311415672302246
4773316080,22.3266733,114.1724344,864.2373657226562
4773331322,22.3266664,114.1717672,364.388427734375
4773727046,22.3260482,114.1603876,1554.2159423828125
4775023621,22.2649098,114.2515692,533.7968139648438
4775063534,22.3396025,114.1719009,131.95431518554688
4775210721,22.3400539,114.1793206,87.32005310058594
4775226237,22.3424013,114.1783183,224.61980438232422
4775526372,22.3440793,114.1828029,1260.2699584960938
4775526380,22.3444276,114.1788094,108.30844116210938
4775679183,22.3427332,114.1731826,262.0810089111328
4775679188,22.3433071,114.1721772,212.31758880615234
4775864821,22.3428951,114.1588893,181.2677459716797
4775864845,22.3428917,114.1546543,1316.2647094726562
4775874778,22.3432615,114.1569683,775.4053955078125
4775875904,22.3432827,114.1566669,1851.0173950195312
4777143790,22.408273,114.2053073,26.32259178161621
4777713345,22.3270143,114.1903141,118.10580444335938
4779511657,22.3699137,113.9302758,41.223575592041016
4779511681,22.369015,113.9302758,52.84441375732422
4779511697,22.3664404,113.9283364,22.085899353027344
4779511698,22.3678561,113.9295793,88.51114273071289
4779511703,22.3657562,113.9277571,22.588990211486816
4780011249,22.3733119,114.1316438,1044.8713073730469
4781436505,22.32008,114.1856434,3168.8477783203125
4781758434,22.3071329,113.937196,60.00537109375
4781758443,22.3088873,113.9376541,65.43791389465332
4781758445,22.3064861,113.9372222,87.89904975891113
4781758454,22.3089796,113.9388355,70.82550048828125
4781758456,22.3133743,113.9413498,135.11638259887695
4781758462,22.3101455,113.9389475,117.14767837524414
4781758463,22.3051846,113.9379018,36.27862930297852
4782331553,22.2890502,114.1960145,938.65380859375
4783056191,22.3040778,113.9396209,13.306897163391112
4783061769,22.313834,113.9425033,62.40790367126465
4784238436,22.3549023,114.1038782,1620.7069396972656
4785998144,22.3609602,114.0896609,856.4318618774414
4786534232,22.4312825,114.1044966,150.92609024047852
4786534249,22.4315158,114.1042887,73.48018264770508
4786538582,22.4337828,114.1055291,85.11201858520508
4786538608,22.433396,114.1068538,257.65663146972656
4786538609,22.4332166,114.1067244,209.98831748962402
4786540033,22.4350825,114.1047168,106.22712135314941
4786540034,22.4345792,114.1044952,41.2003870010376
4786540121,22.4333378,114.1032666,98.85738945007324
4786547893,22.4371301,114.1014663,137.65929412841797
4786547899,22.4366184,114.1004855,67.11120128631592
4786969336,22.5452877,114.1549983,4.171699523925781
4786969353,22.5450622,114.1557873,8.187681674957275
4786969355,22.5448799,114.1550744,12.476953029632568
4786969368,22.5457428,114.1548786,20.254873752593994
4787075354,22.4714209,114.0454722,52.81253004074097
4787118947,22.4615312,114.0528012,165.87429428100586
4787147075,22.4585797,114.0540188,60.27975654602051
4787147090,22.4595277,114.0536992,34.57844924926758
4787147093,22.4596678,114.0541679,60.70877265930176
4787147099,22.4609161,114.0537449,73.5318832397461
4787147100,22.4599596,114.0551441,29.234827995300293
4787147109,22.4599017,114.0529254,35.58149719238281
4787147110,22.459914,114.0528684,129.73314476013184
4787156372,22.4644448,114.0532698,29.68148422241211
4787156384,22.463935,114.0523952,34.02547645568848
4787156385,22.4643501,114.0534778,215.06312370300293
4787191850,22.47146,114.0589044,68.51363134384155
4787191872,22.4754972,114.0593692,56.592360496520996
4787191876,22.4749568,114.059056,37.48600196838379
4787191877,22.4740607,114.0600103,16.086676120758057
4787191897,22.4731068,114.0594406,25.3521625995636
4787191898,22.4743681,114.0608024,14.66695237159729
4787191914,22.4726444,114.0588111,32.520073890686035
4787346315,22.3361424,114.1321971,35.59849166870117
4787346317,22.3391226,114.1308648,111.0573616027832
4788486675,22.460357,113.9832251,119.38350820541382
4788534338,22.449928,113.9827755,130.99730014801025
4788548757,22.370989,114.268553,40.082557678222656
4788548766,22.3705541,114.2681905,64.68634796142578
4788605070,22.4191371,114.0659342,57.03095245361328
4788640456,22.4392486,114.0644413,89.90543746948242
4788640458,22.4391398,114.0663099,52.87881088256836
4788640459,22.4383517,114.0703856,205.54786109924316
4788640477,22.435776,114.071997,80.93016719818115
4788640482,22.4351626,114.071614,69.06429290771484
4788640501,22.4340211,114.0692794,187.72433376312256
4788640582,22.4219001,114.0763269,78.19840621948242
4788640618,22.4302118,114.076303,14.680788040161133
4788640652,22.4282562,114.0720533,53.6177864074707
4788640653,22.4288095,114.0718909,120.34534120559692
4788640696,22.4302923,114.0684993,339.39728832244873
4788640715,22.4288288,114.0702152,147.68967533111572
4788640805,22.4243898,114.0721303,156.6638412475586
4788978361,22.3871035,114.2718291,563.5783576965332
4789041507,22.2289014,114.198915,29.76062774658203
4789204904,22.4914083,114.0588497,24.31676959991455
4789204905,22.4905658,114.0586941,16.549667358398438
4790137982,22.4401874,114.0565278,121.39317703247072
4790138009,22.4397237,114.0518829,123.40570259094238
4790139632,22.4419687,114.0519798,45.73413848876953
4790139634,22.4421559,114.0520751,206.18889331817627
4790295141,22.448136,114.0618237,2.946483373641968
4790305243,22.4412139,114.0636599,30.087692260742188
4790305244,22.441141,114.0658164,41.95864486694336
4790305245,22.4413194,114.065087,22.84100151062012
4790305246,22.4413168,114.0646154,59.104042053222656
4790305249,22.4409835,114.064528,27.455108642578125
4790305265,22.4408668,114.0633205,63.21376609802246
4790305280,22.4406339,114.0638433,29.193510055541992
4790305282,22.4401214,114.0642341,34.627655029296875
4790371254,22.4374264,114.0894662,152.5486421585083
4790371280,22.438946,114.0878441,61.81240463256836
4790371313,22.4398699,114.0885487,236.77012825012207
4790371314,22.4411528,114.0890205,88.51495361328125
4790401682,22.4305125,114.086485,52.09868860244751
4790401698,22.4307382,114.0854306,50.30327486991882
4790432146,22.4342962,114.0972689,45.35661697387695
4790432182,22.4367528,114.0970682,140.90772914886475
4790432215,22.4351625,114.094607,67.83359575271606
4790432325,22.435307,114.0926977,87.00328254699707
4790432326,22.4354514,114.09385,51.77299404144287
4790432371,22.4385351,114.0930692,290.02347469329834
4790433103,22.4347956,114.0988715,94.94244861602783
4790601805,22.4148663,114.0681847,9.17088794708252
4790601817,22.4137905,114.068306,5.930384635925293
4790604921,22.4136395,114.0678991,4.218287944793701
4790604945,22.4120533,114.0627105,174.29745769500732
4790604950,22.4113322,114.0647519,10.77926254272461
4790604951,22.4089684,114.0639727,17.47047472000122
4790604955,22.4099143,114.0633139,7.956152439117432
4790604962,22.4108368,114.0626521,13.615341186523438
4790604972,22.4104699,114.0616295,276.69421577453613
4790604974,22.4104367,114.0625713,13.408065795898438
4790610558,22.4158208,114.067782,26.22797393798828
4790610576,22.4125742,114.0655551,5.000463485717773
4790612218,22.4194811,114.0706341,176.45905590057373
4790613124,22.4190114,114.0710028,45.36490249633789
4791936458,22.281557,114.1821057,309.8832092285156
4793153477,22.3549946,114.1023391,587.9690856933594
4795338842,22.2873456,114.2151463,1412.7418823242188
4796068710,22.3364785,114.1108296,77.25515270233154
4796619711,22.3019959,114.2871744,32.95502471923828
4796621131,22.301233,114.2870119,12.679924011230469
4796625805,22.3020992,114.2859702,16.08573341369629
4796626646,22.3031625,114.2867288,35.1904411315918
4796630933,22.3045173,114.2867128,22.36137580871582
4796631147,22.3047607,114.2859454,15.96013355255127
4796660240,22.3091802,114.2849056,15.484679222106934
4796660247,22.3097355,114.2868711,19.522531509399414
4796662996,22.3108612,114.284176,29.563218116760254
4796663012,22.3108905,114.2861714,30.850147247314453
4796663014,22.3104836,114.2850657,16.086870193481445
4796671844,22.3136769,114.2838428,17.148876190185547
4796671846,22.3140581,114.2837386,11.419806480407717
4796678685,22.3197436,114.2881719,83.87140941619873
4796688210,22.3150292,114.2775006,25.758026123046875
4796688364,22.3148646,114.2774183,46.61004066467285
4841066954,22.4796212,114.1538955,222.7344036102295
4841066967,22.4806162,114.1535639,269.15881729125977
4841067047,22.4819181,114.1544297,58.632591247558594
4841067059,22.4822321,114.1543107,68.39310455322266
4841159961,22.5448518,114.1524404,67.26893901824951
4841159983,22.5241831,114.1776722,46.205852031707764
4841159985,22.5240756,114.1774794,126.65210771560669
4841226986,22.5403027,114.1567861,11.699766874313354
4841227006,22.5392694,114.1610727,2.9384047985076904
4841926467,22.2967799,114.2376185,333.2279052734375
4841926468,22.2967401,114.2375063,568.3899383544922
4842056555,22.2938163,114.2383083,1089.7967529296875
4842056556,22.2937068,114.2381343,437.1379852294922
4842299367,22.3137845,114.2189097,91.0954360961914
4842299368,22.3138061,114.2190271,96.5142593383789
4842299369,22.3136951,114.2189929,73.79005432128906
4842311508,22.3127367,114.2199407,161.5827407836914
4842471853,22.3102008,114.2335751,4025.9793701171875
4842471858,22.309679,114.2336973,2151.5679321289062
4842525138,22.317361,114.2116289,60.71226119995117
4842655811,22.3111037,114.2372884,3312.2998657226562
4842655812,22.3112271,114.2371187,1544.735107421875
4843875301,22.319991,114.1910991,1388.8465576171875
4843925666,22.3216419,114.2090237,140.75567626953125
4844329843,22.2858516,114.1540738,103.84269714355467
4844329844,22.2854177,114.1548205,188.32159423828125
4844329846,22.2845999,114.1557799,90.11986541748048
4844329847,22.2841941,114.1561125,97.35641479492188
4844329848,22.2836752,114.1565303,95.5998077392578
4844329851,22.2820331,114.1578283,232.03750610351562
4844375278,22.3310641,114.2054044,1283.367431640625
4844375279,22.3312188,114.2044247,174.10538482666016
4844635138,22.3344645,114.1506045,285.992431640625
4844671083,22.3562814,114.1283842,173.88497924804688
4844671086,22.3563538,114.1282725,169.61460876464844
4844962261,22.3028069,114.1667228,343.77701568603516
4845965434,22.2674659,114.245076,145.55307006835938
4845969816,22.3359054,114.1982713,441.3015747070313
4845969818,22.3358643,114.1979592,489.813232421875
4846099648,22.3360171,114.196315,369.8112182617188
4846130792,22.2702521,114.2400228,382.53857421875
4846130793,22.2739812,114.2416707,1787.5242004394531
4846130797,22.2736646,114.2414976,704.1929016113281
4846157283,22.270715,114.2390397,272.8381652832031
4846167267,22.335332,114.2038462,134.06036376953125
4846202879,22.3289072,114.1914997,521.8126831054688
4846239316,22.2765803,114.2404669,1722.2332763671875
4846321178,22.3406649,114.1957871,818.6617431640625
4846321179,22.3398475,114.1959245,662.3023071289062
4846321183,22.3388051,114.1961707,2431.2940673828125
4846321185,22.3385122,114.1963703,445.7540588378906
4846336446,22.278295,114.2368953,1376.8521575927734
4846336447,22.2785008,114.2368785,557.6729125976562
4846366266,22.2485716,114.1619115,99.4670867919922
4846815261,22.4153976,113.9775025,376.6486358642578
4847671052,22.3673497,113.9965154,199.75057983398438
4847671061,22.3667601,113.99694,81.30961608886719
4847671063,22.3666328,113.9970494,214.7562141418457
4847814444,22.2790303,114.2294923,1326.6439666748047
4847919140,22.3467263,114.1977227,3623.4451293945312
4847942306,22.3844682,113.9650371,231.0904998779297
4847942307,22.3845252,113.9648911,547.6271209716797
4847948409,22.4264727,113.9892178,71.40826416015625
4847949836,22.3464282,114.1979977,583.881591796875
4848042234,22.3517789,114.127479,53.46784591674805
4848060582,22.3004185,114.172165,273.0072021484375
4848060583,22.3004902,114.1720041,519.7439117431641
4848060589,22.3003137,114.1720203,833.5674743652344
4848067917,22.3579851,114.1283681,186.70455932617188
4848119420,22.3394448,114.1830139,252.48596954345703
4848176003,22.3453022,114.124457,44.8094482421875
4848176006,22.3446979,114.1246586,459.26173973083496
4848176007,22.3448985,114.1245826,58.2352237701416
4848202858,22.3789619,113.9624916,699.122314453125
4848202859,22.3789329,113.9625827,1271.5631103515625
4848202863,22.3776494,113.9666433,4138.575988769531
4848211641,22.2946312,114.1704091,112.574462890625
4848211645,22.2948821,114.1705896,148.24368286132812
4848241601,22.3386082,114.1879738,773.2869262695312
4848257511,22.3568092,114.125351,253.52412033081055
4848304196,22.3577111,114.1244314,168.76646423339844
4848397010,22.3692702,114.1295539,815.3250732421875
4849864697,22.3432326,114.1987771,271.7601928710937
4849864705,22.34581,114.1998877,4483.2664794921875
4849873032,22.3733237,113.9652465,2706.746826171875
4849873036,22.3727828,113.9676904,3345.3801879882812
4850194903,22.2796928,114.1890894,295.17364501953125
4850194904,22.2818953,114.1864668,816.3985595703125
4850655664,22.3599212,114.1032013,1171.953125
4853641904,22.4139147,113.9816468,1890.6259765625
4855904357,22.3393361,114.1093432,129.7451515197754
4855904363,22.3391342,114.1087375,205.63604545593262
4855904367,22.3386033,114.108977,141.1622314453125
4855904400,22.3389148,114.1092627,42.22250938415527
4855904401,22.3302481,114.1035698,823.6441941261292
4855904410,22.3305508,114.1061527,158.0279026031494
4856120482,22.2779311,114.1794034,475.86669921875
4856147006,22.3302588,114.1808078,152.1021270751953
4856276680,22.3401646,114.1749271,489.23424530029297
4856288798,22.2738265,114.1836962,893.3792572021484
4856299490,22.3574105,114.1063004,1406.4949951171875
4856299500,22.3609113,114.1201998,206.67821502685547
4856402020,22.3320862,114.1675305,969.5994262695312
4856411323,22.3322543,114.1673847,873.1986694335938
4856552998,22.3239212,114.2176896,1768.7436828613281
4856563618,22.3669602,114.1215207,1195.478515625
4857914983,22.3186284,114.2316963,771.4575805664062
4857914984,22.3186256,114.2318346,606.4116821289062
4857994673,22.2759609,114.1618638,132.58474731445312
4858064646,22.327631,114.1673414,832.7540893554688
4858076052,22.4567903,114.1695666,677.717529296875
4858088728,22.2640776,114.1848057,133.67393493652344
4858088732,22.2635425,114.1850801,123.39180755615234
4858088733,22.2637715,114.1848791,117.36556243896484
4858088735,22.2640143,114.1846514,233.20004272460938
4858097018,22.3708864,114.1293737,333.5947265625
4858097019,22.3706372,114.1292292,694.7757568359375
4858149666,22.2687965,114.1803265,240.38558959960938
4858229167,22.2774941,114.1800777,487.7742004394531
4858447071,22.3216866,114.1584944,719.5266723632812
4858447072,22.3219701,114.1582586,325.8860168457031
4858570236,22.3735584,114.1174402,1485.592041015625
4858570237,22.3734794,114.1176099,1053.9998779296875
4858570245,22.374291,114.1143557,566.776123046875
4858570246,22.374213,114.1141933,1083.039306640625
4858590457,22.2828376,114.1988963,195.4657974243164
4859947442,22.2831883,114.1985245,142.33642578125
4860173835,22.2840236,114.1573123,81.27925109863281
4860301263,22.3234652,114.1783376,382.0485229492188
4860301264,22.324498,114.1784145,275.18585205078125
4860320025,22.3219098,114.1781269,383.7131958007813
4860608371,22.3174446,114.1791942,367.3294372558594
4860691742,22.3239824,114.1651046,760.6392822265625
4860691743,22.3241075,114.1657153,693.5146484375
4860719322,22.3132538,114.1819502,1952.583251953125
4860813431,22.4009208,114.1995623,315.14113998413086
4861911688,22.4044096,113.9671514,1109.585205078125
4861911693,22.4047293,113.9663899,24668.255935668945
4862139808,22.3014702,114.1840008,124.6501235961914
4862204046,22.3337228,114.1496409,527.8191986083984
4862206122,22.2686966,114.1267029,128.3531494140625
4862273061,22.2869056,114.135303,613.0159912109375
4862273069,22.2867727,114.1365253,564.6483154296875
4862273078,22.2875612,114.1394331,506.3595275878906
4862273081,22.2880035,114.1408279,477.1513977050781
4862273086,22.28705,114.1375437,537.1263427734375
4862273090,22.2878817,114.1423326,485.5734252929688
4862273092,22.2878605,114.1429999,469.6382751464844
4862273094,22.2878361,114.1437713,1293.3275146484375
4862273099,22.287725,114.1458312,435.8808288574219
4862273102,22.287771,114.1475452,501.35693359375
4862273103,22.2880619,114.1479477,473.4911804199219
4862273120,22.2867064,114.132405,1146.9649658203125
4862280124,22.2852492,114.1314865,758.1032104492188
4862386818,22.2627054,114.1353797,347.9754180908203
4862478900,22.3674992,114.1166947,517.1796875
4862605958,22.2984034,114.1779813,220.08155822753906
4862683808,22.379542,114.1285942,871.5758361816406
4862683809,22.3797795,114.1289211,348.9365539550781
4864278883,22.3750903,114.1231844,2648.5003509521484
4864312137,22.3278346,114.2304569,447.69384765625
4864366935,22.3189243,114.2390647,552.4161605834961
4864373379,22.3735819,114.1221412,371.0096435546875
4864373385,22.3722964,114.1218456,789.5251770019531
4864426313,22.329316,114.1509095,199.7213592529297
4864426314,22.3298634,114.1513972,195.2421722412109
4864426315,22.3298862,114.1515003,206.4698944091797
4864470277,22.3224969,114.1627455,1193.023681640625
4864718208,22.3193447,114.1924396,906.080322265625
4864808904,22.3384266,114.1544091,697.2620239257812
4864808907,22.3393328,114.1552015,729.8670043945312
4864808909,22.3401761,114.1559608,842.1256713867188
4864852566,22.3709586,114.1083425,707.9199371337891
4864995837,22.4464618,114.0164602,56.864070892333984
4865952215,22.27822,114.152247,1297.462875366211
4866392022,22.436371,114.0352066,101.70008850097656
4866392026,22.4359556,114.0358648,110.61483764648438
4866619117,22.4665774,113.9983957,9293.4619140625
4866619119,22.4655828,113.9977765,943.2145385742188
4867299299,22.4149768,113.9807564,99.8543930053711
4867328457,22.4514943,114.0020102,2704.8822021484375
4867372914,22.4569469,113.9989908,4848.838302612305
4867380945,22.4581322,113.9982742,430.06396484375
4867380946,22.4591608,113.997729,1117.31884765625
4869980834,22.2814614,114.166805,154.8592529296875
4870102383,22.2894711,114.1437925,1307.8231811523438
4870102386,22.2890989,114.144064,368.9221496582031
4876292631,22.2835765,114.142803,287.0074462890625
4876292652,22.2824139,114.1435045,482.822509765625
4879505885,22.4409791,114.0059465,18.462053298950195
4879505886,22.4413485,114.00581,12.160243034362793
4883305427,22.2753658,114.2960758,14.879524230957031
4894803949,22.4573582,114.2112012,138.73299598693848
4894803951,22.4576975,114.2115067,76.96287155151367
4894841610,22.4613042,114.2045138,280.9020481109619
4894844834,22.4612109,114.204808,148.04959869384766
4920098336,22.4476428,114.024126,1211.110107421875
4920546020,22.4426072,114.0288445,335.2801818847656
4928401467,22.3087057,114.1638956,553.4369506835938
4932451700,22.4413119,114.0852144,147.33474731445312
4945918763,22.3216312,114.1989862,455.89356994628906
4953156864,22.3761666,114.1202369,547.6982269287109
4955265552,22.3359594,114.1319631,176.02906894683838
4955265567,22.3454946,114.1249529,77.93506622314453
4955639781,22.2778921,114.1764978,410.4228515625
4982909374,22.3576344,114.1243527,88.16461181640625
4984165205,22.256513,113.9075148,9.575231552124023
4986888692,22.5505083,114.2224806,492.8000831604004
4991172007,22.4465953,114.1281817,23.355592727661133
4991172009,22.4455039,114.1272898,75.06870460510254
4991172944,22.44581,114.1280481,55.3769474029541
4991219442,22.4402888,114.1297531,172.03918838500977
4991304087,22.4454356,114.1319822,24.434192657470703
4992789668,22.4441201,114.1322152,46.084373474121094
4992789675,22.4434832,114.1326017,11.605051040649414
4992789687,22.4433713,114.1316737,20.41265869140625
4992789694,22.4435691,114.131071,86.5219783782959
4992841613,22.4418363,114.1323276,11.850703239440918
4992841616,22.4418264,114.1320775,11.688642501831056
4992842103,22.4452623,114.1400737,19.36215305328369
4992842107,22.4451134,114.140214,35.14546012878418
4992842114,22.4457389,114.140989,9.36251449584961
4992879565,22.446234,114.1332616,143.78785133361816
4992879571,22.4464301,114.1329007,187.90976333618164
4992879576,22.4458691,114.1330616,23.339340209960938
4992879584,22.4460191,114.1328551,24.555479049682617
4992879618,22.4453071,114.1328501,24.854042053222656
4992956298,22.5105515,114.1654998,111.68567085266113
4992956299,22.5101079,114.1606342,54.23253059387207
4993008072,22.5047028,114.1508736,137.17113876342773
4993209721,22.4466178,114.1274223,31.1141300201416
4993209756,22.4429588,114.1473457,49.77490425109863
4993209757,22.4428392,114.1476086,75.87361145019531
4993567929,22.5147415,114.1786252,321.87243270874023
4993567934,22.5135413,114.1764516,34.2900447845459
4993567946,22.514608,114.1731881,37.77609157562256
4993567977,22.5160689,114.17085,149.73383903503418
4994993384,22.4411097,114.1262192,22.366920471191406
4994993393,22.4407445,114.1258705,22.209726333618164
4994993404,22.4403683,114.1258718,118.9804916381836
4995053368,22.3872504,113.9637137,567.936882019043
4995144191,22.4998274,114.1522331,60.82041835784912
4995180595,22.4415407,114.1240869,12.740583419799805
4995182351,22.4427567,114.1251746,27.413933753967285
4995182381,22.4407576,114.1245667,85.6197452545166
4995182384,22.4413006,114.1236414,39.21537399291992
4995202594,22.5500288,114.1563512,25.181657791137695
4995202728,22.5357318,114.1493229,34.51935005187988
4995298147,22.5327665,114.1582258,77.08351039886475
4995356588,22.515546,114.1349332,199.30024337768555
4995375605,22.5263448,114.1279088,36.60472774505615
4995615352,22.5111756,114.1774752,8.6538724899292
4995615359,22.5109839,114.1766469,84.95148229598999
4995731496,22.4735613,114.219505,245.94284629821777
4995732841,22.4745013,114.2275469,54.29937267303467
4995732853,22.4741078,114.2270231,17.685396194458008
4997694339,22.4600732,114.1465989,411.6533203125
4997694345,22.4607673,114.1468484,98.07097625732422
4997694354,22.4609808,114.1465731,194.98775482177737
4997821934,22.474235,114.2292984,53.33818435668945
4997821944,22.4730489,114.2330634,80.97871398925781
4997940754,22.4744417,114.2334186,101.85486602783203
4997940757,22.4747667,114.2329302,100.08968734741211
4997940783,22.4735691,114.2323524,54.83283996582031
4997940788,22.4741318,114.2327117,52.50764083862305
4998001631,22.451004,114.0928012,25.568565368652344
4998001670,22.44857,114.093731,89.49144554138184
4998001708,22.4497096,114.0918524,80.31836318969727
4998001966,22.4482742,114.0988841,256.1872706413269
4998001985,22.4484155,114.0968466,94.85717964172363
4998002317,22.4492949,114.0970868,104.2241563796997
4998002524,22.4492916,114.0971382,62.23876762390137
4998002620,22.4517252,114.0982418,153.98188495635986
4998031152,22.478924,114.1608292,16.195539951324463
4998041908,22.4450406,114.096581,57.18453884124756
4998044939,22.4458541,114.0960224,36.7539119720459
4998044950,22.4464862,114.0959737,89.47470283508301
4998276673,22.4753147,114.151919,16.870946884155273
4998276715,22.4781473,114.1530126,261.7742042541504
4998278035,22.4743077,114.1508001,36.55925369262695
4998348018,22.4440483,114.0934429,20.700122833251957
4998349041,22.4434133,114.0946476,52.2004280090332
4998349054,22.4441062,114.0948288,19.73756599426269
4998349059,22.4444495,114.0937795,20.88744163513184
4998349091,22.4435235,114.097033,7.60985803604126
4998349093,22.4442791,114.0987085,293.35087299346924
4998349100,22.4438049,114.0979282,26.496138095855713
4998349113,22.4433948,114.0966667,8.117262840270996
4998349248,22.4395337,114.0975483,145.12752389907837
4998349268,22.4412942,114.0971193,28.25784158706665
4998349318,22.4407065,114.0945585,92.37420558929443
4998349606,22.4413159,114.0888969,83.37637329101562
4998349632,22.4412627,114.0907199,658.6981239318848
4998349637,22.4427183,114.0900229,77.5135269165039
4998349638,22.4419865,114.0903597,155.50664520263672
4998349639,22.4432519,114.0893492,172.2126750946045
4998349705,22.4458631,114.0906871,57.80440664291382
4998365405,22.4395744,114.0947722,140.45406341552734
4998701078,22.445832,114.089461,195.75019884109497
4998758321,22.3922162,113.9210233,74.30501937866211
5000255239,22.4318779,114.0987501,37.61478805541992
5000255245,22.4314393,114.0976812,12.69403600692749
5000331121,22.4337215,114.0910189,103.25796604156494
5000334039,22.3804278,113.9212798,658.9527792930603
5000334040,22.3894663,113.9226988,19.181129455566406
5000334081,22.38874,113.9211298,28.92551898956299
5000391563,22.4320119,114.0950704,17.302531719207764
5000391565,22.43199,114.0940972,10.837059497833252
5000391576,22.4316147,114.0945019,6.41082239151001
5000439540,22.452921,114.0995926,997.0591011047363
5000794713,22.4276459,114.090392,57.95794677734375
5000795731,22.4295021,114.0902177,67.11338424682617
5000795732,22.4284664,114.0915704,11.483670234680176
5000795737,22.4279781,114.0916196,6.51387882232666
5000795739,22.4279725,114.0913362,13.69591999053955
5000795773,22.4290892,114.0932251,18.88898515701294
5000795853,22.4312168,114.0964434,6.6448235511779785
5000795880,22.4305092,114.0987738,42.374380111694336
5000821408,22.4155633,113.9713693,27.881736755371094
5000821416,22.4153976,113.9705613,66.11748123168945
5000864621,22.4130386,113.9710944,72.94670104980469
5001123899,22.4812804,114.1531816,1319.0281372070312
5005473312,22.5322577,114.1514181,49.43440532684326
5005474121,22.5159408,114.1692827,256.17624855041504
5005474128,22.5152127,114.1693752,215.75252532958984
5005537316,22.4305529,114.0972511,15.273426055908203
5005538024,22.4301535,114.0973429,14.155298233032228
5005538030,22.4306514,114.0934763,14.572877883911133
5005538051,22.4300204,114.0939652,13.764182090759276
5005595816,22.4286322,114.0973582,26.661932945251465
5005598571,22.4294656,114.0989016,28.458680152893066
5005635141,22.4513972,113.963137,9.79652976989746
5005753694,22.4285838,114.0869538,13.166374206542969
5005816786,22.4297682,114.0992492,24.681232452392575
5005893247,22.3755682,113.9991496,15.431930541992188
5005893282,22.3708999,113.9949541,193.58148956298828
5005893283,22.3712975,113.9949012,224.98485565185547
5007972222,22.2701063,114.2404022,332.9244384765625
5007972223,22.2710901,114.2407995,332.78192138671875
5008088825,22.2758997,114.2391182,1041.9725646972656
5008490851,22.2866276,114.1954455,3047.4076080322266
5008490853,22.2863135,114.1952393,1200.9565734863281
5008490871,22.285918,114.1939079,2356.2886352539062
5009737115,22.3027877,114.1594717,156.88165283203125
5009739636,22.3027239,114.1612411,516.7256088256836
5010367146,22.283651,114.1723072,1283.0361022949219
5010367148,22.2813455,114.1744581,415.0392456054688
5012882374,22.2765325,114.1574737,214.2442321777344
5015140846,22.2824702,114.1407191,502.1311798095703
5015170896,22.2843182,114.1292219,1172.2494812011719
5015619994,22.2818666,114.1683324,358.6190490722656
5016628321,22.3647958,114.1367912,1986.6531066894531
5021027300,22.2600927,114.1363485,101.91535949707033
5022506823,22.3249539,114.189792,117.0932846069336
5022856988,22.2380822,114.1688243,28.20391845703125
5022856994,22.2379493,114.1683522,405.10212898254395
5025133164,22.4653795,113.9911987,28.480093002319336
5025133170,22.4650345,113.9911818,19.506664752960205
5025133180,22.4587127,113.9929025,593.8019371032715
5025153824,22.3337729,114.2158135,1908.238037109375
5025219538,22.4621753,113.9800186,33.80794715881348
5025233346,22.4414502,113.9859099,219.4453296661377
5025233362,22.4406741,113.9864741,25.55933380126953
5025233370,22.4356607,113.9823582,25.102721214294434
5025233381,22.4361792,113.9834424,7.653730392456055
5025233398,22.4341793,113.9844668,127.31808376312256
5025246417,22.4527693,114.1581738,1523.7542724609375
5025276135,22.4370201,113.9912791,35.17848587036133
5025323776,22.4289186,113.9920789,66.04170989990234
5025323780,22.4278527,113.9910138,66.31111145019531
5025323805,22.4185562,113.9836899,65.72403717041016
5025323812,22.4179274,113.9832115,68.23584747314453
5025323820,22.4182621,113.982276,182.77464294433594
5025345207,22.4281756,113.9888722,173.1105375289917
5025346727,22.4248591,113.9908583,15.731857299804688
5025346745,22.4254939,113.9884395,85.78074645996094
5025346763,22.4168331,113.9826222,148.8939971923828
5026753529,22.4253186,113.9818477,41.50056266784668
5026753534,22.4256535,113.9810538,133.55877876281738
5026753535,22.4249897,113.9807531,39.984004974365234
5026753577,22.4196885,113.9803036,73.93448638916016
5026755148,22.308638,114.1829312,788.8516845703125
5026822055,22.3427728,114.1850603,2816.6502075195312
5026880569,22.4121797,113.9747135,107.37000274658203
5026880573,22.4117053,113.9743954,162.65732955932617
5026880587,22.415425,113.9723887,193.76048278808594
5026950795,22.4117812,113.9646953,360.3033447265625
5026950805,22.4108557,113.965259,556.7698745727539
5026950807,22.4104726,113.9647498,8160.130027770996
5027198630,22.3407133,114.1924608,1937.079833984375
5027640244,22.3331222,114.2005392,226.29476928710938
5029835807,22.3231418,114.2162814,2685.42431640625
5029849423,22.3345798,114.2182887,3984.832305908203
5035159632,22.3091814,114.165067,527.7755737304688
5035465444,22.2538476,114.1855412,46.15372848510742
5035465466,22.2535412,114.1863335,41.52698516845703
5035465469,22.2534695,114.1862486,83.0275993347168
5035678617,22.433035,114.0077517,239.28314208984375
5035737535,22.4180191,113.9842298,67.2005672454834
5036927354,22.4442773,114.02447,408.6423034667969
5037192541,22.44399,114.0463106,313.8944206237793
5037341499,22.3324034,114.1122027,48.246816635131836
5037341519,22.3291717,114.1124985,30.60524177551269
5037527173,22.3544423,114.116658,533.3414459228516
5037697962,22.3682415,114.0918193,2177.125602722168
5037697976,22.368297,114.0907418,1248.114730834961
5037745355,22.4172113,114.0229328,18.05052375793457
5037750753,22.4400129,114.0349489,66.27173805236816
5037858606,22.4436641,114.0210815,947.9653015136719
5037904129,22.3204289,114.2275556,3844.1201782226562
5039281554,22.3359388,114.2011073,395.86376953125
5039281555,22.3355269,114.2014974,233.8859634399414
5039488069,22.3886422,113.9753697,2200.5703125
5039724284,22.4406581,114.0272946,405.34368896484375
5039724285,22.4403074,114.0271854,620.7618408203125
5039920185,22.3721621,114.1244034,763.7322998046875
5040066602,22.4198754,114.2033988,28.81940078735352
5041443739,22.4433443,114.1761105,60.832611083984375
5041566293,22.3433812,114.1895537,1513.4696655273438
5041785900,22.4544938,114.1750497,1017.489501953125
5041898458,22.3700076,114.1724077,1249.0869598388672
5041940788,22.3670103,114.1842125,383.81605529785156
5041990298,22.4830926,114.1430602,351.0614318847656
5043283702,22.4570168,114.1811382,78.65786933898926
5043283704,22.4569731,114.1849089,278.3718452453613
5043283707,22.4569673,114.1882798,85.4773941040039
5043323766,22.4557376,114.1812308,268.8140687942505
5043323767,22.4569609,114.1812246,90.8514404296875
5043323770,22.4581819,114.1811347,34.00169372558594
5043510546,22.4954195,114.1367254,650.6810302734375
5043510593,22.5073713,114.1479651,23.7664213180542
5043660546,22.3838659,113.9733988,2125.6157836914062
5043670116,22.5058889,114.1204629,36.00608730316162
5043681897,22.3713363,114.0020514,253.7367582321167
5043747357,22.4954689,114.0606514,301.3806371688843
5043757884,22.3649075,114.0229058,57.51559829711914
5043775311,22.4944087,114.0682986,80.49031448364258
5043775316,22.4949696,114.0688168,78.70281982421875
5043775327,22.4999394,114.0782896,58.10325527191162
5043775337,22.4990611,114.0787372,54.57127380371094
5043775354,22.4952367,114.0734216,34.5095329284668
5043793606,22.4666271,114.0579254,195.68816423416138
5043793618,22.4530429,114.0552575,3.9361379146575928
5043793619,22.4536263,114.0551046,29.231937646865845
5043793620,22.4527963,114.0564002,7.279476165771484
5043794633,22.4536286,114.0542364,58.02771615982055
5043794638,22.4539493,114.0462014,585.5701961517334
5043794645,22.4526603,114.0474959,243.2838897705078
5043794646,22.4543773,114.0422543,58.9051628112793
5048781160,22.4653181,114.1803558,4.9627604484558105
5049080415,22.4351943,114.0724669,14.365231990814209
5049080821,22.4346593,114.0721893,29.611696243286133
5049080822,22.4366664,114.0636068,312.8770761489868
5049080831,22.4404463,114.0772388,532.521324634552
5049080860,22.4430614,114.0620033,18.25420379638672
5049198365,22.4137346,114.0656766,15.895703792572021
5049198372,22.4126001,114.0656208,4.65622615814209
5049198382,22.4142079,114.0649317,7.619156360626221
5049198387,22.4175415,114.075956,51.59876823425293
5049198392,22.4177584,114.0758216,34.768773555755615
5049382074,22.4748761,114.1562909,3.217262983322144
5049382080,22.4752585,114.1556981,5.780676364898682
5049418895,22.4157979,113.9777705,296.94970703125
5049418917,22.4269271,113.9892227,69.6296157836914
5049564227,22.4396393,113.9998718,49.515228271484375
5049564248,22.439376,113.9998459,99.96527862548828
5049564249,22.4421902,113.9996524,80.94166660308838
5049614771,22.4508941,114.0073121,76.18594360351562
5049649185,22.4358781,114.0369467,93.5894775390625
5049649188,22.4359804,114.0371596,100.31857299804688
5049649196,22.4318448,114.0351322,111.89168596267699
5049650040,22.4352793,114.0364531,168.55279541015625
5049650041,22.4335966,114.0366646,224.8713026046753
5049650053,22.4331463,114.0358302,68.76626968383789
5049650093,22.4337939,114.0346,254.21516799926758
5049727947,22.3639193,114.1198652,128.13380432128906
5052172761,22.3827735,114.1245716,152.7893524169922
5052172789,22.3828071,114.123214,54.150840759277344
5052172797,22.3819022,114.1230135,587.3998222351074
5052172818,22.3837032,114.1216784,189.68931198120117
5052178449,22.3844878,114.1228834,125.74532699584961
5052178466,22.3843906,114.1235562,245.05144119262695
5052178471,22.3876549,114.1240174,467.35682678222656
5052194510,22.3837618,114.1252927,343.16845321655273
5052259185,22.4197203,114.2018821,58.16215133666992
5052259187,22.4191558,114.202056,31.67804718017578
5052259195,22.4189702,114.2025554,44.10840225219727
5052279539,22.3174492,114.1569617,342.7926025390625
5052306921,22.4712552,114.1479433,203.20617389678955
5052326584,22.3839062,114.214326,356.4257125854492
5052333108,22.363295,114.1772082,416.01628112792963
5052366372,22.4865235,114.1409862,2007.2894287109373
5052630747,22.4992087,114.1413738,149.27439880371094
5053414093,22.3736419,114.1113299,721.4165649414062
5053817195,22.367552,114.1163068,388.0838928222656
5053977558,22.3712903,114.114855,490.1340942382813
5054022354,22.524644,114.1221722,9.776615142822266
5054022370,22.5231783,114.1217923,47.06979465484619
5054701216,22.4558949,114.0061315,954.3153228759766
5056738792,22.2655859,114.2353006,532.1859741210938
5056738793,22.2660973,114.2348542,1455.2095336914062
5056775405,22.4232347,114.2334768,288.19970703125
5057022210,22.2847186,114.2152218,903.4519653320312
5057351374,22.4476387,114.0254037,436.6278076171875
5058475429,22.3823624,113.9754551,556.6366004943848
5058750853,22.3816845,114.2038363,968.4984436035156
5059039716,22.3707701,114.177519,1363.1170654296875
5059039720,22.3775629,114.1740328,1464.361083984375
5059040222,22.3783763,114.1739812,7647.807159423828
5059040224,22.3774494,114.1715756,4243.584899902344
5064507955,22.4632592,113.989053,121.59048461914062
5066936198,22.4175307,114.2322382,278.506591796875
5067215475,22.4344363,114.0332297,77.03950500488281
5067400484,22.3134172,114.2207132,122.17679595947266
5067580604,22.481693,114.0579054,392.8193154335022
5067635924,22.3049467,114.235647,2939.7430419921875
5067638660,22.3661932,114.1191253,562.1981811523438
5069636178,22.3672848,114.1290523,4312.655029296875
5070054099,22.3662863,114.1349842,351.7470397949219
5070230303,22.3311797,114.1442679,169.8585968017578
5070230305,22.3314372,114.1363027,139.68019676208496
5070230306,22.3313809,114.1362681,106.84655380249023
5070230310,22.3313334,114.1359063,223.30810737609863
5070329060,22.3638161,114.0131703,193.81348037719727
5070351515,22.334966,114.1452188,178.95140075683594
5070424649,22.2797123,114.1673764,149.25865173339844
5071893191,22.3416556,114.1107164,161.10477447509766
5071940101,22.3500093,114.1181633,480.0025701522827
5072077573,22.4299592,114.2406236,379.7808074951172
5072181135,22.3392694,114.1849436,934.9206390380859
5072192057,22.4980655,114.1325494,1103.7338333129883
5072249159,22.3192916,114.2628509,3012.4871826171875
5072249163,22.3194863,114.2625331,2338.823257446289
5072381622,22.2368111,114.1536333,855.1281433105469
5072426238,22.4970637,114.101197,33.2512092590332
5072432487,22.4934164,114.1031741,4.5817484855651855
5073566901,22.4939957,114.083548,114.15053057670593
5073642860,22.4414852,114.0669518,31.561288833618164
5073642861,22.4412967,114.0667979,27.86324882507324
5073642862,22.4417652,114.0667727,68.33928203582764
5073642868,22.4405648,114.0676009,30.35657501220703
5073642872,22.4399396,114.0671272,33.302738189697266
5073642873,22.4400325,114.0667534,30.25374794006348
5073642882,22.4440448,114.0615806,5.523266315460205
5073642895,22.4457512,114.0626496,6.505676507949829
5073642906,22.4485875,114.0626799,15.682904243469238
5073930874,22.3761689,114.189644,247.0675048828125
5073943620,22.3798929,114.1974228,544.9406890869141
5074005180,22.359486,113.9508791,17.584383010864258
5074249618,22.3833206,114.2043614,290.10980224609375
5074299664,22.3722105,114.1219365,776.9924621582031
5074371472,22.375167,114.1120712,3511.397918701172
5074407325,22.3455553,114.0966296,241.51465606689453
5074482963,22.3814631,113.969336,1565.2976531982422
5074504865,22.3698563,114.1123047,412.3531799316406
5078324556,22.234053,113.9616602,21.14341735839844
5079399461,22.4308197,114.2531494,242.85340881347656
5079603514,22.4134564,114.2131304,65.22653198242188
5079604522,22.4130582,114.2127662,76.89671325683594
5081971507,22.3733417,113.9653305,1441.542724609375
5081971509,22.3733126,113.9654474,4216.527587890625
5082006665,22.3836024,113.9780836,498.8882141113281
5082082231,22.3907839,113.9799394,103.0388641357422
5082098723,22.3951194,113.9777538,316.5007553100586
5082102263,22.401332,113.9733167,330.2130432128906
5082183821,22.4610231,114.2080751,121.8535385131836
5082237629,22.3903002,113.9194386,32.20035934448242
5082237634,22.389053,113.9208862,18.708282470703125
5082237645,22.3893727,113.9224616,55.71704912185669
5082239587,22.4693686,114.2060766,167.42827796936035
5082254087,22.3884559,113.9208694,172.57978916168213
5082254101,22.389798,113.9231748,13.013249397277832
5082309420,22.3943078,113.9712529,234.62368774414065
5082326218,22.4574305,114.1721916,576.4673461914062
5082503211,22.4163539,113.9684155,114.05931854248047
5082551997,22.4579814,114.0045829,878.2995758056641
5082577004,22.4158765,114.0685096,68.34990119934082
5082577011,22.4150035,114.069046,23.231843948364254
5082578827,22.4156457,114.0676296,8.992295265197754
5082589687,22.4633746,114.1484113,43.22989273071289
5082589708,22.4661001,114.148655,274.68846893310547
5082598665,22.4621145,114.0089401,91.12958908081055
5082628003,22.4194605,114.065957,108.40853881835938
5082628006,22.4170671,114.0694439,67.90920829772949
5082628253,22.4134526,114.0666709,4.771425724029541
5082630485,22.4265788,114.0706857,95.07827663421631
5082679070,22.4663347,114.0053776,1484.5763473510742
5084160440,22.4671209,113.9954417,81.05704116821289
5084176134,22.4710547,114.0022627,598.792724609375
5084176139,22.4712861,114.0025084,1890.156982421875
5084196122,22.4096435,114.0640974,6.667708873748779
5084245986,22.3663208,114.1691043,773.7939910888672
5084246001,22.3638129,114.1656032,1622.2723579406738
5084414051,22.415771,114.0333716,15.484071731567385
5084414064,22.4199561,114.0228697,29.863500595092773
5084414067,22.41994,114.0223427,14.941603660583496
5084414080,22.4210868,114.021931,14.12398624420166
5084427716,22.4179696,114.0195198,15.580077171325684
5084427720,22.4177127,114.018747,46.83188247680664
5084428634,22.4152368,114.0191343,31.142312049865723
5084428656,22.4155634,114.017403,45.54591083526611
5084428670,22.4143183,114.0182945,15.365204811096191
5084428675,22.4143371,114.0177403,29.305034637451172
5084428686,22.4142495,114.0165815,34.22042369842529
5084428689,22.4307196,114.0224214,35.355567932128906
5084428704,22.4255506,114.0368827,14.514974594116213
5084428833,22.4228009,114.0313497,38.6149787902832
5084476269,22.4242867,114.0185832,52.27311611175537
5084476281,22.4230396,114.0184387,27.586447715759277
5084476293,22.4232194,114.0178749,13.845402717590332
5084476522,22.4214204,114.0159739,56.661898612976074
5084476532,22.4210076,114.0157013,13.65445327758789
5084476547,22.4239769,114.0202176,29.37836265563965
5084476559,22.423275,114.0192845,28.54053497314453
5084476582,22.4235638,114.0160282,32.16929817199707
5084476583,22.4244741,114.0167399,19.71951198577881
5084476588,22.4240094,114.017404,11.098308563232422
5084476601,22.4230322,114.0181301,12.632214546203612
5084476638,22.4197343,114.0161333,13.744114875793455
5084476645,22.4183888,114.0161606,26.654787063598633
5084476649,22.4198671,114.0164503,28.568954467773438
5084476654,22.4199723,114.0169923,29.64070415496826
5084476667,22.4192209,114.0185996,15.034608840942385
5084476668,22.419345,114.019422,15.358925819396973
5084476675,22.4199101,114.0189706,30.319360733032227
5084476676,22.4193446,114.0195814,14.983116149902344
5084476706,22.4184226,114.017189,29.513794898986816
5084476707,22.4166833,114.0177484,15.598099708557127
5084476715,22.4171631,114.0171638,29.52353286743164
5084481169,22.430623,114.0179429,10.163248538970947
5084481177,22.4300618,114.0172556,5.08442497253418
5084481178,22.4311579,114.0192227,35.45311260223389
5084481206,22.4281245,114.0179403,31.131103038787842
5084491996,22.4175721,114.0224705,16.107419967651367
5084491997,22.4181325,114.0230933,18.26299476623535
5084492005,22.4182683,114.0224561,15.409399032592772
5084492011,22.4182319,114.0218685,15.25245761871338
5084492015,22.421747,114.0219347,14.2827730178833
5084494942,22.4251464,114.0201533,46.810797691345215
5084494954,22.4284613,114.0229702,33.50111770629883
5084494975,22.4296261,114.0232919,33.19306945800781
5084494983,22.4293749,114.0215295,36.473276138305664
5084498525,22.4208431,114.028794,40.20346832275391
5084498534,22.417195,114.0283196,47.788705825805664
5084498545,22.4184331,114.0279,36.83294105529785
5084498546,22.4169155,114.028966,110.73966884613037
5084498569,22.4185971,114.0266519,38.12681579589844
5084498570,22.4181131,114.0273865,66.65095710754395
5084498576,22.416848,114.0256427,16.372934341430664
5084498586,22.4161049,114.0254026,13.876541137695312
5084498587,22.416423,114.0265055,42.85188674926758
5084498593,22.4169759,114.0261138,36.65119552612305
5084498598,22.4174962,114.0252444,79.46664047241211
5084498615,22.41281,114.0236705,40.631242752075195
5084517823,22.4252494,114.0304881,168.73660850524902
5084517824,22.4256902,114.0286109,160.64706230163574
5084517870,22.4252161,114.031646,54.69763946533203
5084517871,22.4231812,114.0344287,46.35154914855957
5084517881,22.4227354,114.0336959,108.6181526184082
5084518731,22.4253536,114.2340692,633.3158569335938
5084518732,22.4255761,114.2341175,1742.5144653320312
5084524085,22.4303064,114.0237238,16.488245010375977
5084524105,22.4288515,114.0255428,34.563446044921875
5084524119,22.4267003,114.0247279,34.680301666259766
5084524120,22.4275301,114.0254766,17.755266189575195
5084524237,22.4279833,114.0245125,14.853732109069824
5084540668,22.426928,114.0365803,26.837742805480957
5084543035,22.4183164,114.0210317,15.195549011230469
5084543042,22.4180628,114.0203105,15.577134132385254
5084551733,22.4275196,114.037056,55.257572650909424
5084551746,22.4291886,114.0378323,17.42363739013672
5084551747,22.4295527,114.0383092,144.75027322769165
5084551762,22.4289361,114.0366601,12.620987892150879
5084608184,22.4284184,114.033923,34.711090087890625
5084608189,22.4283212,114.0333141,31.865944862365723
5084608191,22.4282541,114.0330184,117.11739921569824
5084650532,22.503206,114.1234295,66.31073760986328
5084650541,22.5033118,114.1227278,22.87975311279297
5084715339,22.4838338,113.9961886,154.07869863510132
5084722347,22.3374412,114.2077745,1010.6506652832031
5084767773,22.4919947,114.1447269,1068.7802124023438
5084795776,22.2799993,114.1923706,254.87258911132807
5084847714,22.4526881,114.1621892,1200.4251708984375
5084854429,22.4510274,114.1673859,1036.2847595214844
5084854431,22.4513828,114.1673581,679.1908569335938
5086364273,22.4298845,114.1012132,238.16991806030273
5086364282,22.4303482,114.0996961,26.59206771850586
5086364283,22.4290271,114.0962494,13.256522178649902
5086548511,22.4534614,114.177956,81.56298828125
5086612178,22.3276075,114.2034992,97.3380889892578
5086650110,22.319195,114.2091988,109.09976196289062
5086650115,22.3197043,114.2092126,98.9035415649414
5086666904,22.3132936,114.2166334,251.86483764648438
5086702448,22.3161916,114.2187872,4736.412292480469
5086702452,22.3157585,114.2192483,1913.685302734375
5086818051,22.3469776,114.2495756,25.23615074157715
5086819795,22.2764562,114.1715675,459.4710388183594
5086886523,22.3535321,114.2494773,100.70231628417967
5086887127,22.3220258,114.2132565,486.97772216796875
5086926704,22.3225672,114.2258091,585.8878173828125
5086948228,22.358245,114.2506554,57.49954605102539
5086948258,22.3584326,114.2496804,86.4796142578125
5086948277,22.3574326,114.2498038,105.49249267578125
5086948287,22.3559823,114.2472902,34.03540802001953
5086948288,22.3562006,114.2470314,29.5395450592041
5086948295,22.3565503,114.2481016,54.67617988586426
5086948317,22.3503244,114.2528714,468.94974517822266
5086953853,22.352148,114.2519505,305.20928955078125
5086971074,22.3314444,114.209105,1280.9087524414062
5087032918,22.3615989,114.2522425,168.04895782470703
5087033623,22.3611206,114.2536728,269.8356018066406
5087080172,22.274638,114.1850581,622.4432983398438
5087188609,22.2736775,114.1640758,140.3792724609375
5087268428,22.2794653,114.1688968,328.5813293457031
5087268429,22.2795888,114.1681734,331.1903076171875
5087300429,22.3752325,114.2729101,100.83355522155762
5087333519,22.2856625,114.1566929,90.6641616821289
5087359193,22.2872011,114.1557413,85.86981964111328
5087369454,22.3258706,114.2586195,85.83626556396484
5087369456,22.3260161,114.2588784,284.6544494628906
5087369909,22.4346199,114.0189339,9.3372163772583
5087369912,22.435677,114.0189788,92.57399368286133
5087382643,22.3116127,114.2621351,1279.9219360351562
5087390199,22.2957127,114.2737765,170.48618125915527
5087393551,22.2941144,113.9469241,201.6138458251953
5087393553,22.2944371,113.9468274,169.30718994140625
5087397931,22.2846218,113.9430747,72.10577201843262
5087408623,22.4340496,114.0232981,67.23368072509766
5087408691,22.4480227,114.0180421,307.1851921081543
5087417386,22.2803567,114.1577423,600.7797241210938
5088939320,22.4354161,114.0371479,58.01777267456055
5088940656,22.4351764,114.024785,102.00495147705078
5089259559,22.2872152,114.2747962,552.1333522796631
5089259560,22.2838999,114.27514,510.7853503227234
5089488671,22.3279328,114.1390324,349.5606117248535
5090340559,22.4614814,114.0160462,25.520432472229004
5090340573,22.4615414,114.0148509,5.724459648132324
5090340577,22.4623631,114.0213354,30.337926864624023
5090340585,22.4622707,114.0198583,48.0893120765686
5090340590,22.4627655,114.0194836,7.659813404083252
5090340611,22.4558469,114.024665,142.7272481918335
5090341541,22.4521669,114.0259556,90.07395553588867
5090341549,22.4534179,114.0250361,49.26839447021485
5090341559,22.4525487,114.0251027,56.55302429199219
5090341561,22.4520516,114.0248626,1208.90771484375
5090371403,22.5176379,114.1665037,180.0909194946289
5090399693,22.5282096,114.1586415,38.466784715652466
5090419074,22.4636624,114.023645,50.83121109008789
5090419079,22.4638792,114.0232757,53.03339958190918
5090419080,22.463167,114.0231055,48.29221725463867
5090419084,22.4634128,114.0226684,33.32593536376953
5090469981,22.2745503,114.1753313,805.1628723144531
5090469984,22.2744284,114.1751475,386.12994384765625
5090485250,22.3943847,114.2682709,31.958867073059082
5090771465,22.4562961,114.1563036,89.40262031555176
5090771476,22.4549882,114.1567287,53.96363067626953
5090815753,22.456557,114.1578372,7.641867160797119
5090815755,22.4564305,114.1579297,8.022735595703125
5090869484,22.4559794,114.1608232,54.90214538574219
5092114994,22.2430262,114.1489252,914.2257690429688
5098204253,22.3118994,114.2266162,182.57196044921875
5098345462,22.2214603,114.2112418,504.4468536376953
5098435421,22.2206043,114.2136644,241.0476531982422
5098435422,22.220321,114.213587,143.5548858642578
5098445390,22.279796,114.1889579,609.2069396972656
5098603328,22.3013832,114.2345517,1300.862548828125
5098657623,22.2836804,114.1741572,238.4284210205078
5098932915,22.2843983,114.2200128,848.7615356445312
5099258524,22.3046108,114.2533504,1108.492431640625
5099450234,22.343036,114.1319475,268.6922912597656
5099455592,22.3062307,114.252728,3146.0233154296875
5099498678,22.3108781,114.2600446,1961.501220703125
5099498679,22.3109769,114.2600071,2141.78125
5101119210,22.3201022,114.255996,1607.3277587890625
5101193092,22.3229648,114.260625,121.58856964111328
5101307322,22.2661857,114.2433213,910.2699584960938
5101325292,22.3028597,114.2721133,28.270034790039062
5101376324,22.3341956,114.1507037,336.9527893066406
5101419365,22.3374293,114.1535553,341.2351379394531
5101532172,22.3313629,114.1651544,1386.904541015625
5101650402,22.3328432,114.1665404,1016.304443359375
5101814997,22.3315677,114.1703228,1158.7109375
5101814998,22.331563,114.17041,861.8328247070312
5101850457,22.2899916,114.2742572,100.30411338806152
5102011677,22.4152022,113.9813319,96.73990631103516
5102030832,22.3296244,114.212392,621.2646484375
5102030835,22.3297876,114.2121678,577.5596313476562
5102030836,22.3298309,114.2120963,1219.3567504882812
5102055797,22.3240671,114.2260736,1057.4452514648438
5102091903,22.317418,114.2171169,971.2335205078124
5102154185,22.3177106,114.1777958,346.0061340332031
5102159989,22.2419551,114.1492211,1392.1033935546875
5102159990,22.2421152,114.1493563,833.8997802734375
5102189141,22.3200248,114.1875128,944.6958618164062
5103531553,22.4265268,114.2337449,714.1724853515625
5103531557,22.4266121,114.2337187,3369.628219604492
5103577570,22.3244185,114.1580589,354.14288330078125
5103888104,22.2813079,114.2745233,1159.8670024871826
5103909148,22.2685967,114.1527918,156.6561737060547
5103929473,22.3032687,114.171733,159.2113494873047
5103929475,22.3032521,114.1719165,170.30519104003906
5103971489,22.3074317,114.1744355,133.98451232910156
5103971497,22.3073168,114.174008,148.2812957763672
5104093648,22.3031074,114.1768133,506.6634826660156
5104128046,22.3047181,114.1861553,1154.29833984375
5104147159,22.3075809,114.1606472,868.1605186462402
5104193282,22.3090304,114.1673164,493.52923583984375
5104210246,22.3428289,114.107377,323.285888671875
5104210247,22.3426011,114.1072713,66.96462059020996
5104257901,22.4270341,114.2072991,23.743576049804688
5104271879,22.3516145,114.1278864,152.13662719726562
5104278158,22.4115001,114.2133452,60.45991516113281
5104280863,22.3615379,114.1301931,328.4201354980469
5105796672,22.3896008,114.1995947,264.0407485961914
5105880336,22.3735898,114.1219967,373.7069396972656
5105992407,22.3673373,114.0626837,81.93672180175781
5106232253,22.3634073,114.0462134,298.3898010253906
5106232254,22.3635583,114.0463493,1078.4346923828125
5106232267,22.3638336,114.0452621,1631.589220046997
5106246289,22.3621791,114.0193219,78.6401138305664
5106299978,22.3751692,114.0051462,18.255139350891113
5106299993,22.3763232,114.0036954,16.59817886352539
5106466734,22.4157931,113.9816446,95.06849670410156
5108057914,22.3744223,114.1855419,1402.0572509765625
5108482528,22.4448887,114.0055033,46.77993392944336
5108573029,22.4143741,114.0164926,31.592721939086914
5108573040,22.4149605,114.0151386,47.70001220703125
5108573055,22.4165368,114.0158585,28.48697185516357
5108573060,22.4188862,114.0156949,42.682990074157715
5108573079,22.4204285,114.0148714,169.97023582458496
5108573085,22.4218269,114.0147909,49.45358753204346
5108573086,22.4228732,114.0150699,33.243980407714844
5108573095,22.4252807,114.0142465,126.00137996673584
5113374929,22.4517842,114.0273074,476.0649108886719
5113547845,22.4478357,114.0253792,1051.1009521484375
5113552732,22.4508963,114.0287715,126.75370025634766
5113627649,22.4735341,114.0497884,356.4205627441406
5113640101,22.4614836,114.0494062,191.6940655708313
5113749980,22.4980164,114.0730353,119.21286678314209
5113749985,22.4975318,114.0733387,8.166964530944824
5113773739,22.4866366,114.0778765,73.34445643424988
5113773754,22.474632,114.0684317,9.81852650642395
5113773769,22.4705276,114.0680101,40.67193269729614
5113773782,22.471562,114.0671602,13.734453439712524
5113773811,22.4788968,114.063994,97.95260405540466
5113774234,22.492308,114.0607262,50.440908432006836
5113774244,22.4916174,114.0612932,34.90744972229004
5113809333,22.488515,114.0722519,11.993031740188599
5113809339,22.4891942,114.0714896,13.683015584945677
5113809367,22.4868051,114.0728581,9.337146043777466
5113809381,22.4847173,114.071767,6.983171701431274
5113809382,22.487374,114.0743422,6.837213516235352
5113809391,22.4879773,114.073247,4.821022987365723
5113809392,22.4872273,114.0757816,20.11455202102661
5113809406,22.4853364,114.0748186,12.74877643585205
5113823330,22.4329738,114.0639009,38.97722244262695
5113866211,22.526764,114.1254804,17.341425895690918
5113866217,22.527242,114.1247533,17.05991268157959
5113940324,22.497563,114.1271014,262.8975830078125
5114014324,22.4387449,114.1639443,242.9503517150879
5114069047,22.4437564,114.1669895,1587.4388122558594
5115018172,22.4355263,114.1615011,120.98859643936157
5115698745,22.4554153,114.1657161,461.8524169921875
5115772906,22.4325017,114.1696604,18.064123153686523
5115904967,22.2980375,114.0132439,435.3672981262207
5115974189,22.4480673,114.1753721,1162.5647888183594
5116010059,22.4126636,114.2220998,1510.7852783203125
5116098213,22.2943057,113.9283652,358.3888645172119
5116153333,22.3212927,114.1298014,94.25283432006836
5116241584,22.3315962,114.162355,1110.68212890625
5118382564,22.288235,114.2720971,67.5827407836914
5118382565,22.2882716,114.2719806,53.43498611450195
5118446305,22.317029,114.181965,549.9358367919922
5118471617,22.3068173,114.1661569,111.68279266357422
5118507964,22.2784078,114.1687832,379.3455200195313
5119376381,22.4425748,114.1777571,68.73648071289062
5120436693,22.298078,114.1790669,239.84213256835938
5120436700,22.2995579,114.1822316,430.52526092529297
5120436719,22.2965485,114.1771494,414.91697692871094
5120437766,22.2957699,114.1757915,122.31185913085938
5120437769,22.2963753,114.1768,309.3507385253906
5120487642,22.2884653,114.2115879,414.81549072265625
5120697261,22.3614545,114.1146405,103.32554626464844
5122377858,22.3694523,114.1256972,1625.7906494140625
5122377865,22.3695038,114.1229551,2126.9686279296875
5122876749,22.2881457,114.1349836,699.4468688964844
5122954685,22.2889784,114.1412363,428.9122924804688
5123029555,22.3075342,114.1663535,480.9486389160156
5123029556,22.3077472,114.1654255,462.9698486328125
5126413603,22.3950318,114.2750356,56.12141990661621
5127407494,22.4821236,114.1599447,49.12220048904419
5128701736,22.4548425,114.2152502,537.4230937957764
5129382730,22.4490709,114.1742357,742.8641662597656
5130902014,22.4208642,114.1976961,49.61385536193848
5131119699,22.2611003,114.1310325,77.07928466796875
5131119700,22.2610471,114.1311376,173.845458984375
5131445985,22.3805567,114.1992974,856.5484771728514
5131731419,22.2442188,114.1491794,1455.8768310546875
5131731420,22.2442779,114.1491889,1244.5279541015625
5131801637,22.2441549,114.1551485,709.8689575195312
5131971785,22.3284418,114.2134144,641.115966796875
5133264846,22.3277704,114.2502591,68.43937683105469
5133264850,22.3264963,114.2495237,805.5478935241699
5133264851,22.3276205,114.2501782,109.35955429077148
5134056743,22.3115014,114.2653892,105.7908172607422
5134069968,22.3668209,114.0228483,43.46435070037842
5135011166,22.4694983,114.1543592,14.257329940795898
5135090545,22.470134,114.1551208,32.787198543548584
5135620039,22.2946608,114.2719169,117.50821685791016
5135640272,22.3215889,114.187964,987.7060546875
5135713225,22.326295,114.1804055,474.2713470458984
5135751883,22.3267682,114.1750516,1101.0928955078125
5136167779,22.3427013,114.1556239,1513.6141357421875
5136217402,22.4349881,114.0020716,48.448516845703125
5136217403,22.4348534,114.0018866,66.93931579589844
5136217419,22.4325104,114.0159979,10.858220100402832
5136218222,22.4324494,114.0152933,11.237912654876709
5136245274,22.4400285,114.0036314,49.69346904754639
5136321282,22.3935691,114.1119928,218.3282012939453
5136345055,22.4605468,114.0141193,153.30240440368652
5136345073,22.4598474,114.0017091,1319.3194274902344
5136356074,22.4640891,114.0081549,1903.292911529541
5136519099,22.4821391,114.1560656,74.04163074493408
5136592825,22.4791015,114.1585979,3.130165100097656
5137162805,22.3025672,114.1639145,52.2861213684082
5137162811,22.3026783,114.1638075,124.88880920410156
5137162816,22.3025282,114.161604,396.26261138916016
5137163548,22.3031662,114.1640343,101.53016662597656
5137163555,22.3054532,114.1636769,110.5771255493164
5137163569,22.3034467,114.1639483,381.0320510864258
5137163580,22.302988,114.167242,122.600830078125
5137617880,22.4754108,114.1574067,3.3600168228149414
5137617889,22.4745768,114.1571411,3.268254041671753
5137721429,22.4468384,114.0599806,11.986507415771484
5137721452,22.4369574,114.0458922,12.575206756591797
5137721470,22.437976,114.0460177,94.30125617980957
5137764104,22.3600479,114.2509999,240.13556289672852
5137764105,22.3558012,114.2416033,53.75668430328369
5137764113,22.3564329,114.2413162,45.76532936096192
5137764115,22.3580169,114.2363877,75.91481399536133
5137764120,22.3588033,114.2367114,20.88576889038086
5137764621,22.3577063,114.238683,74.59205627441406
5137764633,22.3571646,114.2375669,133.74247360229492
5137764634,22.3537155,114.2406368,162.2095127105713
5137764639,22.3537906,114.2399026,15.118292808532717
5137764642,22.3552922,114.2407275,36.44304656982422
5137764656,22.354288,114.2393669,98.39097309112549
5137764657,22.3535158,114.239569,58.296844482421875
5137764680,22.3555154,114.241234,15.022111892700195
5137816449,22.3820436,114.2635404,75.03765201568604
5137816450,22.3827282,114.2631971,17.38235092163086
5137816454,22.382459,114.2626633,43.980979919433594
5138052553,22.3778861,114.2577968,234.29607105255127
5138052563,22.3787567,114.2578692,48.90347194671631
5138503223,22.3767647,114.1104897,815.0697021484375
5138575146,22.3544504,114.2604892,22.24103164672852
5138575152,22.3536356,114.2604807,31.367267608642575
5138577033,22.3539029,114.259096,67.75769996643066
5138577042,22.353502,114.2591438,135.8885269165039
5138577048,22.3527749,114.2598723,159.37224006652832
5138656090,22.5024827,114.1400074,1875.093032836914
5138656102,22.5024041,114.1399596,549.8463745117188
5138656104,22.4998698,114.1402517,769.5208358764648
5138656116,22.4959418,114.1424455,157.30947875976562
5139046355,22.4631436,114.1444254,246.31081199645996
5139947529,22.468254,114.1483435,51.401384353637695
5140488524,22.4756797,114.1509989,217.37835502624512
5143404474,22.4761863,114.1562703,3.274677276611328
5143404486,22.4768299,114.15604,9.30018663406372
5143480860,22.5281385,114.1584393,21.41225242614746
5143480863,22.5282585,114.1585341,35.893903732299805
5143754138,22.3308541,114.2095693,1471.4762268066406
5143910649,22.3080776,114.0159611,75.56460571289062
5143936321,22.2784722,113.9322962,64.54646492004395
5145292012,22.2552552,113.9044914,11.332040309906006
5145668270,22.2839285,114.2187882,799.1029052734375
5146162476,22.4360154,114.0288638,635.4819488525391
5146164849,22.2643889,114.1890085,125.26976013183594
5147816423,22.4444759,114.0359217,579.8043823242188
5150666956,22.3963377,114.2098448,441.99127197265625
5157524450,22.2580506,114.1929741,186.19561767578125
5159654929,22.2475022,114.1610374,137.92845153808594
5159654954,22.2481678,114.1521927,667.1441040039062
5161270305,22.3441356,114.202773,2166.2229614257812
5161960066,22.4560289,114.1799052,166.99429321289062
5166288815,22.3531999,114.1227423,83.12662887573242
5166587280,22.3394622,114.2132956,1501.522117614746
5166611568,22.3359971,114.2074007,1658.6689147949219
5166642142,22.3362413,114.2074615,385.2944946289063
5171861844,22.3170254,114.2540271,1046.0956115722656
5174848005,22.3644938,114.1813122,312.2070617675781
5174937924,22.3921236,114.1973278,94.00431060791016
5175212717,22.3502317,114.1323448,329.6071472167969
5179177517,22.3476903,114.1416838,330.64641189575195
5179288734,22.2763704,114.1578513,210.9377593994141
5184130212,22.3082248,114.2273902,508.6579284667969
5189089760,22.2720704,114.1215574,95.66121673583984
5189932687,22.3194727,114.2448921,721.3273162841797
5189932696,22.3182596,114.2441834,57.27264404296875
5189974487,22.3178348,114.2454523,276.7024612426758
5189998234,22.3194466,114.2436361,38.57016372680664
5189998235,22.3194449,114.2434892,57.53103256225586
5190075043,22.3202836,114.2434719,104.39204406738281
5200524539,22.2953385,114.2393318,4142.0809326171875
5200524541,22.2953161,114.2399632,530.0651245117188
5207758157,22.4876457,114.1392074,899.4822845458984
5208889602,22.4661484,113.9921065,258.45976209640503
5208917129,22.464448,113.9885147,13.67146110534668
5210763634,22.5451363,114.1525238,10.280646324157715
5210766074,22.5491294,114.1520924,53.49839639663696
5215648564,22.4880088,114.1402578,319.873291015625
5215707912,22.4850149,114.144184,2088.9569702148438
5215707915,22.4840754,114.1440778,277.123291015625
5215712734,22.4837121,114.1438023,1713.131103515625
5215712770,22.4843985,114.1418251,2008.8770751953125
5217075649,22.3113549,114.2289773,159.85296630859375
5218245324,22.3185986,114.2348195,4074.454391479492
5220900038,22.4599452,114.2037107,54.19078826904297
5221085545,22.4723764,114.2297448,56.46230697631836
5221114581,22.472143,114.2123682,90.53924179077148
5221114582,22.4720444,114.2124345,405.26105880737305
5221574634,22.3471874,114.0594542,499.6602325439453
5221627048,22.3073747,114.2226385,71.70292663574219
5221634401,22.309307,114.2202206,178.3487319946289
5221643970,22.374387,114.1797317,1360.023193359375
5221645069,22.3758136,114.182458,1256.544921875
5221712401,22.5094639,114.1263881,381.10877990722656
5221716285,22.5047056,114.1311435,1294.9996643066406
5221732737,22.4958851,114.1347158,2294.499656677246
5225996552,22.4912022,114.1367124,2139.8326416015625
5226241875,22.4971936,114.1273368,280.17779541015625
5226241881,22.4965454,114.1260692,2230.6141357421875
5226266031,22.4960337,114.1287371,1805.8804931640625
5226359228,22.5030364,114.127206,1520.0030517578125
5226359430,22.5078688,114.1260451,380.28951263427734
5228153471,22.4623498,114.14912,96.87992477416992
5242804850,22.2613239,114.1913724,191.93486785888672
5253280602,22.318005,114.2352379,1951.1595458984373
5253280605,22.3179356,114.2352846,1933.9676513671875
5253280607,22.3184973,114.2349803,357.5943908691406
5256987850,22.4649053,114.0203214,103.29659700393677
5265912566,22.4206359,114.2034337,41.68039321899414
5266827374,22.3113371,114.2660471,301.3870277404785
5267918393,22.2798184,114.1929167,1527.49755859375
5273493337,22.3187217,114.2431302,561.9437103271484
5274250429,22.3160008,114.2446738,69.92193603515625
5285227897,22.357346,114.1248259,170.112548828125
5285362753,22.3551206,114.126622,93.37705612182617
5285706713,22.356758,114.1270854,178.87429809570312
5291165824,22.3406765,114.2157304,404.0307312011719
5291532864,22.2935435,113.9542134,590.0787258148193
5291532879,22.290973,113.9520942,181.7375717163086
5291532881,22.2892017,113.9487319,286.6174087524414
5292000763,22.5041373,114.1574059,88.27695369720459
5299116276,22.308787,114.1636579,500.6488342285156
5299505905,22.4472901,114.0499469,170.30972576141357
5306340654,22.2760141,114.1702413,434.1675720214844
5309861176,22.309428,114.2747602,223.10525178909302
5310663949,22.3832759,114.2141943,1635.4595947265625
5310663951,22.3826816,114.214023,2689.574462890625
5323803410,22.3038462,113.937203,33.574562072753906
5323803415,22.3038219,113.9373343,104.43356513977051
5323803416,22.3064012,113.9382898,32.526466369628906
5323803418,22.3066631,113.9382185,30.159164428710938
5333519678,22.3054539,114.1603767,439.27377700805664
5333519683,22.3125156,114.1620693,421.8143310546875
5333519688,22.3106501,114.162134,833.3813171386719
5333606589,22.3313073,114.1964683,294.7735595703125
5334220928,22.3155847,114.2033998,143.48730850219727
5334220930,22.3157898,114.2036352,100.05712890625
5334220944,22.3141805,114.2050805,168.70273208618164
5334220945,22.3142676,114.2051772,152.89430236816406
5334220947,22.3142766,114.2049794,39.03533172607422
5334220948,22.3143662,114.205079,164.0207290649414
5334220949,22.3105216,114.2094357,60.90696716308594
5334220950,22.3103126,114.2096445,96.46454238891602
5334220951,22.3103832,114.209277,33.82334518432617
5334220955,22.3102204,114.2093357,37.972755432128906
5334220976,22.3132325,114.2061619,225.6788330078125
5334220977,22.312981,114.205915,81.16852569580078
5334220978,22.3124224,114.2072464,312.9678153991699
5334220979,22.3127555,114.2075988,245.33609008789062
5334220980,22.310737,114.2098494,293.4617691040039
5334368371,22.4328968,114.2406184,279.3190040588379
5334368383,22.4337407,114.2430833,94.02431869506836
5343125969,22.4983038,114.1407657,49.34211349487305
5343126849,22.5008958,114.1420323,492.3498229980469
5343169238,22.5008232,114.1417429,554.7897644042969
5343169253,22.499792,114.1402699,396.2388458251953
5343463841,22.3238366,114.2269064,1351.9647216796875
5348423823,22.3787796,114.1866998,274.5032653808594
5350691879,22.4989457,114.1447132,150.2498321533203
5357612910,22.4114997,114.1183727,129.10345077514648
5358148757,22.3341266,114.2226224,3987.8212280273438
5363530278,22.2804723,114.1922493,293.4423217773437
5366389743,22.3108606,114.0378184,131.0185089111328
5368133714,22.4255598,114.2340205,798.0787353515625
5368133720,22.4253251,114.229197,3830.482696533203
5368134021,22.4243956,114.2296145,735.1253662109375
5368134022,22.424175,114.2300561,751.7534790039062
5375018496,22.3894316,114.2027684,1029.2635498046875
5375018500,22.3891949,114.2026638,1491.7705078125
5378218731,22.4677274,114.1518395,241.51129531860352
5382802769,22.3236285,114.2158483,989.3759765625
5382805826,22.3242953,114.2156619,6467.7467041015625
5390102149,22.3082002,114.1821956,2278.5797729492188
5408944411,22.3034219,114.2504323,2622.115264892578
5411805067,22.3021248,114.2556406,1910.5209197998047
5411805083,22.2966013,114.2537395,1010.5027618408203
5411805101,22.2983641,114.2556517,348.8131103515625
5411805353,22.3028182,114.2438606,3504.7491874694824
5412665642,22.2999042,114.2305919,728.558464050293
5412665653,22.3025436,114.2323277,539.8747406005859
5413675743,22.2919709,114.2736021,64.65830421447754
5413675744,22.2919517,114.2691184,197.06703567504883
5413675745,22.2920732,114.2691186,56.448760986328125
5414394701,22.4785774,114.0494159,47.92752456665039
5416465552,22.3226926,114.2004911,231.82248306274414
5416484561,22.3220535,114.1994592,90.09264755249023
5429072398,22.3360144,114.1501464,611.3469543457031
5430470318,22.4919988,114.1025311,8.917994976043701
5436649940,22.3253521,114.2021659,78.65413665771484
5436649982,22.3227199,114.2030654,150.27316284179688
5436650007,22.3227241,114.2020607,375.3228187561035
5436650015,22.3237803,114.202109,73.87367248535156
5436700698,22.3117475,114.163385,403.181640625
5436701122,22.3092536,114.1638064,518.036376953125
5436701127,22.310754,114.1639881,1081.3399047851562
5436750002,22.3085652,114.1649605,492.5042114257813
5436750014,22.3067131,114.1651451,115.25753784179688
5436979561,22.3163499,114.2028084,433.8662166595459
5436979564,22.3191931,114.2057648,58.82451248168945
5436979568,22.3192298,114.2056827,93.44816589355469
5436979577,22.319015,114.205761,81.82567977905273
5436979594,22.3172553,114.208253,72.64598083496094
5436979595,22.3171093,114.2079553,77.97979736328125
5436979605,22.3170144,114.2081611,145.9468536376953
5436979609,22.3171704,114.2082836,72.10618591308594
5455498424,22.3165469,114.2292465,5589.030090332031
5456375270,22.3163551,114.2450827,85.16170501708984
5456375514,22.3208149,114.2424426,147.1812744140625
5464743242,22.276645,114.1734539,251.17015075683597
5464743246,22.2776272,114.1696957,409.5450744628906
5478141035,22.2801085,114.1886082,462.0531005859375
5479203458,22.4083785,114.205406,42.379587173461914
5479211321,22.4083729,114.2042708,67.40231704711914
5484609722,22.3550498,114.1260077,54.244876861572266
5486678470,22.5336703,114.1264772,122.3120608329773
5486678477,22.5332125,114.1266651,37.13228750228882
5486678482,22.5327694,114.1271285,59.19034004211426
5486678484,22.5342639,114.1266472,451.7500329017639
5514232316,22.4716605,114.0548539,32.228790283203125
5514232319,22.4711714,114.0560184,34.411033630371094
5514409654,22.4467293,114.0399554,92.32010650634766
5542724678,22.2816173,114.1699429,378.3196411132813
5542724689,22.2837862,114.1741366,224.7294769287109
5542724701,22.2837695,114.1740377,240.0475006103516
5542724702,22.2836867,114.174033,246.96109008789065
5549666703,22.3226302,114.2339717,303.3604736328125
5549666738,22.3200549,114.240619,746.6733932495117
5566831540,22.2821357,114.1648148,72.26708221435547
5577897800,22.4090801,114.2088755,126.82335662841797
5609888967,22.2889129,114.2172062,663.9913940429688
5609934392,22.3131389,113.935935,217.95940613746643
5609934394,22.3128707,113.9359998,91.27361130714417
5641091854,22.2960751,113.9547202,495.76877212524414
5647874568,22.306264,113.9379262,29.672998428344727
5647922669,22.3089783,114.1654939,483.7255859375
5682185947,22.4585259,114.1778114,86.08510398864746
5682483370,22.4590483,114.1811302,33.791038513183594
5691525911,22.3754108,114.1199347,439.15325927734375
5693474930,22.3799759,114.1317896,378.2133483886719
5695371796,22.3731354,114.1416487,1947.762680053711
5727067819,22.2892116,113.9397561,156.47683334350586
5730104338,22.2969032,114.273885,231.5679006576538
5730104343,22.297196,114.2737109,141.2872657775879
5736086537,22.3404967,114.1627243,226.3672332763672
5736086538,22.3404335,114.1628546,301.4255676269531
5740644836,22.4464165,114.16549,556.4849700927734
5744496250,22.4448504,114.1665576,711.4725952148438
5750622808,22.4579451,114.1765442,357.08189868927
5754507464,22.2920706,114.2689954,105.9128646850586
5754507495,22.2932387,114.2693938,242.42345428466797
5754507507,22.2932134,114.2696646,107.10848999023438
5756456827,22.3540866,114.250387,250.1414031982422
5756456835,22.3533811,114.2504904,99.2793426513672
5757549351,22.2957892,114.2679559,315.01869201660156
5757549362,22.2957866,114.2682321,200.8545265197754
5767121370,22.2786123,113.9353155,2207.093807220459
5767121372,22.2784074,113.9353717,74.75702095031738
5767121373,22.2787041,113.9359861,2192.8003273010254
5767121376,22.2785728,113.9361851,1230.4160594940186
5767121377,22.2789276,113.9375454,4473.84619140625
5767935054,22.3893137,114.2096994,783.8697204589844
5767935055,22.3887486,114.2100217,425.1045227050781
5767935056,22.388829,114.2098647,397.4243469238281
5767935060,22.389059,114.2100283,705.0455932617188
5772236398,22.3220639,114.1945406,75.1798324584961
5772236401,22.3221732,114.1945925,413.0260982513428
5772236419,22.32551,114.2015679,167.0751667022705
5772236424,22.3258642,114.2019084,26.70146942138672
5772236426,22.3258093,114.2018201,83.57374572753906
5772236428,22.3270191,114.2035643,89.97626495361328
5779398467,22.4545528,114.1646741,2224.550537109375
5784512295,22.4579698,114.1700071,1107.3031616210938
5784512522,22.4550599,114.1718011,766.3005981445312
5786664481,22.3664971,113.9475715,48.529178619384766
5786664502,22.3626154,113.9490324,13.340579986572266
5786679051,22.3716373,113.951667,119.46024227142334
5786820849,22.4538525,114.1929781,80.921395778656
5786820850,22.4541203,114.1929755,70.41181802749634
5788957701,22.3344092,114.1735306,301.2739715576172
5788964619,22.3356614,114.1722143,1460.7833557128906
5790291954,22.4587021,114.1700193,1627.8299560546875
5790291955,22.4583724,114.1700555,608.3917236328125
5790292103,22.4558392,114.1725344,704.5985107421875
5790292309,22.4563028,114.1741552,1454.0414428710938
5793449760,22.4744764,114.1501473,228.41932010650635
5801347653,22.4594571,114.1694981,1121.3511385917664
5808559624,22.4657084,114.180475,9.283137321472168
5808562891,22.4659675,114.1815612,18.216235160827637
5808563146,22.4643979,114.181793,74.43474197387695
5808563221,22.4652706,114.1808898,4.633545398712158
5811493136,22.4065297,114.2223127,264.0427551269531
5818954618,22.292096,114.27346,449.04591369628906
5822785029,22.4748053,114.1574841,2.674307584762573
5822786558,22.4697647,114.1501842,60.064531326293945
5822786782,22.463992,114.1482186,102.51248931884766
5823287925,22.4702988,114.1483938,33.968326568603516
5823288843,22.4694003,114.1483904,17.90727424621582
5823677987,22.4742093,114.1555352,19.65790843963623
5826432965,22.4689654,114.1541237,79.66369247436523
5826432969,22.4689939,114.1548465,33.949397563934326
5826432972,22.4690043,114.1552747,303.47061586380005
5826432975,22.4693471,114.1556995,120.30281782150269
5827851531,22.4777201,114.1558141,6.593404293060303
5827851843,22.4781702,114.1558919,9.172245025634766
5827851846,22.4783142,114.1561929,13.006409168243408
5829111741,22.3912973,113.9186455,52.59273290634155
5829621475,22.5259527,114.1145344,97.40474605560303
5829846545,22.4426854,114.1759515,65.7531509399414
5829846603,22.4423498,114.1749389,140.2988510131836
5829846633,22.4419089,114.1746831,31.09601593017578
5829847086,22.4414279,114.1765925,124.91532516479492
5831156753,22.4419647,114.1759158,40.84442138671875
5836737360,22.331635,114.2084352,1384.5362243652344
5837639231,22.4375345,114.1824236,42.87471389770508
5843850094,22.4759366,114.1537329,51.00768756866455
5843850135,22.4740877,114.1542483,15.133054733276367
5848059786,22.4777728,114.1588879,18.22531485557556
5848059844,22.4771346,114.157282,9.646098613739014
5848061098,22.4804656,114.1603236,10.961050510406494
5848061151,22.480059,114.1599233,4.653861999511719
5848061200,22.4799463,114.1581403,8.203309774398804
5850747107,22.4615951,114.1920015,135.3551139831543
5850747108,22.4616726,114.1920388,35.13233280181885
5850747110,22.4619594,114.1921158,389.2174243927002
5850747164,22.4629244,114.1901236,82.25571823120117
5850750391,22.46349,114.1897166,93.99301052093506
5850750396,22.4631715,114.1900089,47.16005039215088
5856210523,22.4880184,114.148374,197.37260818481445
5856210524,22.4879284,114.1483634,118.37667846679688
5856210525,22.4880393,114.1479143,249.42435455322266
5864776792,22.5221854,114.1528913,3.033935070037842
5870086800,22.3056253,114.1640546,80.58008575439453
5870570425,22.484978,114.15165,1546.735496520996
5870587319,22.4969795,114.1315397,698.1423950195312
5870932432,22.4980896,114.1314881,234.46237182617188
5870937400,22.4990528,114.1314551,498.87989807128906
5891902634,22.4593654,114.2069612,124.81403732299805
5891902974,22.4626907,114.2086262,225.3849334716797
5891903018,22.461267,114.2073064,292.7957992553711
5894015198,22.4722965,114.2119963,353.95149993896484
5894015211,22.4714204,114.2076512,301.5458869934082
5922470717,22.3024249,114.1613118,106.4148941040039
5928495837,22.447163,114.1302841,74.08879947662354
5960675970,22.4074231,114.0239131,51.63113212585449
5960675979,22.4085531,114.0244555,41.17712211608887
5960675991,22.4085811,114.0240446,20.49033737182617
5960675993,22.4074529,114.0270835,90.20441818237305
6001017151,22.3122052,114.1904093,451.2643127441406
6001211703,22.3478942,114.1108087,291.7056884765625
6001211712,22.349976,114.1090246,2761.8753662109375
6023244814,22.4726027,114.2290997,48.49421310424805
6023244815,22.4728119,114.2265458,48.707950592041016
6023244816,22.4723797,114.2259532,143.1946792602539
6028023399,22.5042025,114.1306994,332.2095642089844
6028209519,22.451723,114.0506191,35.759178161621094
6028240974,22.3124385,114.1905034,1901.5394287109375
6030773796,22.3420366,114.1832637,161.73448181152344
6030773798,22.3408054,114.1817697,220.90480041503906
6030773799,22.3403856,114.1816217,242.64313507080078
6030829152,22.3321205,114.2344532,91.59594345092773
6032584108,22.4619587,114.0165522,4.940748691558838
6032584114,22.4621562,114.0159592,11.381115913391113
6032584133,22.4388153,114.0359546,177.22517585754395
6032584141,22.4380152,114.0356282,78.5184326171875
6032584142,22.4327296,114.0306821,123.73416900634768
6040117229,22.4566819,114.1695465,857.8570556640625
6046364952,22.3132076,114.1624524,851.6822204589844
6052475835,22.3117183,114.1649564,450.6361083984375
6052491094,22.3103359,114.1651506,543.1630249023438
6056910042,22.3910671,114.2099663,520.3118896484375
6059447359,22.3354174,114.1343087,42.674049377441406
6062778804,22.3697121,114.0624776,333.58885192871094
6065690742,22.2857361,114.213156,783.1256713867188
6066477491,22.3166721,114.1925945,1725.1377716064453
6070915341,22.3690589,114.1123467,943.0274047851562
6070915619,22.36804,114.1116166,481.1678771972656
6075069122,22.2690566,114.2454786,630.0988616943359
6077113282,22.3705642,114.1891441,625.6821594238281
6084367203,22.2600465,114.231018,468.1154174804688
6084407590,22.262008,114.2324042,1803.801025390625
6087608286,22.2481364,114.167549,121.21662139892578
6103517451,22.444436,114.0243306,358.6412658691406
6108820071,22.3655364,114.1384107,1645.9892578125
6123526490,22.4870555,114.1483813,125.0319366455078
6123625047,22.5213532,114.1783769,639.069619178772
6123661792,22.3968074,114.1963303,111.4097137451172
6125963328,22.5139277,114.1083562,88.61777400970459
6126352666,22.29978,114.1862539,451.5955505371094
6126362968,22.3021814,114.1894809,1424.9001007080078
6138895619,22.4844481,114.1531559,190.42691040039062
6142822248,22.397371,114.1967756,63.680206298828125
6148869793,22.3018094,114.1584886,534.0358200073242
6160598984,22.3075185,114.1802678,862.727294921875
6168294015,22.4333957,114.2432457,176.32291412353516
6170272604,22.3263662,114.1986026,45.329885482788086
6170272605,22.3260371,114.1984406,288.56307315826416
6170272612,22.3262541,114.1984129,72.82763385772705
6170755968,22.3767,114.1693896,1506.3681945800781
6170864339,22.3661323,114.1767139,554.1290283203125
6170864358,22.3674214,114.1761247,1582.0403289794922
6172759533,22.3801305,114.2198107,89.19919776916504
6172759538,22.3807835,114.2198042,21.46601104736328
6172759541,22.3807555,114.2192424,23.843469619750977
6172759542,22.3810956,114.2193579,76.59575462341309
6172759544,22.3816097,114.2212754,49.52095031738281
6172759562,22.3810164,114.2210095,20.70685768127441
6174872191,22.2755404,114.2393132,1375.104736328125
6176080347,22.3413414,114.1556128,695.0829467773438
6176080348,22.3412571,114.1555362,642.5115356445312
6176827912,22.4220996,114.2678037,31.209508895874023
6177748928,22.4316782,114.0169275,10.166947841644287
6178836990,22.3048134,114.257191,1609.2362365722656
6179171631,22.2790958,114.180697,397.6975402832031
6179836985,22.4919908,114.1034353,9.154327869415283
6179836991,22.4911712,114.1026147,33.92147207260132
6179850054,22.2641118,114.2485387,2321.8945922851562
6180007018,22.2765731,114.1727895,315.7914123535156
6180070245,22.3964612,114.2811638,274.88792419433594
6183277698,22.503535,114.137625,1209.4397583007812
6183297891,22.5061461,114.0937421,260.1961917877197
6183297902,22.5059264,114.0927322,69.02999114990234
6183297905,22.5060809,114.0932926,29.407957077026367
6183297907,22.5062292,114.0932348,114.30612993240356
6183297934,22.5059088,114.096449,247.2457790374756
6183297935,22.5039779,114.0962405,337.57923889160156
6183323729,22.4989898,114.1478481,53.10602951049805
6190548822,22.2866581,114.1559271,89.39479064941406
6227179603,22.3327944,114.1762686,195.32410430908203
6227179609,22.3331054,114.1759219,152.0399169921875
6227179611,22.334291,114.1764031,98.2955322265625
6227179625,22.3341323,114.175873,148.21429443359375
6229886180,22.3412955,114.2119912,2445.037887573242
6233473455,22.2815835,114.1618947,67.97088623046875
6233602195,22.2817544,114.1798353,305.4088439941406
6236481404,22.2764061,114.1550733,194.37045288085935
6236484014,22.2757992,114.1549346,186.76242065429688
6237945204,22.3698981,114.1111845,444.01947021484375
6238179221,22.2826418,114.1718706,530.3554992675781
6239098778,22.2932679,114.0219011,88.77155303955078
6239098784,22.293098,114.0221369,87.40329360961914
6239099485,22.292718,114.0236918,227.8437728881836
6239099486,22.2926067,114.023547,27.789512634277344
6239099490,22.2920595,114.023272,131.23125457763672
6242036509,22.4292818,114.0846772,52.25887584686279
6242141320,22.4289131,114.0960357,13.229434967041016
6242141327,22.4286534,114.0963316,39.880218505859375
6242141333,22.4318558,114.0959787,17.445711135864258
6242141345,22.4318658,114.0937337,17.5643572807312
6242141351,22.4303324,114.0947019,13.735712051391602
6242141357,22.4307552,114.0941027,14.523599624633787
6242373771,22.4305996,114.0213272,54.56186485290527
6242373774,22.4335768,114.0235136,25.82700729370117
6242373775,22.4337146,114.0231931,25.97916984558105
6242373778,22.4314844,114.023445,38.052751541137695
6242373779,22.4311059,114.0234299,17.397302627563477
6242543943,22.4416169,114.0077535,38.44792556762695
6242543944,22.4413436,114.0079009,38.23480987548828
6244352029,22.3038709,114.2539751,1349.3236694335938
6245695093,22.3076278,114.2519302,1072.728271484375
6246640047,22.3685573,114.0963901,2140.4369201660156
6248054049,22.3064026,114.2912497,42.349074363708496
6248054053,22.3018957,114.2922936,6.2801361083984375
6248054061,22.304958,114.2880852,23.189222812652588
6248054067,22.3048078,114.2891876,7.514566421508789
6251859788,22.4397381,114.0884739,26.089982986450195
6251914908,22.4264749,114.0333444,21.620603561401367
6251914916,22.424896,114.0326197,111.25823593139648
6251914920,22.4244118,114.0322175,109.56584548950195
6251914922,22.4256919,114.0328556,54.16337203979492
6251914940,22.4269827,114.031929,84.63210678100586
6255923026,22.4258166,114.2075533,30.238555908203125
6259996654,22.4888463,114.0593746,65.37746524810791
6260150985,22.5288964,114.1248705,53.88213348388672
6260150986,22.5276759,114.1252068,25.950621604919434
6267769677,22.3288452,114.1471587,1068.295654296875
6269473986,22.3178951,114.2101094,61.90910720825195
6274954536,22.4280588,114.0256818,41.12046241760254
6274954538,22.4274442,114.025751,40.80750274658203
6274954547,22.4258262,114.0246103,33.260873794555664
6274954576,22.425805,114.027505,17.4999942779541
6274958789,22.4260543,114.0270084,81.31856918334961
6275183540,22.4504746,113.9811839,75.83122682571411
6277439343,22.4450045,114.073759,36.902360916137695
6277439350,22.4445536,114.0736014,45.9202561378479
6277439351,22.4456023,114.0742366,160.0583839416504
6277439357,22.4450159,114.0742307,23.550209522247314
6282847161,22.3979352,114.1943432,105.95103454589844
6283851981,22.3098065,114.1624515,585.7574462890625
6283852188,22.3105755,114.1649507,674.9754028320312
6286766668,22.4205401,114.01934,30.06145191192627
6286766670,22.4205707,114.0198101,14.94735336303711
6286769592,22.4267812,114.0341505,17.12004852294922
6286769593,22.4274341,114.0333462,16.792890548706055
6286769597,22.4272935,114.0340424,16.024417877197266
6286810234,22.5000743,114.1299623,440.6797790527344
6289239163,22.4446742,114.1743267,193.28343200683594
6289239266,22.4441576,114.1787612,374.1285705566406
6289300110,22.3673659,114.1761966,778.9180297851562
6290567330,22.3325277,114.1796315,82.66741180419922
6297643399,22.277433,114.1680803,405.7722778320313
6298356585,22.2823648,114.1800268,316.5307006835937
6299261727,22.3569033,114.2502563,54.43100357055664
6303143386,22.3843741,113.9656255,364.4800262451172
6306515693,22.3902737,113.9204147,20.45509910583496
6309604751,22.318781,114.1654869,684.9713134765625
6311042891,22.2757309,114.1681021,301.4280090332031
6311101573,22.365689,114.0116901,152.28865814208984
6311101584,22.3655838,114.0117898,149.75001907348633
6313494292,22.3679691,114.1117143,4262.587860107422
6316548992,22.3065154,114.1898078,426.7367248535156
6329200288,22.2845139,114.1589113,71.24408721923828
6329200291,22.2846307,114.1592555,76.08251953125
6332365859,22.2990847,114.2305438,142.5386505126953
6332365862,22.2991679,114.2301726,147.18516540527344
6332365867,22.2990326,114.2302012,163.39633178710938
6333757998,22.2866828,114.0131145,46.25326156616211
6334989983,22.286362,114.2115392,613.3352661132812
6335783955,22.2701846,114.1299459,138.415771484375
6337917763,22.3033889,114.2364217,4402.446563720703
6345280332,22.4424716,114.0559897,98.13451099395752
6346006642,22.4248913,114.0369757,41.28310489654541
6347429994,22.3450493,114.1815771,253.27243041992188
6348312028,22.4439406,114.096174,26.31861114501953
6348312050,22.4420378,114.0958017,8.897880554199219
6348312055,22.4424642,114.0957667,18.81283187866211
6348454118,22.3341685,114.2158246,1413.825439453125
6349279138,22.3184456,114.2385071,731.6778259277344
6349983263,22.4235423,114.2638621,32.65515899658203
6356599970,22.4556352,113.9997082,2799.139793395996
6356600285,22.4554636,114.0001365,771.6706771850586
6359931650,22.3059773,114.165316,136.2137451171875
6360724226,22.4316414,113.9992385,12.96318817138672
6360724229,22.4314871,113.9999226,77.3280086517334
6360724230,22.4317765,114.0000428,72.8657579421997
6363140161,22.3208712,114.1876331,1239.6646728515625
6364821050,22.3257131,114.1868276,539.6672973632812
6366661252,22.3176247,114.2163773,969.8732299804688
6370140272,22.3240304,114.166488,763.5059204101562
6370140879,22.3248393,114.1721698,414.5860595703125
6374552943,22.3273249,114.1721796,485.8996887207031
6378290624,22.275639,114.17145,282.33514404296875
6387341534,22.4138239,114.0689384,11.6146879196167
6387341538,22.4132163,114.0691125,6.571131706237793
6387345739,22.4168141,114.0747108,5.911855220794678
6387345744,22.4165017,114.0743729,6.147249698638916
6387345747,22.4160851,114.0739158,78.34670448303223
6387345756,22.4159326,114.076256,86.08148384094238
6387585113,22.4400343,114.0567965,43.20309829711914
6387585118,22.4391765,114.0568288,40.01288986206055
6387585119,22.4390144,114.05681,157.2293586730957
6394896839,22.3663064,114.13508,584.33349609375
6394896887,22.362553,114.1360426,336.94439697265625
6417317363,22.3020197,114.2348534,1929.5511932373047
6417667552,22.3636299,114.1789839,684.586669921875
6419102168,22.3731369,114.1852032,887.3140182495117
6419102173,22.3731101,114.1877322,1314.9117279052734
6419102391,22.3723388,114.1863479,326.63802337646484
6419366607,22.3699329,114.1383274,679.9835815429688
6420958055,22.383113,114.1963488,614.2677917480469
6420958060,22.3824563,114.197118,535.6914672851562
6421429089,22.4168927,114.0160154,12.988429069519045
6421429092,22.4166596,114.0162635,15.423041343688965
6421429093,22.4171112,114.0150621,174.5930633544922
6421429135,22.4152612,114.014461,254.60561752319336
6439958159,22.5503919,114.2228982,47.72771453857422
6445879557,22.4626175,114.0187097,5.088510990142822
6447721210,22.4936916,114.1392193,193.0311737060547
6450019437,22.4954289,114.1241718,263.7003479003906
6450019444,22.4953399,114.1241086,200.8577423095703
6450019449,22.4955787,114.1233868,257.1382255554199
6450019450,22.4956642,114.1248681,442.8179626464844
6450019716,22.4945876,114.1246797,192.72373962402344
6450019717,22.4942264,114.1245719,296.8318328857422
6450019721,22.4945403,114.1247591,1657.5001525878906
6450019722,22.4930746,114.1245802,458.56381130218506
6452082182,22.2487738,113.8648716,35.89708852767944
6452216724,22.5004348,114.1429521,606.1737670898438
6452216725,22.500413,114.142974,369.50201416015625
6452317244,22.4573704,114.1487595,763.6487407684326
6466728431,22.5219888,114.1794853,28.356555938720703
6466728446,22.521197,114.1789232,78.52965545654297
6466728457,22.5210707,114.1793938,154.8020133972168
6466728462,22.5219341,114.1801424,55.01397514343262
6467326137,22.3326892,114.1728729,131.16932678222656
6472931737,22.5189815,114.181878,142.5754110813141
6472931739,22.5192498,114.1818395,127.00949716567993
6474730912,22.3066623,114.2557618,7792.1722412109375
6475182336,22.5384823,114.1611608,2.954761505126953
6475224080,22.4195425,113.925792,488.3252992630005
6478539346,22.5443553,114.1568807,5.520456075668335
6478643705,22.5481616,114.1524772,4.6992387771606445
6478709956,22.4973467,114.1307783,251.71641540527344
6478843147,22.4969653,114.1307811,703.6396484375
6479016962,22.2463179,114.173825,703.0216102600098
6480702926,22.4808953,114.1542576,28.07855987548828
6482266416,22.5395643,114.1612218,37.315675497055054
6482325612,22.4828228,114.1536841,620.7129077911377
6486259802,22.3988625,114.1955013,101.23026275634766
6489836155,22.4963267,114.1448783,116.55194091796876
6489836164,22.4962997,114.1450089,57.12883377075195
6489836188,22.4966091,114.1444026,150.11598205566406
6489836204,22.4971503,114.1440263,172.11973571777344
6489973645,22.4199499,113.9261348,1409.8074316978455
6490032532,22.4196253,113.9390636,959.1933536529541
6490134796,22.4603018,114.2034959,53.68478393554688
6490358656,22.5370203,114.1659927,5.389051675796509
6490396149,22.5370354,114.1661482,23.100364685058594
6490465689,22.5531584,114.1586647,4.895711898803711
6491339959,22.5032877,114.1049938,532.7723789215088
6499683002,22.3203475,114.1752446,421.201416015625
6499876796,22.2846187,114.1902757,139.75921630859375
6502331583,22.5019142,114.1050921,213.23190689086914
6503250675,22.5277454,114.1218238,57.72099304199219
6503250682,22.52732,114.1228969,16.528156280517578
6515799638,22.5061808,114.1190775,137.8852801322937
6515811315,22.5238606,114.1954577,42.27783226966858
6515856473,22.5345521,114.148454,7.508539199829102
6517647852,22.4851405,114.1408215,1724.2244873046875
6528712271,22.3106004,114.1728001,687.0665588378906
6531991754,22.3213232,113.9405322,174.20049667358398
6533960199,22.3247256,114.1865034,990.7991638183594
6534226310,22.3175463,114.1727022,231.6345672607422
6534863465,22.5110546,114.1660303,337.60961151123047
6535667269,22.3133021,114.2256679,184.2117462158203
6539173668,22.2943364,114.018663,249.96590423583984
6539175309,22.2938202,114.0180423,125.04288482666016
6539175322,22.2932823,114.0173093,52.9555549621582
6539175328,22.2931878,114.0172453,109.47891998291016
6540806948,22.4906935,114.0732242,20.86166501045227
6540829085,22.4858099,114.0711444,14.307764291763306
6550920169,22.3120274,114.1659486,426.4059143066406
6551076491,22.3355396,114.1721893,874.8142700195312
6553095456,22.4131484,114.2106168,120.58570098876953
6560398688,22.278262,113.9379222,112.01638603210449
6560417034,22.2755314,113.9346812,18.220014572143555
6560417043,22.2759483,113.9348596,17.198951721191406
6562773192,22.4968586,114.1222647,123.3404541015625
6566015427,22.5212363,114.180248,56.553123474121094
6566015428,22.5217045,114.1788269,56.27211380004883
6566015429,22.5390984,114.1615141,5.6872899532318115
6569409483,22.3180885,114.1929433,1832.6139221191406
6570949258,22.2396825,113.9817233,104.55005693435669
6571016371,22.5258312,114.1259685,4.682250022888184
6571016381,22.5257457,114.1254508,25.477948188781735
6572644366,22.2792421,114.1557075,560.8510131835938
6577516445,22.2552856,113.9042883,6.692502498626709
6577516446,22.2554106,113.9042075,14.01093578338623
6577853373,22.2416936,113.9806091,89.55540084838867
6577853380,22.2412838,113.9815436,20.465028285980225
6578608228,22.2504916,114.1744484,99.97664642333984
6579629302,22.2567293,113.9087244,30.126794815063477
6580188627,22.4106226,114.0237618,41.342689514160156
6580188631,22.4112641,114.022454,38.36314964294434
6580188634,22.4113583,114.0213852,98.29461288452148
6581308748,22.2877689,114.1900459,176.53326416015625
6583111300,22.2715229,113.9906873,86.34110927581787
6583111561,22.2668317,113.9938577,16.888232231140137
6583111878,22.2625422,113.9917964,44.47491979598999
6596537786,22.3502424,114.1316282,363.70594787597656
6596674882,22.364603,114.130916,1259.1793823242188
6598073396,22.2764809,113.9344675,51.03066635131836
6598073412,22.2757294,113.9342737,14.365777969360352
6600909349,22.4239517,114.0232761,61.27295684814453
6606417728,22.3886413,113.9750987,2565.554656982422
6610060903,22.3205795,114.2052254,218.28205108642578
6610136589,22.3266359,114.1691488,937.8295288085938
6610136594,22.3265631,114.1702541,345.9126892089844
6611408863,22.502927,114.1287083,273.7489929199219
6612901838,22.3158643,114.166454,624.8060913085938
6621453725,22.2699339,114.2413845,151.47860717773438
6629915688,22.4636958,113.9901575,27.34993839263916
6629915694,22.4640507,113.9877399,58.98165512084961
6629915705,22.4649822,113.9874807,94.0893063545227
6629915710,22.464388,113.9881894,29.969757080078125
6629915719,22.4634529,113.9887199,89.91681671142578
6652799955,22.3427636,114.1380754,740.5756683349609
6670380186,22.295492,114.1707928,378.5013122558594
6694206552,22.5060894,114.1254365,225.0122833251953
6694206553,22.5060258,114.1253683,234.1658172607422
6694266769,22.5036971,114.1258395,217.0822906494141
6695902580,22.5059358,114.125471,242.08001708984372
6697086810,22.374411,114.1056586,227.2817840576172
6698693252,22.3874969,114.2099204,1048.2127380371094
6698706848,22.3885924,114.2105639,263.68878173828125
6705039593,22.2777231,114.184019,336.5396423339844
6705132248,22.2866091,114.1328244,1695.4446716308594
6705206011,22.4145666,113.9771547,607.0380096435547
6705206026,22.3047905,114.2615336,7827.873489379883
6705206030,22.3048145,114.2587438,787.6891479492188
6705206042,22.4418156,114.0322506,593.0807495117188
6705206043,22.4400665,114.0194394,222.06531810760498
6705213692,22.3881855,113.9688997,380.0765380859375
6705213713,22.3936464,113.9760057,743.0912475585938
6705213757,22.3460651,114.1290859,1050.8094787597656
6705213774,22.3643718,114.1279197,2919.225799560547
6705213806,22.4150359,114.22269,1692.6400146484375
6705213838,22.4418194,114.0310657,93.51457214355467
6705213841,22.3790883,114.1041422,2224.028762817383
6705213887,22.3731497,114.1133313,1337.3875732421875
6705213899,22.2866649,113.9405119,36.91346740722656
6705213917,22.4544708,114.1738336,1644.1943969726562
6705213931,22.4438292,114.0299559,632.0646362304688
6705213932,22.3910863,113.9714313,234.26400756835938
6705213953,22.3712172,114.1004469,1660.1329956054688
6705213959,22.3821369,113.9731394,1632.3588256835938
6705213986,22.3990874,113.9753745,91.45685577392578
6705213988,22.4429944,114.0272905,372.904541015625
6705214006,22.4530438,114.1658051,821.6959838867188
6705214007,22.3685172,114.1406137,1672.8616943359375
6705214019,22.3684234,114.1420391,3678.1691131591797
6705214041,22.3726889,114.1024007,1298.8949584960938
6705214067,22.3647002,114.1309434,938.097412109375
6705214120,22.3224033,114.250032,3544.7664489746094
6705214170,22.44182,114.0291715,436.30079650878906
6705214195,22.3630288,114.1336231,583.9407653808593
6705214208,22.4542005,114.1706941,1092.8067016601562
6705214213,22.4543225,114.172104,584.4730224609375
6705214265,22.443009,114.0287136,425.4592895507813
6705233032,22.3884683,113.9752532,1022.7056274414062
6705233043,22.3108729,114.2220383,406.4029541015625
6705233066,22.3127688,114.2199827,80.18376922607422
6705233069,22.3122235,114.2237527,302.0039978027344
6705233070,22.3312174,114.2048767,921.0000610351562
6705233086,22.2955819,114.2381206,562.8274536132812
6705233088,22.3183145,114.222863,3889.5772705078125
6705233093,22.3061884,114.187685,2192.7954711914062
6705233102,22.3342988,114.161683,942.9512329101562
6705233104,22.333999,114.2161044,1642.2777709960938
6705233117,22.3365689,114.148028,667.1375122070312
6705233122,22.3472512,114.2011414,3489.474609375
6705233133,22.3355656,114.1665563,1727.6322021484375
6705233137,22.3341016,114.1874248,1899.0434951782227
6705233155,22.3302024,114.1611067,1360.958251953125
6705233161,22.308588,114.2357216,5423.604736328125
6705233167,22.3166728,114.1705432,500.7504425048828
6705233179,22.3352256,114.1595025,868.5253295898438
6705233212,22.3424875,114.2018002,825.6400756835938
6705233214,22.3212481,114.1884218,934.6074829101562
6705233215,22.320778,114.1895436,707.9672241210938
6705233216,22.321835,114.1900304,2478.4779052734375
6705233224,22.350422,114.2002325,14125.800765991211
6705233225,22.3489186,114.2022228,13948.539367675781
6705233227,22.3242494,114.2060729,241.01470184326172
6705233228,22.3338556,114.2181435,3218.3869018554688
6705233233,22.2922386,114.237475,241.78390502929688
6705233241,22.317339,114.2228542,787.0936279296875
6705233245,22.3197185,114.1890018,742.4540405273438
6705233247,22.3144907,114.1903204,1055.7720031738281
6705233249,22.3435489,114.1932061,3746.64697265625
6705233250,22.3471137,114.2041945,1556.788818359375
6705233260,22.3210124,114.1851555,2241.542236328125
6705233271,22.3151282,114.2334497,6782.968078613281
6705233279,22.3373492,114.1903616,3242.9758911132812
6705233284,22.3154642,114.1707976,212.53170776367188
6705233285,22.3389369,114.1935147,7227.430908203125
6705233293,22.3099065,114.2352788,2437.0074462890625
6705233295,22.333861,114.161292,907.9768676757812
6705233305,22.3401548,114.2077814,1222.674789428711
6705233308,22.3462117,114.2018435,4712.604064941406
6705233329,22.3234993,114.2302701,3421.212432861328
6705233351,22.3206468,114.1788447,377.634765625
6705233353,22.3158559,114.2235188,1214.2757568359375
6705233364,22.3382893,114.1575131,866.48046875
6705233369,22.314929,114.2231849,1182.288818359375
6705233371,22.3094185,114.2233329,299.80467987060547
6705233373,22.3276457,114.2084154,2742.9849166870117
6705233374,22.3202932,114.223821,794.1820678710938
6705233377,22.3105881,114.1903092,965.795654296875
6705233383,22.3064708,114.1848737,1028.71435546875
6705233385,22.3333976,114.1907432,2569.8144454956055
6705233386,22.3465075,114.2041734,1304.711929321289
6705233393,22.3377155,114.1463202,630.0355529785156
6705233399,22.322317,114.1889584,2339.35693359375
6705233413,22.3164753,114.214539,101.75249481201172
6705233414,22.324001,114.2289099,3234.6001892089844
6705233418,22.314808,114.2215795,2356.782958984375
6705233433,22.3399628,114.1543959,466.5138854980469
6705233434,22.3356826,114.1599025,828.7775268554688
6705233449,22.3111512,114.2255827,364.6075439453125
6705233450,22.3193819,114.181207,910.2195434570312
6705233459,22.3209625,114.2158224,3192.5271606445312
6705233473,22.3275971,114.1644736,1818.6552734375
6705233477,22.3101911,114.2211352,83.6385726928711
6705233479,22.3170084,114.1798073,361.7690124511719
6705233482,22.3277969,114.160425,1529.290283203125
6705233487,22.3273634,114.1600326,638.9982299804688
6705233489,22.3180167,114.1767693,397.1704406738281
6705233498,22.3381758,114.1929386,3716.5134887695312
6705233503,22.3225292,114.1884324,1277.5079345703125
6705233518,22.3268817,114.1762613,1011.0243225097656
6705233545,22.3324932,114.1871624,1144.3116607666016
6705233557,22.3271157,114.1819173,543.7213745117188
6705233638,22.3350108,114.1607796,844.8870239257812
6705233646,22.3317734,114.1639716,1442.5162353515625
6705233657,22.3116951,114.1858259,712.682373046875
6705233680,22.2944959,114.1696063,1129.198091506958
6705233739,22.2717743,114.2410892,1148.5223388671875
6705233789,22.2908724,114.2018073,2978.6675720214844
6705233793,22.2856818,114.1324447,1263.1397705078125
6705233844,22.2670995,114.2427387,169.36610412597656
6705233859,22.2737642,114.1920943,1063.548324584961
6705233862,22.2491244,114.1487978,428.9431457519531
6711373809,22.3176724,114.1810333,837.8336791992188
6720418135,22.268117,114.1271559,604.6809921264648
6723605743,22.3940546,114.1115457,41.33676910400391
6723605747,22.3963441,114.1090425,164.47486877441406
6725208444,22.3120179,113.9380027,60.23836326599121
6734433448,22.3121995,114.2192213,165.33709716796875
6734895303,22.3009713,114.1866147,390.871826171875
6735099336,22.318427,114.1316568,965.3372859954834
6735099345,22.3202893,114.1305098,242.700927734375
6739081125,22.3430974,114.1960849,479.0873718261719
6739081146,22.3432175,114.1958245,662.4503784179688
6739081327,22.3436651,114.1951173,527.5721435546875
6739112224,22.4993672,114.1226944,235.26220321655273
6739112229,22.4991843,114.1231285,65.01068878173828
6739112282,22.502371,114.1157752,136.79524898529053
6739117259,22.3408147,114.2010273,707.0579986572266
6739327432,22.5220762,114.1221886,17.453798294067383
6739327434,22.5219838,114.1221221,246.75026416778564
6748929687,22.325389,114.189852,109.66143035888672
6748938787,22.3222278,114.1944631,178.84144592285156
6752744954,22.3324644,114.2285385,1178.3431701660156
6752744955,22.332509,114.22864,257.93003845214844
6764053085,22.5064268,114.1384071,518.3646430969238
6765524162,22.4309813,113.9815046,522.1859912872314
6765524490,22.4230243,113.9976567,444.04423332214355
6766629715,22.3941586,114.197855,597.5005340576172
6769210833,22.4252539,114.2019299,67.63172197341919
6769211105,22.4263932,114.2015541,6.198998928070068
6769211112,22.4260014,114.2020643,7.619072914123535
6769211117,22.4259339,114.201331,13.171452045440674
6769258945,22.4308826,114.2035705,89.43561553955078
6769258965,22.4316689,114.2033777,36.52261734008789
6769259824,22.4311587,114.204257,28.597505569458008
6769259867,22.4304992,114.2022289,36.98628234863281
6769259868,22.4304233,114.2023021,100.18274688720703
6769259899,22.4320183,114.2033129,108.01993560791016
6769320893,22.3564126,114.2515656,282.5394477844238
6769326275,22.3332078,114.1661433,991.9712524414062
6769326278,22.3334149,114.1661811,810.0905151367188
6769326279,22.3332921,114.1663439,915.9409790039062
6769337801,22.3342893,114.1631795,2546.73046875
6771749803,22.4598682,114.2046555,106.84168243408203
6778000698,22.3074017,114.1743478,146.48800659179688
6778847193,22.4930915,114.1454297,931.9498291015625
6778870958,22.3266092,114.1926556,281.9817237854004
6778948285,22.4821584,114.1408158,263.1552734375
6778948288,22.4822032,114.1408157,637.9967956542969
6779293960,22.5104044,114.121059,76.40301132202148
6779293973,22.5108648,114.1212337,161.02777862548828
6779293979,22.5097676,114.1211438,132.97860717773438
6779293986,22.5110069,114.1208106,340.1861219406128
6779293991,22.5124534,114.1227465,465.6207504272461
6779293999,22.5130437,114.1261155,145.71310424804688
6779294000,22.5130368,114.1261925,604.5668716430664
6779294001,22.5131204,114.1261215,155.1020965576172
6779294002,22.5131228,114.1262011,342.6025505065918
6783589506,22.2837887,114.1572719,84.05864715576172
6785924022,22.3118723,114.167802,372.9568176269531
6789509317,22.534895,114.1317704,103.58222007751465
6805405501,22.3463097,114.19143,4819.827331542969
6812980815,22.3663681,114.1766647,1045.3971862792969
6814387909,22.312391,114.2292747,160.23477172851562
6825157180,22.4346682,114.244555,691.4517478942871
6831612601,22.3897423,114.2612527,78.21794033050537
6831636746,22.3868535,114.2705376,159.5090103149414
6831636758,22.3862723,114.269811,32.55475997924805
6831636759,22.3877302,114.2697068,313.7043991088867
6831636774,22.3852953,114.2683401,144.11517333984375
6832591549,22.3665511,114.1765147,820.115234375
6834003674,22.3140059,114.1711738,256.7294311523437
6836274168,22.2743011,114.1861442,839.9858093261719
6836274254,22.2743522,114.1858928,617.3082580566406
6840450384,22.5360594,114.131031,61.21536636352539
6840484697,22.5343826,114.1297496,99.90498161315918
6841103521,22.2639896,114.1900418,315.353271484375
6843885034,22.3199764,114.172679,608.31591796875
6849047832,22.2632647,114.1882126,122.8364028930664
6853986550,22.2848941,114.1564186,86.01319122314453
6866817356,22.2931669,114.2044437,379.6739807128906
6874825449,22.3176308,114.17541,345.3800048828125
6880101688,22.4505824,114.1640217,368.3658447265625
6882484127,22.2676032,114.1876886,279.85264587402344
6885755697,22.3439811,114.1514525,1014.2573699951172
6886519403,22.2664895,114.1868244,257.76539611816406
6897508531,22.3623539,113.9488834,195.378586769104
6905386135,22.2816914,114.1590735,131.69313049316406
6907970663,22.3122756,114.2291764,1062.006591796875
6911707415,22.3074008,114.2285995,629.392822265625
6914180017,22.2699389,114.1829822,792.9759216308594
6916785751,22.3622167,114.1720809,4492.092468261719
6923680355,22.2815749,114.2223693,870.7737426757812
6938681602,22.2716367,114.1306362,68.74836730957031
6943277431,22.3804374,114.1360127,2798.5296936035156
6948931215,22.3715051,114.1343063,878.0316772460938
6952972860,22.4921585,114.1447304,780.8860473632812
6960064892,22.3718899,114.1399179,1905.5633850097656
6960132396,22.3195934,113.9348297,69.67651748657227
6967106233,22.5373011,114.16133,28.255887269973755
6968317774,22.3759293,114.1330435,394.73777770996094
6968769235,22.3712074,114.0786597,128.63172912597656
6972811390,22.2819637,114.172147,575.93896484375
6974798208,22.3828336,114.1257291,339.16276931762695
6978441797,22.4209926,114.0310331,35.86633491516113
6978441801,22.4225927,114.0302522,94.38011169433594
6984479448,22.3248919,114.1662306,725.2845458984375
6990033673,22.3446418,114.1503883,873.5962829589844
6992258578,22.3081266,114.1918155,754.0414733886719
7009742607,22.2740156,114.1836035,581.6171875
7014086617,22.4480509,114.0482341,469.53138732910156
7017465747,22.284151,114.2183852,962.730224609375
7018689673,22.4616821,114.0473031,53.13396072387695
7018699851,22.4664038,114.0464694,123.03059530258179
7018699983,22.4686515,114.0499981,235.31248378753662
7018740747,22.4693801,114.0488498,103.84419250488281
7018754811,22.4732018,114.0504931,395.703369140625
7018754843,22.4759461,114.0510857,25.368087768554688
7018796570,22.3202816,114.2315601,1854.0494384765625
7018833375,22.4793439,114.0536927,60.77309226989746
7018842792,22.4797941,114.0574801,84.91109085083008
7018842793,22.4759822,114.0516879,46.45271301269531
7018842817,22.4788343,114.0539289,100.92780494689941
7022106690,22.38561,114.2103582,1152.143081665039
7023648578,22.3850182,113.9732869,2089.2301025390625
7023917974,22.3409169,114.1570116,1278.6651611328125
7024859470,22.3184074,114.2684235,1634.188232421875
7026821442,22.3550799,114.2493897,321.4718017578125
7035378793,22.3611047,114.1326757,574.6272583007812
7041309927,22.2892309,114.1430188,774.1952514648438
7041773155,22.3192061,113.9369694,29.48999786376953
7056390434,22.4162802,113.9777095,729.9713439941406
7056639998,22.4096358,114.2226757,307.5163269042969
7056640007,22.4092187,114.2224921,539.8553771972656
7058064380,22.4218224,114.2324713,521.271728515625
7058176050,22.4833709,114.111064,74.48603820800781
7060795312,22.4412507,114.0887328,77.66780853271484
7062442628,22.4492927,114.0335799,111.49925231933594
7062561797,22.3043156,114.1706667,860.7982788085938
7062862087,22.4365394,114.0680207,115.83712768554688
7062862091,22.4367539,114.0683639,60.19134140014648
7062862095,22.4368898,114.0683188,60.14836883544922
7062862140,22.43658,114.0688942,167.93645095825195
7063007207,22.4393124,114.0597454,112.63603591918945
7063150405,22.3139657,114.2106442,119.82229995727539
7067433361,22.4260034,114.0314062,55.76987075805664
7072145863,22.3291231,114.1399378,295.6321907043457
7072528300,22.3027919,113.9309051,100.72154545783997
7072528303,22.3028162,113.9310713,42.28875017166138
7078022047,22.3066758,114.2343334,1788.803955078125
7078022048,22.3066374,114.2342774,1300.5931396484375
7078022049,22.3065133,114.2344779,2135.0107421875
7083071999,22.3320425,114.1983929,97.96742248535156
7083072003,22.3321734,114.1981769,109.1653060913086
7083758871,22.3658115,114.1311537,679.5891723632812
7097780974,22.3576413,114.2518941,306.3732452392578
7097780975,22.3581874,114.2519754,278.7771987915039
7097782188,22.3607764,114.2531439,51.079498291015625
7099713627,22.4117353,114.0296483,91.45790863037111
7099749195,22.3155019,114.2100905,140.9019775390625
7104874670,22.308674,114.2111675,47.14909744262695
7104874674,22.3087343,114.2115069,74.04558563232422
7105002665,22.3157635,114.2250234,820.7073974609375
7108608194,22.3921146,114.2733976,28.65304374694824
7114340246,22.4566151,114.1765018,2700.439208984375
7116117087,22.4473325,114.0382825,26.1043758392334
7116117107,22.448469,114.0345504,298.1570625305176
7116117177,22.4509794,114.034465,54.69289016723633
7116117179,22.4511664,114.0337748,51.234153747558594
7116117198,22.4524602,114.0363816,26.200650215148926
7116117326,22.4465442,114.0198231,615.29638671875
7116117337,22.4466475,114.0194909,464.7934875488281
7116117341,22.4469897,114.0194007,519.3024978637695
7116117353,22.4476896,114.0198886,566.0317077636719
7116157508,22.4535507,114.0356416,75.09275484085083
7119498667,22.2526479,113.8633681,73.71752262115479
7119523932,22.2526887,113.863102,39.178207874298096
7119752708,22.2668769,113.9949124,21.427175521850586
7120176826,22.4687295,113.995931,3091.3566665649414
7122099622,22.437925,114.0171321,212.39354133605957
7122751651,22.2606434,114.0057974,1247.2940731048584
7123865665,22.4358815,114.0387564,82.04355239868164
7123865666,22.4352073,114.0399205,112.40683937072754
7123865668,22.4364702,114.0420445,53.978843688964844
7123865674,22.4370417,114.0454352,20.49045753479004
7123908420,22.4406081,114.0440009,46.426164627075195
7123908486,22.4314096,114.0409773,49.77132987976074
7123908598,22.4367892,114.0399831,107.06927871704102
7123908639,22.4380967,114.0394054,119.52982711791992
7123908674,22.4357277,114.0374168,91.11238861083984
7123908817,22.424761,114.0399945,57.61549663543701
7123908819,22.4252723,114.0405411,71.97222137451172
7123918376,22.463824,114.0209225,10.335671424865724
7123918377,22.464067,114.021056,10.32777500152588
7130834107,22.371672,114.0036092,132.78314590454102
7130840556,22.3750366,113.9978087,41.8027229309082
7131683571,22.3743518,114.0053559,106.57059001922607
7131683572,22.3758237,114.0052661,9.052397727966309
7131683580,22.3760215,114.0082872,106.6812515258789
7131744516,22.3759444,114.0061637,8.870745658874512
7131744519,22.3758495,114.006683,31.909090042114258
7131744528,22.3751633,114.003257,8.873090744018555
7131766622,22.3698534,113.9952475,204.63170623779297
7131766624,22.369309,113.9956974,115.96418762207033
7131801180,22.3702938,113.9947322,153.13472366333008
7132496477,22.5068718,114.1611571,8.381487846374512
7132497797,22.5062275,114.1598427,34.24812078475952
7132497799,22.5066869,114.1609807,17.62624740600586
7132497811,22.5056972,114.1600507,31.3623104095459
7132497818,22.5069012,114.1613844,15.596057415008545
7134795127,22.2873385,114.141226,470.9011535644531
7137065544,22.2881552,113.9380107,85.6251106262207
7137065546,22.2885554,113.9383677,125.42512893676758
7151049537,22.3374781,114.148468,348.1513671875
7151183323,22.5006069,114.1281517,815.5483703613281
7151183331,22.5009263,114.1277671,3638.9049072265625
7153280841,22.4948985,114.1292993,5789.403240203857
7153280850,22.4943141,114.131875,1678.353193283081
7153280851,22.4949204,114.1307324,2013.0626831054688
7153667501,22.3152327,113.9399179,26.48771476745605
7156913513,22.3699734,114.1400575,619.2932739257812
7158236107,22.2653794,114.0011762,26.7009220123291
7158515375,22.4310352,114.2018252,252.91225242614746
7169151555,22.5434906,114.2173915,97.42668914794922
7169152530,22.5422385,114.2168731,283.2151908874512
7172661189,22.5012285,114.1467776,1462.3354187011719
7174376395,22.3764101,114.1356949,642.73876953125
7177629350,22.3207775,114.176744,424.0138549804688
7183485235,22.4706109,114.0558212,36.718746185302734
7183535477,22.3633527,114.1167065,181.21380615234375
7183776374,22.3032836,113.9778992,158.9428768157959
7184831010,22.435748,113.9954807,7.793800354003906
7185203400,22.3358207,114.140544,2267.029571533203
7187483311,22.4336111,114.0008033,100.11086654663086
7187483314,22.4335863,114.0020057,68.20279693603516
7187483341,22.4335913,114.0105403,25.16232919692993
7187483342,22.4329708,114.0097946,6.8253092765808105
7187483343,22.4322778,114.0096221,153.9515643119812
7194927011,22.2903793,113.9395998,139.53689575195312
7194982095,22.2896373,113.9390786,129.23857498168945
7195450870,22.3329132,114.1605572,1483.2061767578125
7195450872,22.3330267,114.1604121,773.034423828125
7196392440,22.2427795,114.1677872,217.27837371826172
7196392445,22.2425426,114.1676311,149.61675262451172
7196392450,22.2426335,114.1672437,524.4986629486084
7196953012,22.2886183,114.1437338,414.4157409667969
7199928266,22.2840465,114.1864877,540.4485855102539
7201196692,22.5098491,114.1781727,20.19593620300293
7201196733,22.510474,114.1791165,18.996049880981445
7201196738,22.5097934,114.1795308,30.219761848449707
7201196826,22.511056,114.1802707,60.66380739212036
7201196833,22.5107539,114.1807499,41.7159538269043
7201196850,22.5101391,114.1811519,112.18943309783936
7203756768,22.4363163,114.0150956,42.250919342041016
7205131763,22.3726961,113.9683419,1316.943359375
7207765889,22.3176885,113.933892,148.27732849121094
7207765902,22.3176673,113.9338223,374.78161573410034
7208407871,22.474069,114.1119557,124.81251192092896
7208408178,22.4783465,114.1119543,209.12522315979004
7208696591,22.5012959,114.1707497,45.58454418182373
7208696600,22.5010193,114.1704281,28.292725563049316
7208696640,22.5010134,114.1707311,38.784770011901855
7211251012,22.3523778,114.2378234,52.59519004821777
7211251026,22.3529742,114.2358494,23.306554794311523
7211251036,22.3527993,114.236325,43.67853927612305
7211251038,22.3534771,114.2357369,59.09312629699707
7211321491,22.3499349,114.2340405,21.7269287109375
7211321493,22.3497738,114.2344507,39.462869644165046
7211321505,22.3491252,114.2359894,20.173702239990234
7211321511,22.349611,114.2367283,21.892736434936523
7212373471,22.3045264,113.9000495,2177.570104122162
7213875332,22.4061993,114.207584,86.0731430053711
7213875369,22.4064621,114.2090278,54.58859252929688
7214285143,22.4341448,113.9983963,61.40533447265625
7214285145,22.4343147,113.9986075,65.59701538085938
7220998145,22.4345929,113.9985153,116.37310791015625
7232872979,22.331268,114.1988585,402.95144271850586
7235049595,22.2932761,114.2077608,444.8009643554688
7235049596,22.2926623,114.2094951,513.223388671875
7235049597,22.290456,114.212838,1827.252685546875
7235110382,22.3501244,114.1180445,130.58324813842773
7236986954,22.3187364,114.2688839,257.90740966796875
7238510890,22.4442621,114.1786863,46.64592742919922
7249917287,22.279628,114.2229813,6751.138977050781
7251696526,22.4059424,114.2078468,98.80467987060548
7252135388,22.2812352,114.2326185,971.9834594726564
7252223766,22.4613432,114.0462449,90.41744947433472
7262585717,22.3059773,114.1707708,451.3433837890625
7272177820,22.4069116,113.9747969,514.4448089599609
7272177824,22.4066298,113.9750695,474.85093688964844
7272179785,22.4028836,113.973422,980.8193359375
7272263056,22.4133462,113.9683934,100.18267822265624
7272263060,22.4133584,113.9685419,67.30401611328125
7272263075,22.4139685,113.9690517,163.0793857574463
7272263144,22.412302,113.9692621,78.36213684082031
7272347005,22.4134921,113.9760803,158.2486114501953
7272347016,22.4133009,113.9766929,665.8778076171875
7279274909,22.2895791,114.1931373,1288.7454833984375
7280259701,22.2739541,114.1856705,916.4442443847656
7281352696,22.3143422,114.2196504,119.28549194335938
7288544886,22.3707393,114.0799136,737.4131774902344
7291860791,22.4861544,114.1506319,222.4195098876953
7294553062,22.3713344,114.1944274,921.8519706726074
7304985428,22.436521,114.012025,122.3961935043335
7305403398,22.4346779,114.0114177,11.948590278625488
7311746774,22.5459596,114.2206351,40.71468734741211
7311746775,22.5459275,114.2206976,46.335086822509766
7312775994,22.2702165,114.1845655,240.8809051513672
7317789141,22.2485474,114.1714636,205.80432891845703
7317789313,22.2478041,114.1737643,229.8233642578125
7317789338,22.2482263,114.1733551,285.04209899902344
7317789355,22.248102,114.1738093,107.56651306152344
7318017040,22.3297707,114.1569446,1115.52685546875
7319246409,22.3286755,114.1799168,77.18168640136719
7319246410,22.3287593,114.1797811,127.40127563476562
7323072041,22.3908476,113.9803455,149.48555755615234
7324776093,22.490113,114.0581177,76.98455739021301
7324776094,22.489229,114.0584274,23.35452461242676
7324776115,22.4890752,114.0582552,94.83053588867188
7324776122,22.4889116,114.0590787,23.61959457397461
7324776123,22.4889863,114.0585449,48.358402252197266
7324776135,22.4888015,114.0593476,152.32608222961426
7324776138,22.4899264,114.0581831,10.812604904174805
7324776149,22.4907803,114.0587359,9.255658149719238
7324836415,22.4731817,114.050337,363.4504089355469
7324944040,22.498097,114.1023451,12.222743034362793
7325788969,22.4811872,114.1414205,1126.5202674865723
7326397933,22.5537099,114.155663,63.69335222244263
7327990432,22.5109136,114.1091942,23.42489004135132
7327990606,22.5025098,114.1167089,60.78608703613281
7328499113,22.3028529,114.1671106,122.87488555908205
7328910146,22.5486239,114.1527062,22.246052265167236
7328910162,22.545948,114.1527458,10.208309173583984
7328919703,22.5464003,114.1528001,13.822269916534424
7331322864,22.5097708,114.2347982,22.61689567565918
7340219025,22.5229635,114.1507763,58.133061170578
7340291949,22.5023041,114.0800246,26.44071578979492
7340291964,22.5026856,114.0810842,52.1642017364502
7340379724,22.478963,114.0572537,56.30605125427246
7340379788,22.4786466,114.058241,155.36059188842773
7340413300,22.4573653,114.0515775,449.66299057006836
7340433336,22.4687524,114.0537458,94.46107292175293
7340433341,22.4687338,114.0543833,32.70631790161133
7350437126,22.4959467,114.1369002,350.0885009765625
7350603240,22.5041992,114.1499167,172.20906829833984
7352068424,22.3548893,114.2509202,315.63873291015625
7356084096,22.496161,114.1390814,174.595947265625
7356084109,22.4961516,114.1393569,354.2524871826172
7363392586,22.5283232,114.1234362,24.128363132476807
7363392620,22.5280095,114.1248023,19.47056293487549
7363392670,22.5267281,114.1276678,44.86106324195862
7366003117,22.429931,114.0982839,14.353787422180176
7366003146,22.4280279,114.0993683,74.14000225067139
7366018473,22.4310182,114.0927907,6.330824851989746
7366018482,22.4299516,114.0928085,13.516167640686035
7366030274,22.4492982,114.0794074,84.43206596374512
7366067265,22.4414166,114.0854249,63.684608459472656
7366067274,22.4376453,114.0885685,186.08512449264526
7366067275,22.4393986,114.0869342,217.8489851951599
7368833325,22.5020852,114.1384959,3014.195999145508
7369001321,22.5008507,114.1322371,380.8017578125
7369001322,22.5010672,114.1325129,211.8238525390625
7369001373,22.5004246,114.1302854,960.3920135498047
7369001377,22.499996,114.1298845,233.46632385253903
7369001382,22.5000501,114.1298192,414.321044921875
7379558820,22.5226742,114.1620427,79.39634418487549
7380474734,22.5040732,114.1288052,474.72015380859375
7383774393,22.2628314,114.237076,559.954833984375
7383774430,22.2630445,114.237566,546.5369873046875
7396587925,22.4878404,114.1486872,316.8000793457031
7397309174,22.4976854,114.1408813,251.2190933227539
7397324501,22.4957735,114.1414631,151.71200561523438
7398725648,22.5005834,114.1475136,175.36395263671875
7398820250,22.4976507,114.1472558,66.69723129272461
7399804579,22.2663195,113.9947588,23.30168914794922
7401378657,22.4966473,114.1426987,171.4161376953125
7402021378,22.4987569,114.1251787,1111.2472381591797
7409388154,22.2899724,114.1401208,1358.1846618652344
7412938367,22.2613023,114.1283672,366.2061309814453
7424281869,22.4976578,114.1416683,127.55137634277344
7428193654,22.3340954,114.1599937,772.447021484375
7437480973,22.3095565,114.266645,69.22926330566406
7440996995,22.5351045,114.1626174,4.974761724472046
7440997104,22.5231272,114.154348,5.722465753555298
7440997109,22.5224429,114.1541321,18.00123691558838
7440997115,22.5228509,114.1531933,3.019263744354248
7448168899,22.4118913,113.9683904,118.20110321044922
7448169111,22.4145473,113.9746357,500.0575981140137
7448375823,22.3989417,114.1863305,352.43414306640625
7448375921,22.4011046,114.1884495,152.7727336883545
7449496616,22.2965207,113.9489792,338.6136932373047
7459586166,22.304506,114.2850587,32.90310478210449
7462145473,22.3273472,114.1385827,168.5050811767578
7472782448,22.3740183,114.175362,297.30670166015625
7472782452,22.3753344,114.1759832,988.0183715820312
7481329315,22.405716,114.2187919,400.3336410522461
7482782102,22.2890644,114.213246,1041.8085021972656
7490689906,22.378692,114.1868351,287.0481262207031
7496893668,22.504293,114.1548119,62.29902935028076
7499848227,22.4314774,114.2528979,958.8312911987305
7500672163,22.5029145,114.1264363,3506.6923828125
7500821299,22.5035144,114.1289278,302.7341613769531
7500821369,22.5039972,114.1275857,265.1967163085937
7500882174,22.506826,114.1274793,255.31036376953125
7502309824,22.5223387,114.1799148,98.71479988098145
7502414675,22.511083,114.1632453,28.592967987060547
7502520963,22.503107,114.1327107,3484.977996826172
7505128238,22.4983572,114.1406509,520.8600234985352
7505612934,22.5052425,114.1498945,184.64346885681152
7505628095,22.5032425,114.1484971,465.2149353027344
7505628113,22.5029745,114.1489252,183.90381813049316
7505628211,22.5029359,114.1488694,74.6763916015625
7505970961,22.5264767,114.1945438,41.30849552154541
7509086411,22.5403156,114.1486617,253.20558094978333
7509086424,22.5455927,114.1520922,45.47446632385254
7509150017,22.4958199,114.1231436,353.087121963501
7509496107,22.5002258,114.1279302,643.8375854492188
7518391493,22.439274,113.9983592,36.09180068969727
7521488974,22.5063953,114.1473953,23.536759853363037
7521489075,22.5069239,114.1469047,161.29586791992188
7521489450,22.5038399,114.1483155,73.99004364013672
7523272042,22.4130618,114.2104115,171.6229476928711
7526377485,22.4440234,114.0421884,88.58165740966797
7532808604,22.4206039,114.0221892,14.027846336364746
7532808608,22.4239177,114.0220937,15.164127349853516
7532808613,22.4244463,114.0219972,45.46892261505127
7532808615,22.4231633,114.0215129,15.01681137084961
7532808625,22.4222327,114.0220752,14.79623031616211
7532808637,22.4186456,114.0229366,16.616235733032227
7532908443,22.3495823,114.0609996,482.4480743408203
7539621741,22.3181442,114.1593959,751.8202514648438
7559784598,22.3313179,114.2088905,1161.3378601074219
7559784600,22.3304275,114.2101058,956.4989013671875
7560529772,22.3094434,114.1700618,384.49322509765625
7562359597,22.4359521,113.9834884,11.202045440673828
7562359640,22.4358449,113.988618,43.28404426574707
7562359641,22.4354309,113.9886957,30.462283611297607
7562359642,22.4357643,113.9888701,22.726269721984863
7562359644,22.4342557,113.9873412,44.74457263946533
7562359648,22.434826,113.9876819,29.406861305236816
7568244271,22.2959727,114.2919721,48.80685043334961
7569690598,22.3834758,114.1803392,143.42620849609375
7570149109,22.3392174,114.1658164,310.75592041015625
7572063361,22.5014247,114.1235746,1691.079345703125
7572431450,22.501189,114.1221076,62.79171371459961
7572431495,22.5026231,114.122537,121.78324890136719
7572431717,22.5013741,114.1218026,197.2558441162109
7572497227,22.501641,114.1176839,101.69387435913086
7572497228,22.5011536,114.1173822,371.70423316955566
7572586433,22.525182,114.1221075,8.374075889587402
7572586434,22.52509,114.1225154,17.89236068725586
7572586435,22.5250097,114.1224416,8.674569129943848
7577994078,22.4619771,114.0543811,163.9963092803955
7578005399,22.4602217,114.0562705,101.41029739379883
7580063052,22.3412679,114.1318765,265.70068359375
7580063053,22.3408333,114.1321496,884.2507095336914
7589127663,22.2900246,114.1426365,1558.2509765625
7589874670,22.4806651,114.1547191,49.21222686767578
7591258299,22.5052627,114.0913212,90.39142847061157
7595721391,22.3541271,114.0846864,259.3588256835937
7595721394,22.35326,114.0851979,425.26611328125
7598921136,22.3089751,114.172229,367.4311828613281
7598953722,22.3078862,114.1781923,764.7983551025391
7599741331,22.3157251,114.2140649,217.45211791992188
7599741332,22.3158413,114.2138588,129.3891487121582
7600229275,22.3329333,114.1728616,278.8402404785156
7600231195,22.3325649,114.1730017,56.61196517944336
7601846267,22.5010167,114.1134362,20.27399444580078
7601846278,22.5013504,114.1146965,23.033218383789062
7601846279,22.5013425,114.1142147,21.00997734069824
7601849387,22.5008975,114.1132331,25.499890327453613
7601849411,22.5009405,114.1142021,19.99555969238281
7601849419,22.5016991,114.1147992,35.36758327484131
7601849430,22.5016847,114.1152226,76.97679901123047
7601849436,22.4992489,114.1145608,78.02340316772461
7601849440,22.499847,114.1141603,8.55104923248291
7601849705,22.4999902,114.1055479,60.06354904174805
7602250512,22.2485779,114.1630579,603.4712448120117
7602920400,22.3291652,114.2114998,1242.8550415039062
7608035007,22.4900372,114.1461921,1009.7723159790039
7608035021,22.4898895,114.1463614,410.0921230316162
7608813720,22.3661844,113.9923769,234.88114547729492
7608944514,22.3339255,114.1948276,983.4275512695312
7609611533,22.3285727,114.2251866,5395.4239501953125
7609611542,22.3272241,114.2241266,1749.205078125
7609611549,22.3263774,114.2241273,2838.7783813476562
7609611554,22.3248986,114.2250976,1455.7352294921875
7609799454,22.3310244,114.2213221,1725.4406433105469
7609961166,22.3317445,114.2242035,751.9252319335938
7609961168,22.3315232,114.224362,735.25732421875
7609961172,22.3305177,114.2241012,1595.9268493652344
7609967987,22.3302628,114.2221961,2328.1466369628906
7612595757,22.2483954,114.1617071,136.26881408691406
7615923500,22.3160327,114.1900656,1423.3402099609375
7618606558,22.2475811,114.1609081,133.0281982421875
7618606623,22.248389,114.1605992,664.1966400146484
7619661751,22.3157369,114.1877537,1638.031005859375
7627060510,22.4857147,113.9959431,7.765578746795654
7629818691,22.3419881,114.1699247,328.3316345214844
7630161979,22.4382486,114.0530968,190.68501615524292
7632619276,22.3342411,114.2383317,26.27042007446289
7635791092,22.3303852,114.1786297,373.0239715576172
7637904922,22.3613068,114.1299845,520.5443420410156
7637904925,22.3602675,114.1288733,623.3873291015625
7637904927,22.3598433,114.1284251,575.6012878417969
7637904932,22.3592417,114.1278078,290.4344787597656
7645775468,22.2760536,113.9322611,106.68689107894897
7649262964,22.5016068,114.1224969,201.00279235839844
7649315867,22.5044496,114.1103378,38.38387298583984
7649330588,22.5044884,114.1107749,38.906660079956055
7649330606,22.5028392,114.1103916,206.3402557373047
7649662610,22.331404,114.202304,245.65019416809082
7651596964,22.3700779,114.1089024,844.970458984375
7651596966,22.3699387,114.1082393,1574.7115478515625
7651943556,22.2668834,113.9968154,32.16545295715332
7654985469,22.4567242,114.0078974,583.6297760009766
7663524721,22.2906,114.194816,1861.2264404296875
7673731806,22.3506483,114.1186054,149.29383850097656
7677313936,22.3050707,114.1833285,199.91998291015625
7682006696,22.3030517,114.2298057,747.4064636230469
7682123259,22.3410872,114.1434239,1096.2633972167969
7682141911,22.3427232,114.1546022,2149.5081787109375
7686317275,22.2782396,114.1733234,483.90440368652344
7688083675,22.3339044,114.2226785,1581.0037841796875
7688146503,22.3342173,114.2257706,499.9362182617188
7689100436,22.5102578,114.2342697,43.139028549194336
7691625626,22.3456253,114.1996261,1222.4393310546875
7691876222,22.3348674,114.1465615,281.5501403808594
7695336732,22.3401542,114.1414774,754.3367004394531
7706752788,22.3093266,114.1681728,490.9381103515625
7710411220,22.3679166,114.1703496,165.54150390625
7710411223,22.3706314,114.1737759,735.5986022949219
7712751884,22.3938661,114.2100133,734.8922729492188
7712774299,22.3934713,114.2091946,641.0797729492188
7712774307,22.3937601,114.2085258,429.4419250488281
7712774312,22.3938519,114.2084496,1041.4122619628906
7712774317,22.3947395,114.20943,286.6950378417969
7712774320,22.3951254,114.2095782,623.8006286621094
7716574560,22.3412087,114.1433669,760.56591796875
7722536400,22.4755508,114.0691701,1.9941182136535645
7722536531,22.4755062,114.0738626,10.494898080825806
7727859681,22.341314,114.1383298,321.3304138183594
7727924391,22.2832393,113.937486,67.13407135009766
7727925226,22.3409761,114.1387852,790.2664794921875
7728578294,22.3342043,114.2050026,2108.8148193359375
7731312471,22.3142351,114.2258803,1480.0193328857422
7731316930,22.3223666,114.2259676,726.276611328125
7731316931,22.3214274,114.2264156,755.4816284179688
7731316938,22.3209864,114.2266298,840.3995971679688
7731316943,22.3206285,114.2268055,745.8638305664062
7731316947,22.3199982,114.2271555,797.7140502929688
7731316960,22.3185901,114.2272749,1618.6381225585938
7731316973,22.3174847,114.226786,833.9551391601562
7744032687,22.3399907,114.1893396,2892.5686645507812
7744032690,22.340783,114.1893334,1059.158203125
7744591132,22.3467648,114.0881539,367.4769983291626
7744591142,22.3568952,114.0824419,431.24273681640625
7745940717,22.3520639,114.0868235,636.5911121368408
7746503192,22.3408527,114.2038361,542.3220977783203
7752036130,22.4718821,114.2279628,48.24697113037109
7752036135,22.4717441,114.2266946,42.461795806884766
7752221869,22.4198285,113.9256933,125.71009159088135
7755888960,22.3541099,114.0841707,274.3780212402344
7755953358,22.3615934,114.0454476,665.680908203125
7756359932,22.4452223,114.0602906,11.322497367858887
7756359933,22.4450647,114.0607023,4.5457305908203125
7756359936,22.4444533,114.060735,18.71604347229004
7756359994,22.4466212,114.0619139,2.960445642471313
7756359998,22.4470442,114.062321,2.9571211338043213
7756360000,22.4468607,114.0625835,2.8637490272521973
7756360015,22.4467943,114.0638235,48.553847789764404
7756360025,22.4403105,114.0659187,23.34223747253418
7756360030,22.4457328,114.0617651,3.277677536010742
7756360032,22.4460787,114.0602591,7.354356050491333
7756360040,22.4445677,114.0649375,64.77322554588318
7756360078,22.4390101,114.0686631,161.79506301879883
7757156038,22.3159592,114.2364433,1561.9031219482422
7761169137,22.3295452,114.2111701,399.8608703613281
7765351088,22.3612207,114.1049105,1285.282958984375
7765354030,22.3419782,114.1840511,706.4668579101562
7765516438,22.4401357,114.073178,351.42956352233887
7765516441,22.4402294,114.0744328,194.54018688201904
7765516593,22.441071,114.0682256,96.12676620483398
7765615553,22.3394701,114.1842866,892.3659820556641
7768988414,22.3220151,114.238536,74.93412971496582
7770420702,22.3608219,114.1036197,1500.423095703125
7770420706,22.3611964,114.1040415,4031.3381958007812
7770420740,22.3612528,114.1051821,2435.3228149414062
7770420744,22.3603406,114.1059371,6219.685546875
7770420760,22.3597754,114.1057105,1220.671630859375
7770420762,22.3595293,114.105547,1677.2510986328125
7775576959,22.3432922,114.1891755,624.8516235351562
7775576979,22.3433618,114.1892352,985.2827758789062
7775824505,22.3692372,114.0623137,150.51828002929688
7782657450,22.4878239,114.1463426,229.5406646728516
7782678621,22.4846092,114.1535203,195.75023460388184
7783303476,22.4359991,114.034974,103.54218292236328
7786848342,22.4283133,113.9931983,37.97871017456055
7787532608,22.4934623,114.1390428,678.9788208007812
7787532611,22.4933713,114.1390939,852.6653442382812
7790258527,22.5039313,114.1488204,75.03581237792969
7790377530,22.3592316,114.1058699,594.6305541992188
7791195372,22.4287537,113.9933427,62.42776870727539
7791355865,22.4986363,114.1085026,32.30042552947998
7791355871,22.4989998,114.1073995,23.7512526512146
7791355879,22.4984002,114.106088,22.951037883758545
7791355884,22.4977977,114.1051816,9.58315658569336
7791355903,22.497816,114.1068283,8.641170501708984
7791355911,22.4952409,114.1002802,39.759254455566406
7791355914,22.495386,114.1009013,4.035368919372559
7791355969,22.4931272,114.1017429,8.571831703186035
7791355972,22.4929072,114.1018715,4.385356903076172
7791355976,22.4930327,114.1016213,3.803164482116699
7791389836,22.4910995,114.0934239,7.262767314910889
7791419417,22.4918088,114.0968654,39.53884792327881
7791419429,22.4918122,114.096204,4.743537425994873
7792531551,22.4215878,114.0652893,505.3174247741699
7792531627,22.4339344,114.0704224,87.5118522644043
7794734093,22.417706,114.0682715,94.17173385620117
7794734094,22.4178877,114.068521,105.09174728393555
7797357630,22.3467425,114.1106883,59.56768798828125
7799483238,22.4399417,114.0322194,174.48319244384766
7799483249,22.4398368,114.0221926,202.8626251220703
7799483260,22.4185273,114.0250967,53.61955642700195
7804112376,22.4290901,114.1067942,440.47847080230713
7804112382,22.4297148,114.1063098,370.149133682251
7808553566,22.2807595,114.1707882,372.0601196289063
7814838199,22.3233148,114.2150035,715.2184448242188
7814838281,22.3099247,114.228992,1231.0087890625
7820171629,22.3692318,114.1980119,107.43342590332031
7821587799,22.3391331,114.1821002,103.46795654296876
7821587813,22.3391454,114.1818336,124.5312042236328
7828861127,22.3189446,114.0408561,158.91325759887695
7828861135,22.3190654,114.0405101,53.96710968017578
7828904273,22.2686938,114.12511,582.0995559692383
7829546984,22.5130188,114.1144906,134.26385116577148
7829788906,22.5127213,114.1188802,364.4668674468994
7829825208,22.5092189,114.1212927,67.71942901611328
7829825210,22.5091581,114.1211032,304.2089819908142
7831068712,22.5123528,114.1083847,24.744140148162842
7831087042,22.5143706,114.1098528,59.44754409790039
7831239468,22.4766955,114.1541798,31.30384635925293
7831810519,22.4105252,114.0252864,36.841041564941406
7832182805,22.4113299,113.967672,459.73204040527344
7832182810,22.4110673,113.9679333,235.85340881347656
7834151353,22.3175836,114.2575852,3481.0338134765625
7838845134,22.4968484,114.1408795,145.92832946777344
7839500514,22.4101916,114.0207629,76.95783042907715
7839500734,22.4161583,114.0217209,15.352392196655272
7845145727,22.4885721,114.1386235,2258.362548828125
7845145876,22.4878525,114.1396642,311.56158447265625
7845312909,22.482259,114.1390802,456.41430282592773
7845312917,22.4824722,114.1397053,205.3466796875
7845312918,22.4825227,114.1397859,282.4556884765625
7845833319,22.4961633,114.1374643,301.30316162109375
7845921941,22.4954341,114.1364236,619.22021484375
7845987842,22.3194438,113.9347988,61.60185623168945
7846001039,22.4959507,114.1363512,191.35806274414065
7846277320,22.5155946,114.1337877,30.991740226745605
7846277326,22.5154172,114.1321123,351.5540609359741
7849349078,22.3650743,114.1809612,280.4159851074219
7849685913,22.4172708,114.0360971,33.658267974853516
7849685932,22.4188958,114.0390593,11.578009605407717
7849685938,22.4190053,114.0378553,29.68435001373291
7849685953,22.4180197,114.0358141,32.81513690948486
7849685954,22.4181523,114.0357873,65.02752113342285
7849685974,22.4195123,114.0338682,57.89998149871826
7849685977,22.4193023,114.0331213,42.54173564910889
7849686302,22.4230436,114.0370612,55.23206043243408
7849686309,22.4249382,114.0483588,84.16321754455566
7849686325,22.4244129,114.0511764,65.59483337402344
7849686353,22.4265588,114.0495121,68.20816802978516
7849686416,22.4240187,114.0386251,25.620040893554688
7849686419,22.4234631,114.0384545,25.51888847351074
7849686464,22.4233711,114.0393988,26.666190147399902
7849686473,22.4207952,114.0345485,39.68670177459717
7849686477,22.4230935,114.0399246,27.192788124084473
7849686507,22.422106,114.04137,71.78298664093018
7849686514,22.4212641,114.0409103,27.386371612548828
7849686521,22.4222323,114.0410444,12.86328125
7849686529,22.4209963,114.0411866,46.95591640472412
7849686534,22.41631,114.0353836,30.915447235107422
7849686546,22.4156988,114.0337099,15.45600700378418
7849686555,22.415038,114.0365651,16.12196159362793
7849686558,22.4159232,114.0360475,31.471430778503418
7849686565,22.4207384,114.0324171,15.05193328857422
7849686569,22.4212789,114.0333545,61.830559730529785
7849686698,22.4201483,114.0315226,12.738432884216309
7849686699,22.4193648,114.0320027,25.51158905029297
7852819328,22.4258038,114.0227705,32.30360794067383
7852819329,22.4258454,114.0224823,30.87590789794922
7852819340,22.4260158,114.0254554,16.04316520690918
7852819342,22.425184,114.0247433,32.905221939086914
7852819377,22.422934,114.0224379,29.117409706115723
7852819382,22.4218678,114.0244925,58.90952110290527
7852819383,22.421995,114.0227484,13.754133224487305
7852819392,22.4214128,114.0227222,13.57943344116211
7852819408,22.4189192,114.021004,14.53571605682373
7852819409,22.419146,114.0213764,15.15312671661377
7852819412,22.4192604,114.0224966,15.047468185424805
7852819437,22.4236641,114.0258457,70.1520643234253
7852819495,22.4166657,114.0231183,15.71462345123291
7852819497,22.4167991,114.0226974,15.983894348144531
7852819501,22.4170527,114.0240955,51.178579330444336
7852819517,22.421203,114.0231079,42.261311531066895
7852819527,22.4266626,114.0261066,35.32199668884277
7852819557,22.4246939,114.0256399,31.276521682739258
7855040491,22.384407,114.1901121,242.31134033203125
7855040501,22.3850022,114.1892342,191.96139526367188
7856261946,22.4620101,114.172073,175.60583972930908
7856685654,22.4169919,114.0187713,15.694583892822266
7856685658,22.4167775,114.0181622,15.256101608276367
7856685673,22.4170936,114.0198999,15.729069709777832
7856685790,22.4131002,114.0156358,217.9463005065918
7856685839,22.4130767,114.0190744,49.402039527893066
7856685851,22.4145781,114.0185065,16.024011611938477
7856685869,22.4146115,114.0187821,15.090110778808594
7856685947,22.413443,114.0230488,17.976734161376953
7856685953,22.4120526,114.0234639,59.20388984680176
7856686020,22.4142694,114.0224433,15.56013011932373
7856686033,22.4112408,114.022311,21.16703414916992
7856686037,22.4140133,114.0218063,50.58804893493652
7856686046,22.4173725,114.0201151,15.829501152038574
7856686061,22.4118712,114.0261652,46.376848220825195
7856686078,22.4158896,114.0212884,15.784282684326172
7856686088,22.4164407,114.0182037,15.126023292541504
7858199614,22.4325748,114.0231975,21.275205612182617
7858199620,22.4307042,114.0256968,86.40092658996582
7858199740,22.4311398,114.0239622,18.45148086547852
7858409781,22.4293952,114.0263902,140.1299285888672
7858425748,22.4281952,114.0197624,34.60299873352051
7858425750,22.4292613,114.0202479,36.63473320007324
7858425785,22.4288423,114.0213671,37.54347610473633
7858584603,22.42236,114.0195036,30.19410991668701
7859225532,22.3215231,114.1574619,660.6548461914062
7861701010,22.3406164,114.1424552,272.9948425292969
7862157975,22.5098061,114.1595491,145.78746509552002
7862253849,22.5065329,114.162414,14.818842887878418
7862253862,22.5061031,114.16312,7.31242036819458
7862253879,22.505564,114.1629629,36.46335220336914
7862253880,22.5065458,114.165003,41.6609263420105
7862254021,22.5080552,114.1620405,56.58770751953125
7862254104,22.5079637,114.1661712,33.519587993621826
7862254126,22.5092507,114.1669275,20.87565040588379
7862254135,22.5104209,114.1660903,18.33368492126465
7862298796,22.5092663,114.1665238,32.430585861206055
7862324217,22.5109938,114.167807,25.96754264831543
7862324246,22.511044,114.1680344,301.6776304244995
7862324257,22.5100779,114.1674354,65.00574588775635
7862324264,22.510018,114.1672747,17.287275314331055
7862324278,22.5112233,114.1673474,94.80936813354492
7862324313,22.5063959,114.1687148,158.89278030395508
7864345288,22.4072599,114.2231251,649.1542205810547
7865309264,22.4139643,114.2119927,70.78004455566406
7865309275,22.414025,114.2121595,72.42227935791016
7865337850,22.4126616,114.2135841,56.12872314453125
7867263277,22.4896008,114.1508834,555.8796005249023
7871659468,22.4963798,114.1349814,1356.182056427002
7874627976,22.5001854,114.1044119,110.97096061706543
7874641593,22.4981207,114.1031721,16.298213481903076
7874736348,22.4933949,114.1029946,8.996741771697998
7874841235,22.4937096,114.1036319,17.733478784561157
7874841245,22.492685,114.1040519,8.39403486251831
7874841262,22.4920081,114.104755,100.4475326538086
7874877738,22.4869487,114.1088563,42.94101905822754
7874877739,22.4864742,114.10885,74.90434074401855
7874877804,22.4879319,114.1081644,159.57629537582397
7874877855,22.4851314,114.1102162,102.74335289001465
7874878060,22.4821869,114.1128644,26.760448455810547
7875045834,22.4802267,114.1124916,136.24141359329224
7875326178,22.4766373,114.1044847,5.340563774108887
7875326182,22.476653,114.1047778,17.18869400024414
7875326190,22.4762772,114.1043026,5.639464855194092
7875326357,22.4773106,114.1072637,26.93465232849121
7875383406,22.4816387,114.1084396,96.3474714756012
7880527193,22.2700948,114.241435,282.39349365234375
7884099055,22.5037045,114.0994423,177.6141128540039
7887140409,22.4039425,114.2073459,284.78821563720703
7888948356,22.5038911,114.1120538,79.18686294555664
7889043402,22.5025242,114.1128444,85.67815589904785
7889150831,22.5026713,114.1178798,483.61020278930664
7892181508,22.4996606,114.11257,11.215506553649902
7892219866,22.4984991,114.108278,14.701326370239258
7892787432,22.5155871,114.1218678,301.1388511657715
7892787440,22.5161081,114.1220219,30.99652099609375
7892787444,22.5166475,114.1218854,224.06827354431152
7897167287,22.4245359,113.9913502,84.30044746398926
7897167288,22.4244738,113.9912317,28.178064346313477
7907232138,22.428634,114.0161059,26.91367197036743
7907232141,22.4283804,114.0162562,22.396902561187744
7907232149,22.4301501,114.0156291,10.606575965881348
7907232282,22.4300695,114.0148956,65.35496711730957
7907246801,22.4297361,114.0194419,35.45620536804199
7918803910,22.3895388,113.9809259,257.87811279296875
7919833594,22.4198217,113.9198228,221.10293579101562
7927046068,22.3733405,114.1782267,804.5228271484375
7930922755,22.5322878,114.2003323,83.54390907287598
7930922758,22.5323025,114.2008347,47.827598571777344
7930922797,22.5323566,114.203128,56.457977294921875
7930980303,22.3764804,114.1767656,1061.448486328125
7930988911,22.5439639,114.2153527,6.865593910217285
7931035892,22.5453126,114.2206059,37.2713508605957
7931143833,22.3778717,114.1742654,800.3975219726562
7934733832,22.3272427,114.1502293,1473.4817161560059
7936153964,22.3710423,114.1096842,540.788330078125
7936153965,22.3712522,114.1096364,447.13519287109375
7937457557,22.507973,114.1560397,213.71261501312256
7944756873,22.3971149,114.2009711,632.6613311767578
7944756884,22.3953033,114.1998116,675.953405380249
7947741160,22.3897963,114.1990172,99.1178207397461
7947741161,22.3898668,114.1992877,260.65428161621094
7961689845,22.5020219,114.1473099,541.9386596679688
7961689858,22.5016585,114.14753,160.52828979492188
7966456567,22.2964123,114.2675345,42.87910842895508
7972746940,22.5094334,114.1473616,25.415066719055176
7972751815,22.5098951,114.1454874,23.454312324523926
7972792557,22.5040737,114.1473345,243.1724090576172
7972792563,22.5036773,114.1471398,884.7613220214844
7972792578,22.5042793,114.1475278,400.0773754119873
7973360397,22.3099261,114.266404,473.7813415527344
7973360421,22.3070603,114.2683376,121.13611221313477
7973360422,22.3071093,114.2684464,528.3900661468506
7973360424,22.3068904,114.2678507,138.21107864379883
8005275494,22.3689913,114.1897784,1220.2529678344727
8006589410,22.491883,114.0589783,44.41059970855713
8008173794,22.326978,114.2533831,417.20185470581055
8010179279,22.3275193,114.2517185,456.8341293334961
8010199288,22.3281819,114.2509396,61.00944519042969
8010325372,22.3285483,114.2447472,11.813921928405762
8013314518,22.3168458,114.1800365,387.05865478515625
8013314519,22.3163247,114.1809491,482.2430725097656
8013614910,22.3060436,114.1640683,101.16179656982422
8013614911,22.3060066,114.1637106,101.22161865234376
8013614918,22.309321,114.1633715,567.5248413085938
8014596246,22.4702921,114.0506276,102.02219772338867
8014596258,22.4714136,114.0516371,402.7079162597656
8014596261,22.4713739,114.0517444,411.60744285583496
8014639021,22.4419523,113.9966619,16.377938747406006
8014639022,22.4417614,113.9969234,21.590742111206055
8014639025,22.4411106,113.996902,6.854438781738281
8014639106,22.4491079,114.0087104,266.3721799850464
8014639289,22.4419485,114.0233508,193.33953857421875
8040425492,22.4119928,113.9684152,147.72068786621094
8043778316,22.3059625,114.1727043,548.9002685546875
8050541246,22.3419689,114.1643154,799.2427215576172
8059647319,22.3054278,114.1605864,390.09915924072266
8059647322,22.3052256,114.1605017,137.6405029296875
8059647323,22.3052086,114.1603767,248.77804565429688
8063188803,22.4325951,114.0821358,28.603474617004395
8063188804,22.4327785,114.0821267,90.0883297920227
8065808834,22.3151927,113.9979781,1027.8253831863403
8065877413,22.2965789,114.2681237,77.10880279541016
8066475526,22.3055248,114.2355114,1490.87109375
8066475537,22.3056651,114.2354779,7080.6826171875
8077902958,22.2869897,114.1929654,929.7567749023438
8088308718,22.398018,114.1980416,122.11168479919434
8148013141,22.3767453,114.0029502,8.972359657287598
8148013166,22.3779223,114.00322,78.70539855957031
8154135446,22.439338,113.9974478,21.36977195739746
8170712491,22.3333371,114.1500389,298.5102844238281
8177703489,22.3513286,114.2465727,89.66378021240234
8184472141,22.3211707,114.1576609,341.4127502441406
8187747478,22.3148044,114.2099126,80.4367904663086
8187747482,22.3151509,114.2104666,60.47593688964844
8187747497,22.3146079,114.2099926,77.04029846191406
8187747501,22.314887,114.2097252,71.97779083251953
8194220137,22.2783802,114.1531071,502.5749816894531
8197520950,22.4122408,114.0689906,65.33560180664062
8197520954,22.4119633,114.0681629,10.179669380187988
8197520961,22.4125529,114.0673012,10.387519359588623
8197520964,22.4113163,114.0664366,23.837993621826172
8197520970,22.4119729,114.0675845,9.173293113708496
8197563981,22.4142942,114.0664154,5.470118045806885
8201906508,22.3129304,114.1700159,442.5256652832031
8207129414,22.2799029,114.1598216,886.238525390625
8258544476,22.3182018,114.1788123,342.4193115234375
8272842739,22.3154475,114.1665019,1246.270751953125
8283505368,22.3705359,114.197535,82.58931732177734
8295984415,22.4083662,114.033598,108.28554248809814
8327293498,22.3549352,114.2508137,118.24112701416016
8342129802,22.5357577,114.1480255,37.269243240356445
8353799771,22.2766231,114.1740099,427.5609130859375
8358637135,22.273702,114.1300438,96.66817474365234
8358637164,22.2735862,114.1301347,88.83720397949219
8358637223,22.2726891,114.130595,248.61751556396484
8388880686,22.3301369,114.2007103,117.6060562133789
8393196014,22.327212,114.1994786,147.3796672821045
8401505668,22.3787457,114.2091571,359.02208709716797
8404180301,22.2981908,114.1766811,185.49380493164062
8428963054,22.4820353,114.1128542,41.91029167175293
8440850689,22.2918868,114.1933534,4268.9935302734375
8440850719,22.2913493,114.1931351,3211.7298583984375
8449231951,22.3215699,114.2275369,3104.861846923828
8449585189,22.2770281,114.182189,252.34312438964844
8451489193,22.3267096,114.1380569,210.83311462402344
8451489209,22.3270534,114.1394336,169.4435272216797
8451489215,22.3271407,114.1396042,151.58673095703125
8451523517,22.3270405,114.1396445,444.742488861084
8452435607,22.3415846,114.1738323,521.4138793945312
8456961405,22.3149283,114.216579,87.74539947509766
8460539209,22.4337699,113.996478,48.589725494384766
8461247994,22.41102,113.9680127,244.5854034423828
8481995238,22.4290169,114.0000516,502.7310791015625
8481995239,22.4291073,113.998876,46.80748987197876
8481995522,22.4289096,113.9988283,22.07279396057129
8489568078,22.3093,114.1876032,723.0844116210938
8489568079,22.3118302,114.187641,940.7665405273438
8489568095,22.3123465,114.1875825,561.1471557617188
8494505811,22.3148489,114.2541982,654.5422973632812
8494505879,22.3158181,114.254065,324.9338073730469
8497787886,22.4424335,114.0136341,274.09190368652344
8498963901,22.423242,114.1994175,87.51239204406738
8506368789,22.2894252,114.1915938,3833.5208129882812
8507558498,22.2873399,114.1896381,179.31336975097656
8512895809,22.4260079,114.0855097,9.29587459564209
8532047157,22.2831944,114.1623604,79.1806869506836
8539697930,22.327468,114.109844,66.90142345428467
8554268557,22.423746,114.0434557,133.78038692474365
8562140774,22.2893166,114.1948434,2202.14501953125
8563099170,22.3391168,114.1805316,198.99800872802734
8571956298,22.3222277,114.1773066,389.0659484863281
8579257700,22.2883513,114.2200177,916.434326171875
8579257701,22.2884265,114.2196739,939.9641723632812
8584835304,22.4643532,114.0210709,12.072077751159668
8584878065,22.4622726,114.02037,21.959074020385746
8588345074,22.2882367,114.2136748,1327.3206176757812
8588391408,22.2825276,114.2226234,786.9937744140625
8588391542,22.2853568,114.2213593,1765.4116821289062
8601829841,22.2631506,114.1801616,85.12699890136719
8601829856,22.2628609,114.1801856,87.1228141784668
8601829861,22.2630221,114.1806834,90.38059997558594
8601829866,22.2628881,114.1797468,83.1900634765625
8601829872,22.2627127,114.1808205,177.8852424621582
8601829876,22.2632773,114.1804894,126.91397476196289
8601916628,22.268823,114.1686465,87.11467742919922
8604739181,22.2652592,114.1835122,575.9092178344727
8609285227,22.2582902,114.1989516,147.51897430419922
8628436022,22.3352963,114.2023483,271.06884765625
8628454184,22.3351911,114.1998936,344.13739013671875
8631880840,22.2173766,114.2160537,334.3535461425781
8631893205,22.217953,114.2160203,137.26386642456055
8632051563,22.223372,114.2129997,112.23169708251952
8632837262,22.3518151,114.236049,21.767223358154297
8637713988,22.2303881,114.2467216,160.4762306213379
8639245054,22.3157695,113.940094,65.20826721191406
8664353061,22.3604828,114.2529642,44.41436004638672
8664353071,22.3606087,114.2530177,42.70285034179688
8664353088,22.3603388,114.2531449,50.140228271484375
8668826853,22.4132714,113.9801613,868.9997863769531
8668826866,22.4175209,113.9818548,174.90857696533203
8668826883,22.415419,113.9784277,214.5391082763672
8671765755,22.2795101,114.1296726,1082.0806884765625
8709032847,22.3808333,113.9795192,341.4025573730469
8709032849,22.3793623,113.9804573,110.17359924316406
8709032852,22.3785313,113.9812702,112.89117813110352
8709032870,22.3741099,113.9879086,43.56589126586914
8709032872,22.3740561,113.9885794,354.6007537841797
8709179896,22.3557117,114.2486161,95.8666877746582
8711273111,22.4598466,114.3277662,215.21379470825195
8730669178,22.3147716,114.2114655,39.566871643066406
8730806215,22.3674627,114.1337919,375.5621337890625
8739539401,22.3038723,114.158973,918.7558517456055
8742710358,22.4465092,114.0390329,58.38908004760742
8742716830,22.4438612,114.0421722,213.68383979797363
8742716831,22.4439265,114.042097,92.2578582763672
8742901696,22.2638342,114.1341099,94.9284210205078
8742901871,22.2670016,114.1323365,138.75973510742188
8742901894,22.2627735,114.1351998,451.09556579589844
8742901896,22.2682073,114.131413,281.30711364746094
8755842425,22.3770373,114.1110618,3149.1651000976562
8758935159,22.2572244,114.1370228,765.4952392578125
8758935161,22.2547912,114.1382544,1213.4719848632812
8761514023,22.2600297,114.1364986,133.5992431640625
8761745123,22.2838224,114.1354177,1286.9776458740234
8761745139,22.2837851,114.1366299,1081.4337615966797
8766003568,22.3083586,114.1611507,431.0886840820313
8783513214,22.4390554,114.0582829,74.56736755371094
8783626021,22.4391821,114.0565952,211.06731414794922
8784034010,22.4426517,114.0660308,83.28695964813232
8784034011,22.4425677,114.0660422,22.735984802246094
8788495723,22.4510569,114.0511168,64.01334571838379
8790533938,22.4449806,114.0397682,93.44110107421876
8790533946,22.4448306,114.0406843,87.9596939086914
8790538932,22.4439801,114.0376273,447.800537109375
8796274200,22.3291736,114.1770581,273.0114059448242
8809169340,22.4476584,114.0496268,40.15347671508789
8813667305,22.2388674,113.9875484,9.709781169891357
8816216834,22.4124514,113.9711032,112.98895263671875
8816216835,22.4123694,113.9709434,102.93176651000977
8816216847,22.4119255,113.9700812,122.67002487182617
8816216848,22.4117968,113.9691619,289.4311218261719
8816216849,22.4118097,113.9695835,85.39330291748047
8827659852,22.2476169,114.1766706,195.9628143310547
8827659854,22.2476905,114.1767897,181.06768035888672
8831153297,22.4063236,113.9852186,17.915864944458008
8831153298,22.4063209,113.9849308,82.25
8831738214,22.4623555,114.176525,141.5014934539795
8836220079,22.2635796,114.001121,68.41856002807617
8836220232,22.2663095,113.9991284,56.89510536193848
8839096075,22.2679265,113.9974585,90.15744209289551
8839096084,22.2679245,113.9974856,141.18387985229492
8839096268,22.2626772,114.0009527,327.9990129470825
8847623281,22.3847724,113.9652235,408.51605224609375
8849675671,22.2582933,114.1886336,118.18552017211914
8849939068,22.2532608,114.1850415,120.18727111816406
8849939123,22.2524222,114.1821726,74.12971115112305
8850437813,22.2524175,114.1816657,476.3079376220703
8860149965,22.2489557,114.182026,373.7284336090088
8860149983,22.248389,114.1839002,341.28540802001953
8868505113,22.2455581,114.1789132,1381.3139038085938
8872105976,22.3716892,114.1335598,1240.9214477539062
8875077770,22.2381082,114.1915517,556.2827301025391
8875078569,22.2389224,114.1894371,317.91126251220703
8875340104,22.3726566,113.9685851,924.6754760742188
8878430796,22.3709575,114.1251551,1133.6378173828125
8879111156,22.4065994,113.985083,98.90848922729492
8880199880,22.2814659,114.2107006,532.4562377929688
8889703528,22.376055,114.1056704,442.8787231445313
8895046274,22.4147072,114.2267732,291.65301513671875
8895046275,22.4141108,114.2264845,552.1015930175781
8898733318,22.3306549,114.1884349,334.9700622558594
8900524490,22.3190095,114.2709506,199.91804885864258
8902291583,22.4961438,114.0750007,192.5665726661682
8902347931,22.3582454,114.105595,2211.3302307128906
8902347936,22.3584105,114.1056032,642.8015747070312
8902347968,22.3558137,114.1068124,1662.101318359375
8911009089,22.327997,114.1412148,147.04408264160156
8916553421,22.4324421,114.2422258,73.96614074707031
8933803837,22.4621783,114.0533974,26.03018569946289
8934099867,22.4772661,114.1085703,39.51167869567871
8938874000,22.292807,114.2074977,393.5979614257813
8945198256,22.4275588,113.990243,73.90255737304688
8945198310,22.4324424,113.9955686,249.35609817504883
8945198322,22.4260893,113.9895268,76.03434753417969
8945198450,22.4221375,113.9850846,92.48819732666016
8945198469,22.4212572,113.9839476,164.5221405029297
8946696570,22.4358504,114.0009739,73.4688720703125
8951330801,22.4407829,114.0082954,29.763093948364254
8951352439,22.4407423,114.0086713,50.02259826660156
8957419721,22.4433545,114.0129922,213.2195281982422
8957419766,22.4424612,114.0113709,88.32994079589844
8957419785,22.4423346,114.011084,109.7664680480957
8962380403,22.3773425,114.2021229,146.9882354736328
8962380404,22.3773324,114.203673,85.1905288696289
8962380405,22.3772527,114.2037115,89.97380447387695
8963315472,22.4433195,114.0136099,135.21515655517578
8963315473,22.4433589,114.0134927,105.23101997375488
8963315476,22.4443185,114.0189797,987.8752746582031
8963961209,22.3847506,114.2031165,794.92822265625
8971226451,22.4752544,114.225198,20.900426864624023
8971226452,22.4752483,114.2247149,62.582359313964844
8972012362,22.4442425,114.0222906,358.2864074707031
8998411160,22.4449619,114.0189406,63.341102600097656
9002263288,22.4476647,114.0217589,493.9181823730469
9004638091,22.45185,114.0067057,264.2884826660156
9008081388,22.37211,114.1738819,361.9360809326172
9021077518,22.3401186,114.2474733,21.206796646118164
9021077519,22.3402081,114.2475105,23.749908447265625
9025689436,22.4545,114.0296924,462.4072723388672
9079963891,22.449574,114.0291267,141.3876495361328
9079963995,22.4499712,114.031584,461.9903259277344
9079964019,22.4485824,114.0303296,549.029052734375
9079964025,22.4499093,114.0314253,499.1102294921875
9079964026,22.4489963,114.0307892,513.086669921875
9105322736,22.2956719,114.2419792,7360.785530090332
9111126624,22.342919,114.1582151,1435.947265625
9115676464,22.2929396,113.9515064,188.9655303955078
9115676475,22.293133,113.952804,729.9227714538574
9125588961,22.2839518,114.1975148,260.6620635986328
9125588962,22.2840605,114.1973373,522.6109924316406
9125588963,22.2840953,114.1974729,167.87884521484375
9125588964,22.2822447,114.1985844,336.26004791259766
9125588965,22.2822246,114.1987121,115.7110366821289
9129596444,22.3069447,114.2239376,81.8731460571289
9129596544,22.3077733,114.2232198,81.49315643310547
9129596557,22.3074633,114.2234714,69.98963165283203
9132102550,22.3749957,114.2733758,35.71409225463867
9132102552,22.3747109,114.2732007,501.6649990081787
9142707456,22.3773724,114.2734423,436.0283546447754
9143594724,22.3848616,114.2724749,212.4471740722656
9164100698,22.3916041,114.3003259,125.23266983032227
9171833451,22.2799895,114.1385817,729.2806091308594
9177281096,22.2661549,114.1886875,152.1898651123047
9197539595,22.3266331,114.1708835,691.4931335449219
9199524748,22.3266071,114.1745317,671.198860168457
9199524788,22.3283332,114.1721171,257.46923828125
9204787357,22.3181722,114.2093716,79.8510513305664
9204787413,22.3175786,114.2096675,71.61157989501953
9231274142,22.2782648,114.1539966,502.4349060058594
9234884567,22.2815354,114.1865616,137.04026794433594
9234884568,22.2816428,114.1865288,591.0606689453125
9244626535,22.2844824,114.1418274,1155.3351135253906
9244626576,22.2844533,114.1424809,1400.05810546875
9276609623,22.4380335,114.0974266,109.16817474365234
9279780065,22.4330936,113.9969026,44.90036392211914
9287327807,22.2201063,114.2068872,1102.0639343261719
9287327810,22.219674,114.2069316,119.50382995605467
9287327816,22.2198407,114.206843,336.00404357910156
9290585662,22.2708695,114.1227333,256.0719356536865
9298374129,22.376145,113.9931466,241.9865837097168
9310077240,22.4089868,113.9789976,1299.7408142089844
9310077253,22.4086275,113.979668,269.2270812988281
9310077316,22.4089128,113.9801302,195.82522583007807
9310097369,22.4081782,113.9828376,299.4591522216797
9310097370,22.4080971,113.9827544,521.9016036987305
9311594222,22.3406775,114.2153187,203.7374267578125
9315307923,22.4326519,113.9964507,76.22671890258789
9316976292,22.5027393,114.1621051,177.293438911438
9318124366,22.4273851,114.2665957,32.95518112182617
9318124385,22.4270712,114.2622432,69.47603225708008
9318124408,22.4262623,114.2638852,21.69778251647949
9318158919,22.4265268,114.2624115,35.40172576904297
9323510684,22.3639865,114.0030619,15.897642135620115
9323799489,22.4204776,113.9920617,99.0789566040039
9323799493,22.4220523,113.9968729,143.96257400512695
9323799494,22.4220993,113.9968906,65.15875244140625
9324382922,22.3989679,114.2772681,9.825276374816896
9329731344,22.3342808,114.203322,101.16841888427734
9332625472,22.4083851,113.9792239,720.0637512207031
9333277715,22.401299,114.2012202,203.19801712036133
9333300380,22.2654196,114.154862,254.43534088134766
9336345698,22.3836634,113.9792475,593.225341796875
9339355787,22.4614772,114.172256,155.3231658935547
9339355792,22.4612682,114.1723521,126.32952117919922
9339355794,22.4612974,114.1722329,826.2010345458984
9339464966,22.4783734,114.1530637,278.8371696472168
9339646150,22.3347504,114.1682457,969.27587890625
9346377954,22.3734008,114.173358,244.51559448242188
9376257876,22.4135498,114.222323,1484.4234008789062
9376257877,22.4139515,114.2224146,1639.0032958984375
9377026629,22.3294393,114.1563671,860.6464996337891
9379271095,22.4203343,114.2621282,47.706379890441895
9381886279,22.4720793,114.1538972,35.411797523498535
9381886280,22.472086,114.1538523,15.142383575439451
9385538460,22.5000347,114.1233589,69.88872528076172
9391398284,22.3325478,114.2175197,1252.4791259765625
9391398285,22.3322272,114.2160767,910.65673828125
9395038959,22.4176036,114.0749939,24.6128830909729
9395038976,22.4174125,114.0719944,8.52910327911377
9395038977,22.4179637,114.0730162,28.670863151550293
9395038998,22.417341,114.0719323,22.68965530395508
9398055201,22.3604522,114.0204054,193.90866088867188
9403030631,22.5382249,114.1624194,14.787249088287354
9409244724,22.4292555,114.2461942,1799.1092376708984
9409244725,22.4299985,114.2459715,435.13433837890625
9415974707,22.2636311,114.1485385,244.35981369018555
9415974716,22.2632958,114.1489251,131.1395092010498
9418267715,22.4997269,114.1454632,769.2707824707031
9420095819,22.3236483,114.1666735,702.0316772460938
9424459839,22.4500097,114.0183695,241.42956829071045
9513681283,22.3186497,114.2393346,437.173583984375
9513681309,22.3183754,114.2372495,485.05984497070307
9514046711,22.3065751,114.1636832,139.42884826660156
9514050826,22.3066141,114.1641619,127.26210021972656
9514050834,22.3070356,114.1641337,402.0927429199219
9516611833,22.2697417,113.934483,170.22765159606934
9516734491,22.4732336,114.0746614,18.496412754058838
9523050859,22.4262748,114.1975705,17.973011016845703
9533786901,22.5069166,114.1677707,51.20368194580078
9533786907,22.5076998,114.1675784,51.38188362121582
9553739297,22.3186949,114.1655445,990.68701171875
9582309879,22.3364581,114.1764079,81.2401123046875
9590090551,22.2837124,114.1830731,1228.3132019042969
9608276146,22.3166163,114.1882138,1609.7200927734375
9608289772,22.3174061,114.1884301,1446.750244140625
9620737250,22.313007,114.221787,336.8650207519531
9625327058,22.4582908,114.1699675,471.0646667480469
9626949044,22.2868302,114.1914629,226.8920135498047
9633043742,22.301999,114.1825488,294.67755126953125
9639582424,22.3697732,114.1978014,109.20344543457033
9639582425,22.369353,114.1979563,62.9015007019043
9639582468,22.3676648,114.1991183,160.68677520751953
9643899399,22.4470983,113.9654354,28.75616216659546
9645004140,22.3992184,113.9780565,106.89231872558594
9651935613,22.4442437,114.1763422,832.9128646850586
9653896429,22.4313163,114.1944189,61.1922025680542
9653896432,22.4311941,114.1945338,68.67941188812256
9653896440,22.4302402,114.1956138,48.9976921081543
9655966087,22.4845976,114.1011758,10.237716674804688
9655966089,22.4895913,114.0808939,128.642169713974
9655966106,22.4941473,114.0734649,80.16058874130249
9658609024,22.2651825,114.1811384,363.3445358276367
9663539628,22.3194232,113.9425516,8.72319507598877
9665886962,22.4478678,114.0059246,160.85781288146973
9667437314,22.4466963,114.0320969,396.6453857421875
9667500619,22.45629,114.0327386,32.868099212646484
9669791154,22.439307,114.0595779,82.25456619262695
9671603505,22.3351407,114.1882123,1038.8908081054688
9671762191,22.3176311,114.2855867,6.59896183013916
9671762192,22.3176446,114.2855945,5.86876106262207
9671762193,22.3177273,114.2854244,7.472825527191162
9671762209,22.3161942,114.2846252,18.21439552307129
9671764718,22.3157674,114.2849749,11.21069049835205
9671764739,22.3165027,114.2857211,7.776756763458252
9671764746,22.3161686,114.2857098,10.506635665893556
9673354397,22.3159309,114.2735977,52.79331207275391
9673364628,22.3090592,114.3024829,153.28495597839355
9673396618,22.3128107,114.2773253,6.615010738372803
9674389604,22.445554,114.0026176,173.40791511535645
9676311715,22.413322,114.035573,79.16308975219727
9677884298,22.4759032,114.0535405,29.85988712310791
9678023871,22.4705845,114.057452,91.05014991760254
9678315446,22.4710832,114.0681028,22.521681308746338
9681013482,22.4533295,114.056797,20.899630546569824
9681306690,22.4389576,114.0228485,727.6712951660156
9681378548,22.4520135,114.0124264,12.400617599487305
9681378549,22.4517715,114.0126521,11.983348846435549
9681378591,22.4518561,114.0114045,35.79618835449219
9681378599,22.4513347,114.0125839,25.97597312927246
9681378607,22.4514075,114.0133439,81.91678524017334
9681379620,22.4519604,114.012916,17.27846622467041
9681379630,22.4515905,114.0118729,13.09493637084961
9687160461,22.4468643,114.0307937,897.7926635742188
9688034272,22.4591581,114.0055344,1123.7332153320312
9689097316,22.459424,114.003085,1601.7214965820312
9689097329,22.458029,114.0045214,754.9055328369141
9689097335,22.4606308,114.0024024,2742.70263671875
9689163300,22.4572689,114.0064159,1160.9781799316406
9692209534,22.462177,114.0044238,1618.9685363769531
9692209553,22.4628175,114.0040519,513.7273559570312
9692210070,22.4656237,114.0049534,3253.9510803222656
9692210072,22.4642958,114.0041832,757.245849609375
9692897108,22.4304543,114.1000384,71.59981536865234
9692897114,22.4312478,114.0995635,32.80545425415039
9693480587,22.4326963,113.9917508,125.51593351364136
9695121951,22.4471555,113.981195,251.33459091186523
9695400934,22.4652002,113.997627,6776.439453125
9695400983,22.4618406,113.9959366,2588.827392578125
9695589159,22.4235284,114.0315894,53.0516471862793
9695589162,22.4234721,114.0321192,93.20508193969727
9695589164,22.4235608,114.0313283,39.68511199951172
9695589166,22.4234496,114.0312041,52.24763488769531
9695869341,22.416621,114.0251632,17.99062156677246
9695869359,22.4156411,114.0250885,13.19021224975586
9695869375,22.415024,114.0232276,15.40752124786377
9695869390,22.4151029,114.022662,15.598291397094728
9695869393,22.4154972,114.0223635,15.478233337402344
9695869410,22.4156976,114.0242688,14.984349250793455
9695901017,22.4157806,114.0234429,14.873135566711426
9702033269,22.2340137,113.960502,106.04371547698975
9710467108,22.2782844,114.1813927,413.50103759765625
9717108766,22.3707707,114.1091129,528.4558715820312
9720043244,22.2880339,114.1353169,348.04205322265625
9720055491,22.2885718,114.1374889,1235.5305633544922
9720055497,22.2888475,114.1383885,872.8436279296875
9720277114,22.3725012,113.9524288,34.48714065551758
9726986377,22.4264787,114.2029731,9.499669075012209
9726992151,22.4267668,114.2024263,16.862380504608154
9732861007,22.4463525,114.138528,161.31882095336914
9732861027,22.4506496,114.1419969,36.10093975067139
9732999784,22.4370057,114.1810812,202.8955636024475
9736395050,22.2783183,114.1747329,408.2057800292969
9736395051,22.2783864,114.1746449,394.5863037109375
9756716212,22.4432515,114.0153528,136.9118194580078
9763742291,22.3076413,114.2522132,1328.8199005126953
9763887289,22.2890666,114.1980896,1431.8318176269531
9764581257,22.3754092,114.0040413,17.84380340576172
9764594224,22.3042673,114.2499705,1196.813232421875
9764594226,22.304554,114.2505744,459.5599670410156
9764594230,22.3039714,114.2490741,901.17138671875
9764901831,22.294778,114.2717603,98.92312622070312
9776388368,22.3188483,114.258448,3093.151123046875
9776495158,22.3206005,114.2573773,1404.7760009765625
9776540319,22.3219791,114.25754,1598.635009765625
9795143631,22.4622617,114.188279,78.79401969909668
9795143634,22.4622623,114.1883579,80.01977157592773
9795143642,22.4570479,114.1883576,109.43270111083984
9795143643,22.4569667,114.1883576,184.98933219909668
9795143652,22.4537442,114.1883846,14.56833553314209
9795143670,22.4593261,114.1883577,278.49451446533203
9796639990,22.4569719,114.18647,186.9193458557129
9803283485,22.310057,114.1678927,323.5414733886719
9803283486,22.3099587,114.1678442,473.284912109375
9803494120,22.3775296,114.1191121,177.8497314453125
9804101950,22.3194415,113.9362751,28.39118766784668
9804102000,22.3149469,113.9409102,35.0938606262207
9804102026,22.3179655,113.9399364,47.919118881225586
9804102027,22.3171348,113.9402892,86.75832939147949
9804102049,22.3188647,113.9428731,27.962491512298584
9804102050,22.3180441,113.9431314,60.25018835067749
9804102061,22.3155376,113.9426206,58.29115676879883
9804102067,22.3148284,113.9423201,23.032615661621094
9808579359,22.4366494,113.9958471,25.22670602798462
9808938462,22.4292824,114.2616317,35.59414291381836
9808938463,22.4292478,114.2618488,34.411643981933594
9809062067,22.3346983,114.2007042,246.92669677734375
9811007600,22.4580213,114.1684372,1633.0576181411743
9812585438,22.3221673,114.2040998,292.67645263671875
9812585472,22.3212642,114.2047551,144.7116470336914
9812585476,22.3216611,114.2047277,106.85225677490234
9813942323,22.3137368,114.2577251,2891.9464111328125
9813942326,22.3136889,114.2574091,1107.6718444824219
9813942338,22.3162329,114.2575916,760.6959228515625
9814810399,22.2614953,114.234012,470.4523315429688
9817206046,22.3157478,114.2593923,437.99749755859375
9817234220,22.3092158,114.2555073,2761.505615234375
9817476208,22.3694989,113.9995721,456.23487091064453
9817476209,22.3680897,113.9984771,550.3866119384766
9822856202,22.3340463,114.2083833,431.4835510253906
9825012160,22.514822,114.1743499,7.752591133117676
9825012163,22.5150275,114.1744199,60.60527038574219
9825012164,22.5149686,114.1745916,7.506625175476074
9829633253,22.4535765,114.1673787,2805.7354125976562
9833090925,22.3486639,114.1253812,206.49857330322266
9833090931,22.3516635,114.1262408,129.80140686035156
9833090966,22.3569286,114.1246791,85.1842269897461
9835508330,22.4302672,114.2615672,67.3406925201416
9835508409,22.4297184,114.2626399,23.36546516418457
9841479698,22.3717067,114.1155222,583.9918823242188
9849813243,22.2786191,113.9375124,46.21831893920898
9850481045,22.2717129,114.2913529,288.34425354003906
9851034364,22.3684243,114.1224274,1058.9844970703125
9855526603,22.3656777,114.1331464,984.5074462890625
9855533120,22.3704683,114.1311344,739.0070190429688
9856224462,22.3681081,114.1297412,881.0228881835938
9856224464,22.368165,114.1301491,2504.027587890625
9856224469,22.3682058,114.1287903,1834.2017822265625
9862655198,22.3615357,114.1219759,219.5441665649414
9862655200,22.3617867,114.1219752,227.00778198242188
9863362626,22.3589281,114.1214926,151.50153350830078
9872346295,22.4123452,114.2245205,257.5188903808594
9880172840,22.4311068,114.2629063,121.26631546020508
9883487855,22.3958994,113.9740598,364.3596496582031
9883514240,22.39598,113.9736817,265.84600830078125
9883514346,22.3940685,113.9735051,422.45056915283203
9883590495,22.4187765,113.9764315,922.2044105529785
9885233046,22.3643334,114.0141353,143.56173706054688
9887550298,22.3633889,114.0167903,75.31123352050781
9887615980,22.3632286,114.0178256,72.67324829101562
9887615998,22.3639882,114.0191737,288.33245849609375
9899968187,22.3806569,114.1941623,2753.419189453125
9899968188,22.3806385,114.1944472,1079.0599365234375
9899968205,22.3810469,114.1945447,927.0202484130859
9899968210,22.380973,114.194071,569.0475616455078
9899968215,22.3806845,114.19402,3689.147216796875
9901583688,22.4149219,114.2270232,3025.3128356933594
9920493620,22.5035192,114.1377213,517.66357421875
9920493626,22.5036228,114.137754,906.2933654785156
9920493627,22.5036396,114.137658,787.1448822021484
9920493735,22.5066316,114.138317,403.2509322166443
9920493766,22.5049006,114.1461198,279.6332702636719
9920493853,22.5022216,114.1475382,498.3961791992188
9920493973,22.5025007,114.1441176,1082.766357421875
9920493974,22.5030173,114.144043,1335.6532516479492
9927272521,22.3730372,114.1814443,639.1599731445312
9927272528,22.3728573,114.1816556,2121.367462158203
9927272534,22.3731862,114.1814242,631.6028442382812
9927272535,22.3732276,114.181486,300.1170349121094
9927272565,22.3706655,114.1829349,3221.7127227783203
9931086308,22.3841802,113.9722509,473.5646057128906
9931124255,22.3839044,113.9722353,641.1427612304688
9931124276,22.3839702,113.9718386,924.38134765625
9931866537,22.3828193,113.9809804,1020.3728103637695
9931866540,22.3842875,113.9799489,539.0554809570312
9938957350,22.2756673,114.1741335,244.84109497070312
9974991752,22.386926,114.2751421,193.3747787475586
9975005951,22.3832666,114.2745684,140.00240325927734
9975006379,22.3850279,114.2753777,56.319766998291016
9975006381,22.3861905,114.2753424,113.97052764892578
9975006410,22.3850361,114.2763085,116.62855529785156
9986084711,22.3400564,114.1360905,1716.3992614746094
10004008449,22.4705417,114.0532297,84.38572692871094
10004008450,22.4693223,114.0523848,112.10161781311035
10011658986,22.4341136,114.0198112,34.1550612449646
10018307220,22.5030417,114.0837932,26.784074783325195
10018307236,22.5043448,114.0814912,79.72028923034668
10018307237,22.5107887,114.0774147,288.2472810745239
10018307241,22.5147543,114.0741317,52.1364164352417
10018307255,22.5160071,114.0735705,26.397310256958008
10018422745,22.4493826,114.1715538,960.708251953125
10023137931,22.4330255,114.0292842,112.270263671875
10023137935,22.4335071,114.0293022,118.49510192871094
10027645574,22.2867543,114.1588964,71.769775390625
10029279641,22.3057987,114.1814094,172.77801513671875
10033132016,22.3224257,114.2694706,173.12661743164062
10038799088,22.3114745,114.2749957,14.778730392456055
10041275787,22.418039,114.2617686,72.66069602966309
10041275790,22.4178483,114.2622138,73.30461883544922
10093828434,22.384329,114.2719779,203.3600616455078
10093866600,22.3761223,113.9930084,712.8280124664307
10143753302,22.4406427,114.0306246,85.86703491210938
10166403998,22.2591233,114.1923813,136.8870620727539
10166403999,22.2592554,114.1922951,219.46854782104492
10166424918,22.2586383,114.1926773,275.2746887207031
10168836304,22.357365,114.1063371,1312.2925415039062
10171080113,22.3434089,114.1947693,3078.906463623047
10175595383,22.2884391,114.1399468,470.3604431152344
10177743998,22.3093367,114.2093107,99.87476348876953
10177771330,22.2807225,114.1635462,65.93856048583984
10177771809,22.3084046,114.2115327,42.28700637817383
10177771810,22.3085352,114.2116404,242.5778923034668
10177771848,22.3081454,114.211191,138.2066421508789
10177772732,22.3095197,114.209111,69.93463134765625
10199917434,22.2604134,114.130509,488.0015525817871
10203461607,22.3743693,114.2699101,219.6453151702881
10216950416,22.3044591,114.2557847,502.7834167480469
10216960738,22.2919754,114.2694231,220.52210235595703
10219197485,22.2960393,114.2414671,2545.1471252441406
10232615908,22.4110506,114.0661044,8.580290794372559
10239762845,22.2883364,114.2061726,789.8043823242188
10252452846,22.3011109,114.231823,739.3917007446289
10252804024,22.2919699,114.2734597,255.3226547241211
10256441404,22.3241366,114.1615683,2487.804443359375
10261837334,22.3006795,114.2333652,464.19181823730463
10267736101,22.3055183,114.2557753,631.1524047851562
10294963832,22.3157728,114.2367266,399.9678497314453
10294963859,22.3152056,114.2362134,385.9546203613281
10294963863,22.31513,114.2360685,4466.618713378906
10300278073,22.3120034,114.2378898,4200.7421875
10303785734,22.339984,114.1419335,747.6187744140625
10309902625,22.3244903,114.199031,376.2780342102051
10310123172,22.3342861,114.1960296,1037.1270751953125
10310128561,22.3387145,114.1964472,436.5977478027344
10536138791,22.3156649,114.2193966,2500.478515625
10539054524,22.3192656,114.207751,113.1900405883789
10556445457,22.3227459,114.233524,771.9408760070801
10556445561,22.3239381,114.236277,81.01318168640137
10556445595,22.3275268,114.2299618,1028.5458221435547
10556445605,22.3239737,114.2358842,167.65219688415527
10556445620,22.322797,114.2340721,235.71109008789062
10561936763,22.3067134,114.2250409,367.3626403808594
10565387058,22.3183596,114.1732858,291.15533447265625
10567495109,22.3328896,114.2062142,2799.7147827148438
10571662674,22.3194415,113.9411299,9.022497177124023
10571662675,22.319646,113.9409538,40.37972640991211
10571662679,22.3193836,113.9408176,10.582033157348633
10576740396,22.3220556,114.2126236,305.79217529296875
10579014779,22.2770182,114.2298467,251.48497009277344
10579014787,22.2770065,114.2298403,212.8033599853516
10581180656,22.2772958,114.2292746,971.341552734375
10605285169,22.2868734,114.1889464,978.5005340576172
10605625876,22.4333028,114.0706047,157.76418495178223
10605625889,22.433521,114.0710421,37.964942932128906
10606387305,22.3201691,114.227025,802.103759765625
10618461285,22.2826398,114.178863,985.5643310546875
10618461296,22.281963,114.1790269,354.1940612792969
10618461297,22.2824329,114.1783087,404.6987915039063
10618842090,22.2816348,114.1733551,735.0947265625
10648066156,22.3481376,114.101907,3147.3845748901367
10648219679,22.2776735,114.1585679,502.7505187988281
10648723630,22.4938965,114.1396599,1854.3267211914062
10683734932,22.4326216,114.0108729,26.435084342956543
10725085309,22.4429491,114.1647129,2329.6208877563477
10738305329,22.3825331,114.2649313,63.25724983215333
10738305331,22.3819716,114.2657813,98.97329330444336
10740567789,22.2967301,114.2680591,181.28470993041992
10748748196,22.355839,114.1267865,209.58624267578125
10770041662,22.5174103,114.0742642,15.40708827972412
10770422372,22.3216929,114.23812,60.867488861083984
10770422376,22.3214947,114.2378259,193.58924865722656
10770422377,22.3212913,114.2379984,199.54168319702148
10770474684,22.3218956,114.2385389,64.24024963378906
10770474948,22.3217214,114.2376421,457.66747665405273
10772544188,22.3291989,114.1508048,200.03253173828125
10777551610,22.4856056,114.0552468,627.5465574264526
10777551611,22.4855638,114.0552596,210.9342803955078
10777551612,22.4856392,114.0554539,111.52158641815186
10777552812,22.4854681,114.0583386,193.37905955314636
10777552813,22.4854233,114.0583349,287.6210346221924
10777552814,22.4856164,114.0571755,52.47239112854004
10777552821,22.4857085,114.0567917,66.05989360809326
10777552824,22.4857114,114.0570329,27.490036010742188
10786928816,22.3251838,114.1683136,595.255615234375
10786928833,22.3252181,114.1684825,606.4791259765625
10787183652,22.281604,114.1697609,387.3460083007813
10793033558,22.385224,114.1865731,694.6596450805664
10804391064,22.449197,114.1657316,394.5822448730469
10804395050,22.4473657,114.1697233,711.7518310546875
10804395055,22.4476356,114.1691491,345.1042175292969
10804395056,22.4470207,114.1705437,662.8864135742188
10810499557,22.3786557,114.2068572,202.32571411132812
10826208193,22.2553135,114.1389759,1923.9243927001953
10830177276,22.2559686,114.1381742,466.3846435546875
10832069086,22.3485554,114.1991138,5379.951599121094
10842163114,22.3391053,114.188223,671.2129516601562
10864887961,22.5136874,114.0734696,501.4346532821655
10864971231,22.3303837,114.1778726,164.9227752685547
10864971471,22.3300797,114.1773221,172.91073608398438
10875156994,22.3180381,114.2684312,1502.9272766113281
10875906169,22.2961881,114.1692298,901.1175498962402
10876930927,22.4398029,114.0683795,33.77181625366211
10880216117,22.2963126,114.1706263,369.84759521484375
10899409744,22.3203322,114.2060648,110.0402603149414
10917989118,22.2760132,114.1929669,800.2573089599609
10923893160,22.5058139,114.0975847,195.7989683151245
10924192459,22.3289061,114.1936309,194.11663055419922
10925437715,22.324707,114.1996508,67.22893524169922
10925437720,22.3243374,114.199359,180.9951629638672
10938720636,22.3205059,114.1668747,740.6978149414062
10944171150,22.3307768,114.1542165,307.047119140625
10946141364,22.4254195,114.2635155,35.13364028930664
10946141370,22.4251319,114.2628415,36.7182502746582
10946141378,22.4250899,114.2631598,34.87492752075195
10948491519,22.4088693,114.2240511,256.7958984375
10961559600,22.4390505,114.1233325,18.22106170654297
10961599740,22.4393229,114.1234849,63.79747200012207
10961599747,22.4391129,114.1232588,21.83684730529785
10961599750,22.439205,114.1234607,25.652207374572754
10979271232,22.312068,113.9388127,89.57924842834473
10987241562,22.3765929,114.1052923,1359.1433410644531
10988282765,22.358781,114.1177143,391.7959632873535
10997241913,22.3607798,114.0996473,748.1749114990234
11007512918,22.3322794,114.1401607,728.3045721054078
11007512924,22.3316818,114.1415493,293.565731048584
11011648276,22.3387346,114.0950123,100.23086166381836
11011648277,22.3387057,114.0950845,198.83863067626953
11020781958,22.4249071,113.9850906,351.23608779907227
11020781982,22.4589132,113.9862405,140.6854076385498
11021064018,22.2882301,114.1472433,471.8568115234375
11027013396,22.3489823,114.250712,60.76529312133789
11027013404,22.3482722,114.2503213,27.60597419738769
11027021607,22.3482378,114.2507636,140.3652572631836
11027021608,22.3485079,114.250866,58.20098114013672
11027021610,22.3488692,114.2508501,64.96192169189453
11030048922,22.2760275,114.1810981,453.6965026855469
11030897404,22.3391122,114.1384238,459.1555938720703
11031319218,22.3400191,114.1392095,820.4108276367188
11049255860,22.3202239,114.2237848,3359.6900634765625
11053064648,22.2966427,113.9334358,39.190879821777344
11053064654,22.2984235,113.9326921,36.984649658203125
11054558687,22.4273091,114.2665189,19.48343086242676
11054558689,22.4273826,114.2664594,29.520066261291504
11054558696,22.4271766,114.2662767,17.389842987060547
11054558701,22.427265,114.2662352,30.664546012878418
11061534567,22.3024274,114.1793271,158.89720153808594
11066319012,22.4234601,113.9813941,119.36016464233398
11066887335,22.4193511,113.9790183,543.3980255126953
11068191680,22.3917421,113.9662154,260.0164108276367
11070719082,22.3984402,113.9729536,561.1852416992188
11074398578,22.2641667,114.1546597,255.62018585205078
11074398594,22.2659996,114.15344,178.03702545166016
11083424273,22.2822134,114.1671128,84.5002212524414
11088770906,22.2170191,114.2052979,306.0478515625
11099105235,22.5006948,114.110507,16.009535789489746
11099205378,22.5072285,114.1798656,194.74583625793457
11099239811,22.5143015,114.1333996,150.49149322509766
11104342853,22.3846449,114.2176725,83.9258041381836
11104342864,22.3840968,114.2167016,277.7767639160156
11109077910,22.2810917,114.1401429,208.859130859375
11114847761,22.2483095,114.1763249,87.15840911865234
11114881517,22.2491511,114.1710551,178.26859283447266
11119194670,22.4465675,114.1742341,52.4018440246582
11121638791,22.3815795,114.2213296,47.06289291381836
11121644936,22.3813605,114.2220085,97.61260986328125
11128735806,22.4498928,114.0501937,74.80221939086914
11132311586,22.4619802,114.0157181,5.339349746704102
11133235067,22.3788942,114.1042646,741.2442321777344
11133235071,22.3788863,114.1040473,779.8056945800781
11136305881,22.4208165,114.2021365,89.22660827636719
11136349312,22.4191801,114.20377,39.18828201293945
11136349317,22.4204582,114.2003019,66.74896621704102
11138787364,22.3675755,114.1263407,3481.114013671875
11142553031,22.382863,114.1881789,284.0989074707031
11142693820,22.3692846,114.179866,2998.3175048828125
11142693822,22.3694743,114.1802462,776.5442504882812
11142693831,22.373372,114.1819351,1253.0009155273438
11142693843,22.375955,114.1771643,924.3397827148438
11142693849,22.3726243,114.1771739,286.7183532714844
11145611279,22.5277807,114.1250977,9.101214408874512
11150785190,22.3781017,114.1310312,1116.7234649658203
11152103465,22.2754118,114.1671227,155.74310302734375
11152103470,22.275539,114.1670087,120.42569732666016
11152123617,22.275029,114.1674941,483.04127502441406
11158132703,22.2728924,114.1617241,300.52178955078125
11158313257,22.3786448,114.2569367,153.70778846740723
11158313258,22.3783806,114.2573335,17.921972274780273
11159216838,22.4859937,114.1515975,140.1341609954834
11159278775,22.3122884,114.189195,458.9063720703125
11160134770,22.2758349,114.160449,550.5770416259766
11160285817,22.3798891,113.98147,328.3922691345215
11161404793,22.3057983,114.1824072,184.8580474853516
11161433336,22.3058445,114.183295,1607.3189697265625
11164253015,22.3611779,114.0433567,3925.968854904175
11164307685,22.5078465,114.1452151,680.3901090621948
11171032145,22.3768117,114.2004907,267.8541793823242
11171648179,22.3968741,114.2111479,316.8525085449219
11173547015,22.3749714,114.1148599,722.7470092773438
11175993148,22.3039176,114.226707,484.6996154785156
11181492452,22.2340374,114.2262478,959.7548294067383
11181994244,22.2433366,114.1591744,1091.3323364257812
11181994254,22.2432315,114.1592239,134.39820671081543
11185424710,22.5062898,114.1243927,885.1655426025391
11185424734,22.5051198,114.1268878,264.9772033691406
11185445739,22.5057509,114.1257794,239.96755981445312
11185445748,22.506221,114.1252148,235.9127197265625
11189916272,22.5037793,114.0910083,18.380083084106445
11189916279,22.5039375,114.0912991,19.202281951904297
11190685098,22.4261879,114.2620412,35.80191802978516
11190685104,22.4264685,114.2617842,104.84125137329102
11190908573,22.5064083,114.1383914,472.7731246948242
11191875291,22.3035856,114.1918013,547.0097045898438
11193406341,22.5013875,114.1478743,316.60253143310547
11193406364,22.5048992,114.1462914,224.0033416748047
11195284281,22.332114,114.1479768,368.0624694824219
11197279396,22.3083077,114.2581699,380.78021240234375
11197279397,22.3082711,114.2580549,902.80126953125
11197279398,22.3090282,114.2604412,1228.5280151367188
11197279402,22.3090888,114.2607544,1351.474609375
11197279407,22.30912,114.2608506,1499.837646484375
11197279420,22.3075256,114.2260371,409.9453125
11197279425,22.3076723,114.2258931,386.2325439453125
11199425179,22.4652211,114.1803926,5.118736267089844
11204895519,22.3039076,113.9394048,36.4363489151001
11205598099,22.3341972,114.1683335,1999.8840637207031
11205598101,22.3341336,114.16771,941.2041625976562
11211806337,22.3920035,114.2085028,466.8248596191406
11211806345,22.3921413,114.2082649,403.5125427246094
11211806347,22.3923306,114.2080999,403.49505615234375
11217924629,22.3283291,114.1626281,1710.972412109375
11224156150,22.5091599,114.1578484,51.50445365905762
11224156155,22.5093702,114.1582688,98.04882621765137
11225192044,22.2999331,114.16837,170.4849395751953
11227192120,22.319688,113.9352581,74.64564228057861
11228624563,22.3297133,114.2647284,14.901962280273438
11228624579,22.3299294,114.2650644,78.40477514266968
11228624584,22.3295151,114.2674868,64.39974784851074
11228624585,22.3294475,114.2674198,54.39482402801514
11242686003,22.3093716,114.1634691,548.42578125
11242942396,22.4858372,114.1514864,78.12517547607422
11243066304,22.434211,114.0081713,46.077101707458496
11244768590,22.3067635,114.1867728,1400.81591796875
11250594295,22.4166589,114.268993,101.89284133911133
11254616067,22.4479787,114.1545118,3761.212914466858
11255386059,22.4261656,114.2643751,70.4500617980957
11255386091,22.4302222,114.2606278,81.0749397277832
11255386111,22.4293922,114.2630129,115.61153984069824
11260061691,22.3350739,114.1998574,128.33921813964844
11270921774,22.4827815,114.0695141,76.81165528297424
11273328346,22.3907903,114.2056711,1075.6264038085938
11273328349,22.392739,114.2075367,432.44140625
11290972945,22.3564006,114.2512783,105.84984588623048
11303676241,22.4612797,113.9911315,164.67942428588867
11309104798,22.3208147,114.1294537,193.4920425415039
11309125977,22.3220851,114.1309564,548.2040061950684
11311179320,22.3232393,114.2081812,433.4136047363281
11311214447,22.3045558,114.2341489,505.42970275878906
11323011366,22.3574352,114.2502531,81.22047424316406
11323038374,22.3590398,114.2478843,94.02508354187012
11323140863,22.3842078,114.2686932,99.26925659179688
11329164118,22.3192991,114.2589827,5885.879150390625
11333230194,22.3340943,114.2264992,1137.5061874389648
11345919975,22.4505135,114.0482751,343.83314514160156
11345919980,22.4500688,114.0485798,359.1236572265625
11345920030,22.4514759,114.0482444,177.60943603515625
11347540324,22.2668898,114.1932785,257.85436248779297
11347540326,22.2668079,114.1929494,108.28694152832033
11350059051,22.2536082,113.8670296,65.25948476791382
11363877931,22.2610049,114.1354535,211.5144958496094
11374764154,22.3835077,113.9750917,1433.7439575195312
11374764163,22.3841262,113.9752464,1286.114501953125
11374794238,22.4050901,113.9724184,704.5955810546875
11379132593,22.4298164,114.2459978,207.01187133789065
11379185977,22.5279732,114.1587052,63.451032876968384
11384880310,22.2696456,114.1642096,128.46871948242188
11384880315,22.2696759,114.1640274,117.12403106689452
11386972024,22.299499,113.9327547,37.14597702026367
11392210695,22.4303041,114.2586225,88.61685943603516
11395308799,22.4751737,114.1103804,52.58639049530029
11395308804,22.4745032,114.109816,60.69076156616211
11402980107,22.4283774,114.2547521,335.37553787231445
11405478868,22.3869119,114.205597,889.3377685546875
11406984376,22.3351506,114.1767815,88.22378540039062
11414670444,22.339964,114.2058647,774.2447509765625
11414981202,22.318783,114.1911128,638.5878295898438
11434783605,22.3157623,114.1869828,1677.4283447265625
11434802028,22.3143558,114.1873738,1661.702392578125
11438423842,22.3642165,114.182128,825.1370697021484
11469067165,22.3290783,114.1933742,121.03609466552734
11469089678,22.3275019,114.1916321,112.22526550292967
11472698761,22.3067422,114.1824282,814.1475219726562
11481500762,22.4628416,114.1974366,27.906835556030277
11481562816,22.3937815,114.2632134,64.9686107635498
11496814850,22.3260947,114.2704027,32.20343017578125
11496814856,22.3262219,114.270547,27.95514488220215
11496814942,22.3281015,114.2690308,56.03489017486572
11496816068,22.3195412,114.2753333,24.425403594970703
11500311833,22.3299355,114.1416601,444.66253662109375
11500311834,22.3290877,114.1406135,142.21751403808594
11500311845,22.3285199,114.1405826,153.3578338623047
11527440716,22.2653719,114.2391391,119.74586486816406
11527771196,22.2810913,114.1645211,69.71940612792969
11527771199,22.2809242,114.1644777,67.3117446899414
11530237733,22.3010382,114.1788535,114.6057586669922
11532863796,22.3713128,114.2634183,125.45755386352539
11542491175,22.3040032,114.1724678,146.3061981201172
11542730790,22.2991475,114.232745,321.9207000732422
11553227965,22.2823117,114.2335062,1321.8294219970703
11553275567,22.2808685,114.2312148,755.5690155029297
11554191190,22.4049375,114.2055424,143.12944793701172
11563554932,22.3657361,114.1843089,341.16929626464844
11563554940,22.3660901,114.1848576,450.33570861816406
11563621078,22.2476429,114.1658397,126.07359313964844
11568602837,22.3170318,114.27071,281.8875961303711
11568624491,22.3131239,114.2777911,11.320576667785645
11572236374,22.3733153,113.9251939,823.6633954048157
11575859823,22.2418698,114.1543562,5338.8837890625
11583976498,22.3823781,114.2217214,86.5533676147461
11586637619,22.4441863,114.0109237,73.32717704772949
11593577931,22.4238102,114.2669848,45.040353775024414
11593688875,22.4229709,114.2681357,51.0637149810791
11593688886,22.4222627,114.2684275,27.223018646240234
11602557083,22.5034472,114.1552631,26.492148399353027
11602557088,22.5033936,114.1553749,64.43825149536133
11612734389,22.4447537,114.0094454,65.61918354034424
11612734391,22.444847,114.0084293,121.15165615081787
11621237701,22.5145781,114.1730979,143.50414371490479
11629025947,22.5134643,114.1753993,60.76471757888794
11638210641,22.4539787,114.1883982,43.47740364074707
11645737041,22.3951241,114.1977274,163.7180404663086
11649533228,22.4498178,114.0768268,221.59769487380981
11649693453,22.451817,114.0923585,27.151021003723145
11652127951,22.3935667,114.2999739,28.166160583496094
11688233556,22.2876836,113.9411493,56.31901550292969
11688233558,22.2882179,113.9415263,166.22867584228516
11688233566,22.2880615,113.9413216,45.60482406616211
11692270041,22.3752194,114.1960222,1439.5229797363281
11696541109,22.2529622,114.1851633,267.8535919189453
11715189368,22.3554847,114.2448646,17.738496780395508
11715211570,22.3558975,114.2452051,62.19645881652832
11729836395,22.4564383,114.0312329,516.7019481658936
11729836401,22.4639362,114.0227933,49.9968900680542
11730881787,22.3015188,114.156271,1046.673713684082
11730881795,22.3025071,114.1592269,284.2903747558594
11730881808,22.3021054,114.1566657,513.6819610595703
11741306727,22.3683104,114.1147669,727.3348388671875
11741306728,22.3681572,114.1150492,477.6727600097656
11743181051,22.3146793,114.264784,3815.2998046875
11750860533,22.3530184,114.262007,81.6994514465332
11765138859,22.5101807,114.1604869,45.188965797424316
11765169785,22.3884314,114.2125702,1030.7630615234375
11766586144,22.4302355,114.2608116,78.69578170776367
11766586146,22.4300575,114.2607818,42.17672729492188
11766586148,22.4237716,114.2636141,61.36950874328613
11768506947,22.5419785,114.1415971,249.32729768753052
11790380611,22.4116096,113.9738141,277.0272521972656
11817034135,22.3629741,114.1768912,221.3582305908203
11817034137,22.3627498,114.1766227,655.1828308105469
11817501308,22.3924039,113.9689064,200.2345733642578
11843119559,22.2850652,114.1368483,759.468994140625
11866201433,22.3691975,113.9993455,126.9391860961914
11874821595,22.4306321,114.2554537,105.0380630493164
11874821603,22.4305984,114.2559241,196.5591812133789
11874821605,22.4298949,114.2597155,84.69232940673828
11886989349,22.3519751,114.1281463,951.2419128417969
11888476804,22.4518925,114.0287241,936.7398986816406
11897028447,22.3478201,114.1267213,198.72774505615234
11897028454,22.3492847,114.1269158,609.9184761047363
11900796799,22.373945,114.1212961,1431.0671691894531
11919288045,22.3748159,114.1795883,783.5086059570312
11919288046,22.3748194,114.1794384,708.9667358398438
11925459400,22.3618821,114.1200172,221.22359466552734
11925459419,22.3622388,114.1201152,231.50042724609375
11925459428,22.3619435,114.119471,110.44207000732422
11925459441,22.3620396,114.1194521,116.98536682128906
11925695704,22.4325696,114.0218103,109.57222366333008
11928108120,22.3389238,114.165985,5788.3775634765625
11933976467,22.3350121,114.198609,434.1639709472656
11935908877,22.2484436,114.1469654,354.25732421875
11942301354,22.4698515,114.1557075,5.310126304626465
11949943851,22.4620466,114.1483432,45.90549850463867
11955379453,22.3166047,114.2803272,16.957500457763672
11969011294,22.401267,113.9744806,388.57249450683594
11978392056,22.3958946,113.9675398,324.1293029785156
11978392060,22.3961634,113.9675184,299.2076721191406
11978735560,22.3974522,113.968112,871.7462310791016
11978766671,22.3974031,113.9693571,260.7378845214844
11980177547,22.3911914,113.9708598,551.9246444702148
11980177634,22.3930751,113.9711728,299.52201080322266
11985386044,22.3907319,113.9663117,935.2784271240234
12000285482,22.3119744,114.1853094,1971.9167785644531
12000285509,22.3131052,114.1885275,431.3740539550781
12011195729,22.4344271,114.0236923,311.76525115966797
12011195741,22.4336029,114.0243592,29.583436965942383
12011195742,22.4335483,114.0246023,178.82254028320312
12015471964,22.2841227,114.1490833,510.3747863769531
12022135829,22.3078255,114.189203,1202.3837280273438
12035974076,22.3154861,114.2375752,1258.122055053711
12035974105,22.3144492,114.2405159,3334.5213317871094
12041598261,22.2837581,114.1266265,827.1557922363281
12052288119,22.3180513,113.9396718,80.02461051940918
12052505644,22.3193138,113.9366507,30.3015251159668
12062738567,22.2520826,114.1574139,3426.357967376709
12064345223,22.4663971,114.0267688,153.2966423034668
12069443519,22.4315305,114.0246149,20.44761848449707
12076776417,22.314294,113.9398719,35.968021392822266
12082455359,22.3723698,114.10139,2003.7240600585938
12095149682,22.5043719,114.1260624,478.00694274902344
12105844540,22.4409581,114.0267274,361.857421875
12105931709,22.4405811,114.0291655,101.39047241210938
12116637324,22.4679321,114.1474835,36.0956335067749
12116637332,22.4677594,114.1481359,60.99430465698242
12117679046,22.3155258,114.2733896,54.41173553466797
12118712498,22.4498732,114.0210123,100.33576583862305
12119592883,22.4282497,114.0231457,16.858198165893555
12119592887,22.4283923,114.0240365,33.032432556152344
12119618230,22.4299354,114.0181896,10.412224292755127
12119618231,22.4298531,114.0171339,10.339733123779297
12119619426,22.4754876,114.0549812,108.6788330078125
12119647723,22.4398624,113.9953899,13.20464277267456
12119653775,22.4408565,113.9957473,10.961466789245605
12119688859,22.4459903,113.9930735,172.9504051208496
12119743736,22.4634916,114.0532722,76.42153549194336
12119743738,22.463568,114.0528624,20.725248336791992
12119768225,22.4425906,114.1255246,70.27916717529297
12119768230,22.4421264,114.1253561,40.95904731750488
12119783004,22.4643874,114.052658,28.96609306335449
12120019471,22.4214925,114.027367,68.46284103393555
12120019472,22.4217562,114.0276897,38.66103744506836
12120019474,22.4211982,114.0274618,42.07768630981445
12120055240,22.4148877,114.0673182,7.91494607925415
12121443280,22.419971,114.0216158,14.8442964553833
12121458667,22.4229625,114.0348539,48.663655281066895
12121494269,22.4290493,114.0867881,13.412858963012695
12121514358,22.429622,114.085899,13.094766616821287
12121518949,22.4281679,114.0860532,28.21699333190918
12121562203,22.4574295,113.9854395,160.71404218673706
12121713030,22.3742954,114.0028739,35.39918231964111
12121900561,22.4340996,114.0182993,15.83346700668335
12121905238,22.4418047,113.9880802,96.75213432312012
12121925553,22.4492306,113.9877972,53.733439445495605
12123550047,22.4471101,114.0459675,436.0381660461426
12123636665,22.4653536,113.9863189,127.01883220672609
12123636675,22.4652282,113.9860044,147.44726181030273
12123678793,22.4503829,113.9899735,20.46913480758667
12123904878,22.4220705,113.9797579,226.72974395751953
12123933025,22.4254425,113.9878828,111.79433822631836
12123942513,22.4206184,113.9922091,39.95386505126953
12123968881,22.4265287,113.9914017,36.72822570800781
12123968882,22.426748,113.9910213,57.674407958984375
12123968884,22.4263894,113.991737,29.942588806152344
12123989112,22.4261877,113.9903534,113.00483703613281
12123989116,22.4256633,113.9900182,101.60088348388672
12124105549,22.4304284,114.0926353,14.655637741088867
12124105555,22.4299296,114.0926576,13.560198783874512
12124385807,22.3781987,114.0062781,29.846423149108887
12124717698,22.2808075,114.1562274,542.2556762695312
12132313061,22.2691019,114.1924668,137.22816467285156
12132313064,22.2690454,114.1935682,196.46783447265625
12134518274,22.3078636,114.2230087,82.57823181152344
12136169732,22.4556655,113.9745026,43.27117729187012
12136169812,22.4558645,113.9743169,10.584465026855469
12136170281,22.4576877,113.9775211,60.810415267944336
12139684698,22.321958,114.2690464,95.5185317993164
12139684699,22.3225616,114.2686863,88.9388198852539
12153036710,22.3130445,114.1732664,703.9679260253906
12153042861,22.3672975,114.0596104,2403.452178955078
12153551509,22.3135753,114.2752048,20.756732940673828
12153551517,22.313068,114.2752719,13.992596626281738
12153633330,22.3925008,114.2734553,100.54453468322754
12154613569,22.3159052,114.2031114,32.501556396484375
12154613572,22.3160447,114.2030157,33.15375900268555
12161103898,22.3211717,114.2687089,172.57637786865234
12172282400,22.3281156,114.1909228,546.7528686523438
12177917757,22.3128217,114.2785831,16.28311061859131
12183170070,22.3154948,114.2760703,31.97499656677246
12183170072,22.3151243,114.2758305,30.75157165527344
12188196214,22.3699294,114.1886906,686.6023101806641
12189922423,22.3531682,114.0601719,683.6670169830322
12195890790,22.2741862,114.1778183,684.6904678344727
12211528652,22.3694442,114.1191434,589.372314453125
12215246399,22.3771878,113.9803037,45.37657165527344
12215582449,22.4254232,113.9830413,348.3025493621826
12217419445,22.3679296,114.057832,700.0560455322266
12218632105,22.4728592,114.0752719,7.0893683433532715
12218632107,22.4727612,114.0749594,8.628512144088745
12218632108,22.472498,114.0752243,30.776366710662842
12229885194,22.3123983,114.2238354,267.16609954833984
12235802643,22.2466335,114.1690126,518.9992179870605
12247917648,22.3116548,113.9375259,30.779460906982425
12261117028,22.2737823,114.1558688,144.056884765625
12272400590,22.2811083,114.1513912,630.2572631835938
12304277105,22.2458527,114.1664138,114.0840301513672
12334257552,22.3264242,114.2178031,2516.1188354492188
12334264253,22.3173243,114.2676164,1753.8961181640625
12343365362,22.3139878,114.2334532,1891.4024658203125
12343484071,22.3118524,114.2309784,1127.0728759765625
12343484084,22.311761,114.2309558,574.0282592773438
12353272405,22.3688417,114.096816,1364.7851257324219
12363603563,22.3724279,113.9895486,65.36568069458008
12364144192,22.4335899,114.2424776,78.08120727539062
12364144194,22.4324671,114.2425035,415.7388687133789
12364523663,22.3778169,114.0081247,37.14081382751465
12367024122,22.4464147,114.0364345,71.42645263671875
12372667638,22.377455,113.9675616,1315.347885131836
12372667639,22.3773531,113.9675421,626.6002807617188
12373167849,22.3775081,114.0037027,25.11816692352295
12373167884,22.3772236,114.0041732,9.179998397827148
12373262169,22.3775937,114.0049335,24.91393280029297
12383565198,22.3324836,114.2358881,51.059122085571296
12383579112,22.3215478,114.2427418,152.88668060302734
12386728632,22.4277968,114.2433196,1560.1494750976562
12395424018,22.4426585,114.1604044,64.06390380859375
12395424019,22.4417429,114.1608348,170.2034730911255
12395424148,22.4417014,114.1636988,190.22741889953613
12395424191,22.4416428,114.1628413,191.68194580078125
12395648682,22.2672222,113.9287558,9.629065990447998
12395735835,22.3086662,114.1893727,330.7720031738281
12395735836,22.3086816,114.1893576,576.3817138671875
12400095562,22.4936226,114.1440855,2505.7098388671875
12400095563,22.4941337,114.1446012,182.8473052978516
12400095568,22.4949417,114.1436531,1661.037109375
12400095570,22.4944854,114.1441885,684.296142578125
12400105333,22.4953715,114.1431496,737.6744995117188
12400105403,22.4961984,114.1449078,276.2283630371094
12400105462,22.4949761,114.1446805,453.99817657470703
12400105617,22.4925966,114.1460329,408.3263854980469
12410539317,22.3921236,113.9807826,88.52819061279297
12410539318,22.3921345,113.9808497,162.04156494140625
12419680218,22.3179272,114.1767639,349.4892272949219
12423516168,22.4138418,113.9678932,518.4165725708008
12423516177,22.4149635,113.9666755,196.12891387939453
12434978583,22.2498794,114.1366767,1464.4885864257812
12446909389,22.5459707,114.2255687,276.56252098083496
12447432469,22.3521689,114.1202769,34.2464485168457
12454383174,22.3639837,114.1168407,450.6178283691406
12455550723,22.3825686,113.9783851,115.4352569580078
12455550732,22.3756581,113.986024,119.99576950073242
12455550738,22.3755987,113.9862818,99.72628784179688
12455550751,22.3757607,113.9860801,103.03728103637695
12459596392,22.3782137,113.9822396,189.0493049621582
12459596394,22.3771624,113.9844974,588.1838569641113
12459596396,22.3743136,113.9873902,48.63663101196289
12459889143,22.3777082,114.1744213,641.2703857421875
12477821685,22.2771238,114.1678423,107.88304138183594
12478316120,22.4752205,114.0490938,75.93278503417969
12478316125,22.4747628,114.0502317,140.2643280029297
12478316126,22.4744201,114.0497323,235.3786773681641
12481025123,22.5025456,114.1353463,4476.305603027344
12481025129,22.5025909,114.1359322,2388.5243530273438
12492547127,22.504873,114.0916228,55.54494094848633
12492547197,22.5060331,114.0923026,93.50809597969055
12492547198,22.5062412,114.0927607,94.5797700881958
12492547219,22.5048117,114.0908314,168.31465435028076
12492547236,22.5035789,114.0904164,357.835524559021
12492547239,22.5037595,114.0917591,139.20052909851074
12492547249,22.5034004,114.0913552,98.31429958343506
12492624035,22.5015681,114.1441366,1902.5665283203125
12492624041,22.5022316,114.1442176,528.0045776367188
12500328662,22.3850357,113.9823015,163.12322235107422
12500359031,22.3846447,113.9817057,743.6102027893066
12526148784,22.4581575,113.9983992,1750.4248962402344
12526148793,22.4575805,113.9984984,4157.394348144531
12526334182,22.4523673,114.006372,3010.6072998046875
12526829536,22.4504106,114.0015268,1103.8931884765625
12529847185,22.4521048,114.0016493,459.6644287109375
12529864006,22.4520343,114.0015196,1045.5886993408203
12529864013,22.4523081,114.0021252,3240.7232666015625
12532159828,22.3513478,114.1276344,541.1157684326172
12563537867,22.518709,114.0747646,26.973673820495605
12573994141,22.4591169,113.9989162,1988.5820617675781
12574070013,22.4659044,114.006053,4226.80673789978
12597967986,22.4051326,114.2059213,85.90604400634766
12603172094,22.3321629,114.2177157,1536.3093872070312
12610273806,22.5172434,114.1335901,338.7696270942688
12617967208,22.3765786,114.263832,91.48512649536133
12617967236,22.377121,114.2631592,178.29517936706543
12618049197,22.3758661,114.1981327,323.2740478515625
12619486600,22.4210719,114.0630974,80.90665054321289
12619491804,22.4210141,114.0632676,52.760162353515625
12619491814,22.4210528,114.0630831,31.220848083496094
12624999492,22.3364763,114.1082582,160.35415840148926
12624999493,22.3364829,114.1081494,482.5301876068115
12625073606,22.3364107,114.1102702,21.906975746154785
12628651922,22.4142461,114.2119977,79.25666046142578
12634836846,22.4109906,113.9161501,14.815282821655272
12634836857,22.4111854,113.914317,577.7878584861755
12649873909,22.4062969,114.2085213,94.75177764892578
12649873920,22.4112257,114.2092134,45.95369720458984
12649873924,22.4112881,114.2090265,114.57666206359863
12649873936,22.4113341,114.2098494,108.61172485351562
12651701976,22.3321285,114.2132998,985.1543579101562
12657742328,22.4431051,114.0057095,56.99883556365967
12657793027,22.4463008,114.0405773,182.7146453857422
12658135215,22.418584,113.980054,302.1676025390625
12658135226,22.4187628,113.9802764,231.07034301757812
12675992981,22.4735451,114.0458711,4.557744026184082
12675992982,22.4733328,114.0462727,4.927330017089844
12675992983,22.4730447,114.0471579,7.967807769775391
12675992984,22.4731539,114.0466944,11.956714630126953
12675992985,22.472516,114.0482631,9.332120895385742
12675992995,22.4729006,114.0476004,8.184197425842285
12675992999,22.4739849,114.0482512,99.7011489868164
12676006802,22.4811932,114.042715,111.82284545898438
12676006803,22.480835,114.0433803,54.374786376953125
12676006804,22.4810198,114.0430371,51.647216796875
12676006805,22.4764772,114.04635,196.28270721435547
12676006806,22.4764846,114.0441652,53.5872917175293
12676006807,22.4798343,114.045242,53.34144592285156
12676006808,22.4756177,114.0458146,53.78293228149414
12676007470,22.4774917,114.0447894,52.53529357910156
12676007471,22.4771195,114.0445587,105.41523361206055
12676007474,22.4782512,114.04526,105.30672454833984
12676007478,22.4794312,114.0459913,52.18389892578125
12676007801,22.4734394,114.0492642,134.3373565673828
12676007803,22.473803,114.0485889,8.26101016998291
12676007804,22.4744155,114.0474516,6.312252044677734
12676007805,22.474846,114.0466519,53.95841598510742
12676007808,22.4746307,114.0470518,5.430671691894531
12676010603,22.4815317,114.0420207,51.01050567626953
12676010605,22.48158,114.0417404,1124.6378479003906
12676010606,22.4805137,114.043978,52.85936737060547
12676010613,22.4800753,114.0466457,98.00688934326172
12676010614,22.4796546,114.045576,50.74434280395508
12676010619,22.479053,114.0466947,98.08270645141602
12676010621,22.4785454,114.0476384,96.54323959350586
12676010622,22.4781465,114.0483799,46.44106674194336
12676010623,22.4783262,114.0480459,48.08363342285156
12676010628,22.480724,114.0475684,45.7857551574707
12676010629,22.4805078,114.0472608,48.47061920166016
12676010630,22.4802917,114.0469532,48.71162033081055
12676010638,22.4808905,114.0478057,44.010101318359375
12676010651,22.4758583,114.0459645,49.3421516418457
12676010663,22.477313,114.0499297,64.32091522216797
12676010985,22.4803518,114.0415494,330.38731575012207
12676011033,22.4819875,114.0449933,101.27815246582031
12676012948,22.479689,114.0488089,140.1316032409668
12676012983,22.4774547,114.0504809,146.54568481445312
12676012984,22.4763439,114.0497804,84.9527359008789
12676012986,22.4761574,114.0499694,7.667445182800293
12676012988,22.4765295,114.0494356,107.61824035644531
12676013056,22.4743325,114.0489161,112.24466705322266
12676013067,22.4780939,114.0499531,57.43192672729492
12676013073,22.4750174,114.048482,158.4097137451172
12676013704,22.4821599,114.049187,822.7508525848389
12676013841,22.4807685,114.0521483,487.6355404853821
12676013857,22.4793344,114.0498718,47.8909912109375
12676014175,22.4821967,114.0485165,50.7872428894043
12676014176,22.4813559,114.0481808,48.57020950317383
12676014177,22.4816171,114.0485511,46.763553619384766
12676014178,22.4818351,114.0488604,47.82775115966797
12676014179,22.4822223,114.0480513,115.08378171920776
12676014182,22.4802858,114.0496507,95.09312057495117
12676014183,22.4807219,114.0502691,46.71424102783203
12676014915,22.4788622,114.0507589,53.598236083984375
12680753880,22.4418748,114.0327484,656.5502319335938
12682671611,22.4434049,114.0310824,535.1729736328125
12683833419,22.4418499,114.0299357,101.81521606445312
12684813499,22.3457974,114.1242849,210.48380088806152
12690251211,22.4408372,114.0306271,120.58670043945312
12690251419,22.4418169,114.0315738,110.57683563232422
12699037923,22.4547027,114.0253042,148.22640132904053
12707884915,22.4433941,114.0322738,722.0797729492188
12710119465,22.4408795,114.0321697,717.99169921875
12729526834,22.3223585,114.1939344,357.1246337890625
12729526839,22.3230414,114.1923117,346.0476989746094
12735971077,22.3087528,114.1834428,858.305908203125
12770348261,22.4149578,114.2081731,90.29015159606934
12770348262,22.4151519,114.2081465,60.16610145568848
12771716538,22.4276913,114.2675704,705.3932466506958
12804082708,22.3051995,114.1829065,156.6846466064453
12820434399,22.3022287,114.1862675,629.6996459960938
12833135872,22.4520959,114.0015538,415.8480224609375
12870579265,22.2372502,114.1994676,101.09364700317383
12911955170,22.4506241,114.0189787,100.45521688461304
12911955179,22.4505682,114.0195754,93.0153579711914
12914889998,22.5454016,114.1568112,2.5591626167297363
12916051569,22.4351301,114.0250259,295.6742858886719
12920894357,22.3365942,114.2486026,111.63572120666504
12927831387,22.3311858,114.2054541,2493.894775390625
12953195604,22.3166322,114.2838625,10.148880958557127
12953195610,22.317313,114.2836371,26.97285270690918
12953195620,22.3176809,114.2837311,32.18882989883423
12953195762,22.3183103,114.2856843,20.587077140808105
12959414317,22.4407753,114.0051811,41.60289764404297
12960748303,22.3047804,114.2300069,297.16619873046875
12960748311,22.3050701,114.2300381,98.41696166992188
12964714414,22.4274854,114.020217,17.125551223754883
12964714424,22.4269597,114.022556,32.74075889587402
12968475947,22.4235214,114.0214204,14.972787857055664
12972183702,22.4307482,114.0249201,36.86410713195801
12978194686,22.3273592,114.191824,169.011474609375
12994295273,22.3725999,114.0969861,1428.1552352905273
12997174338,22.5066387,114.1089568,38.21772861480713
12997174339,22.506846,114.1087588,47.44365453720093
12997174401,22.5047582,114.1100876,56.08638334274292
12997251485,22.5023957,114.1480896,78.53951263427734
13001135358,22.524419,114.1258671,180.92072343826294
13001135374,22.5265544,114.1275742,12.644784927368164
13001135467,22.5253865,114.1334297,16.20773458480835
13001135488,22.5253455,114.1332716,6.96598744392395
13006620147,22.452007,114.168309,1473.3312377929688
13008818613,22.3045018,114.0116264,162.7873077392578
13009060203,22.2952658,114.0239337,228.4099578857422
13016810514,22.479791,114.0510963,48.04461669921875
13016810517,22.4798752,114.051396,6.7141289710998535
13016810534,22.4795854,114.0517126,9.00468921661377
13016810541,22.4783081,114.0511269,115.88433837890624
13016810542,22.4780484,114.0509435,12.219087600708008
13016810544,22.478719,114.0520591,25.199298858642578
13016810545,22.4787175,114.0517178,11.445209503173828
13020721592,22.4272242,114.2005683,19.303224563598636
13020721594,22.4270803,114.2005067,5.912022113800049
13022843573,22.3204473,114.242055,351.231689453125
13022848007,22.3206209,114.2421513,185.0556640625
13030172916,22.3796104,114.1825601,297.0473937988281
13033144292,22.3649113,114.1748709,1418.1139221191406
13033144293,22.3645353,114.1753948,889.0112609863281
13033144332,22.3643547,114.1751998,949.12939453125
13033235587,22.4809287,114.1240531,7.842711448669434
13033235589,22.4807447,114.1240517,6.570559978485107
13033235598,22.480974,114.1244781,10.939311981201172
13036533267,22.4226213,114.2342762,2326.17586517334
13036533269,22.4219972,114.2338587,580.0357360839844
13036546515,22.4244307,114.2640417,93.88301086425781
13037281255,22.2855601,114.2167384,1776.052001953125
13041327397,22.3719451,114.1881493,1195.5888748168945
13042186965,22.296589,114.0232396,29.296884536743164
13042611561,22.3911408,114.2753649,242.82427597045898
13045817248,22.3886375,114.2929568,127.64169692993164
13046954983,22.4381358,114.0971928,69.6043701171875
13055864386,22.4532199,114.0942643,152.05508947372437
13057408590,22.4248354,114.0701598,136.1943645477295
13057408856,22.4228453,114.0722308,31.05777359008789
13057408862,22.4224306,114.0722474,113.35529232025146
13069281118,22.4750972,114.0490552,95.96610260009766
13069328153,22.4795849,114.052242,13.25957489013672
13069328154,22.4798588,114.0522401,16.37895393371582
13086164557,22.4986771,114.0782168,52.4627571105957
13086164634,22.4965849,114.0731962,22.660715103149414
13108561944,22.3114081,114.1641531,488.6788635253906
13108582041,22.3108068,114.164357,579.3453979492188
13108583340,22.3189356,114.2060914,213.78528213500977
13133255851,22.3408149,114.141624,335.12274169921875
13167441831,22.4305059,114.2403486,118.09427642822266
13167441834,22.4303162,114.2412546,427.7440490722656
13207110401,22.3963718,114.1932456,1073.6271133422852
13227625338,22.4790179,114.0570498,27.545312881469727
13228903340,22.5165683,114.0736221,28.77274703979492
13240703006,22.297874,113.9560617,27.223106384277344
13247954592,22.28674,113.9404461,41.87861633300781
13247954593,22.2868278,113.9405118,54.51350402832031
13254326219,22.3758262,114.1181347,710.2465515136719
13265246659,22.3411329,114.1068647,677.4793376922607
13288492158,22.3256796,114.2357957,16.177505493164062
13288515208,22.3136781,113.9429774,31.133739471435547
13288534676,22.3283698,114.2340212,340.72941970825195
13288534677,22.3285424,114.2342095,139.07808685302734
13288534678,22.3282816,114.2345112,55.28518295288086
13288534687,22.3285369,114.2343215,54.77762794494629
13288705339,22.3255903,114.2348031,34.396034240722656
13288705340,22.3255801,114.2346598,97.9328727722168
13288705355,22.3262669,114.2334479,218.24263381958008
13288705356,22.3263857,114.2333939,214.4529037475586
13290859245,22.5063851,114.1382061,510.24073028564453
13304703626,22.3374999,114.2011142,473.4913940429688
13306579239,22.3112644,114.2280112,180.9888458251953
13313807744,22.3206138,114.1675629,790.9387817382812
13319104576,22.3165827,114.266863,1751.1695556640625
13330363124,22.4483851,113.9797792,41.3924674987793
13344198875,22.3472096,114.059509,62.39269256591797
13344198876,22.3474709,114.0594567,264.61639404296875
13345962342,22.4494341,114.1717272,903.9278259277344
13353852083,22.325651,114.1763168,1032.2623901367188
13353852088,22.3254848,114.1763999,573.1311645507812
13380795766,22.3116293,114.1605237,631.9992961883545
13380795774,22.3114729,114.162679,381.3927307128906
13383444986,22.4395995,114.0617416,38.66714477539063
13387691152,22.5247226,114.1319722,14.5768723487854
13390859287,22.2825328,114.1710385,464.73248291015625
13392804317,22.3174782,114.2075841,254.32372283935547
13395157688,22.3151143,114.1640802,3621.961669921875
13395157689,22.3157614,114.1639182,3101.1776733398438
13395157693,22.3136889,114.1644233,3495.9940185546875
13395196301,22.3131746,114.1645427,604.6571655273438
13417480076,22.5014961,114.1470578,648.09765625
13428282168,22.3058539,114.22807,424.2293701171875
13432603160,22.3144197,113.9379575,93.39630317687988
13432646622,22.3141388,113.9409092,33.997589111328125
13432646629,22.3130322,113.9397357,66.37397766113281
13432646640,22.315813,113.940515,32.681060791015625
13438737374,22.5059462,114.121581,62.881473541259766
13439099487,22.4306634,113.9866368,231.81513023376465
13446779973,22.3062516,114.2225155,1029.1962890625
13450707960,22.2735945,113.9321197,224.88975858688354
13452621325,22.3537209,114.0838521,283.61041259765625
13452621326,22.3536306,114.0843963,277.3429260253906
13455105107,22.5150357,114.0672133,572.8340644836426
13461782870,22.4368547,113.9913073,106.81014728546143
13470275521,22.3838502,113.9789966,479.8341369628906
13483488247,22.248215,114.1666166,117.8595733642578
13508486759,22.4405591,114.0299819,108.70372009277344
13513435245,22.3831466,114.2046109,144.53326416015625
13513435246,22.3829681,114.2047953,155.2030029296875
13513435250,22.3809877,114.2069196,164.2997283935547
13516740031,22.4409168,114.0254949,286.9088439941406
13516788727,22.4407001,114.022221,224.90496826171875
13516788749,22.4403434,114.0216735,364.55491638183594
13532067775,22.2950386,113.9366849,172.43914794921875
13533761086,22.3414588,114.1676628,126.81029510498048
13540108504,22.4382564,114.0219527,146.42747497558594
13540108514,22.4383677,114.0217034,174.16244506835938
13540108515,22.4382078,114.0222539,607.9708099365234
13551229776,22.4141908,113.9826528,2743.407958984375
13563756342,22.5241961,114.1244115,45.25420618057251
13569683928,22.4137783,113.9816402,1853.33740234375
13589635838,22.3927434,113.9788734,404.2623596191406
13591726299,22.3026046,114.2921449,14.004902362823486
13591807346,22.3015466,114.2940374,8.964216232299805
13594786983,22.323672,114.1787902,667.2382202148436
13612267962,22.3329691,114.2370902,63.94144058227539
13612267963,22.3331369,114.2367104,27.723602294921875
13612267966,22.3329295,114.2367625,23.73883438110352
13617408392,22.3372132,114.2416368,52.204389572143555
13617408393,22.337218,114.2418081,47.8546199798584
13622615280,22.4553304,114.1570617,33.10403919219971
13626140232,22.4218075,114.2325216,549.5271606445312
13629612611,22.3355503,114.245004,21.51030540466309
13629626204,22.3422656,114.2467816,26.744564056396484
13630083963,22.3152289,114.254363,677.2341003417969
13633937697,22.4999749,114.1476241,123.06432342529295
13634742593,22.414563,114.0680328,5.171788692474365
13650330291,22.3139003,114.2783015,16.34559440612793
13650330292,22.3139987,114.2779614,17.741809844970703
13650647743,22.3164916,114.28511,7.504505634307861
13650885848,22.3144063,114.2852207,14.028185844421388
13650885850,22.3145994,114.2851995,8.06910228729248
13652319136,22.3107209,114.2849224,13.021137237548828
13652616869,22.3094533,114.2862966,30.85042381286621
13652616876,22.3100712,114.2858336,12.056724548339844
13652616924,22.3117085,114.284379,29.215456008911133
13653181888,22.2959766,114.2919351,28.18791007995605
13653181894,22.2957197,114.2920843,28.52716636657715
13666958123,22.4980666,114.1273405,220.94412231445312
13681199926,22.3902818,113.9799637,466.0501708984375
13681199930,22.390651,113.9797791,120.64842224121094
13681823475,22.3897629,113.9805575,91.90690612792967
13686487904,22.3439045,114.1552598,249.66685485839844
13703605937,22.3358583,114.174829,305.30328369140625
13706292127,22.3447543,114.1507724,427.23614501953125
13706292147,22.3445859,114.1506824,219.6024627685547
13707988567,22.3464644,114.1511164,639.1725921630859
13708249426,22.3439612,114.1547233,459.3358154296875
13716528359,22.372991,114.1776063,271.0089416503906
13721356612,22.3865773,113.9812536,287.3653106689453
13724868366,22.4421077,114.0270792,374.7867736816406
13727789216,22.433794,114.0117625,6.185811519622803
13727789218,22.4337698,114.0119304,5.967297554016113
13736234183,22.4765061,114.1518856,291.9215831756592
13747940767,22.3721732,114.1360832,407.9128723144531
13760276851,22.3703249,114.1373621,752.9989624023438
13760276866,22.3708492,114.1372303,547.7738647460938
13760276868,22.3706385,114.137565,692.294921875
13776709404,22.4436814,114.0288618,462.5408935546875
13784867237,22.461486,114.0018713,2499.6575927734375
13784867243,22.4620982,114.0017805,5083.399749755859
13784995138,22.4601899,114.0066399,1316.2000579833984
13785159498,22.4597336,114.0052233,1066.5837097167969
13785164404,22.459256,114.0057674,351.55572509765625
13785919704,22.4600396,113.9858718,161.35197067260742
13787223134,22.4616346,113.9928076,61.91498947143555
13791657270,22.4989943,114.1476884,105.82966613769531
13791657271,22.4999633,114.1479931,65.48088264465332
13798059924,22.4694492,114.0003265,5805.052307128906
13803045619,22.4396816,114.0081852,52.73151016235352
13810260242,22.4596799,113.9973448,875.1259765625
13817493372,22.2831699,114.1602181,65.36466217041016
13818689452,22.4274101,114.0205352,17.176931381225586
13818689453,22.4273055,114.0210689,49.27303123474121
13818689456,22.4321146,114.0137686,34.568939208984375
13819978786,22.4411367,114.0525055,110.63031005859375
13820945182,22.4472677,114.0056709,32.85106658935547
13820967200,22.4442003,114.0058583,34.58766555786133
13821007006,22.4443273,114.0058911,38.95485305786133
13835564328,22.4214525,114.0651217,52.214149475097656
13835564342,22.4212636,114.0650462,68.729736328125
13835564361,22.42123,114.0654636,68.37616729736328
13839991784,22.4226107,114.0720036,75.55122375488281
13856014182,22.3484907,114.204987,2490.8192596435547
13860956556,22.3087939,114.190618,504.6969604492188
13860956560,22.3089086,114.1902772,457.5728454589844
