{
"type": "FeatureCollection",
"name": "ev_chargers",
"crs": { "type": "name", "properties": { "name": "urn:ogc:def:crs:OGC:1.3:CRS84" } },
"features": [
{ "type": "Feature", "properties": { "GmlID": "geotagging.1", "NAME_OF_DISTRICT_COUNCIL_DISTRICT_EN": "Eastern", "LOCATION_EN": "North Point Government Offices", "ADDRESS_EN": "No. 333 Java Road, North Point, Hong Kong", "NAME_OF_DISTRICT_COUNCIL_DISTRICT_TC": "東區", "LOCATION_TC": "北角政府合署", "ADDRESS_TC": "香港北角渣華道333號", "NAME_OF_DISTRICT_COUNCIL_DISTRICT_SC": "东区", "LOCATION_SC": "北角政府合署", "ADDRESS_SC": "香港北角渣华道333号", "STANDARD_BS1363_no": "0", "MEDIUM_CCS_DC_COMBO_no": "0", "MEDIUM_IEC62196_no": "29", "MEDIUM_SAEJ1772_no": "0", "MEDIUM_GB_T20234_2_AC__no": "0", "MEDIUM_OTHERS_no": "0", "QUICK_CHAdeMO_no": "0", "QUICK_CCS_DC_COMBO_no": "0", "QUICK_IEC62196_no": "0", "QUICK_GB_T20234_3_DC__no": "0", "QUICK_OTHERS_no": "0", "FAST_CHAdeMO_no": "0", "FAST_CCS_DC_COMBO_no": "0", "FAST_GB_T20234_3_DC__no": "0", "FAST_OTHERS_no": "0", "REMARK_FOR__OTHERS_": "-", "DATA_PATH": "https://ev-charger.epd.gov.hk/resource/ev_charger_avail/evca_ver_1_0.json", "OBJECTID": 1, "total_chargers": 29 }, "geometry": { "type": "Point", "coordinates": [ 114.208366, 22.292326 ] } },
{ "type": "Feature", "properties": { "GmlID": "geotagging.2", "NAME_OF_DISTRICT_COUNCIL_DISTRICT_EN": "Sai Kung", "LOCATION_EN": "Sai Kung Government Offices Carpark", "ADDRESS_EN": "Man Nin Street No 24 ,Sai Kung", "NAME_OF_DISTRICT_COUNCIL_DISTRICT_TC": "西貢區", "LOCATION_TC": "西貢政府合署停車場", "ADDRESS_TC": "西貢萬年街24號", "NAME_OF_DISTRICT_COUNCIL_DISTRICT_SC": "西贡区", "LOCATION_SC": "西贡政府合署停车场", "ADDRESS_SC": "西贡万年街24号", "STANDARD_BS1363_no": "0", "MEDIUM_CCS_DC_COMBO_no": "0", "MEDIUM_IEC62196_no": "27", "MEDIUM_SAEJ1772_no": "0", "MEDIUM_GB_T20234_2_AC__no": "0", "MEDIUM_OTHERS_no": "0", "QUICK_CHAdeMO_no": "0", "QUICK_CCS_DC_COMBO_no": "0", "QUICK_IEC62196_no": "0", "QUICK_GB_T20234_3_DC__no": "0", "QUICK_OTHERS_no": "0", "FAST_CHAdeMO_no": "0", "FAST_CCS_DC_COMBO_no": "0", "FAST_GB_T20234_3_DC__no": "0", "FAST_OTHERS_no": "0", "REMARK_FOR__OTHERS_": "-", "DATA_PATH": "https://ev-charger.epd.gov.hk/resource/ev_charger_avail/evca_ver_1_0.json", "OBJECTID": 2, "total_chargers": 27 }, "geometry": { "type": "Point", "coordinates": [ 114.272443, 22.382026 ] } },
{ "type": "Feature", "properties": { "GmlID": "geotagging.3", "NAME_OF_DISTRICT_COUNCIL_DISTRICT_EN": "Central & Western", "LOCATION_EN": "Sun Yat Sen Memorial Park Sports Centre", "ADDRESS_EN": "18,Eastern Street North,Sai Ying Pun,Hong Kong", "NAME_OF_DISTRICT_COUNCIL_DISTRICT_TC": "中西區", "LOCATION_TC": "中山紀念公園體育館", "ADDRESS_TC": "香港島西營盤東邊街北18號", "NAME_OF_DISTRICT_COUNCIL_DISTRICT_SC": "中西区", "LOCATION_SC": "中山纪念公园体育馆", "ADDRESS_SC": "香港岛西营盘东边街北18号", "STANDARD_BS1363_no": "0", "MEDIUM_CCS_DC_COMBO_no": "0", "MEDIUM_IEC62196_no": "6", "MEDIUM_SAEJ1772_no": "0", "MEDIUM_GB_T20234_2_AC__no": "0", "MEDIUM_OTHERS_no": "0", "QUICK_CHAdeMO_no": "0", "QUICK_CCS_DC_COMBO_no": "0", "QUICK_IEC62196_no": "0", "QUICK_GB_T20234_3_DC__no": "0", "QUICK_OTHERS_no": "0", "FAST_CHAdeMO_no": "0", "FAST_CCS_DC_COMBO_no": "1", "FAST_GB_T20234_3_DC__no": "1", "FAST_OTHERS_no": "0", "REMARK_FOR__OTHERS_": "-", "DATA_PATH": "https://ev-charger.epd.gov.hk/resource/ev_charger_avail/evca_ver_1_0.json", "OBJECTID": 3, "total_chargers": 8 }, "geometry": { "type": "Point", "coordinates": [ 114.143553, 22.289797 ] } },
{ "type": "Feature", "properties": { "GmlID": "geotagging.4", "NAME_OF_DISTRICT_COUNCIL_DISTRICT_EN": "Tsuen Wan", "LOCATION_EN": "Tsuen Wan Car Park", "ADDRESS_EN": "174-208 Castle Peak Road, Tsuen Wan, New Territories", "NAME_OF_DISTRICT_COUNCIL_DISTRICT_TC": "荃灣區", "LOCATION_TC": "荃灣停車場", "ADDRESS_TC": "新界荃灣青山公路-荃灣段174-208號", "NAME_OF_DISTRICT_COUNCIL_DISTRICT_SC": "荃湾区", "LOCATION_SC": "荃湾停车场", "ADDRESS_SC": "新界荃湾青山公路-荃湾段174-208号", "STANDARD_BS1363_no": "0", "MEDIUM_CCS_DC_COMBO_no": "0", "MEDIUM_IEC62196_no": "162", "MEDIUM_SAEJ1772_no": "0", "MEDIUM_GB_T20234_2_AC__no": "0", "MEDIUM_OTHERS_no": "0", "QUICK_CHAdeMO_no": "0", "QUICK_CCS_DC_COMBO_no": "0", "QUICK_IEC62196_no": "0", "QUICK_GB_T20234_3_DC__no": "0", "QUICK_OTHERS_no": "0", "FAST_CHAdeMO_no": "0", "FAST_CCS_DC_COMBO_no": "0", "FAST_GB_T20234_3_DC__no": "0", "FAST_OTHERS_no": "0", "REMARK_FOR__OTHERS_": "-", "DATA_PATH": "https://ev-charger.epd.gov.hk/resource/ev_charger_avail/evca_ver_1_0.json", "OBJECTID": 4, "total_chargers": 162 }, "geometry": { "type": "Point", "coordinates": [ 114.118603, 22.372847 ] } },
{ "type": "Feature", "properties": { "GmlID": "geotagging.5", "NAME_OF_DISTRICT_COUNCIL_DISTRICT_EN": "Sha Tin", "LOCATION_EN": "Yuen Chau Kok Complex", "ADDRESS_EN": "35 Ngan Shing Street, Sha Tin", "NAME_OF_DISTRICT_COUNCIL_DISTRICT_TC": "沙田區", "LOCATION_TC": "圓州角綜合大樓", "ADDRESS_TC": "沙田銀城街35號", "NAME_OF_DISTRICT_COUNCIL_DISTRICT_SC": "沙田区", "LOCATION_SC": "圆州角综合大楼", "ADDRESS_SC": "沙田银城街35号", "STANDARD_BS1363_no": "1", "MEDIUM_CCS_DC_COMBO_no": "0", "MEDIUM_IEC62196_no": "10", "MEDIUM_SAEJ1772_no": "0", "MEDIUM_GB_T20234_2_AC__no": "0", "MEDIUM_OTHERS_no": "0", "QUICK_CHAdeMO_no": "0", "QUICK_CCS_DC_COMBO_no": "0", "QUICK_IEC62196_no": "0", "QUICK_GB_T20234_3_DC__no": "0", "QUICK_OTHERS_no": "0", "FAST_CHAdeMO_no": "0", "FAST_CCS_DC_COMBO_no": "0", "FAST_GB_T20234_3_DC__no": "0", "FAST_OTHERS_no": "0", "REMARK_FOR__OTHERS_": "-", "DATA_PATH": "https://ev-charger.epd.gov.hk/resource/ev_charger_avail/evca_ver_1_0.json", "OBJECTID": 5, "total_chargers": 11 }, "geometry": { "type": "Point", "coordinates": [ 114.204757, 22.379339 ] } },
{ "type": "Feature", "properties": { "GmlID": "geotagging.6", "NAME_OF_DISTRICT_COUNCIL_DISTRICT_EN": "Southern", "LOCATION_EN": "Aberdeen Car Park", "ADDRESS_EN": "18 Aberdeen Reservoir Road, Aberdeen, Hong Kong", "NAME_OF_DISTRICT_COUNCIL_DISTRICT_TC": "南區", "LOCATION_TC": "香港仔停車場", "ADDRESS_TC": "香港仔香港仔水塘道18號", "NAME_OF_DISTRICT_COUNCIL_DISTRICT_SC": "南区", "LOCATION_SC": "香港仔停车场", "ADDRESS_SC": "香港仔香港仔水塘道18号", "STANDARD_BS1363_no": "0", "MEDIUM_CCS_DC_COMBO_no": "0", "MEDIUM_IEC62196_no": "44", "MEDIUM_SAEJ1772_no": "0", "MEDIUM_GB_T20234_2_AC__no": "0", "MEDIUM_OTHERS_no": "0", "QUICK_CHAdeMO_no": "0", "QUICK_CCS_DC_COMBO_no": "0", "QUICK_IEC62196_no": "0", "QUICK_GB_T20234_3_DC__no": "0", "QUICK_OTHERS_no": "0", "FAST_CHAdeMO_no": "0", "FAST_CCS_DC_COMBO_no": "0", "FAST_GB_T20234_3_DC__no": "0", "FAST_OTHERS_no": "0", "REMARK_FOR__OTHERS_": "-", "DATA_PATH": "https://ev-charger.epd.gov.hk/resource/ev_charger_avail/evca_ver_1_0.json", "OBJECTID": 6, "total_chargers": 44 }, "geometry": { "type": "Point", "coordinates": [ 114.156618, 22.250273 ] } },
{ "type": "Feature", "properties": { "GmlID": "geotagging.7", "NAME_OF_DISTRICT_COUNCIL_DISTRICT_EN": "Sham Shui Po", "LOCATION_EN": "Cornwall Street Park", "ADDRESS_EN": "17 Cornwall Street, Kowloon Tong", "NAME_OF_DISTRICT_COUNCIL_DISTRICT_TC": "深水埗區", "LOCATION_TC": "歌和老街公園", "ADDRESS_TC": "九龍塘歌和老街17號", "NAME_OF_DISTRICT_COUNCIL_DISTRICT_SC": "深水埗区", "LOCATION_SC": "歌和老街公园", "ADDRESS_SC": "九龙塘歌和老街17号", "STANDARD_BS1363_no": "0", "MEDIUM_CCS_DC_COMBO_no": "0", "MEDIUM_IEC62196_no": "2", "MEDIUM_SAEJ1772_no": "0", "MEDIUM_GB_T20234_2_AC__no": "0", "MEDIUM_OTHERS_no": "0", "QUICK_CHAdeMO_no": "0", "QUICK_CCS_DC_COMBO_no": "0", "QUICK_IEC62196_no": "0", "QUICK_GB_T20234_3_DC__no": "0", "QUICK_OTHERS_no": "0", "FAST_CHAdeMO_no": "0", "FAST_CCS_DC_COMBO_no": "0", "FAST_GB_T20234_3_DC__no": "0", "FAST_OTHERS_no": "0", "REMARK_FOR__OTHERS_": "-", "DATA_PATH": "https://ev-charger.epd.gov.hk/resource/ev_charger_avail/evca_ver_1_0.json", "OBJECTID": 7, "total_chargers": 2 }, "geometry": { "type": "Point", "coordinates": [ 114.173602, 22.339622 ] } },
{ "type": "Feature", "properties": { "GmlID": "geotagging.8", "NAME_OF_DISTRICT_COUNCIL_DISTRICT_EN": "North", "LOCATION_EN": "Fanling Swimming Pool", "ADDRESS_EN": "73 San Wan Road, Fanling", "NAME_OF_DISTRICT_COUNCIL_DISTRICT_TC": "北區", "LOCATION_TC": "粉嶺游泳池", "ADDRESS_TC": "粉嶺新運路73號", "NAME_OF_DISTRICT_COUNCIL_DISTRICT_SC": "北区", "LOCATION_SC": "粉岭游泳池", "ADDRESS_SC": "粉岭新运路73号", "STANDARD_BS1363_no": "0", "MEDIUM_CCS_DC_COMBO_no": "0", "MEDIUM_IEC62196_no": "5", "MEDIUM_SAEJ1772_no": "0", "MEDIUM_GB_T20234_2_AC__no": "0", "MEDIUM_OTHERS_no": "0", "QUICK_CHAdeMO_no": "0", "QUICK_CCS_DC_COMBO_no": "0", "QUICK_IEC62196_no": "0", "QUICK_GB_T20234_3_DC__no": "0", "QUICK_OTHERS_no": "0", "FAST_CHAdeMO_no": "0", "FAST_CCS_DC_COMBO_no": "0", "FAST_GB_T20234_3_DC__no": "0", "FAST_OTHERS_no": "0", "REMARK_FOR__OTHERS_": "-", "DATA_PATH": "https://ev-charger.epd.gov.hk/resource/ev_charger_avail/evca_ver_1_0.json", "OBJECTID": 8, "total_chargers": 5 }, "geometry": { "type": "Point", "coordinates": [ 114.135684, 22.495403 ] } },
{ "type": "Feature", "properties": { "GmlID": "geotagging.9", "NAME_OF_DISTRICT_COUNCIL_DISTRICT_EN": "Yuen Long", "LOCATION_EN": "Fung Kam Street Sports Centre Car Park", "ADDRESS_EN": "20 Fung Yau St N ,Yuen Long", "NAME_OF_DISTRICT_COUNCIL_DISTRICT_TC": "元朗區", "LOCATION_TC": "鳳琴街體育館停車場", "ADDRESS_TC": "元朗鳳攸北街20號", "NAME_OF_DISTRICT_COUNCIL_DISTRICT_SC": "元朗区", "LOCATION_SC": "凤琴街体育馆停车场", "ADDRESS_SC": "元朗凤攸北街20号", "STANDARD_BS1363_no": "0", "MEDIUM_CCS_DC_COMBO_no": "0", "MEDIUM_IEC62196_no": "16", "MEDIUM_SAEJ1772_no": "0", "MEDIUM_GB_T20234_2_AC__no": "0", "MEDIUM_OTHERS_no": "0", "QUICK_CHAdeMO_no": "0", "QUICK_CCS_DC_COMBO_no": "1", "QUICK_IEC62196_no": "0", "QUICK_GB_T20234_3_DC__no": "1", "QUICK_OTHERS_no": "0", "FAST_CHAdeMO_no": "0", "FAST_CCS_DC_COMBO_no": "0", "FAST_GB_T20234_3_DC__no": "0", "FAST_OTHERS_no": "0", "REMARK_FOR__OTHERS_": "-", "DATA_PATH": "https://ev-charger.epd.gov.hk/resource/ev_charger_avail/evca_ver_1_0.json", "OBJECTID": 9, "total_chargers": 18 }, "geometry": { "type": "Point", "coordinates": [ 114.03329, 22.443072 ] } },
{ "type": "Feature", "properties": { "GmlID": "geotagging.10", "NAME_OF_DISTRICT_COUNCIL_DISTRICT_EN": "Eastern", "LOCATION_EN": "Island East Sports Centre", "ADDRESS_EN": "52 Lei King Road, Sai Wan Ho, Hong Kong", "NAME_OF_DISTRICT_COUNCIL_DISTRICT_TC": "東區", "LOCATION_TC": "港島東體育館停車場", "ADDRESS_TC": "香港西灣河鯉景道52號", "NAME_OF_DISTRICT_COUNCIL_DISTRICT_SC": "东区", "LOCATION_SC": "港岛东体育馆停车场", "ADDRESS_SC": "香港西湾河鲤景道52号", "STANDARD_BS1363_no": "0", "MEDIUM_CCS_DC_COMBO_no": "0", "MEDIUM_IEC62196_no": "19", "MEDIUM_SAEJ1772_no": "0", "MEDIUM_GB_T20234_2_AC__no": "0", "MEDIUM_OTHERS_no": "0", "QUICK_CHAdeMO_no": "0", "QUICK_CCS_DC_COMBO_no": "0", "QUICK_IEC62196_no": "0", "QUICK_GB_T20234_3_DC__no": "0", "QUICK_OTHERS_no": "0", "FAST_CHAdeMO_no": "0", "FAST_CCS_DC_COMBO_no": "0", "FAST_GB_T20234_3_DC__no": "0", "FAST_OTHERS_no": "0", "REMARK_FOR__OTHERS_": "-", "DATA_PATH": "https://ev-charger.epd.gov.hk/resource/ev_charger_avail/evca_ver_1_0.json", "OBJECTID": 10, "total_chargers": 19 }, "geometry": { "type": "Point", "coordinates": [ 114.222359, 22.28487 ] } },
{ "type": "Feature", "properties": { "GmlID": "geotagging.11", "NAME_OF_DISTRICT_COUNCIL_DISTRICT_EN": "Central & Western", "LOCATION_EN": "Kennedy Town Car Park", "ADDRESS_EN": "12 Rock Hill Street, Kennedy Town, Hong Kong", "NAME_OF_DISTRICT_COUNCIL_DISTRICT_TC": "中西區", "LOCATION_TC": "堅尼地城停車場", "ADDRESS_TC": "香港堅尼地城石山街12號", "NAME_OF_DISTRICT_COUNCIL_DISTRICT_SC": "中西区", "LOCATION_SC": "坚尼地城停车场", "ADDRESS_SC": "香港坚尼地城石山街12号", "STANDARD_BS1363_no": "0", "MEDIUM_CCS_DC_COMBO_no": "0", "MEDIUM_IEC62196_no": "59", "MEDIUM_SAEJ1772_no": "0", "MEDIUM_GB_T20234_2_AC__no": "0", "MEDIUM_OTHERS_no": "0", "QUICK_CHAdeMO_no": "0", "QUICK_CCS_DC_COMBO_no": "0", "QUICK_IEC62196_no": "0", "QUICK_GB_T20234_3_DC__no": "0", "QUICK_OTHERS_no": "0", "FAST_CHAdeMO_no": "0", "FAST_CCS_DC_COMBO_no": "0", "FAST_GB_T20234_3_DC__no": "0", "FAST_OTHERS_no": "0", "REMARK_FOR__OTHERS_": "-", "DATA_PATH": "https://ev-charger.epd.gov.hk/resource/ev_charger_avail/evca_ver_1_0.json", "OBJECTID": 11, "total_chargers": 59 }, "geometry": { "type": "Point", "coordinates": [ 114.128978, 22.28179 ] } },
{ "type": "Feature", "properties": { "GmlID": "geotagging.12", "NAME_OF_DISTRICT_COUNCIL_DISTRICT_EN": "Kwun Tong", "LOCATION_EN": "Kowloon Bay Park", "ADDRESS_EN": "11 Kai Lai Road, Kowloon Bay", "NAME_OF_DISTRICT_COUNCIL_DISTRICT_TC": "觀塘區", "LOCATION_TC": "九龍灣公園停車場", "ADDRESS_TC": "九龍灣啟禮道11號", "NAME_OF_DISTRICT_COUNCIL_DISTRICT_SC": "观塘区", "LOCATION_SC": "九龙湾公园停车场", "ADDRESS_SC": "九龙湾启礼道11号", "STANDARD_BS1363_no": "0", "MEDIUM_CCS_DC_COMBO_no": "0", "MEDIUM_IEC62196_no": "10", "MEDIUM_SAEJ1772_no": "0", "MEDIUM_GB_T20234_2_AC__no": "0", "MEDIUM_OTHERS_no": "0", "QUICK_CHAdeMO_no": "0", "QUICK_CCS_DC_COMBO_no": "1", "QUICK_IEC62196_no": "0", "QUICK_GB_T20234_3_DC__no": "1", "QUICK_OTHERS_no": "0", "FAST_CHAdeMO_no": "0", "FAST_CCS_DC_COMBO_no": "0", "FAST_GB_T20234_3_DC__no": "0", "FAST_OTHERS_no": "0", "REMARK_FOR__OTHERS_": "-", "DATA_PATH": "https://ev-charger.epd.gov.hk/resource/ev_charger_avail/evca_ver_1_0.json", "OBJECTID": 12, "total_chargers": 12 }, "geometry": { "type": "Point", "coordinates": [ 114.207161, 22.327232 ] } },
{ "type": "Feature", "properties": { "GmlID": "geotagging.13", "NAME_OF_DISTRICT_COUNCIL_DISTRICT_EN": "Kwai Tsing", "LOCATION_EN": "Kwai Fong Car Park", "ADDRESS_EN": "19 Kwai Yi Road, Kwai Fong", "NAME_OF_DISTRICT_COUNCIL_DISTRICT_TC": "葵青區", "LOCATION_TC": "葵芳停車場", "ADDRESS_TC": "葵芳葵義路19號", "NAME_OF_DISTRICT_COUNCIL_DISTRICT_SC": "葵青区", "LOCATION_SC": "葵芳停车场", "ADDRESS_SC": "葵芳葵义路19号", "STANDARD_BS1363_no": "0", "MEDIUM_CCS_DC_COMBO_no": "0", "MEDIUM_IEC62196_no": "94", "MEDIUM_SAEJ1772_no": "0", "MEDIUM_GB_T20234_2_AC__no": "0", "MEDIUM_OTHERS_no": "0", "QUICK_CHAdeMO_no": "0", "QUICK_CCS_DC_COMBO_no": "0", "QUICK_IEC62196_no": "0", "QUICK_GB_T20234_3_DC__no": "0", "QUICK_OTHERS_no": "0", "FAST_CHAdeMO_no": "0", "FAST_CCS_DC_COMBO_no": "0", "FAST_GB_T20234_3_DC__no": "0", "FAST_OTHERS_no": "0", "REMARK_FOR__OTHERS_": "-", "DATA_PATH": "https://ev-charger.epd.gov.hk/resource/ev_charger_avail/evca_ver_1_0.json", "OBJECTID": 13, "total_chargers": 94 }, "geometry": { "type": "Point", "coordinates": [ 114.127315, 22.355485 ] } },
{ "type": "Feature", "properties": { "GmlID": "geotagging.14", "NAME_OF_DISTRICT_COUNCIL_DISTRICT_EN": "Tai Po", "LOCATION_EN": "Kwong Fuk Park", "ADDRESS_EN": "Kwong Chun Street, Tai Po", "NAME_OF_DISTRICT_COUNCIL_DISTRICT_TC": "大埔區", "LOCATION_TC": "廣福公園停車場", "ADDRESS_TC": "大埔廣進街", "NAME_OF_DISTRICT_COUNCIL_DISTRICT_SC": "大埔区", "LOCATION_SC": "广福公园停车场", "ADDRESS_SC": "大埔广进街", "STANDARD_BS1363_no": "0", "MEDIUM_CCS_DC_COMBO_no": "0", "MEDIUM_IEC62196_no": "5", "MEDIUM_SAEJ1772_no": "0", "MEDIUM_GB_T20234_2_AC__no": "0", "MEDIUM_OTHERS_no": "0", "QUICK_CHAdeMO_no": "0", "QUICK_CCS_DC_COMBO_no": "0", "QUICK_IEC62196_no": "0", "QUICK_GB_T20234_3_DC__no": "0", "QUICK_OTHERS_no": "0", "FAST_CHAdeMO_no": "0", "FAST_CCS_DC_COMBO_no": "0", "FAST_GB_T20234_3_DC__no": "0", "FAST_OTHERS_no": "0", "REMARK_FOR__OTHERS_": "-", "DATA_PATH": "https://ev-charger.epd.gov.hk/resource/ev_charger_avail/evca_ver_1_0.json", "OBJECTID": 14, "total_chargers": 5 }, "geometry": { "type": "Point", "coordinates": [ 114.173066, 22.446042 ] } },
{ "type": "Feature", "properties": { "GmlID": "geotagging.15", "NAME_OF_DISTRICT_COUNCIL_DISTRICT_EN": "Sham Shui Po", "LOCATION_EN": "Lai Chi Kok Park", "ADDRESS_EN": "1 Lai Wan Road, Lai Chi Kok, Kowloon", "NAME_OF_DISTRICT_COUNCIL_DISTRICT_TC": "深水埗區", "LOCATION_TC": "荔枝角公園", "ADDRESS_TC": "九龍荔枝角荔灣道1號", "NAME_OF_DISTRICT_COUNCIL_DISTRICT_SC": "深水埗区", "LOCATION_SC": "荔枝角公园", "ADDRESS_SC": "九龙荔枝角荔湾道1号", "STANDARD_BS1363_no": "0", "MEDIUM_CCS_DC_COMBO_no": "0", "MEDIUM_IEC62196_no": "8", "MEDIUM_SAEJ1772_no": "0", "MEDIUM_GB_T20234_2_AC__no": "0", "MEDIUM_OTHERS_no": "0", "QUICK_CHAdeMO_no": "0", "QUICK_CCS_DC_COMBO_no": "0", "QUICK_IEC62196_no": "0", "QUICK_GB_T20234_3_DC__no": "0", "QUICK_OTHERS_no": "0", "FAST_CHAdeMO_no": "0", "FAST_CCS_DC_COMBO_no": "0", "FAST_GB_T20234_3_DC__no": "0", "FAST_OTHERS_no": "0", "REMARK_FOR__OTHERS_": "-", "DATA_PATH": "https://ev-charger.epd.gov.hk/resource/ev_charger_avail/evca_ver_1_0.json", "OBJECTID": 15, "total_chargers": 8 }, "geometry": { "type": "Point", "coordinates": [ 114.138222, 22.339746 ] } },
{ "type": "Feature", "properties": { "GmlID": "geotagging.16", "NAME_OF_DISTRICT_COUNCIL_DISTRICT_EN": "Kwun Tong", "LOCATION_EN": "Lei Yue Mun Municipal Services Building", "ADDRESS_EN": "6 Lei Yue Mun Path, Yau Tong", "NAME_OF_DISTRICT_COUNCIL_DISTRICT_TC": "觀塘區", "LOCATION_TC": "鯉魚門市政大廈", "ADDRESS_TC": "油塘鯉魚門徑6號", "NAME_OF_DISTRICT_COUNCIL_DISTRICT_SC": "观塘区", "LOCATION_SC": "鲤鱼门市政大厦", "ADDRESS_SC": "油塘鲤鱼门径6号", "STANDARD_BS1363_no": "0", "MEDIUM_CCS_DC_COMBO_no": "0", "MEDIUM_IEC62196_no": "6", "MEDIUM_SAEJ1772_no": "0", "MEDIUM_GB_T20234_2_AC__no": "0", "MEDIUM_OTHERS_no": "0", "QUICK_CHAdeMO_no": "0", "QUICK_CCS_DC_COMBO_no": "0", "QUICK_IEC62196_no": "0", "QUICK_GB_T20234_3_DC__no": "0", "QUICK_OTHERS_no": "0", "FAST_CHAdeMO_no": "0", "FAST_CCS_DC_COMBO_no": "0", "FAST_GB_T20234_3_DC__no": "0", "FAST_OTHERS_no": "0", "REMARK_FOR__OTHERS_": "-", "DATA_PATH": "https://ev-charger.epd.gov.hk/resource/ev_charger_avail/evca_ver_1_0.json", "OBJECTID": 16, "total_chargers": 6 }, "geometry": { "type": "Point", "coordinates": [ 114.238831, 22.292269 ] } },
{ "type": "Feature", "properties": { "GmlID": "geotagging.17", "NAME_OF_DISTRICT_COUNCIL_DISTRICT_EN": "Sham Shui Po", "LOCATION_EN": "Lung Cheung Road Lookout", "ADDRESS_EN": "Lung Cheung Road", "NAME_OF_DISTRICT_COUNCIL_DISTRICT_TC": "深水埗區", "LOCATION_TC": "龍翔道觀景台", "ADDRESS_TC": "龍翔道", "NAME_OF_DISTRICT_COUNCIL_DISTRICT_SC": "深水埗区", "LOCATION_SC": "龙翔道观景台", "ADDRESS_SC": "龙翔道", "STANDARD_BS1363_no": "0", "MEDIUM_CCS_DC_COMBO_no": "0", "MEDIUM_IEC62196_no": "4", "MEDIUM_SAEJ1772_no": "0", "MEDIUM_GB_T20234_2_AC__no": "0", "MEDIUM_OTHERS_no": "0", "QUICK_CHAdeMO_no": "0", "QUICK_CCS_DC_COMBO_no": "0", "QUICK_IEC62196_no": "0", "QUICK_GB_T20234_3_DC__no": "0", "QUICK_OTHERS_no": "0", "FAST_CHAdeMO_no": "0", "FAST_CCS_DC_COMBO_no": "0", "FAST_GB_T20234_3_DC__no": "0", "FAST_OTHERS_no": "0", "REMARK_FOR__OTHERS_": "-", "DATA_PATH": "https://ev-charger.epd.gov.hk/resource/ev_charger_avail/evca_ver_1_0.json", "OBJECTID": 17, "total_chargers": 4 }, "geometry": { "type": "Point", "coordinates": [ 114.171295, 22.343042 ] } },
{ "type": "Feature", "properties": { "GmlID": "geotagging.18", "NAME_OF_DISTRICT_COUNCIL_DISTRICT_EN": "Sha Tin", "LOCATION_EN": "Ma On Shan Sports Ground", "ADDRESS_EN": "No. 1 Hang Hong Street, Ma On Shan, Sha Tin", "NAME_OF_DISTRICT_COUNCIL_DISTRICT_TC": "沙田區", "LOCATION_TC": "馬鞍山運動場", "ADDRESS_TC": "馬鞍山恆康街1號", "NAME_OF_DISTRICT_COUNCIL_DISTRICT_SC": "沙田区", "LOCATION_SC": "马鞍山运动场", "ADDRESS_SC": "马鞍山恒康街1号", "STANDARD_BS1363_no": "0", "MEDIUM_CCS_DC_COMBO_no": "0", "MEDIUM_IEC62196_no": "15", "MEDIUM_SAEJ1772_no": "0", "MEDIUM_GB_T20234_2_AC__no": "0", "MEDIUM_OTHERS_no": "0", "QUICK_CHAdeMO_no": "0", "QUICK_CCS_DC_COMBO_no": "0", "QUICK_IEC62196_no": "0", "QUICK_GB_T20234_3_DC__no": "0", "QUICK_OTHERS_no": "0", "FAST_CHAdeMO_no": "0", "FAST_CCS_DC_COMBO_no": "0", "FAST_GB_T20234_3_DC__no": "0", "FAST_OTHERS_no": "0", "REMARK_FOR__OTHERS_": "-", "DATA_PATH": "https://ev-charger.epd.gov.hk/resource/ev_charger_avail/evca_ver_1_0.json", "OBJECTID": 18, "total_chargers": 15 }, "geometry": { "type": "Point", "coordinates": [ 114.229124, 22.420569 ] } },
{ "type": "Feature", "properties": { "GmlID": "geotagging.19", "NAME_OF_DISTRICT_COUNCIL_DISTRICT_EN": "Sha Tin", "LOCATION_EN": "Ma On Shan Swimming Pool", "ADDRESS_EN": "33 On Chun Street, Ma On Shan, Sha Tin", "NAME_OF_DISTRICT_COUNCIL_DISTRICT_TC": "沙田區", "LOCATION_TC": "馬鞍山游泳池", "ADDRESS_TC": "馬鞍山鞍駿街33號", "NAME_OF_DISTRICT_COUNCIL_DISTRICT_SC": "沙田区", "LOCATION_SC": "马鞍山游泳池", "ADDRESS_SC": "马鞍山鞍骏街33号", "STANDARD_BS1363_no": "0", "MEDIUM_CCS_DC_COMBO_no": "0", "MEDIUM_IEC62196_no": "6", "MEDIUM_SAEJ1772_no": "0", "MEDIUM_GB_T20234_2_AC__no": "0", "MEDIUM_OTHERS_no": "0", "QUICK_CHAdeMO_no": "0", "QUICK_CCS_DC_COMBO_no": "0", "QUICK_IEC62196_no": "0", "QUICK_GB_T20234_3_DC__no": "0", "QUICK_OTHERS_no": "0", "FAST_CHAdeMO_no": "0", "FAST_CCS_DC_COMBO_no": "0", "FAST_GB_T20234_3_DC__no": "0", "FAST_OTHERS_no": "0", "REMARK_FOR__OTHERS_": "-", "DATA_PATH": "https://ev-charger.epd.gov.hk/resource/ev_charger_avail/evca_ver_1_0.json", "OBJECTID": 19, "total_chargers": 6 }, "geometry": { "type": "Point", "coordinates": [ 114.228794, 22.426812 ] } },
{ "type": "Feature", "properties": { "GmlID": "geotagging.20", "NAME_OF_DISTRICT_COUNCIL_DISTRICT_EN": "North", "LOCATION_EN": "Car Park of North District Government Offices", "ADDRESS_EN": "No. 3 Pik Fung Road, Fanling, New Territories, Hong Kong", "NAME_OF_DISTRICT_COUNCIL_DISTRICT_TC": "北區", "LOCATION_TC": "北區政府合署停車場", "ADDRESS_TC": "香港新界粉嶺璧峰路3號", "NAME_OF_DISTRICT_COUNCIL_DISTRICT_SC": "北区", "LOCATION_SC": "北区政府合署停车场", "ADDRESS_SC": "香港新界粉岭璧峰路3号", "STANDARD_BS1363_no": "0", "MEDIUM_CCS_DC_COMBO_no": "0", "MEDIUM_IEC62196_no": "26", "MEDIUM_SAEJ1772_no": "0", "MEDIUM_GB_T20234_2_AC__no": "0", "MEDIUM_OTHERS_no": "0", "QUICK_CHAdeMO_no": "0", "QUICK_CCS_DC_COMBO_no": "0", "QUICK_IEC62196_no": "0", "QUICK_GB_T20234_3_DC__no": "0", "QUICK_OTHERS_no": "0", "FAST_CHAdeMO_no": "0", "FAST_CCS_DC_COMBO_no": "0", "FAST_GB_T20234_3_DC__no": "0", "FAST_OTHERS_no": "0", "REMARK_FOR__OTHERS_": "-", "DATA_PATH": "https://ev-charger.epd.gov.hk/resource/ev_charger_avail/evca_ver_1_0.json", "OBJECTID": 20, "total_chargers": 26 }, "geometry": { "type": "Point", "coordinates": [ 114.138268, 22.494642 ] } },
{ "type": "Feature", "properties": { "GmlID": "geotagging.21", "NAME_OF_DISTRICT_COUNCIL_DISTRICT_EN": "North", "LOCATION_EN": "North District Sports Ground", "ADDRESS_EN": "26 Tin Ping Road, Sheung Shui", "NAME_OF_DISTRICT_COUNCIL_DISTRICT_TC": "北區", "LOCATION_TC": "北區運動場", "ADDRESS_TC": "新界上水天平路26號北區運動場", "NAME_OF_DISTRICT_COUNCIL_DISTRICT_SC": "北区", "LOCATION_SC": "北区运动场", "ADDRESS_SC": "新界上水天平路26号北区运动场", "STANDARD_BS1363_no": "0", "MEDIUM_CCS_DC_COMBO_no": "0", "MEDIUM_IEC62196_no": "8", "MEDIUM_SAEJ1772_no": "0", "MEDIUM_GB_T20234_2_AC__no": "0", "MEDIUM_OTHERS_no": "0", "QUICK_CHAdeMO_no": "0", "QUICK_CCS_DC_COMBO_no": "0", "QUICK_IEC62196_no": "0", "QUICK_GB_T20234_3_DC__no": "0", "QUICK_OTHERS_no": "0", "FAST_CHAdeMO_no": "0", "FAST_CCS_DC_COMBO_no": "0", "FAST_GB_T20234_3_DC__no": "0", "FAST_OTHERS_no": "0", "REMARK_FOR__OTHERS_": "-", "DATA_PATH": "https://ev-charger.epd.gov.hk/resource/ev_charger_avail/evca_ver_1_0.json", "OBJECTID": 21, "total_chargers": 8 }, "geometry": { "type": "Point", "coordinates": [ 114.13047, 22.506212 ] } },
{ "type": "Feature", "properties": { "GmlID": "geotagging.22", "NAME_OF_DISTRICT_COUNCIL_DISTRICT_EN": "North", "LOCATION_EN": "Po Wing Road Sports Centre", "ADDRESS_EN": "19 Pak Wo Road, Sheung Shui", "NAME_OF_DISTRICT_COUNCIL_DISTRICT_TC": "北區", "LOCATION_TC": "保榮路體育館", "ADDRESS_TC": "上水百和路19號", "NAME_OF_DISTRICT_COUNCIL_DISTRICT_SC": "北区", "LOCATION_SC": "保荣路体育馆", "ADDRESS_SC": "上水百和路19号", "STANDARD_BS1363_no": "0", "MEDIUM_CCS_DC_COMBO_no": "0", "MEDIUM_IEC62196_no": "3", "MEDIUM_SAEJ1772_no": "0", "MEDIUM_GB_T20234_2_AC__no": "0", "MEDIUM_OTHERS_no": "0", "QUICK_CHAdeMO_no": "0", "QUICK_CCS_DC_COMBO_no": "0", "QUICK_IEC62196_no": "0", "QUICK_GB_T20234_3_DC__no": "0", "QUICK_OTHERS_no": "0", "FAST_CHAdeMO_no": "0", "FAST_CCS_DC_COMBO_no": "0", "FAST_GB_T20234_3_DC__no": "0", "FAST_OTHERS_no": "0", "REMARK_FOR__OTHERS_": "-", "DATA_PATH": "https://ev-charger.epd.gov.hk/resource/ev_charger_avail/evca_ver_1_0.json", "OBJECTID": 22, "total_chargers": 3 }, "geometry": { "type": "Point", "coordinates": [ 114.128764, 22.497283 ] } },
{ "type": "Feature", "properties": { "GmlID": "geotagging.23", "NAME_OF_DISTRICT_COUNCIL_DISTRICT_EN": "Central & Western", "LOCATION_EN": "Queensway Government Offices", "ADDRESS_EN": "No. 66 Queensway, Hong kong", "NAME_OF_DISTRICT_COUNCIL_DISTRICT_TC": "中西區", "LOCATION_TC": "金鐘道政府合署", "ADDRESS_TC": "香港金鐘道66號", "NAME_OF_DISTRICT_COUNCIL_DISTRICT_SC": "中西区", "LOCATION_SC": "金钟道政府合署", "ADDRESS_SC": "香港金钟道66号", "STANDARD_BS1363_no": "0", "MEDIUM_CCS_DC_COMBO_no": "0", "MEDIUM_IEC62196_no": "48", "MEDIUM_SAEJ1772_no": "0", "MEDIUM_GB_T20234_2_AC__no": "0", "MEDIUM_OTHERS_no": "0", "QUICK_CHAdeMO_no": "0", "QUICK_CCS_DC_COMBO_no": "0", "QUICK_IEC62196_no": "0", "QUICK_GB_T20234_3_DC__no": "0", "QUICK_OTHERS_no": "0", "FAST_CHAdeMO_no": "0", "FAST_CCS_DC_COMBO_no": "0", "FAST_GB_T20234_3_DC__no": "0", "FAST_OTHERS_no": "0", "REMARK_FOR__OTHERS_": "-", "DATA_PATH": "https://ev-charger.epd.gov.hk/resource/ev_charger_avail/evca_ver_1_0.json", "OBJECTID": 23, "total_chargers": 48 }, "geometry": { "type": "Point", "coordinates": [ 114.163887, 22.277721 ] } },
{ "type": "Feature", "properties": { "GmlID": "geotagging.24", "NAME_OF_DISTRICT_COUNCIL_DISTRICT_EN": "Sha Tin", "LOCATION_EN": "Sha Tin Sports Ground & Yuen Wo Playground Car Park", "ADDRESS_EN": "18 Yuen Wo Road, Sha Tin, N.T.", "NAME_OF_DISTRICT_COUNCIL_DISTRICT_TC": "沙田區", "LOCATION_TC": "沙田運動場 & 源禾遊樂場停車場", "ADDRESS_TC": "沙田源禾路18號", "NAME_OF_DISTRICT_COUNCIL_DISTRICT_SC": "沙田区", "LOCATION_SC": "沙田运动场 & 源禾游乐场停车场", "ADDRESS_SC": "沙田源禾路18号", "STANDARD_BS1363_no": "0", "MEDIUM_CCS_DC_COMBO_no": "0", "MEDIUM_IEC62196_no": "6", "MEDIUM_SAEJ1772_no": "0", "MEDIUM_GB_T20234_2_AC__no": "0", "MEDIUM_OTHERS_no": "0", "QUICK_CHAdeMO_no": "0", "QUICK_CCS_DC_COMBO_no": "0", "QUICK_IEC62196_no": "0", "QUICK_GB_T20234_3_DC__no": "0", "QUICK_OTHERS_no": "0", "FAST_CHAdeMO_no": "0", "FAST_CCS_DC_COMBO_no": "0", "FAST_GB_T20234_3_DC__no": "0", "FAST_OTHERS_no": "0", "REMARK_FOR__OTHERS_": "-", "DATA_PATH": "https://ev-charger.epd.gov.hk/resource/ev_charger_avail/evca_ver_1_0.json", "OBJECTID": 24, "total_chargers": 6 }, "geometry": { "type": "Point", "coordinates": [ 114.196281, 22.386976 ] } },
{ "type": "Feature", "properties": { "GmlID": "geotagging.25", "NAME_OF_DISTRICT_COUNCIL_DISTRICT_EN": "Sham Shui Po", "LOCATION_EN": "Sham Shui Po Sports Ground", "ADDRESS_EN": "3 Hing Wah Street, Cheung Sha Wan, Kowloon", "NAME_OF_DISTRICT_COUNCIL_DISTRICT_TC": "深水埗區", "LOCATION_TC": "深水埗運動場", "ADDRESS_TC": "九龍長沙灣興華街3號", "NAME_OF_DISTRICT_COUNCIL_DISTRICT_SC": "深水埗区", "LOCATION_SC": "深水埗运动场", "ADDRESS_SC": "九龙长沙湾兴华街3号", "STANDARD_BS1363_no": "0", "MEDIUM_CCS_DC_COMBO_no": "0", "MEDIUM_IEC62196_no": "2", "MEDIUM_SAEJ1772_no": "0", "MEDIUM_GB_T20234_2_AC__no": "0", "MEDIUM_OTHERS_no": "0", "QUICK_CHAdeMO_no": "0", "QUICK_CCS_DC_COMBO_no": "0", "QUICK_IEC62196_no": "0", "QUICK_GB_T20234_3_DC__no": "0", "QUICK_OTHERS_no": "0", "FAST_CHAdeMO_no": "0", "FAST_CCS_DC_COMBO_no": "0", "FAST_GB_T20234_3_DC__no": "0", "FAST_OTHERS_no": "0", "REMARK_FOR__OTHERS_": "-", "DATA_PATH": "https://ev-charger.epd.gov.hk/resource/ev_charger_avail/evca_ver_1_0.json", "OBJECTID": 25, "total_chargers": 2 }, "geometry": { "type": "Point", "coordinates": [ 114.151231, 22.33691 ] } },
{ "type": "Feature", "properties": { "GmlID": "geotagging.26", "NAME_OF_DISTRICT_COUNCIL_DISTRICT_EN": "North", "LOCATION_EN": "Sheung Shui Swimming Pool", "ADDRESS_EN": "38 Tin Ping Road, Sheung Shui", "NAME_OF_DISTRICT_COUNCIL_DISTRICT_TC": "北區", "LOCATION_TC": "上水游泳池", "ADDRESS_TC": "上水天平路38號", "NAME_OF_DISTRICT_COUNCIL_DISTRICT_SC": "北区", "LOCATION_SC": "上水游泳池", "ADDRESS_SC": "上水天平路38号", "STANDARD_BS1363_no": "0", "MEDIUM_CCS_DC_COMBO_no": "0", "MEDIUM_IEC62196_no": "3", "MEDIUM_SAEJ1772_no": "0", "MEDIUM_GB_T20234_2_AC__no": "0", "MEDIUM_OTHERS_no": "0", "QUICK_CHAdeMO_no": "0", "QUICK_CCS_DC_COMBO_no": "0", "QUICK_IEC62196_no": "0", "QUICK_GB_T20234_3_DC__no": "0", "QUICK_OTHERS_no": "0", "FAST_CHAdeMO_no": "0", "FAST_CCS_DC_COMBO_no": "0", "FAST_GB_T20234_3_DC__no": "0", "FAST_OTHERS_no": "0", "REMARK_FOR__OTHERS_": "-", "DATA_PATH": "https://ev-charger.epd.gov.hk/resource/ev_charger_avail/evca_ver_1_0.json", "OBJECTID": 26, "total_chargers": 3 }, "geometry": { "type": "Point", "coordinates": [ 114.131584, 22.505968 ] } },
{ "type": "Feature", "properties": { "GmlID": "geotagging.27", "NAME_OF_DISTRICT_COUNCIL_DISTRICT_EN": "Tsuen Wan", "LOCATION_EN": "Shing Mun Valley Sports Ground", "ADDRESS_EN": "21 Shing Mun Road, Tsuen Wan", "NAME_OF_DISTRICT_COUNCIL_DISTRICT_TC": "荃灣區", "LOCATION_TC": "城門谷運動場", "ADDRESS_TC": "荃灣城門道21號", "NAME_OF_DISTRICT_COUNCIL_DISTRICT_SC": "荃湾区", "LOCATION_SC": "城门谷运动场", "ADDRESS_SC": "荃湾城门道21号", "STANDARD_BS1363_no": "0", "MEDIUM_CCS_DC_COMBO_no": "0", "MEDIUM_IEC62196_no": "6", "MEDIUM_SAEJ1772_no": "0", "MEDIUM_GB_T20234_2_AC__no": "0", "MEDIUM_OTHERS_no": "0", "QUICK_CHAdeMO_no": "0", "QUICK_CCS_DC_COMBO_no": "0", "QUICK_IEC62196_no": "0", "QUICK_GB_T20234_3_DC__no": "0", "QUICK_OTHERS_no": "0", "FAST_CHAdeMO_no": "0", "FAST_CCS_DC_COMBO_no": "0", "FAST_GB_T20234_3_DC__no": "0", "FAST_OTHERS_no": "0", "REMARK_FOR__OTHERS_": "-", "DATA_PATH": "https://ev-charger.epd.gov.hk/resource/ev_charger_avail/evca_ver_1_0.json", "OBJECTID": 27, "total_chargers": 6 }, "geometry": { "type": "Point", "coordinates": [ 114.129176, 22.376622 ] } },
{ "type": "Feature", "properties": { "GmlID": "geotagging.28", "NAME_OF_DISTRICT_COUNCIL_DISTRICT_EN": "Tsuen Wan", "LOCATION_EN": "Shing Mun Valley Swimming Pool", "ADDRESS_EN": "21 Shing Mun Road, Tsuen Wan", "NAME_OF_DISTRICT_COUNCIL_DISTRICT_TC": "荃灣區", "LOCATION_TC": "城門谷游泳池", "ADDRESS_TC": "荃灣城門道21號", "NAME_OF_DISTRICT_COUNCIL_DISTRICT_SC": "荃湾区", "LOCATION_SC": "城门谷游泳池", "ADDRESS_SC": "荃湾城门道21号", "STANDARD_BS1363_no": "0", "MEDIUM_CCS_DC_COMBO_no": "0", "MEDIUM_IEC62196_no": "2", "MEDIUM_SAEJ1772_no": "0", "MEDIUM_GB_T20234_2_AC__no": "0", "MEDIUM_OTHERS_no": "0", "QUICK_CHAdeMO_no": "0", "QUICK_CCS_DC_COMBO_no": "0", "QUICK_IEC62196_no": "0", "QUICK_GB_T20234_3_DC__no": "0", "QUICK_OTHERS_no": "0", "FAST_CHAdeMO_no": "0", "FAST_CCS_DC_COMBO_no": "0", "FAST_GB_T20234_3_DC__no": "0", "FAST_OTHERS_no": "0", "REMARK_FOR__OTHERS_": "-", "DATA_PATH": "https://ev-charger.epd.gov.hk/resource/ev_charger_avail/evca_ver_1_0.json", "OBJECTID": 28, "total_chargers": 2 }, "geometry": { "type": "Point", "coordinates": [ 114.123438, 22.372604 ] } },
{ "type": "Feature", "properties": { "GmlID": "geotagging.29", "NAME_OF_DISTRICT_COUNCIL_DISTRICT_EN": "Kwun Tong", "LOCATION_EN": "Shun Lee Tsuen Park", "ADDRESS_EN": "Shun Lee Tsuen Park", "NAME_OF_DISTRICT_COUNCIL_DISTRICT_TC": "觀塘區", "LOCATION_TC": "順利邨公園", "ADDRESS_TC": "順利邨公園", "NAME_OF_DISTRICT_COUNCIL_DISTRICT_SC": "观塘区", "LOCATION_SC": "顺利邨公园", "ADDRESS_SC": "顺利邨公园", "STANDARD_BS1363_no": "0", "MEDIUM_CCS_DC_COMBO_no": "0", "MEDIUM_IEC62196_no": "4", "MEDIUM_SAEJ1772_no": "0", "MEDIUM_GB_T20234_2_AC__no": "0", "MEDIUM_OTHERS_no": "0", "QUICK_CHAdeMO_no": "0", "QUICK_CCS_DC_COMBO_no": "0", "QUICK_IEC62196_no": "0", "QUICK_GB_T20234_3_DC__no": "0", "QUICK_OTHERS_no": "0", "FAST_CHAdeMO_no": "0", "FAST_CCS_DC_COMBO_no": "0", "FAST_GB_T20234_3_DC__no": "0", "FAST_OTHERS_no": "0", "REMARK_FOR__OTHERS_": "-", "DATA_PATH": "https://ev-charger.epd.gov.hk/resource/ev_charger_avail/evca_ver_1_0.json", "OBJECTID": 29, "total_chargers": 4 }, "geometry": { "type": "Point", "coordinates": [ 114.225083, 22.329178 ] } },
{ "type": "Feature", "properties": { "GmlID": "geotagging.30", "NAME_OF_DISTRICT_COUNCIL_DISTRICT_EN": "Sha Tin", "LOCATION_EN": "Siu Lek Yuen Road Playground", "ADDRESS_EN": "No. 1 Siu Lek Yuen Road, Sha Tin", "NAME_OF_DISTRICT_COUNCIL_DISTRICT_TC": "沙田區", "LOCATION_TC": "小瀝源路遊樂場", "ADDRESS_TC": "沙田小瀝源路1號", "NAME_OF_DISTRICT_COUNCIL_DISTRICT_SC": "沙田区", "LOCATION_SC": "小沥源路游乐场", "ADDRESS_SC": "沙田小沥源路1号", "STANDARD_BS1363_no": "0", "MEDIUM_CCS_DC_COMBO_no": "0", "MEDIUM_IEC62196_no": "3", "MEDIUM_SAEJ1772_no": "0", "MEDIUM_GB_T20234_2_AC__no": "0", "MEDIUM_OTHERS_no": "0", "QUICK_CHAdeMO_no": "0", "QUICK_CCS_DC_COMBO_no": "0", "QUICK_IEC62196_no": "0", "QUICK_GB_T20234_3_DC__no": "0", "QUICK_OTHERS_no": "0", "FAST_CHAdeMO_no": "0", "FAST_CCS_DC_COMBO_no": "0", "FAST_GB_T20234_3_DC__no": "0", "FAST_OTHERS_no": "0", "REMARK_FOR__OTHERS_": "-", "DATA_PATH": "https://ev-charger.epd.gov.hk/resource/ev_charger_avail/evca_ver_1_0.json", "OBJECTID": 30, "total_chargers": 3 }, "geometry": { "type": "Point", "coordinates": [ 114.205784, 22.386974 ] } },
{ "type": "Feature", "properties": { "GmlID": "geotagging.31", "NAME_OF_DISTRICT_COUNCIL_DISTRICT_EN": "Central & Western", "LOCATION_EN": "Sun Yat Sen Memorial Park", "ADDRESS_EN": "16 Eastern Street North, Sai Ying Pun, Hong Kong", "NAME_OF_DISTRICT_COUNCIL_DISTRICT_TC": "中西區", "LOCATION_TC": "中山紀念公園", "ADDRESS_TC": "西營盤東邊街北16號", "NAME_OF_DISTRICT_COUNCIL_DISTRICT_SC": "中西区", "LOCATION_SC": "中山纪念公园", "ADDRESS_SC": "西营盘东边街北16号", "STANDARD_BS1363_no": "0", "MEDIUM_CCS_DC_COMBO_no": "0", "MEDIUM_IEC62196_no": "12", "MEDIUM_SAEJ1772_no": "0", "MEDIUM_GB_T20234_2_AC__no": "0", "MEDIUM_OTHERS_no": "0", "QUICK_CHAdeMO_no": "0", "QUICK_CCS_DC_COMBO_no": "0", "QUICK_IEC62196_no": "0", "QUICK_GB_T20234_3_DC__no": "0", "QUICK_OTHERS_no": "0", "FAST_CHAdeMO_no": "0", "FAST_CCS_DC_COMBO_no": "1", "FAST_GB_T20234_3_DC__no": "1", "FAST_OTHERS_no": "0", "REMARK_FOR__OTHERS_": "-", "DATA_PATH": "https://ev-charger.epd.gov.hk/resource/ev_charger_avail/evca_ver_1_0.json", "OBJECTID": 31, "total_chargers": 14 }, "geometry": { "type": "Point", "coordinates": [ 114.144469, 22.289491 ] } },
{ "type": "Feature", "properties": { "GmlID": "geotagging.32", "NAME_OF_DISTRICT_COUNCIL_DISTRICT_EN": "Tai Po", "LOCATION_EN": "Tai Po Complex Car Park", "ADDRESS_EN": "No. 8 Heung Sze Wui Street, Tai Po", "NAME_OF_DISTRICT_COUNCIL_DISTRICT_TC": "大埔區", "LOCATION_TC": "大埔綜合大樓停車場", "ADDRESS_TC": "大埔鄉事會街8號", "NAME_OF_DISTRICT_COUNCIL_DISTRICT_SC": "大埔区", "LOCATION_SC": "大埔综合大楼停车场", "ADDRESS_SC": "大埔乡事会街8号", "STANDARD_BS1363_no": "0", "MEDIUM_CCS_DC_COMBO_no": "0", "MEDIUM_IEC62196_no": "5", "MEDIUM_SAEJ1772_no": "0", "MEDIUM_GB_T20234_2_AC__no": "0", "MEDIUM_OTHERS_no": "0", "QUICK_CHAdeMO_no": "0", "QUICK_CCS_DC_COMBO_no": "0", "QUICK_IEC62196_no": "0", "QUICK_GB_T20234_3_DC__no": "0", "QUICK_OTHERS_no": "0", "FAST_CHAdeMO_no": "0", "FAST_CCS_DC_COMBO_no": "0", "FAST_GB_T20234_3_DC__no": "0", "FAST_OTHERS_no": "0", "REMARK_FOR__OTHERS_": "-", "DATA_PATH": "https://ev-charger.epd.gov.hk/resource/ev_charger_avail/evca_ver_1_0.json", "OBJECTID": 32, "total_chargers": 5 }, "geometry": { "type": "Point", "coordinates": [ 114.166718, 22.446348 ] } },
{ "type": "Feature", "properties": { "GmlID": "geotagging.33", "NAME_OF_DISTRICT_COUNCIL_DISTRICT_EN": "Tai Po", "LOCATION_EN": "Tai Po Sports Ground", "ADDRESS_EN": "21 Tai Po Tau Road, Tai Po", "NAME_OF_DISTRICT_COUNCIL_DISTRICT_TC": "大埔區", "LOCATION_TC": "大埔運動場停車場", "ADDRESS_TC": "大埔頭路21 號", "NAME_OF_DISTRICT_COUNCIL_DISTRICT_SC": "大埔区", "LOCATION_SC": "大埔运动场停车场", "ADDRESS_SC": "大埔头路21 号", "STANDARD_BS1363_no": "0", "MEDIUM_CCS_DC_COMBO_no": "0", "MEDIUM_IEC62196_no": "3", "MEDIUM_SAEJ1772_no": "0", "MEDIUM_GB_T20234_2_AC__no": "0", "MEDIUM_OTHERS_no": "0", "QUICK_CHAdeMO_no": "0", "QUICK_CCS_DC_COMBO_no": "0", "QUICK_IEC62196_no": "0", "QUICK_GB_T20234_3_DC__no": "0", "QUICK_OTHERS_no": "0", "FAST_CHAdeMO_no": "0", "FAST_CCS_DC_COMBO_no": "0", "FAST_GB_T20234_3_DC__no": "0", "FAST_OTHERS_no": "0", "REMARK_FOR__OTHERS_": "-", "DATA_PATH": "https://ev-charger.epd.gov.hk/resource/ev_charger_avail/evca_ver_1_0.json", "OBJECTID": 33, "total_chargers": 3 }, "geometry": { "type": "Point", "coordinates": [ 114.163034, 22.45551 ] } },
{ "type": "Feature", "properties": { "GmlID": "geotagging.34", "NAME_OF_DISTRICT_COUNCIL_DISTRICT_EN": "Wan Chai", "LOCATION_EN": "Tin Hau Car Park", "ADDRESS_EN": "1 King's Road, Causeway Bay", "NAME_OF_DISTRICT_COUNCIL_DISTRICT_TC": "灣仔區", "LOCATION_TC": "天后停車場", "ADDRESS_TC": "銅鑼灣英皇道1號", "NAME_OF_DISTRICT_COUNCIL_DISTRICT_SC": "湾仔区", "LOCATION_SC": "天后停车场", "ADDRESS_SC": "铜锣湾英皇道1号", "STANDARD_BS1363_no": "0", "MEDIUM_CCS_DC_COMBO_no": "0", "MEDIUM_IEC62196_no": "159", "MEDIUM_SAEJ1772_no": "0", "MEDIUM_GB_T20234_2_AC__no": "0", "MEDIUM_OTHERS_no": "0", "QUICK_CHAdeMO_no": "0", "QUICK_CCS_DC_COMBO_no": "1", "QUICK_IEC62196_no": "0", "QUICK_GB_T20234_3_DC__no": "1", "QUICK_OTHERS_no": "0", "FAST_CHAdeMO_no": "0", "FAST_CCS_DC_COMBO_no": "0", "FAST_GB_T20234_3_DC__no": "0", "FAST_OTHERS_no": "0", "REMARK_FOR__OTHERS_": "-", "DATA_PATH": "https://ev-charger.epd.gov.hk/resource/ev_charger_avail/evca_ver_1_0.json", "OBJECTID": 34, "total_chargers": 161 }, "geometry": { "type": "Point", "coordinates": [ 114.191665, 22.282882 ] } },
{ "type": "Feature", "properties": { "GmlID": "geotagging.35", "NAME_OF_DISTRICT_COUNCIL_DISTRICT_EN": "Kowloon City", "LOCATION_EN": "Trade and Industry Tower Car Park", "ADDRESS_EN": "No. 3 Concords Road, Kai Tak, Kowloon, Hong Kong", "NAME_OF_DISTRICT_COUNCIL_DISTRICT_TC": "九龍城區", "LOCATION_TC": "工業貿易大樓停車場", "ADDRESS_TC": "香港九龍啟德協調道3號", "NAME_OF_DISTRICT_COUNCIL_DISTRICT_SC": "九龙城区", "LOCATION_SC": "工业贸易大楼停车场", "ADDRESS_SC": "香港九龙启德协调道3号", "STANDARD_BS1363_no": "0", "MEDIUM_CCS_DC_COMBO_no": "0", "MEDIUM_IEC62196_no": "20", "MEDIUM_SAEJ1772_no": "0", "MEDIUM_GB_T20234_2_AC__no": "0", "MEDIUM_OTHERS_no": "0", "QUICK_CHAdeMO_no": "0", "QUICK_CCS_DC_COMBO_no": "0", "QUICK_IEC62196_no": "0", "QUICK_GB_T20234_3_DC__no": "0", "QUICK_OTHERS_no": "0", "FAST_CHAdeMO_no": "0", "FAST_CCS_DC_COMBO_no": "0", "FAST_GB_T20234_3_DC__no": "0", "FAST_OTHERS_no": "0", "REMARK_FOR__OTHERS_": "-", "DATA_PATH": "https://ev-charger.epd.gov.hk/resource/ev_charger_avail/evca_ver_1_0.json", "OBJECTID": 35, "total_chargers": 20 }, "geometry": { "type": "Point", "coordinates": [ 114.197938, 22.33266 ] } },
{ "type": "Feature", "properties": { "GmlID": "geotagging.36", "NAME_OF_DISTRICT_COUNCIL_DISTRICT_EN": "Tuen Mun", "LOCATION_EN": "Tuen Mun Government Offices", "ADDRESS_EN": "No.1 Tuen Hi Road, Tuen Mun, New Territories", "NAME_OF_DISTRICT_COUNCIL_DISTRICT_TC": "屯門區", "LOCATION_TC": "屯門政府合署", "ADDRESS_TC": "新界屯門屯喜路1號", "NAME_OF_DISTRICT_COUNCIL_DISTRICT_SC": "屯门区", "LOCATION_SC": "屯门政府合署", "ADDRESS_SC": "新界屯门屯喜路1号", "STANDARD_BS1363_no": "0", "MEDIUM_CCS_DC_COMBO_no": "0", "MEDIUM_IEC62196_no": "22", "MEDIUM_SAEJ1772_no": "0", "MEDIUM_GB_T20234_2_AC__no": "0", "MEDIUM_OTHERS_no": "0", "QUICK_CHAdeMO_no": "0", "QUICK_CCS_DC_COMBO_no": "0", "QUICK_IEC62196_no": "0", "QUICK_GB_T20234_3_DC__no": "0", "QUICK_OTHERS_no": "0", "FAST_CHAdeMO_no": "0", "FAST_CCS_DC_COMBO_no": "0", "FAST_GB_T20234_3_DC__no": "0", "FAST_OTHERS_no": "0", "REMARK_FOR__OTHERS_": "-", "DATA_PATH": "https://ev-charger.epd.gov.hk/resource/ev_charger_avail/evca_ver_1_0.json", "OBJECTID": 36, "total_chargers": 22 }, "geometry": { "type": "Point", "coordinates": [ 113.976267, 22.39034 ] } },
{ "type": "Feature", "properties": { "GmlID": "geotagging.37", "NAME_OF_DISTRICT_COUNCIL_DISTRICT_EN": "Tuen Mun", "LOCATION_EN": "Tuen Mun North West Swimming Pool", "ADDRESS_EN": "95 Ming Kum Road, Tuen Mun, N.T.", "NAME_OF_DISTRICT_COUNCIL_DISTRICT_TC": "屯門區", "LOCATION_TC": "屯門西北游泳池", "ADDRESS_TC": "屯門鳴琴路95號", "NAME_OF_DISTRICT_COUNCIL_DISTRICT_SC": "屯门区", "LOCATION_SC": "屯门西北游泳池", "ADDRESS_SC": "屯门鸣琴路95号", "STANDARD_BS1363_no": "0", "MEDIUM_CCS_DC_COMBO_no": "0", "MEDIUM_IEC62196_no": "9", "MEDIUM_SAEJ1772_no": "0", "MEDIUM_GB_T20234_2_AC__no": "0", "MEDIUM_OTHERS_no": "0", "QUICK_CHAdeMO_no": "0", "QUICK_CCS_DC_COMBO_no": "0", "QUICK_IEC62196_no": "0", "QUICK_GB_T20234_3_DC__no": "0", "QUICK_OTHERS_no": "0", "FAST_CHAdeMO_no": "0", "FAST_CCS_DC_COMBO_no": "0", "FAST_GB_T20234_3_DC__no": "0", "FAST_OTHERS_no": "0", "REMARK_FOR__OTHERS_": "-", "DATA_PATH": "https://ev-charger.epd.gov.hk/resource/ev_charger_avail/evca_ver_1_0.json", "OBJECTID": 37, "total_chargers": 9 }, "geometry": { "type": "Point", "coordinates": [ 113.965569, 22.408665 ] } },
{ "type": "Feature", "properties": { "GmlID": "geotagging.38", "NAME_OF_DISTRICT_COUNCIL_DISTRICT_EN": "North", "LOCATION_EN": "Wo Hing Sports Centre", "ADDRESS_EN": "No.8 Wo Ming Lane, Fanling", "NAME_OF_DISTRICT_COUNCIL_DISTRICT_TC": "北區", "LOCATION_TC": "和興體育館", "ADDRESS_TC": "粉嶺和鳴里8號地下", "NAME_OF_DISTRICT_COUNCIL_DISTRICT_SC": "北区", "LOCATION_SC": "和兴体育馆", "ADDRESS_SC": "粉岭和鸣里8号地下", "STANDARD_BS1363_no": "0", "MEDIUM_CCS_DC_COMBO_no": "0", "MEDIUM_IEC62196_no": "4", "MEDIUM_SAEJ1772_no": "0", "MEDIUM_GB_T20234_2_AC__no": "0", "MEDIUM_OTHERS_no": "0", "QUICK_CHAdeMO_no": "0", "QUICK_CCS_DC_COMBO_no": "0", "QUICK_IEC62196_no": "0", "QUICK_GB_T20234_3_DC__no": "0", "QUICK_OTHERS_no": "0", "FAST_CHAdeMO_no": "0", "FAST_CCS_DC_COMBO_no": "0", "FAST_GB_T20234_3_DC__no": "0", "FAST_OTHERS_no": "0", "REMARK_FOR__OTHERS_": "-", "DATA_PATH": "https://ev-charger.epd.gov.hk/resource/ev_charger_avail/evca_ver_1_0.json", "OBJECTID": 38, "total_chargers": 4 }, "geometry": { "type": "Point", "coordinates": [ 114.143127, 22.484745 ] } },
{ "type": "Feature", "properties": { "GmlID": "geotagging.39", "NAME_OF_DISTRICT_COUNCIL_DISTRICT_EN": "Tuen Mun", "LOCATION_EN": "Yau Oi Sports Centre", "ADDRESS_EN": "No. 3 Hing On Lane, Tuen Mun, New Territories", "NAME_OF_DISTRICT_COUNCIL_DISTRICT_TC": "屯門區", "LOCATION_TC": "友愛體育館", "ADDRESS_TC": "新界屯門興安里3號", "NAME_OF_DISTRICT_COUNCIL_DISTRICT_SC": "屯门区", "LOCATION_SC": "友爱体育馆", "ADDRESS_SC": "新界屯门兴安里3号", "STANDARD_BS1363_no": "0", "MEDIUM_CCS_DC_COMBO_no": "0", "MEDIUM_IEC62196_no": "3", "MEDIUM_SAEJ1772_no": "0", "MEDIUM_GB_T20234_2_AC__no": "0", "MEDIUM_OTHERS_no": "0", "QUICK_CHAdeMO_no": "0", "QUICK_CCS_DC_COMBO_no": "0", "QUICK_IEC62196_no": "0", "QUICK_GB_T20234_3_DC__no": "0", "QUICK_OTHERS_no": "0", "FAST_CHAdeMO_no": "0", "FAST_CCS_DC_COMBO_no": "0", "FAST_GB_T20234_3_DC__no": "0", "FAST_OTHERS_no": "0", "REMARK_FOR__OTHERS_": "-", "DATA_PATH": "https://ev-charger.epd.gov.hk/resource/ev_charger_avail/evca_ver_1_0.json", "OBJECTID": 39, "total_chargers": 3 }, "geometry": { "type": "Point", "coordinates": [ 113.971313, 22.385109 ] } },
{ "type": "Feature", "properties": { "GmlID": "geotagging.40", "NAME_OF_DISTRICT_COUNCIL_DISTRICT_EN": "Sham Shui Po", "LOCATION_EN": "Cheung Sha Wan Government Offices Car Park", "ADDRESS_EN": "303 Cheung Sha Wan Road, Kowloon", "NAME_OF_DISTRICT_COUNCIL_DISTRICT_TC": "深水埗區", "LOCATION_TC": "長沙灣政府合署停車場", "ADDRESS_TC": "九龍長沙灣道303號", "NAME_OF_DISTRICT_COUNCIL_DISTRICT_SC": "深水埗区", "LOCATION_SC": "长沙湾政府合署停车场", "ADDRESS_SC": "九龙长沙湾道303号", "STANDARD_BS1363_no": "0", "MEDIUM_CCS_DC_COMBO_no": "0", "MEDIUM_IEC62196_no": "71", "MEDIUM_SAEJ1772_no": "0", "MEDIUM_GB_T20234_2_AC__no": "0", "MEDIUM_OTHERS_no": "0", "QUICK_CHAdeMO_no": "0", "QUICK_CCS_DC_COMBO_no": "0", "QUICK_IEC62196_no": "0", "QUICK_GB_T20234_3_DC__no": "0", "QUICK_OTHERS_no": "0", "FAST_CHAdeMO_no": "0", "FAST_CCS_DC_COMBO_no": "0", "FAST_GB_T20234_3_DC__no": "0", "FAST_OTHERS_no": "0", "REMARK_FOR__OTHERS_": "-", "DATA_PATH": "https://ev-charger.epd.gov.hk/resource/ev_charger_avail/evca_ver_1_0.json", "OBJECTID": 40, "total_chargers": 71 }, "geometry": { "type": "Point", "coordinates": [ 114.160364, 22.331759 ] } },
{ "type": "Feature", "properties": { "GmlID": "geotagging.41", "NAME_OF_DISTRICT_COUNCIL_DISTRICT_EN": "Kwai Tsing", "LOCATION_EN": "Hing Fong Road Playground", "ADDRESS_EN": "Hing Fong Road, Kwai Chung", "NAME_OF_DISTRICT_COUNCIL_DISTRICT_TC": "葵青區", "LOCATION_TC": "興芳路遊樂場", "ADDRESS_TC": "葵涌興芳路", "NAME_OF_DISTRICT_COUNCIL_DISTRICT_SC": "葵青区", "LOCATION_SC": "兴芳路游乐场", "ADDRESS_SC": "葵涌兴芳路", "STANDARD_BS1363_no": "0", "MEDIUM_CCS_DC_COMBO_no": "0", "MEDIUM_IEC62196_no": "3", "MEDIUM_SAEJ1772_no": "0", "MEDIUM_GB_T20234_2_AC__no": "0", "MEDIUM_OTHERS_no": "0", "QUICK_CHAdeMO_no": "0", "QUICK_CCS_DC_COMBO_no": "0", "QUICK_IEC62196_no": "0", "QUICK_GB_T20234_3_DC__no": "0", "QUICK_OTHERS_no": "0", "FAST_CHAdeMO_no": "0", "FAST_CCS_DC_COMBO_no": "0", "FAST_GB_T20234_3_DC__no": "0", "FAST_OTHERS_no": "0", "REMARK_FOR__OTHERS_": "-", "DATA_PATH": "https://ev-charger.epd.gov.hk/resource/ev_charger_avail/evca_ver_1_0.json", "OBJECTID": 41, "total_chargers": 3 }, "geometry": { "type": "Point", "coordinates": [ 114.128154, 22.360847 ] } },
{ "type": "Feature", "properties": { "GmlID": "geotagging.42", "NAME_OF_DISTRICT_COUNCIL_DISTRICT_EN": "Yau Tsim Mong", "LOCATION_EN": "Kowloon Park", "ADDRESS_EN": "22, Austin Road, Tsim Sha Tsui, Kowloon", "NAME_OF_DISTRICT_COUNCIL_DISTRICT_TC": "油尖旺區", "LOCATION_TC": "九龍公園", "ADDRESS_TC": "九龍尖沙咀柯士甸道22號", "NAME_OF_DISTRICT_COUNCIL_DISTRICT_SC": "油尖旺区", "LOCATION_SC": "九龙公园", "ADDRESS_SC": "九龙尖沙咀柯士甸道22号", "STANDARD_BS1363_no": "0", "MEDIUM_CCS_DC_COMBO_no": "0", "MEDIUM_IEC62196_no": "9", "MEDIUM_SAEJ1772_no": "0", "MEDIUM_GB_T20234_2_AC__no": "0", "MEDIUM_OTHERS_no": "0", "QUICK_CHAdeMO_no": "0", "QUICK_CCS_DC_COMBO_no": "0", "QUICK_IEC62196_no": "0", "QUICK_GB_T20234_3_DC__no": "0", "QUICK_OTHERS_no": "0", "FAST_CHAdeMO_no": "0", "FAST_CCS_DC_COMBO_no": "0", "FAST_GB_T20234_3_DC__no": "0", "FAST_OTHERS_no": "0", "REMARK_FOR__OTHERS_": "-", "DATA_PATH": "https://ev-charger.epd.gov.hk/resource/ev_charger_avail/evca_ver_1_0.json", "OBJECTID": 42, "total_chargers": 9 }, "geometry": { "type": "Point", "coordinates": [ 114.170559, 22.302712 ] } },
{ "type": "Feature", "properties": { "GmlID": "geotagging.43", "NAME_OF_DISTRICT_COUNCIL_DISTRICT_EN": "Kwai Tsing", "LOCATION_EN": "Kwai Chung Sports Ground", "ADDRESS_EN": "93 Hing Shing Road, Kwai Chung", "NAME_OF_DISTRICT_COUNCIL_DISTRICT_TC": "葵青區", "LOCATION_TC": "葵涌運動場", "ADDRESS_TC": "葵涌興盛路93號", "NAME_OF_DISTRICT_COUNCIL_DISTRICT_SC": "葵青区", "LOCATION_SC": "葵涌运动场", "ADDRESS_SC": "葵涌兴盛路93号", "STANDARD_BS1363_no": "0", "MEDIUM_CCS_DC_COMBO_no": "0", "MEDIUM_IEC62196_no": "3", "MEDIUM_SAEJ1772_no": "0", "MEDIUM_GB_T20234_2_AC__no": "0", "MEDIUM_OTHERS_no": "0", "QUICK_CHAdeMO_no": "0", "QUICK_CCS_DC_COMBO_no": "0", "QUICK_IEC62196_no": "0", "QUICK_GB_T20234_3_DC__no": "0", "QUICK_OTHERS_no": "0", "FAST_CHAdeMO_no": "0", "FAST_CCS_DC_COMBO_no": "0", "FAST_GB_T20234_3_DC__no": "0", "FAST_OTHERS_no": "0", "REMARK_FOR__OTHERS_": "-", "DATA_PATH": "https://ev-charger.epd.gov.hk/resource/ev_charger_avail/evca_ver_1_0.json", "OBJECTID": 43, "total_chargers": 3 }, "geometry": { "type": "Point", "coordinates": [ 114.124318, 22.35872 ] } },
{ "type": "Feature", "properties": { "GmlID": "geotagging.44", "NAME_OF_DISTRICT_COUNCIL_DISTRICT_EN": "Wong Tai Sin", "LOCATION_EN": "Po Kong Village Road Park", "ADDRESS_EN": "140 Po Kong Village Road, Diamond Hill, Kowloon", "NAME_OF_DISTRICT_COUNCIL_DISTRICT_TC": "黃大仙區", "LOCATION_TC": "蒲崗村道公園", "ADDRESS_TC": "九龍鑽石山蒲崗村道140號", "NAME_OF_DISTRICT_COUNCIL_DISTRICT_SC": "黄大仙区", "LOCATION_SC": "蒲岗村道公园", "ADDRESS_SC": "九龙钻石山蒲岗村道140号", "STANDARD_BS1363_no": "0", "MEDIUM_CCS_DC_COMBO_no": "0", "MEDIUM_IEC62196_no": "3", "MEDIUM_SAEJ1772_no": "0", "MEDIUM_GB_T20234_2_AC__no": "0", "MEDIUM_OTHERS_no": "0", "QUICK_CHAdeMO_no": "0", "QUICK_CCS_DC_COMBO_no": "0", "QUICK_IEC62196_no": "0", "QUICK_GB_T20234_3_DC__no": "0", "QUICK_OTHERS_no": "0", "FAST_CHAdeMO_no": "0", "FAST_CCS_DC_COMBO_no": "0", "FAST_GB_T20234_3_DC__no": "0", "FAST_OTHERS_no": "0", "REMARK_FOR__OTHERS_": "-", "DATA_PATH": "https://ev-charger.epd.gov.hk/resource/ev_charger_avail/evca_ver_1_0.json", "OBJECTID": 44, "total_chargers": 3 }, "geometry": { "type": "Point", "coordinates": [ 114.206249, 22.34472 ] } },
{ "type": "Feature", "properties": { "GmlID": "geotagging.45", "NAME_OF_DISTRICT_COUNCIL_DISTRICT_EN": "Central & Western", "LOCATION_EN": "Rumsey Street Car Park", "ADDRESS_EN": "2 Rumsey Street, Sheung Wan, Hong Kong", "NAME_OF_DISTRICT_COUNCIL_DISTRICT_TC": "中西區", "LOCATION_TC": "林士街停車場", "ADDRESS_TC": "香港上環林士街2號", "NAME_OF_DISTRICT_COUNCIL_DISTRICT_SC": "中西区", "LOCATION_SC": "林士街停车场", "ADDRESS_SC": "香港上环林士街2号", "STANDARD_BS1363_no": "0", "MEDIUM_CCS_DC_COMBO_no": "0", "MEDIUM_IEC62196_no": "110", "MEDIUM_SAEJ1772_no": "0", "MEDIUM_GB_T20234_2_AC__no": "0", "MEDIUM_OTHERS_no": "0", "QUICK_CHAdeMO_no": "0", "QUICK_CCS_DC_COMBO_no": "0", "QUICK_IEC62196_no": "0", "QUICK_GB_T20234_3_DC__no": "0", "QUICK_OTHERS_no": "0", "FAST_CHAdeMO_no": "0", "FAST_CCS_DC_COMBO_no": "2", "FAST_GB_T20234_3_DC__no": "2", "FAST_OTHERS_no": "0", "REMARK_FOR__OTHERS_": "-", "DATA_PATH": "https://ev-charger.epd.gov.hk/resource/ev_charger_avail/evca_ver_1_0.json", "OBJECTID": 45, "total_chargers": 114 }, "geometry": { "type": "Point", "coordinates": [ 114.153227, 22.287408 ] } },
{ "type": "Feature", "properties": { "GmlID": "geotagging.46", "NAME_OF_DISTRICT_COUNCIL_DISTRICT_EN": "Sha Tin", "LOCATION_EN": "Sha Tin Town Hall Carpark", "ADDRESS_EN": "Yuen Wo Road No1 ,Sha Tin", "NAME_OF_DISTRICT_COUNCIL_DISTRICT_TC": "沙田區", "LOCATION_TC": "沙田大會堂停車場", "ADDRESS_TC": "沙田源禾路1號", "NAME_OF_DISTRICT_COUNCIL_DISTRICT_SC": "沙田区", "LOCATION_SC": "沙田大会堂停车场", "ADDRESS_SC": "沙田源禾路1号", "STANDARD_BS1363_no": "0", "MEDIUM_CCS_DC_COMBO_no": "0", "MEDIUM_IEC62196_no": "5", "MEDIUM_SAEJ1772_no": "0", "MEDIUM_GB_T20234_2_AC__no": "0", "MEDIUM_OTHERS_no": "0", "QUICK_CHAdeMO_no": "0", "QUICK_CCS_DC_COMBO_no": "0", "QUICK_IEC62196_no": "0", "QUICK_GB_T20234_3_DC__no": "0", "QUICK_OTHERS_no": "0", "FAST_CHAdeMO_no": "0", "FAST_CCS_DC_COMBO_no": "0", "FAST_GB_T20234_3_DC__no": "0", "FAST_OTHERS_no": "0", "REMARK_FOR__OTHERS_": "-", "DATA_PATH": "https://ev-charger.epd.gov.hk/resource/ev_charger_avail/evca_ver_1_0.json", "OBJECTID": 46, "total_chargers": 5 }, "geometry": { "type": "Point", "coordinates": [ 114.189529, 22.380757 ] } },
{ "type": "Feature", "properties": { "GmlID": "geotagging.47", "NAME_OF_DISTRICT_COUNCIL_DISTRICT_EN": "Sha Tin", "LOCATION_EN": "Shatin Government Offices", "ADDRESS_EN": "1 sheung wo che road, shatin", "NAME_OF_DISTRICT_COUNCIL_DISTRICT_TC": "沙田區", "LOCATION_TC": "沙田政府合署", "ADDRESS_TC": "沙田上禾輋路1號", "NAME_OF_DISTRICT_COUNCIL_DISTRICT_SC": "沙田区", "LOCATION_SC": "沙田政府合署", "ADDRESS_SC": "沙田上禾輋路1号", "STANDARD_BS1363_no": "0", "MEDIUM_CCS_DC_COMBO_no": "0", "MEDIUM_IEC62196_no": "74", "MEDIUM_SAEJ1772_no": "0", "MEDIUM_GB_T20234_2_AC__no": "0", "MEDIUM_OTHERS_no": "0", "QUICK_CHAdeMO_no": "0", "QUICK_CCS_DC_COMBO_no": "0", "QUICK_IEC62196_no": "0", "QUICK_GB_T20234_3_DC__no": "0", "QUICK_OTHERS_no": "0", "FAST_CHAdeMO_no": "0", "FAST_CCS_DC_COMBO_no": "0", "FAST_GB_T20234_3_DC__no": "0", "FAST_OTHERS_no": "0", "REMARK_FOR__OTHERS_": "-", "DATA_PATH": "https://ev-charger.epd.gov.hk/resource/ev_charger_avail/evca_ver_1_0.json", "OBJECTID": 47, "total_chargers": 74 }, "geometry": { "type": "Point", "coordinates": [ 114.186986, 22.385733 ] } },
{ "type": "Feature", "properties": { "GmlID": "geotagging.48", "NAME_OF_DISTRICT_COUNCIL_DISTRICT_EN": "Eastern", "LOCATION_EN": "Shau Kei Wan Car Park", "ADDRESS_EN": "1 Po Man Street, Shau Kei Wan, Hong Kong", "NAME_OF_DISTRICT_COUNCIL_DISTRICT_TC": "東區", "LOCATION_TC": "筲箕灣停車場", "ADDRESS_TC": "香港筲箕灣寶文街1號", "NAME_OF_DISTRICT_COUNCIL_DISTRICT_SC": "东区", "LOCATION_SC": "筲箕湾停车场", "ADDRESS_SC": "香港筲箕湾宝文街1号", "STANDARD_BS1363_no": "0", "MEDIUM_CCS_DC_COMBO_no": "0", "MEDIUM_IEC62196_no": "116", "MEDIUM_SAEJ1772_no": "0", "MEDIUM_GB_T20234_2_AC__no": "0", "MEDIUM_OTHERS_no": "0", "QUICK_CHAdeMO_no": "0", "QUICK_CCS_DC_COMBO_no": "1", "QUICK_IEC62196_no": "0", "QUICK_GB_T20234_3_DC__no": "1", "QUICK_OTHERS_no": "0", "FAST_CHAdeMO_no": "0", "FAST_CCS_DC_COMBO_no": "0", "FAST_GB_T20234_3_DC__no": "0", "FAST_OTHERS_no": "0", "REMARK_FOR__OTHERS_": "-", "DATA_PATH": "https://ev-charger.epd.gov.hk/resource/ev_charger_avail/evca_ver_1_0.json", "OBJECTID": 48, "total_chargers": 118 }, "geometry": { "type": "Point", "coordinates": [ 114.229296, 22.278807 ] } },
{ "type": "Feature", "properties": { "GmlID": "geotagging.49", "NAME_OF_DISTRICT_COUNCIL_DISTRICT_EN": "Wong Tai Sin", "LOCATION_EN": "Sheung Fung Street Car Park", "ADDRESS_EN": "Sheung Fung Street, Wong Tai Sin, Kowloon", "NAME_OF_DISTRICT_COUNCIL_DISTRICT_TC": "黃大仙區", "LOCATION_TC": "雙鳳街停車場", "ADDRESS_TC": "九龍黃大仙雙鳳街", "NAME_OF_DISTRICT_COUNCIL_DISTRICT_SC": "黄大仙区", "LOCATION_SC": "双凤街停车场", "ADDRESS_SC": "九龙黄大仙双凤街", "STANDARD_BS1363_no": "0", "MEDIUM_CCS_DC_COMBO_no": "0", "MEDIUM_IEC62196_no": "82", "MEDIUM_SAEJ1772_no": "0", "MEDIUM_GB_T20234_2_AC__no": "0", "MEDIUM_OTHERS_no": "0", "QUICK_CHAdeMO_no": "0", "QUICK_CCS_DC_COMBO_no": "0", "QUICK_IEC62196_no": "0", "QUICK_GB_T20234_3_DC__no": "0", "QUICK_OTHERS_no": "0", "FAST_CHAdeMO_no": "0", "FAST_CCS_DC_COMBO_no": "0", "FAST_GB_T20234_3_DC__no": "0", "FAST_OTHERS_no": "0", "REMARK_FOR__OTHERS_": "-", "DATA_PATH": "https://ev-charger.epd.gov.hk/resource/ev_charger_avail/evca_ver_1_0.json", "OBJECTID": 49, "total_chargers": 82 }, "geometry": { "type": "Point", "coordinates": [ 114.197059, 22.343959 ] } },
{ "type": "Feature", "properties": { "GmlID": "geotagging.50", "NAME_OF_DISTRICT_COUNCIL_DISTRICT_EN": "Eastern", "LOCATION_EN": "Siu Sai Wan Sports Ground", "ADDRESS_EN": "8 Fu Hong Street, Siu Sai Wan", "NAME_OF_DISTRICT_COUNCIL_DISTRICT_TC": "東區", "LOCATION_TC": "小西灣運動場停車場", "ADDRESS_TC": "小西灣富康街8號", "NAME_OF_DISTRICT_COUNCIL_DISTRICT_SC": "东区", "LOCATION_SC": "小西湾运动场停车场", "ADDRESS_SC": "小西湾富康街8号", "STANDARD_BS1363_no": "0", "MEDIUM_CCS_DC_COMBO_no": "0", "MEDIUM_IEC62196_no": "15", "MEDIUM_SAEJ1772_no": "0", "MEDIUM_GB_T20234_2_AC__no": "0", "MEDIUM_OTHERS_no": "0", "QUICK_CHAdeMO_no": "0", "QUICK_CCS_DC_COMBO_no": "0", "QUICK_IEC62196_no": "0", "QUICK_GB_T20234_3_DC__no": "0", "QUICK_OTHERS_no": "0", "FAST_CHAdeMO_no": "0", "FAST_CCS_DC_COMBO_no": "0", "FAST_GB_T20234_3_DC__no": "0", "FAST_OTHERS_no": "0", "REMARK_FOR__OTHERS_": "-", "DATA_PATH": "https://ev-charger.epd.gov.hk/resource/ev_charger_avail/evca_ver_1_0.json", "OBJECTID": 50, "total_chargers": 15 }, "geometry": { "type": "Point", "coordinates": [ 114.247908, 22.26751 ] } },
{ "type": "Feature", "properties": { "GmlID": "geotagging.51", "NAME_OF_DISTRICT_COUNCIL_DISTRICT_EN": "Sai Kung", "LOCATION_EN": "Tiu Keng Leng Sports Centre", "ADDRESS_EN": "2 Chui Ling Road, Tseung Kwan O", "NAME_OF_DISTRICT_COUNCIL_DISTRICT_TC": "西貢區", "LOCATION_TC": "調景嶺體育館", "ADDRESS_TC": "將軍澳翠嶺路2號", "NAME_OF_DISTRICT_COUNCIL_DISTRICT_SC": "西贡区", "LOCATION_SC": "调景岭体育馆", "ADDRESS_SC": "将军澳翠岭路2号", "STANDARD_BS1363_no": "0", "MEDIUM_CCS_DC_COMBO_no": "0", "MEDIUM_IEC62196_no": "2", "MEDIUM_SAEJ1772_no": "0", "MEDIUM_GB_T20234_2_AC__no": "0", "MEDIUM_OTHERS_no": "0", "QUICK_CHAdeMO_no": "0", "QUICK_CCS_DC_COMBO_no": "0", "QUICK_IEC62196_no": "0", "QUICK_GB_T20234_3_DC__no": "0", "QUICK_OTHERS_no": "0", "FAST_CHAdeMO_no": "0", "FAST_CCS_DC_COMBO_no": "0", "FAST_GB_T20234_3_DC__no": "0", "FAST_OTHERS_no": "0", "REMARK_FOR__OTHERS_": "-", "DATA_PATH": "https://ev-charger.epd.gov.hk/resource/ev_charger_avail/evca_ver_1_0.json", "OBJECTID": 51, "total_chargers": 2 }, "geometry": { "type": "Point", "coordinates": [ 114.254715, 22.305891 ] } },
{ "type": "Feature", "properties": { "GmlID": "geotagging.52", "NAME_OF_DISTRICT_COUNCIL_DISTRICT_EN": "Sai Kung", "LOCATION_EN": "Tseung Kwan O Sports Ground", "ADDRESS_EN": "109 Po Hong Road, Tseung Kwan O", "NAME_OF_DISTRICT_COUNCIL_DISTRICT_TC": "西貢區", "LOCATION_TC": "將軍澳運動場", "ADDRESS_TC": "將軍澳寶康路109號", "NAME_OF_DISTRICT_COUNCIL_DISTRICT_SC": "西贡区", "LOCATION_SC": "将军澳运动场", "ADDRESS_SC": "将军澳宝康路109号", "STANDARD_BS1363_no": "0", "MEDIUM_CCS_DC_COMBO_no": "0", "MEDIUM_IEC62196_no": "3", "MEDIUM_SAEJ1772_no": "0", "MEDIUM_GB_T20234_2_AC__no": "0", "MEDIUM_OTHERS_no": "0", "QUICK_CHAdeMO_no": "0", "QUICK_CCS_DC_COMBO_no": "0", "QUICK_IEC62196_no": "0", "QUICK_GB_T20234_3_DC__no": "0", "QUICK_OTHERS_no": "0", "FAST_CHAdeMO_no": "0", "FAST_CCS_DC_COMBO_no": "1", "FAST_GB_T20234_3_DC__no": "1", "FAST_OTHERS_no": "0", "REMARK_FOR__OTHERS_": "-", "DATA_PATH": "https://ev-charger.epd.gov.hk/resource/ev_charger_avail/evca_ver_1_0.json", "OBJECTID": 52, "total_chargers": 5 }, "geometry": { "type": "Point", "coordinates": [ 114.262627, 22.311632 ] } },
{ "type": "Feature", "properties": { "GmlID": "geotagging.53", "NAME_OF_DISTRICT_COUNCIL_DISTRICT_EN": "Sai Kung", "LOCATION_EN": "Tseung Kwan O Swimming Pool", "ADDRESS_EN": "9 Wan Lung Road, Tseung Kwan O", "NAME_OF_DISTRICT_COUNCIL_DISTRICT_TC": "西貢區", "LOCATION_TC": "將軍澳游泳池", "ADDRESS_TC": "將軍澳運隆路9號", "NAME_OF_DISTRICT_COUNCIL_DISTRICT_SC": "西贡区", "LOCATION_SC": "将军澳游泳池", "ADDRESS_SC": "将军澳运隆路9号", "STANDARD_BS1363_no": "0", "MEDIUM_CCS_DC_COMBO_no": "0", "MEDIUM_IEC62196_no": "4", "MEDIUM_SAEJ1772_no": "0", "MEDIUM_GB_T20234_2_AC__no": "0", "MEDIUM_OTHERS_no": "0", "QUICK_CHAdeMO_no": "0", "QUICK_CCS_DC_COMBO_no": "0", "QUICK_IEC62196_no": "0", "QUICK_GB_T20234_3_DC__no": "0", "QUICK_OTHERS_no": "0", "FAST_CHAdeMO_no": "0", "FAST_CCS_DC_COMBO_no": "0", "FAST_GB_T20234_3_DC__no": "0", "FAST_OTHERS_no": "0", "REMARK_FOR__OTHERS_": "-", "DATA_PATH": "https://ev-charger.epd.gov.hk/resource/ev_charger_avail/evca_ver_1_0.json", "OBJECTID": 53, "total_chargers": 4 }, "geometry": { "type": "Point", "coordinates": [ 114.260124, 22.317913 ] } },
{ "type": "Feature", "properties": { "GmlID": "geotagging.54", "NAME_OF_DISTRICT_COUNCIL_DISTRICT_EN": "Kwai Tsing", "LOCATION_EN": "Tsing Yi Southwest Leisure Building", "ADDRESS_EN": "70 Chung Mei Road, Tsing Yi", "NAME_OF_DISTRICT_COUNCIL_DISTRICT_TC": "葵青區", "LOCATION_TC": "青衣西南康體大樓", "ADDRESS_TC": "青衣涌美路70號", "NAME_OF_DISTRICT_COUNCIL_DISTRICT_SC": "葵青区", "LOCATION_SC": "青衣西南康体大楼", "ADDRESS_SC": "青衣涌美路70号", "STANDARD_BS1363_no": "6", "MEDIUM_CCS_DC_COMBO_no": "0", "MEDIUM_IEC62196_no": "3", "MEDIUM_SAEJ1772_no": "0", "MEDIUM_GB_T20234_2_AC__no": "0", "MEDIUM_OTHERS_no": "0", "QUICK_CHAdeMO_no": "0", "QUICK_CCS_DC_COMBO_no": "0", "QUICK_IEC62196_no": "0", "QUICK_GB_T20234_3_DC__no": "0", "QUICK_OTHERS_no": "0", "FAST_CHAdeMO_no": "0", "FAST_CCS_DC_COMBO_no": "0", "FAST_GB_T20234_3_DC__no": "0", "FAST_OTHERS_no": "0", "REMARK_FOR__OTHERS_": "-", "DATA_PATH": "https://ev-charger.epd.gov.hk/resource/ev_charger_avail/evca_ver_1_0.json", "OBJECTID": 54, "total_chargers": 9 }, "geometry": { "type": "Point", "coordinates": [ 114.102234, 22.3514 ] } },
{ "type": "Feature", "properties": { "GmlID": "geotagging.55", "NAME_OF_DISTRICT_COUNCIL_DISTRICT_EN": "Islands", "LOCATION_EN": "Mui Wo Ferry Pier Road Car Park", "ADDRESS_EN": "14 Mui Wo Ferry Pier Road, Mui Wo", "NAME_OF_DISTRICT_COUNCIL_DISTRICT_TC": "離島區", "LOCATION_TC": "梅窩碼頭路停車場", "ADDRESS_TC": "梅窩梅窩碼頭路14號", "NAME_OF_DISTRICT_COUNCIL_DISTRICT_SC": "离岛区", "LOCATION_SC": "梅窝码头路停车场", "ADDRESS_SC": "梅窝梅窝码头路14号", "STANDARD_BS1363_no": "0", "MEDIUM_CCS_DC_COMBO_no": "0", "MEDIUM_IEC62196_no": "9", "MEDIUM_SAEJ1772_no": "0", "MEDIUM_GB_T20234_2_AC__no": "0", "MEDIUM_OTHERS_no": "0", "QUICK_CHAdeMO_no": "0", "QUICK_CCS_DC_COMBO_no": "0", "QUICK_IEC62196_no": "0", "QUICK_GB_T20234_3_DC__no": "0", "QUICK_OTHERS_no": "0", "FAST_CHAdeMO_no": "0", "FAST_CCS_DC_COMBO_no": "0", "FAST_GB_T20234_3_DC__no": "0", "FAST_OTHERS_no": "0", "REMARK_FOR__OTHERS_": "-", "DATA_PATH": "https://ev-charger.epd.gov.hk/resource/ev_charger_avail/evca_ver_1_0.json", "OBJECTID": 55, "total_chargers": 9 }, "geometry": { "type": "Point", "coordinates": [ 114.000643, 22.263359 ] } },
{ "type": "Feature", "properties": { "GmlID": "geotagging.56", "NAME_OF_DISTRICT_COUNCIL_DISTRICT_EN": "Central & Western", "LOCATION_EN": "Star Ferry Car Park", "ADDRESS_EN": "9 Edinburgh Place, Central, Hong Kong", "NAME_OF_DISTRICT_COUNCIL_DISTRICT_TC": "中西區", "LOCATION_TC": "天星停車場", "ADDRESS_TC": "香港中環愛丁堡廣場9號", "NAME_OF_DISTRICT_COUNCIL_DISTRICT_SC": "中西区", "LOCATION_SC": "天星停车场", "ADDRESS_SC": "香港中环爱丁堡广场9号", "STANDARD_BS1363_no": "0", "MEDIUM_CCS_DC_COMBO_no": "0", "MEDIUM_IEC62196_no": "35", "MEDIUM_SAEJ1772_no": "0", "MEDIUM_GB_T20234_2_AC__no": "0", "MEDIUM_OTHERS_no": "0", "QUICK_CHAdeMO_no": "0", "QUICK_CCS_DC_COMBO_no": "0", "QUICK_IEC62196_no": "0", "QUICK_GB_T20234_3_DC__no": "0", "QUICK_OTHERS_no": "0", "FAST_CHAdeMO_no": "0", "FAST_CCS_DC_COMBO_no": "0", "FAST_GB_T20234_3_DC__no": "0", "FAST_OTHERS_no": "0", "REMARK_FOR__OTHERS_": "-", "DATA_PATH": "https://ev-charger.epd.gov.hk/resource/ev_charger_avail/evca_ver_1_0.json", "OBJECTID": 56, "total_chargers": 35 }, "geometry": { "type": "Point", "coordinates": [ 114.16044, 22.282755 ] } },
{ "type": "Feature", "properties": { "GmlID": "geotagging.57", "NAME_OF_DISTRICT_COUNCIL_DISTRICT_EN": "Yuen Long", "LOCATION_EN": "Hong Kong Wetland Park Car Park", "ADDRESS_EN": "Wetland Park Road, Tin Shui Wai, NT", "NAME_OF_DISTRICT_COUNCIL_DISTRICT_TC": "元朗區", "LOCATION_TC": "香港濕地公園停車場", "ADDRESS_TC": "新界 天水圍 濕地公園路", "NAME_OF_DISTRICT_COUNCIL_DISTRICT_SC": "元朗区", "LOCATION_SC": "香港湿地公园停车场", "ADDRESS_SC": "新界 天水围 湿地公园路", "STANDARD_BS1363_no": "0", "MEDIUM_CCS_DC_COMBO_no": "0", "MEDIUM_IEC62196_no": "2", "MEDIUM_SAEJ1772_no": "0", "MEDIUM_GB_T20234_2_AC__no": "0", "MEDIUM_OTHERS_no": "0", "QUICK_CHAdeMO_no": "0", "QUICK_CCS_DC_COMBO_no": "0", "QUICK_IEC62196_no": "0", "QUICK_GB_T20234_3_DC__no": "0", "QUICK_OTHERS_no": "0", "FAST_CHAdeMO_no": "0", "FAST_CCS_DC_COMBO_no": "0", "FAST_GB_T20234_3_DC__no": "0", "FAST_OTHERS_no": "0", "REMARK_FOR__OTHERS_": "-", "DATA_PATH": "https://ev-charger.epd.gov.hk/resource/ev_charger_avail/evca_ver_1_0.json", "OBJECTID": 57, "total_chargers": 2 }, "geometry": { "type": "Point", "coordinates": [ 114.004585, 22.469225 ] } },
{ "type": "Feature", "properties": { "GmlID": "geotagging.58", "NAME_OF_DISTRICT_COUNCIL_DISTRICT_EN": "Islands", "LOCATION_EN": "Tai O Carpark", "ADDRESS_EN": "Tai O Road, Tai O, Lantau", "NAME_OF_DISTRICT_COUNCIL_DISTRICT_TC": "離島區", "LOCATION_TC": "大澳停車場", "ADDRESS_TC": "大嶼山大澳大澳道", "NAME_OF_DISTRICT_COUNCIL_DISTRICT_SC": "离岛区", "LOCATION_SC": "大澳停车场", "ADDRESS_SC": "大屿山大澳大澳道", "STANDARD_BS1363_no": "0", "MEDIUM_CCS_DC_COMBO_no": "0", "MEDIUM_IEC62196_no": "9", "MEDIUM_SAEJ1772_no": "0", "MEDIUM_GB_T20234_2_AC__no": "0", "MEDIUM_OTHERS_no": "0", "QUICK_CHAdeMO_no": "0", "QUICK_CCS_DC_COMBO_no": "0", "QUICK_IEC62196_no": "0", "QUICK_GB_T20234_3_DC__no": "0", "QUICK_OTHERS_no": "0", "FAST_CHAdeMO_no": "0", "FAST_CCS_DC_COMBO_no": "0", "FAST_GB_T20234_3_DC__no": "0", "FAST_OTHERS_no": "0", "REMARK_FOR__OTHERS_": "-", "DATA_PATH": "https://ev-charger.epd.gov.hk/resource/ev_charger_avail/evca_ver_1_0.json", "OBJECTID": 58, "total_chargers": 9 }, "geometry": { "type": "Point", "coordinates": [ 113.863376, 22.252567 ] } },
{ "type": "Feature", "properties": { "GmlID": "geotagging.59", "NAME_OF_DISTRICT_COUNCIL_DISTRICT_EN": "Eastern", "LOCATION_EN": "K11 ATELIER KING'S ROAD", "ADDRESS_EN": "728 KING'S ROAD", "NAME_OF_DISTRICT_COUNCIL_DISTRICT_TC": "東區", "LOCATION_TC": "K11 ATELIER KING'S ROAD", "ADDRESS_TC": "英皇道728號", "NAME_OF_DISTRICT_COUNCIL_DISTRICT_SC": "东区", "LOCATION_SC": "K11 ATELIER KING'S ROAD", "ADDRESS_SC": "英皇道728号", "STANDARD_BS1363_no": "0", "MEDIUM_CCS_DC_COMBO_no": "0", "MEDIUM_IEC62196_no": "10", "MEDIUM_SAEJ1772_no": "0", "MEDIUM_GB_T20234_2_AC__no": "0", "MEDIUM_OTHERS_no": "0", "QUICK_CHAdeMO_no": "0", "QUICK_CCS_DC_COMBO_no": "10", "QUICK_IEC62196_no": "0", "QUICK_GB_T20234_3_DC__no": "0", "QUICK_OTHERS_no": "0", "FAST_CHAdeMO_no": "0", "FAST_CCS_DC_COMBO_no": "0", "FAST_GB_T20234_3_DC__no": "0", "FAST_OTHERS_no": "0", "REMARK_FOR__OTHERS_": "-", "DATA_PATH": "-", "OBJECTID": 59, "total_chargers": 20 }, "geometry": { "type": "Point", "coordinates": [ 114.207493, 22.291217 ] } },
{ "type": "Feature", "properties": { "GmlID": "geotagging.60", "NAME_OF_DISTRICT_COUNCIL_DISTRICT_EN": "Yau Tsim Mong", "LOCATION_EN": "K11 MUSEA", "ADDRESS_EN": "18 SALISBURY RD", "NAME_OF_DISTRICT_COUNCIL_DISTRICT_TC": "油尖旺區", "LOCATION_TC": "K11 人文購物藝術館", "ADDRESS_TC": "梳士巴利道18號", "NAME_OF_DISTRICT_COUNCIL_DISTRICT_SC": "油尖旺区", "LOCATION_SC": "K11 人文购物艺术馆", "ADDRESS_SC": "梳士巴利道18号", "STANDARD_BS1363_no": "0", "MEDIUM_CCS_DC_COMBO_no": "0", "MEDIUM_IEC62196_no": "77", "MEDIUM_SAEJ1772_no": "0", "MEDIUM_GB_T20234_2_AC__no": "0", "MEDIUM_OTHERS_no": "0", "QUICK_CHAdeMO_no": "0", "QUICK_CCS_DC_COMBO_no": "10", "QUICK_IEC62196_no": "0", "QUICK_GB_T20234_3_DC__no": "0", "QUICK_OTHERS_no": "0", "FAST_CHAdeMO_no": "0", "FAST_CCS_DC_COMBO_no": "0", "FAST_GB_T20234_3_DC__no": "0", "FAST_OTHERS_no": "0", "REMARK_FOR__OTHERS_": "-", "DATA_PATH": "-", "OBJECTID": 60, "total_chargers": 87 }, "geometry": { "type": "Point", "coordinates": [ 114.174901, 22.294438 ] } },
{ "type": "Feature", "properties": { "GmlID": "geotagging.61", "NAME_OF_DISTRICT_COUNCIL_DISTRICT_EN": "Yau Tsim Mong", "LOCATION_EN": "CONCORDIA PLAZA", "ADDRESS_EN": "SCIENCE MUSEUM ROAD, YAU TSIM MONG", "NAME_OF_DISTRICT_COUNCIL_DISTRICT_TC": "油尖旺區", "LOCATION_TC": "康宏廣場", "ADDRESS_TC": "油尖旺 科學館道", "NAME_OF_DISTRICT_COUNCIL_DISTRICT_SC": "油尖旺区", "LOCATION_SC": "康宏广场", "ADDRESS_SC": "油尖旺 科学馆道", "STANDARD_BS1363_no": "0", "MEDIUM_CCS_DC_COMBO_no": "0", "MEDIUM_IEC62196_no": "0", "MEDIUM_SAEJ1772_no": "0", "MEDIUM_GB_T20234_2_AC__no": "0", "MEDIUM_OTHERS_no": "0", "QUICK_CHAdeMO_no": "0", "QUICK_CCS_DC_COMBO_no": "4", "QUICK_IEC62196_no": "0", "QUICK_GB_T20234_3_DC__no": "0", "QUICK_OTHERS_no": "0", "FAST_CHAdeMO_no": "0", "FAST_CCS_DC_COMBO_no": "0", "FAST_GB_T20234_3_DC__no": "0", "FAST_OTHERS_no": "0", "REMARK_FOR__OTHERS_": "-", "DATA_PATH": "-", "OBJECTID": 61, "total_chargers": 4 }, "geometry": { "type": "Point", "coordinates": [ 114.178272, 22.302197 ] } },
{ "type": "Feature", "properties": { "GmlID": "geotagging.62", "NAME_OF_DISTRICT_COUNCIL_DISTRICT_EN": "Tsuen Wan", "LOCATION_EN": "DISCOVERY PARK", "ADDRESS_EN": "398 Castle Peak Road, Tsuen Wan, New Territories", "NAME_OF_DISTRICT_COUNCIL_DISTRICT_TC": "荃灣區", "LOCATION_TC": "愉景新城", "ADDRESS_TC": "荃灣青山公路荃灣段398號", "NAME_OF_DISTRICT_COUNCIL_DISTRICT_SC": "荃湾区", "LOCATION_SC": "愉景新城", "ADDRESS_SC": "荃湾青山公路荃湾段398号", "STANDARD_BS1363_no": "1", "MEDIUM_CCS_DC_COMBO_no": "0", "MEDIUM_IEC62196_no": "14", "MEDIUM_SAEJ1772_no": "0", "MEDIUM_GB_T20234_2_AC__no": "0", "MEDIUM_OTHERS_no": "0", "QUICK_CHAdeMO_no": "0", "QUICK_CCS_DC_COMBO_no": "6", "QUICK_IEC62196_no": "0", "QUICK_GB_T20234_3_DC__no": "0", "QUICK_OTHERS_no": "0", "FAST_CHAdeMO_no": "0", "FAST_CCS_DC_COMBO_no": "0", "FAST_GB_T20234_3_DC__no": "0", "FAST_OTHERS_no": "0", "REMARK_FOR__OTHERS_": "-", "DATA_PATH": "-", "OBJECTID": 62, "total_chargers": 21 }, "geometry": { "type": "Point", "coordinates": [ 114.112375, 22.375945 ] } },
{ "type": "Feature", "properties": { "GmlID": "geotagging.63", "NAME_OF_DISTRICT_COUNCIL_DISTRICT_EN": "North", "LOCATION_EN": "Green Code", "ADDRESS_EN": "MA SIK ROAD, NORTH", "NAME_OF_DISTRICT_COUNCIL_DISTRICT_TC": "北區", "LOCATION_TC": "逸峯", "ADDRESS_TC": "北區 馬適路", "NAME_OF_DISTRICT_COUNCIL_DISTRICT_SC": "北区", "LOCATION_SC": "逸峯", "ADDRESS_SC": "北区 马适路", "STANDARD_BS1363_no": "0", "MEDIUM_CCS_DC_COMBO_no": "0", "MEDIUM_IEC62196_no": "0", "MEDIUM_SAEJ1772_no": "0", "MEDIUM_GB_T20234_2_AC__no": "0", "MEDIUM_OTHERS_no": "0", "QUICK_CHAdeMO_no": "0", "QUICK_CCS_DC_COMBO_no": "4", "QUICK_IEC62196_no": "0", "QUICK_GB_T20234_3_DC__no": "0", "QUICK_OTHERS_no": "0", "FAST_CHAdeMO_no": "0", "FAST_CCS_DC_COMBO_no": "0", "FAST_GB_T20234_3_DC__no": "0", "FAST_OTHERS_no": "0", "REMARK_FOR__OTHERS_": "-", "DATA_PATH": "-", "OBJECTID": 63, "total_chargers": 4 }, "geometry": { "type": "Point", "coordinates": [ 114.146013, 22.500987 ] } },
{ "type": "Feature", "properties": { "GmlID": "geotagging.64", "NAME_OF_DISTRICT_COUNCIL_DISTRICT_EN": "Sha Tin", "LOCATION_EN": "Hin Keng Car Park", "ADDRESS_EN": "Hin Keng Shopping Centre, 69 Che Kung Miu Road, Tai Wai, Sha Tin, New Territories", "NAME_OF_DISTRICT_COUNCIL_DISTRICT_TC": "沙田區", "LOCATION_TC": "顯徑停車場", "ADDRESS_TC": "新界沙田大圍車公廟道69號顯徑商場", "NAME_OF_DISTRICT_COUNCIL_DISTRICT_SC": "沙田区", "LOCATION_SC": "显径停车场", "ADDRESS_SC": "新界沙田大围车公庙道69号显径商场", "STANDARD_BS1363_no": "0", "MEDIUM_CCS_DC_COMBO_no": "0", "MEDIUM_IEC62196_no": "15", "MEDIUM_SAEJ1772_no": "0", "MEDIUM_GB_T20234_2_AC__no": "0", "MEDIUM_OTHERS_no": "0", "QUICK_CHAdeMO_no": "0", "QUICK_CCS_DC_COMBO_no": "8", "QUICK_IEC62196_no": "0", "QUICK_GB_T20234_3_DC__no": "0", "QUICK_OTHERS_no": "0", "FAST_CHAdeMO_no": "0", "FAST_CCS_DC_COMBO_no": "0", "FAST_GB_T20234_3_DC__no": "0", "FAST_OTHERS_no": "0", "REMARK_FOR__OTHERS_": "-", "DATA_PATH": "-", "OBJECTID": 64, "total_chargers": 23 }, "geometry": { "type": "Point", "coordinates": [ 114.172507, 22.364076 ] } },
{ "type": "Feature", "properties": { "GmlID": "geotagging.65", "NAME_OF_DISTRICT_COUNCIL_DISTRICT_EN": "Yuen Long", "LOCATION_EN": "Golden Plaza", "ADDRESS_EN": "28 Shui Che Kwun Street, Yuen Long", "NAME_OF_DISTRICT_COUNCIL_DISTRICT_TC": "元朗區", "LOCATION_TC": "萬金中心", "ADDRESS_TC": "元朗水車館街28號", "NAME_OF_DISTRICT_COUNCIL_DISTRICT_SC": "元朗区", "LOCATION_SC": "万金中心", "ADDRESS_SC": "元朗水车馆街28号", "STANDARD_BS1363_no": "0", "MEDIUM_CCS_DC_COMBO_no": "0", "MEDIUM_IEC62196_no": "2", "MEDIUM_SAEJ1772_no": "0", "MEDIUM_GB_T20234_2_AC__no": "0", "MEDIUM_OTHERS_no": "0", "QUICK_CHAdeMO_no": "0", "QUICK_CCS_DC_COMBO_no": "2", "QUICK_IEC62196_no": "0", "QUICK_GB_T20234_3_DC__no": "0", "QUICK_OTHERS_no": "0", "FAST_CHAdeMO_no": "0", "FAST_CCS_DC_COMBO_no": "0", "FAST_GB_T20234_3_DC__no": "0", "FAST_OTHERS_no": "0", "REMARK_FOR__OTHERS_": "-", "DATA_PATH": "-", "OBJECTID": 65, "total_chargers": 4 }, "geometry": { "type": "Point", "coordinates": [ 114.031446, 22.445094 ] } },
{ "type": "Feature", "properties": { "GmlID": "geotagging.66", "NAME_OF_DISTRICT_COUNCIL_DISTRICT_EN": "Tuen Mun", "LOCATION_EN": "Parklane Centre", "ADDRESS_EN": "25 Kin Wing Street, Tuen Mun", "NAME_OF_DISTRICT_COUNCIL_DISTRICT_TC": "屯門區", "LOCATION_TC": "百利中心", "ADDRESS_TC": "屯門建榮街25號", "NAME_OF_DISTRICT_COUNCIL_DISTRICT_SC": "屯门区", "LOCATION_SC": "百利中心", "ADDRESS_SC": "屯门建荣街25号", "STANDARD_BS1363_no": "0", "MEDIUM_CCS_DC_COMBO_no": "0", "MEDIUM_IEC62196_no": "0", "MEDIUM_SAEJ1772_no": "0", "MEDIUM_GB_T20234_2_AC__no": "0", "MEDIUM_OTHERS_no": "0", "QUICK_CHAdeMO_no": "0", "QUICK_CCS_DC_COMBO_no": "4", "QUICK_IEC62196_no": "0", "QUICK_GB_T20234_3_DC__no": "0", "QUICK_OTHERS_no": "0", "FAST_CHAdeMO_no": "0", "FAST_CCS_DC_COMBO_no": "0", "FAST_GB_T20234_3_DC__no": "0", "FAST_OTHERS_no": "0", "REMARK_FOR__OTHERS_": "-", "DATA_PATH": "-", "OBJECTID": 66, "total_chargers": 4 }, "geometry": { "type": "Point", "coordinates": [ 113.969645, 22.396298 ] } },
{ "type": "Feature", "properties": { "GmlID": "geotagging.67", "NAME_OF_DISTRICT_COUNCIL_DISTRICT_EN": "Tuen Mun", "LOCATION_EN": "Siu Hei Car Park", "ADDRESS_EN": "Siu Hei Commercial Centre, 201 Wu Chui Road, Tuen Mun, New Territories", "NAME_OF_DISTRICT_COUNCIL_DISTRICT_TC": "屯門區", "LOCATION_TC": "兆禧停車場", "ADDRESS_TC": "新界屯門湖翠路201號兆禧苑商場", "NAME_OF_DISTRICT_COUNCIL_DISTRICT_SC": "屯门区", "LOCATION_SC": "兆禧停车场", "ADDRESS_SC": "新界屯门湖翠路201号兆禧苑商场", "STANDARD_BS1363_no": "0", "MEDIUM_CCS_DC_COMBO_no": "0", "MEDIUM_IEC62196_no": "0", "MEDIUM_SAEJ1772_no": "0", "MEDIUM_GB_T20234_2_AC__no": "0", "MEDIUM_OTHERS_no": "0", "QUICK_CHAdeMO_no": "0", "QUICK_CCS_DC_COMBO_no": "2", "QUICK_IEC62196_no": "0", "QUICK_GB_T20234_3_DC__no": "0", "QUICK_OTHERS_no": "0", "FAST_CHAdeMO_no": "0", "FAST_CCS_DC_COMBO_no": "0", "FAST_GB_T20234_3_DC__no": "0", "FAST_OTHERS_no": "0", "REMARK_FOR__OTHERS_": "-", "DATA_PATH": "-", "OBJECTID": 67, "total_chargers": 2 }, "geometry": { "type": "Point", "coordinates": [ 113.966837, 22.373358 ] } },
{ "type": "Feature", "properties": { "GmlID": "geotagging.68", "NAME_OF_DISTRICT_COUNCIL_DISTRICT_EN": "Yau Tsim Mong", "LOCATION_EN": "China Hong Kong City", "ADDRESS_EN": "33 Canton Road, Tsim Sha Tsui", "NAME_OF_DISTRICT_COUNCIL_DISTRICT_TC": "油尖旺區", "LOCATION_TC": "中港城", "ADDRESS_TC": "尖沙咀廣東道33號", "NAME_OF_DISTRICT_COUNCIL_DISTRICT_SC": "油尖旺区", "LOCATION_SC": "中港城", "ADDRESS_SC": "尖沙咀广东道33号", "STANDARD_BS1363_no": "0", "MEDIUM_CCS_DC_COMBO_no": "0", "MEDIUM_IEC62196_no": "36", "MEDIUM_SAEJ1772_no": "0", "MEDIUM_GB_T20234_2_AC__no": "4", "MEDIUM_OTHERS_no": "0", "QUICK_CHAdeMO_no": "0", "QUICK_CCS_DC_COMBO_no": "2", "QUICK_IEC62196_no": "0", "QUICK_GB_T20234_3_DC__no": "1", "QUICK_OTHERS_no": "0", "FAST_CHAdeMO_no": "0", "FAST_CCS_DC_COMBO_no": "1", "FAST_GB_T20234_3_DC__no": "0", "FAST_OTHERS_no": "0", "REMARK_FOR__OTHERS_": "-", "DATA_PATH": "-", "OBJECTID": 68, "total_chargers": 44 }, "geometry": { "type": "Point", "coordinates": [ 114.167694, 22.300291 ] } },
{ "type": "Feature", "properties": { "GmlID": "geotagging.69", "NAME_OF_DISTRICT_COUNCIL_DISTRICT_EN": "Yau Tsim Mong", "LOCATION_EN": "ELEMENTS Carpark", "ADDRESS_EN": "1 Austin Road West, Kowloon", "NAME_OF_DISTRICT_COUNCIL_DISTRICT_TC": "油尖旺區", "LOCATION_TC": "圓方停車場", "ADDRESS_TC": "九龍尖沙咀柯士甸道西一號", "NAME_OF_DISTRICT_COUNCIL_DISTRICT_SC": "油尖旺区", "LOCATION_SC": "圆方停车场", "ADDRESS_SC": "九龙尖沙咀柯士甸道西一号", "STANDARD_BS1363_no": "0", "MEDIUM_CCS_DC_COMBO_no": "0", "MEDIUM_IEC62196_no": "9", "MEDIUM_SAEJ1772_no": "0", "MEDIUM_GB_T20234_2_AC__no": "0", "MEDIUM_OTHERS_no": "0", "QUICK_CHAdeMO_no": "3", "QUICK_CCS_DC_COMBO_no": "21", "QUICK_IEC62196_no": "67", "QUICK_GB_T20234_3_DC__no": "6", "QUICK_OTHERS_no": "0", "FAST_CHAdeMO_no": "0", "FAST_CCS_DC_COMBO_no": "6", "FAST_GB_T20234_3_DC__no": "0", "FAST_OTHERS_no": "0", "REMARK_FOR__OTHERS_": "-", "DATA_PATH": "-", "OBJECTID": 69, "total_chargers": 112 }, "geometry": { "type": "Point", "coordinates": [ 114.161579, 22.304932 ] } },
{ "type": "Feature", "properties": { "GmlID": "geotagging.70", "NAME_OF_DISTRICT_COUNCIL_DISTRICT_EN": "Southern", "LOCATION_EN": "Cyberport Carpark 1 & 2", "ADDRESS_EN": "100 Cyberport Rd, Telegraph Bay, Southern District", "NAME_OF_DISTRICT_COUNCIL_DISTRICT_TC": "南區", "LOCATION_TC": "數碼港停車場(一&二)", "ADDRESS_TC": "南區鋼綫灣數碼港道100號", "NAME_OF_DISTRICT_COUNCIL_DISTRICT_SC": "南区", "LOCATION_SC": "数码港停车场(一&二)", "ADDRESS_SC": "南区钢綫湾数码港道100号", "STANDARD_BS1363_no": "0", "MEDIUM_CCS_DC_COMBO_no": "0", "MEDIUM_IEC62196_no": "6", "MEDIUM_SAEJ1772_no": "0", "MEDIUM_GB_T20234_2_AC__no": "0", "MEDIUM_OTHERS_no": "0", "QUICK_CHAdeMO_no": "2", "QUICK_CCS_DC_COMBO_no": "15", "QUICK_IEC62196_no": "3", "QUICK_GB_T20234_3_DC__no": "0", "QUICK_OTHERS_no": "0", "FAST_CHAdeMO_no": "0", "FAST_CCS_DC_COMBO_no": "0", "FAST_GB_T20234_3_DC__no": "0", "FAST_OTHERS_no": "0", "REMARK_FOR__OTHERS_": "-", "DATA_PATH": "-", "OBJECTID": 70, "total_chargers": 26 }, "geometry": { "type": "Point", "coordinates": [ 114.130171, 22.262076 ] } },
{ "type": "Feature", "properties": { "GmlID": "geotagging.71", "NAME_OF_DISTRICT_COUNCIL_DISTRICT_EN": "Eastern", "LOCATION_EN": "Paradise Mall Carpark", "ADDRESS_EN": "100 SHING TAI ROAD, Eastern District, Hong Kong", "NAME_OF_DISTRICT_COUNCIL_DISTRICT_TC": "東區", "LOCATION_TC": "杏花新城停車場", "ADDRESS_TC": "香港 東區 盛泰道100號", "NAME_OF_DISTRICT_COUNCIL_DISTRICT_SC": "东区", "LOCATION_SC": "杏花新城停车场", "ADDRESS_SC": "香港 东区 盛泰道100号", "STANDARD_BS1363_no": "0", "MEDIUM_CCS_DC_COMBO_no": "0", "MEDIUM_IEC62196_no": "4", "MEDIUM_SAEJ1772_no": "0", "MEDIUM_GB_T20234_2_AC__no": "0", "MEDIUM_OTHERS_no": "0", "QUICK_CHAdeMO_no": "1", "QUICK_CCS_DC_COMBO_no": "9", "QUICK_IEC62196_no": "5", "QUICK_GB_T20234_3_DC__no": "0", "QUICK_OTHERS_no": "0", "FAST_CHAdeMO_no": "0", "FAST_CCS_DC_COMBO_no": "2", "FAST_GB_T20234_3_DC__no": "0", "FAST_OTHERS_no": "0", "REMARK_FOR__OTHERS_": "-", "DATA_PATH": "-", "OBJECTID": 71, "total_chargers": 21 }, "geometry": { "type": "Point", "coordinates": [ 114.238897, 22.278001 ] } },
{ "type": "Feature", "properties": { "GmlID": "geotagging.72", "NAME_OF_DISTRICT_COUNCIL_DISTRICT_EN": "Yau Tsim Mong", "LOCATION_EN": "Olympian City 1", "ADDRESS_EN": "11 Hoi Fai Road, West Kowloon", "NAME_OF_DISTRICT_COUNCIL_DISTRICT_TC": "油尖旺區", "LOCATION_TC": "奧海城一期", "ADDRESS_TC": "西九龍海輝道11號", "NAME_OF_DISTRICT_COUNCIL_DISTRICT_SC": "油尖旺区", "LOCATION_SC": "奥海城一期", "ADDRESS_SC": "西九龙海辉道11号", "STANDARD_BS1363_no": "0", "MEDIUM_CCS_DC_COMBO_no": "0", "MEDIUM_IEC62196_no": "35", "MEDIUM_SAEJ1772_no": "0", "MEDIUM_GB_T20234_2_AC__no": "0", "MEDIUM_OTHERS_no": "0", "QUICK_CHAdeMO_no": "0", "QUICK_CCS_DC_COMBO_no": "11", "QUICK_IEC62196_no": "0", "QUICK_GB_T20234_3_DC__no": "0", "QUICK_OTHERS_no": "0", "FAST_CHAdeMO_no": "0", "FAST_CCS_DC_COMBO_no": "0", "FAST_GB_T20234_3_DC__no": "0", "FAST_OTHERS_no": "0", "REMARK_FOR__OTHERS_": "-", "DATA_PATH": "-", "OBJECTID": 72, "total_chargers": 46 }, "geometry": { "type": "Point", "coordinates": [ 114.158223, 22.31969 ] } },
{ "type": "Feature", "properties": { "GmlID": "geotagging.73", "NAME_OF_DISTRICT_COUNCIL_DISTRICT_EN": "Wan Chai", "LOCATION_EN": "Hopewell Centre", "ADDRESS_EN": "183 Queen’s Road East, Wan Chai, Hong Kong (Entrance on Kennedy Road)", "NAME_OF_DISTRICT_COUNCIL_DISTRICT_TC": "灣仔區", "LOCATION_TC": "合和中心", "ADDRESS_TC": "香港灣仔皇后大道東183號 (入口於堅尼地道)", "NAME_OF_DISTRICT_COUNCIL_DISTRICT_SC": "湾仔区", "LOCATION_SC": "合和中心", "ADDRESS_SC": "香港湾仔皇后大道东183号 (入口於坚尼地道)", "STANDARD_BS1363_no": "0", "MEDIUM_CCS_DC_COMBO_no": "0", "MEDIUM_IEC62196_no": "8", "MEDIUM_SAEJ1772_no": "0", "MEDIUM_GB_T20234_2_AC__no": "0", "MEDIUM_OTHERS_no": "0", "QUICK_CHAdeMO_no": "0", "QUICK_CCS_DC_COMBO_no": "19", "QUICK_IEC62196_no": "0", "QUICK_GB_T20234_3_DC__no": "0", "QUICK_OTHERS_no": "0", "FAST_CHAdeMO_no": "0", "FAST_CCS_DC_COMBO_no": "1", "FAST_GB_T20234_3_DC__no": "0", "FAST_OTHERS_no": "0", "REMARK_FOR__OTHERS_": "-", "DATA_PATH": "-", "OBJECTID": 73, "total_chargers": 28 }, "geometry": { "type": "Point", "coordinates": [ 114.171673, 22.274592 ] } },
{ "type": "Feature", "properties": { "GmlID": "geotagging.74", "NAME_OF_DISTRICT_COUNCIL_DISTRICT_EN": "Tsuen Wan", "LOCATION_EN": "Panda Place", "ADDRESS_EN": "3 Tsuen Wah Street, Tsuen Wan, Hong Kong", "NAME_OF_DISTRICT_COUNCIL_DISTRICT_TC": "荃灣區", "LOCATION_TC": "悅來坊商場", "ADDRESS_TC": "新界荃灣荃華街3號", "NAME_OF_DISTRICT_COUNCIL_DISTRICT_SC": "荃湾区", "LOCATION_SC": "悅来坊商场", "ADDRESS_SC": "新界荃湾荃华街3号", "STANDARD_BS1363_no": "0", "MEDIUM_CCS_DC_COMBO_no": "0", "MEDIUM_IEC62196_no": "16", "MEDIUM_SAEJ1772_no": "0", "MEDIUM_GB_T20234_2_AC__no": "0", "MEDIUM_OTHERS_no": "0", "QUICK_CHAdeMO_no": "0", "QUICK_CCS_DC_COMBO_no": "16", "QUICK_IEC62196_no": "0", "QUICK_GB_T20234_3_DC__no": "0", "QUICK_OTHERS_no": "0", "FAST_CHAdeMO_no": "0", "FAST_CCS_DC_COMBO_no": "0", "FAST_GB_T20234_3_DC__no": "0", "FAST_OTHERS_no": "0", "REMARK_FOR__OTHERS_": "-", "DATA_PATH": "-", "OBJECTID": 74, "total_chargers": 32 }, "geometry": { "type": "Point", "coordinates": [ 114.120427, 22.368918 ] } },
{ "type": "Feature", "properties": { "GmlID": "geotagging.75", "NAME_OF_DISTRICT_COUNCIL_DISTRICT_EN": "Wan Chai", "LOCATION_EN": "LEE GARDEN ONE CAR PARK", "ADDRESS_EN": "33 HYSAN AVENUE, Wan Chai District, Hong Kong", "NAME_OF_DISTRICT_COUNCIL_DISTRICT_TC": "灣仔區", "LOCATION_TC": "利園一期停車場", "ADDRESS_TC": "香港 灣仔區 希慎道33號", "NAME_OF_DISTRICT_COUNCIL_DISTRICT_SC": "湾仔区", "LOCATION_SC": "利园一期停车场", "ADDRESS_SC": "香港 湾仔区 希慎道33号", "STANDARD_BS1363_no": "0", "MEDIUM_CCS_DC_COMBO_no": "0", "MEDIUM_IEC62196_no": "33", "MEDIUM_SAEJ1772_no": "0", "MEDIUM_GB_T20234_2_AC__no": "0", "MEDIUM_OTHERS_no": "0", "QUICK_CHAdeMO_no": "0", "QUICK_CCS_DC_COMBO_no": "3", "QUICK_IEC62196_no": "0", "QUICK_GB_T20234_3_DC__no": "0", "QUICK_OTHERS_no": "0", "FAST_CHAdeMO_no": "0", "FAST_CCS_DC_COMBO_no": "0", "FAST_GB_T20234_3_DC__no": "0", "FAST_OTHERS_no": "0", "REMARK_FOR__OTHERS_": "-", "DATA_PATH": "-", "OBJECTID": 75, "total_chargers": 36 }, "geometry": { "type": "Point", "coordinates": [ 114.18465, 22.278552 ] } },
{ "type": "Feature", "properties": { "GmlID": "geotagging.76", "NAME_OF_DISTRICT_COUNCIL_DISTRICT_EN": "Kwai Tsing", "LOCATION_EN": "MTR Maritime Square Car Park", "ADDRESS_EN": "33 TSING KING ROAD, Kwai Tsing District, New Territories", "NAME_OF_DISTRICT_COUNCIL_DISTRICT_TC": "葵青區", "LOCATION_TC": "港鐵青衣城停車場", "ADDRESS_TC": "新界 葵青區 青敬路33號", "NAME_OF_DISTRICT_COUNCIL_DISTRICT_SC": "葵青区", "LOCATION_SC": "港铁青衣城停车场", "ADDRESS_SC": "新界 葵青区 青敬路33号", "STANDARD_BS1363_no": "0", "MEDIUM_CCS_DC_COMBO_no": "0", "MEDIUM_IEC62196_no": "2", "MEDIUM_SAEJ1772_no": "0", "MEDIUM_GB_T20234_2_AC__no": "0", "MEDIUM_OTHERS_no": "0", "QUICK_CHAdeMO_no": "0", "QUICK_CCS_DC_COMBO_no": "2", "QUICK_IEC62196_no": "0", "QUICK_GB_T20234_3_DC__no": "0", "QUICK_OTHERS_no": "0", "FAST_CHAdeMO_no": "0", "FAST_CCS_DC_COMBO_no": "0", "FAST_GB_T20234_3_DC__no": "0", "FAST_OTHERS_no": "0", "REMARK_FOR__OTHERS_": "-", "DATA_PATH": "-", "OBJECTID": 76, "total_chargers": 4 }, "geometry": { "type": "Point", "coordinates": [ 114.106691, 22.358198 ] } },
{ "type": "Feature", "properties": { "GmlID": "geotagging.77", "NAME_OF_DISTRICT_COUNCIL_DISTRICT_EN": "Sham Shui Po", "LOCATION_EN": "Lai Sun Commercial Centre", "ADDRESS_EN": "680 Cheung Sha Wan Road, Kowloon", "NAME_OF_DISTRICT_COUNCIL_DISTRICT_TC": "深水埗區", "LOCATION_TC": "麗新商業中心", "ADDRESS_TC": "九龍長沙灣道680號", "NAME_OF_DISTRICT_COUNCIL_DISTRICT_SC": "深水埗区", "LOCATION_SC": "丽新商业中心", "ADDRESS_SC": "九龙长沙湾道680号", "STANDARD_BS1363_no": "0", "MEDIUM_CCS_DC_COMBO_no": "0", "MEDIUM_IEC62196_no": "11", "MEDIUM_SAEJ1772_no": "0", "MEDIUM_GB_T20234_2_AC__no": "0", "MEDIUM_OTHERS_no": "0", "QUICK_CHAdeMO_no": "0", "QUICK_CCS_DC_COMBO_no": "2", "QUICK_IEC62196_no": "0", "QUICK_GB_T20234_3_DC__no": "0", "QUICK_OTHERS_no": "0", "FAST_CHAdeMO_no": "0", "FAST_CCS_DC_COMBO_no": "4", "FAST_GB_T20234_3_DC__no": "0", "FAST_OTHERS_no": "0", "REMARK_FOR__OTHERS_": "-", "DATA_PATH": "https://ev-charger.epd.gov.hk/resource/ev_charger_avail/evca_ver_1_0.json", "OBJECTID": 77, "total_chargers": 17 }, "geometry": { "type": "Point", "coordinates": [ 114.151955, 22.33905 ] } },
{ "type": "Feature", "properties": { "GmlID": "geotagging.78", "NAME_OF_DISTRICT_COUNCIL_DISTRICT_EN": "Sham Shui Po", "LOCATION_EN": "Cheung Sha Wan Plaza", "ADDRESS_EN": "833 Cheung Sha Wan Road, Kowloon", "NAME_OF_DISTRICT_COUNCIL_DISTRICT_TC": "深水埗區", "LOCATION_TC": "長沙灣廣場", "ADDRESS_TC": "九龍長沙灣道833號", "NAME_OF_DISTRICT_COUNCIL_DISTRICT_SC": "深水埗区", "LOCATION_SC": "长沙湾广场", "ADDRESS_SC": "九龙长沙湾道833号", "STANDARD_BS1363_no": "0", "MEDIUM_CCS_DC_COMBO_no": "0", "MEDIUM_IEC62196_no": "43", "MEDIUM_SAEJ1772_no": "0", "MEDIUM_GB_T20234_2_AC__no": "0", "MEDIUM_OTHERS_no": "0", "QUICK_CHAdeMO_no": "0", "QUICK_CCS_DC_COMBO_no": "9", "QUICK_IEC62196_no": "0", "QUICK_GB_T20234_3_DC__no": "0", "QUICK_OTHERS_no": "0", "FAST_CHAdeMO_no": "0", "FAST_CCS_DC_COMBO_no": "0", "FAST_GB_T20234_3_DC__no": "0", "FAST_OTHERS_no": "0", "REMARK_FOR__OTHERS_": "-", "DATA_PATH": "https://ev-charger.epd.gov.hk/resource/ev_charger_avail/evca_ver_1_0.json", "OBJECTID": 78, "total_chargers": 52 }, "geometry": { "type": "Point", "coordinates": [ 114.148705, 22.337114 ] } },
{ "type": "Feature", "properties": { "GmlID": "geotagging.79", "NAME_OF_DISTRICT_COUNCIL_DISTRICT_EN": "Central & Western", "LOCATION_EN": "Pacific Place", "ADDRESS_EN": "88 Queensway, Hong Kong", "NAME_OF_DISTRICT_COUNCIL_DISTRICT_TC": "中西區", "LOCATION_TC": "太古廣場", "ADDRESS_TC": "香港金鐘道88號", "NAME_OF_DISTRICT_COUNCIL_DISTRICT_SC": "中西区", "LOCATION_SC": "太古广场", "ADDRESS_SC": "香港金钟道88号", "STANDARD_BS1363_no": "0", "MEDIUM_CCS_DC_COMBO_no": "0", "MEDIUM_IEC62196_no": "0", "MEDIUM_SAEJ1772_no": "0", "MEDIUM_GB_T20234_2_AC__no": "0", "MEDIUM_OTHERS_no": "0", "QUICK_CHAdeMO_no": "0", "QUICK_CCS_DC_COMBO_no": "12", "QUICK_IEC62196_no": "14", "QUICK_GB_T20234_3_DC__no": "1", "QUICK_OTHERS_no": "0", "FAST_CHAdeMO_no": "0", "FAST_CCS_DC_COMBO_no": "0", "FAST_GB_T20234_3_DC__no": "0", "FAST_OTHERS_no": "0", "REMARK_FOR__OTHERS_": "-", "DATA_PATH": "https://ev-charger.epd.gov.hk/resource/ev_charger_avail/evca_ver_1_0.json", "OBJECTID": 79, "total_chargers": 27 }, "geometry": { "type": "Point", "coordinates": [ 114.165382, 22.277634 ] } },
{ "type": "Feature", "properties": { "GmlID": "geotagging.80", "NAME_OF_DISTRICT_COUNCIL_DISTRICT_EN": "Sai Kung", "LOCATION_EN": "Popcorn I Carpark", "ADDRESS_EN": "9 TONG YIN STREET, Sai Kung District, New Territories", "NAME_OF_DISTRICT_COUNCIL_DISTRICT_TC": "西貢區", "LOCATION_TC": "Popcorn 一期停車場", "ADDRESS_TC": "新界 西貢區 唐賢街9號", "NAME_OF_DISTRICT_COUNCIL_DISTRICT_SC": "西贡区", "LOCATION_SC": "Popcorn 一期停车场", "ADDRESS_SC": "新界 西贡区 唐贤街9号", "STANDARD_BS1363_no": "0", "MEDIUM_CCS_DC_COMBO_no": "0", "MEDIUM_IEC62196_no": "0", "MEDIUM_SAEJ1772_no": "0", "MEDIUM_GB_T20234_2_AC__no": "0", "MEDIUM_OTHERS_no": "0", "QUICK_CHAdeMO_no": "0", "QUICK_CCS_DC_COMBO_no": "2", "QUICK_IEC62196_no": "1", "QUICK_GB_T20234_3_DC__no": "0", "QUICK_OTHERS_no": "0", "FAST_CHAdeMO_no": "0", "FAST_CCS_DC_COMBO_no": "0", "FAST_GB_T20234_3_DC__no": "0", "FAST_OTHERS_no": "0", "REMARK_FOR__OTHERS_": "-", "DATA_PATH": "-", "OBJECTID": 80, "total_chargers": 3 }, "geometry": { "type": "Point", "coordinates": [ 114.259223, 22.308019 ] } },
{ "type": "Feature", "properties": { "GmlID": "geotagging.81", "NAME_OF_DISTRICT_COUNCIL_DISTRICT_EN": "Eastern", "LOCATION_EN": "Lincoln House", "ADDRESS_EN": "979 King's Road, Quarry Bay, Hong Kong", "NAME_OF_DISTRICT_COUNCIL_DISTRICT_TC": "東區", "LOCATION_TC": "林肯大廈", "ADDRESS_TC": "香港鰂魚涌太古坊英皇道979號", "NAME_OF_DISTRICT_COUNCIL_DISTRICT_SC": "东区", "LOCATION_SC": "林肯大厦", "ADDRESS_SC": "香港鰂鱼涌太古坊英皇道979号", "STANDARD_BS1363_no": "0", "MEDIUM_CCS_DC_COMBO_no": "0", "MEDIUM_IEC62196_no": "0", "MEDIUM_SAEJ1772_no": "0", "MEDIUM_GB_T20234_2_AC__no": "0", "MEDIUM_OTHERS_no": "0", "QUICK_CHAdeMO_no": "0", "QUICK_CCS_DC_COMBO_no": "4", "QUICK_IEC62196_no": "0", "QUICK_GB_T20234_3_DC__no": "0", "QUICK_OTHERS_no": "0", "FAST_CHAdeMO_no": "0", "FAST_CCS_DC_COMBO_no": "0", "FAST_GB_T20234_3_DC__no": "0", "FAST_OTHERS_no": "0", "REMARK_FOR__OTHERS_": "-", "DATA_PATH": "-", "OBJECTID": 81, "total_chargers": 4 }, "geometry": { "type": "Point", "coordinates": [ 114.212232, 22.287686 ] } },
{ "type": "Feature", "properties": { "GmlID": "geotagging.82", "NAME_OF_DISTRICT_COUNCIL_DISTRICT_EN": "Southern", "LOCATION_EN": "The Pulse", "ADDRESS_EN": "BEACH ROAD, SOUTHERN", "NAME_OF_DISTRICT_COUNCIL_DISTRICT_TC": "南區", "LOCATION_TC": "The Pulse", "ADDRESS_TC": "南區 海灘道", "NAME_OF_DISTRICT_COUNCIL_DISTRICT_SC": "南区", "LOCATION_SC": "The Pulse", "ADDRESS_SC": "南区 海滩道", "STANDARD_BS1363_no": "0", "MEDIUM_CCS_DC_COMBO_no": "0", "MEDIUM_IEC62196_no": "1", "MEDIUM_SAEJ1772_no": "0", "MEDIUM_GB_T20234_2_AC__no": "0", "MEDIUM_OTHERS_no": "0", "QUICK_CHAdeMO_no": "0", "QUICK_CCS_DC_COMBO_no": "7", "QUICK_IEC62196_no": "6", "QUICK_GB_T20234_3_DC__no": "0", "QUICK_OTHERS_no": "0", "FAST_CHAdeMO_no": "0", "FAST_CCS_DC_COMBO_no": "0", "FAST_GB_T20234_3_DC__no": "0", "FAST_OTHERS_no": "0", "REMARK_FOR__OTHERS_": "-", "DATA_PATH": "https://ev-charger.epd.gov.hk/resource/ev_charger_avail/evca_ver_1_0.json", "OBJECTID": 82, "total_chargers": 14 }, "geometry": { "type": "Point", "coordinates": [ 114.198281, 22.23546 ] } },
{ "type": "Feature", "properties": { "GmlID": "geotagging.83", "NAME_OF_DISTRICT_COUNCIL_DISTRICT_EN": "Wong Tai Sin", "LOCATION_EN": "Lok Fu Market Car Park", "ADDRESS_EN": "Lok Fu Place, 198 Junction Road, Wang Tau Hom, Kowloon", "NAME_OF_DISTRICT_COUNCIL_DISTRICT_TC": "黃大仙區", "LOCATION_TC": "樂富街市停車場", "ADDRESS_TC": "九龍橫頭磡聯合道198號樂富廣場", "NAME_OF_DISTRICT_COUNCIL_DISTRICT_SC": "黄大仙区", "LOCATION_SC": "乐富街市停车场", "ADDRESS_SC": "九龙横头磡联合道198号乐富广场", "STANDARD_BS1363_no": "0", "MEDIUM_CCS_DC_COMBO_no": "0", "MEDIUM_IEC62196_no": "6", "MEDIUM_SAEJ1772_no": "0", "MEDIUM_GB_T20234_2_AC__no": "0", "MEDIUM_OTHERS_no": "0", "QUICK_CHAdeMO_no": "0", "QUICK_CCS_DC_COMBO_no": "4", "QUICK_IEC62196_no": "0", "QUICK_GB_T20234_3_DC__no": "0", "QUICK_OTHERS_no": "0", "FAST_CHAdeMO_no": "0", "FAST_CCS_DC_COMBO_no": "0", "FAST_GB_T20234_3_DC__no": "0", "FAST_OTHERS_no": "0", "REMARK_FOR__OTHERS_": "-", "DATA_PATH": "-", "OBJECTID": 83, "total_chargers": 10 }, "geometry": { "type": "Point", "coordinates": [ 114.187011, 22.339307 ] } },
{ "type": "Feature", "properties": { "GmlID": "geotagging.84", "NAME_OF_DISTRICT_COUNCIL_DISTRICT_EN": "Kowloon City", "LOCATION_EN": "Oi Man Car Park", "ADDRESS_EN": "Oi Man Plaza, 60 Chung Hau Street, Ho Man Tin, Kowloon", "NAME_OF_DISTRICT_COUNCIL_DISTRICT_TC": "九龍城區", "LOCATION_TC": "愛民停車場", "ADDRESS_TC": "九龍何文田忠孝街60號愛民廣場", "NAME_OF_DISTRICT_COUNCIL_DISTRICT_SC": "九龙城区", "LOCATION_SC": "爱民停车场", "ADDRESS_SC": "九龙何文田忠孝街60号爱民广场", "STANDARD_BS1363_no": "0", "MEDIUM_CCS_DC_COMBO_no": "0", "MEDIUM_IEC62196_no": "18", "MEDIUM_SAEJ1772_no": "0", "MEDIUM_GB_T20234_2_AC__no": "0", "MEDIUM_OTHERS_no": "0", "QUICK_CHAdeMO_no": "0", "QUICK_CCS_DC_COMBO_no": "10", "QUICK_IEC62196_no": "0", "QUICK_GB_T20234_3_DC__no": "0", "QUICK_OTHERS_no": "0", "FAST_CHAdeMO_no": "0", "FAST_CCS_DC_COMBO_no": "0", "FAST_GB_T20234_3_DC__no": "0", "FAST_OTHERS_no": "0", "REMARK_FOR__OTHERS_": "-", "DATA_PATH": "-", "OBJECTID": 84, "total_chargers": 28 }, "geometry": { "type": "Point", "coordinates": [ 114.179285, 22.311276 ] } },
{ "type": "Feature", "properties": { "GmlID": "geotagging.85", "NAME_OF_DISTRICT_COUNCIL_DISTRICT_EN": "Wong Tai Sin", "LOCATION_EN": "The Latitude Carpark", "ADDRESS_EN": "PRINCE EDWARD ROAD EAST, WONG TAI SIN", "NAME_OF_DISTRICT_COUNCIL_DISTRICT_TC": "黃大仙區", "LOCATION_TC": "譽．港灣停車場", "ADDRESS_TC": "黃大仙太子道東", "NAME_OF_DISTRICT_COUNCIL_DISTRICT_SC": "黄大仙区", "LOCATION_SC": "誉．港湾停车场", "ADDRESS_SC": "黄大仙太子道东", "STANDARD_BS1363_no": "0", "MEDIUM_CCS_DC_COMBO_no": "0", "MEDIUM_IEC62196_no": "0", "MEDIUM_SAEJ1772_no": "0", "MEDIUM_GB_T20234_2_AC__no": "0", "MEDIUM_OTHERS_no": "0", "QUICK_CHAdeMO_no": "0", "QUICK_CCS_DC_COMBO_no": "10", "QUICK_IEC62196_no": "0", "QUICK_GB_T20234_3_DC__no": "0", "QUICK_OTHERS_no": "0", "FAST_CHAdeMO_no": "0", "FAST_CCS_DC_COMBO_no": "0", "FAST_GB_T20234_3_DC__no": "0", "FAST_OTHERS_no": "0", "REMARK_FOR__OTHERS_": "-", "DATA_PATH": "-", "OBJECTID": 85, "total_chargers": 10 }, "geometry": { "type": "Point", "coordinates": [ 114.196907, 22.333582 ] } },
{ "type": "Feature", "properties": { "GmlID": "geotagging.86", "NAME_OF_DISTRICT_COUNCIL_DISTRICT_EN": "Sham Shui Po", "LOCATION_EN": "FESTIVAL WALK", "ADDRESS_EN": "TAT CHEE AVENUE, SHAM SHUI PO", "NAME_OF_DISTRICT_COUNCIL_DISTRICT_TC": "深水埗區", "LOCATION_TC": "又一城", "ADDRESS_TC": "深水埗達之路", "NAME_OF_DISTRICT_COUNCIL_DISTRICT_SC": "深水埗区", "LOCATION_SC": "又一城", "ADDRESS_SC": "深水埗达之路", "STANDARD_BS1363_no": "0", "MEDIUM_CCS_DC_COMBO_no": "0", "MEDIUM_IEC62196_no": "28", "MEDIUM_SAEJ1772_no": "0", "MEDIUM_GB_T20234_2_AC__no": "0", "MEDIUM_OTHERS_no": "0", "QUICK_CHAdeMO_no": "0", "QUICK_CCS_DC_COMBO_no": "6", "QUICK_IEC62196_no": "0", "QUICK_GB_T20234_3_DC__no": "0", "QUICK_OTHERS_no": "0", "FAST_CHAdeMO_no": "0", "FAST_CCS_DC_COMBO_no": "0", "FAST_GB_T20234_3_DC__no": "0", "FAST_OTHERS_no": "0", "REMARK_FOR__OTHERS_": "-", "DATA_PATH": "https://ev-charger.epd.gov.hk/resource/ev_charger_avail/evca_ver_1_0.json", "OBJECTID": 86, "total_chargers": 34 }, "geometry": { "type": "Point", "coordinates": [ 114.174298, 22.337508 ] } },
{ "type": "Feature", "properties": { "GmlID": "geotagging.87", "NAME_OF_DISTRICT_COUNCIL_DISTRICT_EN": "Kwun Tong", "LOCATION_EN": "The Quayside Car Park", "ADDRESS_EN": "The Quayside,77 Hoi Bun Road,Kwun Tong,Kowloon,Hong Kong", "NAME_OF_DISTRICT_COUNCIL_DISTRICT_TC": "觀塘區", "LOCATION_TC": "海濱匯停車場", "ADDRESS_TC": "香港九龍觀塘海濱道77號海濱匯", "NAME_OF_DISTRICT_COUNCIL_DISTRICT_SC": "观塘区", "LOCATION_SC": "海滨汇停车场", "ADDRESS_SC": "香港九龙观塘海滨道77号海滨汇", "STANDARD_BS1363_no": "312", "MEDIUM_CCS_DC_COMBO_no": "0", "MEDIUM_IEC62196_no": "94", "MEDIUM_SAEJ1772_no": "0", "MEDIUM_GB_T20234_2_AC__no": "0", "MEDIUM_OTHERS_no": "0", "QUICK_CHAdeMO_no": "0", "QUICK_CCS_DC_COMBO_no": "13", "QUICK_IEC62196_no": "3", "QUICK_GB_T20234_3_DC__no": "0", "QUICK_OTHERS_no": "0", "FAST_CHAdeMO_no": "0", "FAST_CCS_DC_COMBO_no": "0", "FAST_GB_T20234_3_DC__no": "0", "FAST_OTHERS_no": "0", "REMARK_FOR__OTHERS_": "-", "DATA_PATH": "-", "OBJECTID": 87, "total_chargers": 422 }, "geometry": { "type": "Point", "coordinates": [ 114.213428, 22.316533 ] } },
{ "type": "Feature", "properties": { "GmlID": "geotagging.88", "NAME_OF_DISTRICT_COUNCIL_DISTRICT_EN": "Yuen Long", "LOCATION_EN": "Tin Shing Car Park A", "ADDRESS_EN": "Tin Shing Shopping Centre, 3 Tin Ching Street, Tin Shui Wai, Yuen Long, New Territories", "NAME_OF_DISTRICT_COUNCIL_DISTRICT_TC": "元朗區", "LOCATION_TC": "天盛A停車場", "ADDRESS_TC": "新界元朗天水圍天靖街3號天盛商場", "NAME_OF_DISTRICT_COUNCIL_DISTRICT_SC": "元朗区", "LOCATION_SC": "天盛A停车场", "ADDRESS_SC": "新界元朗天水围天靖街3号天盛商场", "STANDARD_BS1363_no": "0", "MEDIUM_CCS_DC_COMBO_no": "0", "MEDIUM_IEC62196_no": "53", "MEDIUM_SAEJ1772_no": "0", "MEDIUM_GB_T20234_2_AC__no": "0", "MEDIUM_OTHERS_no": "0", "QUICK_CHAdeMO_no": "1", "QUICK_CCS_DC_COMBO_no": "5", "QUICK_IEC62196_no": "1", "QUICK_GB_T20234_3_DC__no": "0", "QUICK_OTHERS_no": "0", "FAST_CHAdeMO_no": "0", "FAST_CCS_DC_COMBO_no": "0", "FAST_GB_T20234_3_DC__no": "0", "FAST_OTHERS_no": "0", "REMARK_FOR__OTHERS_": "-", "DATA_PATH": "https://ev-charger.epd.gov.hk/resource/ev_charger_avail/evca_ver_1_0.json", "OBJECTID": 88, "total_chargers": 60 }, "geometry": { "type": "Point", "coordinates": [ 114.00317, 22.448488 ] } },
{ "type": "Feature", "properties": { "GmlID": "geotagging.89", "NAME_OF_DISTRICT_COUNCIL_DISTRICT_EN": "Kwun Tong", "LOCATION_EN": "Choi Tak Estate Carpark", "ADDRESS_EN": "CHOI WING ROAD", "NAME_OF_DISTRICT_COUNCIL_DISTRICT_TC": "觀塘區", "LOCATION_TC": "彩德邨停車場", "ADDRESS_TC": "彩榮路", "NAME_OF_DISTRICT_COUNCIL_DISTRICT_SC": "观塘区", "LOCATION_SC": "彩德邨停车场", "ADDRESS_SC": "彩荣路", "STANDARD_BS1363_no": "0", "MEDIUM_CCS_DC_COMBO_no": "0", "MEDIUM_IEC62196_no": "35", "MEDIUM_SAEJ1772_no": "0", "MEDIUM_GB_T20234_2_AC__no": "0", "MEDIUM_OTHERS_no": "0", "QUICK_CHAdeMO_no": "0", "QUICK_CCS_DC_COMBO_no": "0", "QUICK_IEC62196_no": "0", "QUICK_GB_T20234_3_DC__no": "0", "QUICK_OTHERS_no": "0", "FAST_CHAdeMO_no": "0", "FAST_CCS_DC_COMBO_no": "0", "FAST_GB_T20234_3_DC__no": "0", "FAST_OTHERS_no": "0", "REMARK_FOR__OTHERS_": "-", "DATA_PATH": "-", "OBJECTID": 89, "total_chargers": 35 }, "geometry": { "type": "Point", "coordinates": [ 114.213299, 22.329574 ] } },
{ "type": "Feature", "properties": { "GmlID": "geotagging.90", "NAME_OF_DISTRICT_COUNCIL_DISTRICT_EN": "Kwun Tong", "LOCATION_EN": "Yau Lai Shopping Centre Carpark", "ADDRESS_EN": "YAU TONG ROAD", "NAME_OF_DISTRICT_COUNCIL_DISTRICT_TC": "觀塘區", "LOCATION_TC": "油麗商場停車場", "ADDRESS_TC": "油塘道", "NAME_OF_DISTRICT_COUNCIL_DISTRICT_SC": "观塘区", "LOCATION_SC": "油丽商场停车场", "ADDRESS_SC": "油塘道", "STANDARD_BS1363_no": "0", "MEDIUM_CCS_DC_COMBO_no": "0", "MEDIUM_IEC62196_no": "10", "MEDIUM_SAEJ1772_no": "0", "MEDIUM_GB_T20234_2_AC__no": "0", "MEDIUM_OTHERS_no": "0", "QUICK_CHAdeMO_no": "0", "QUICK_CCS_DC_COMBO_no": "0", "QUICK_IEC62196_no": "0", "QUICK_GB_T20234_3_DC__no": "0", "QUICK_OTHERS_no": "0", "FAST_CHAdeMO_no": "0", "FAST_CCS_DC_COMBO_no": "0", "FAST_GB_T20234_3_DC__no": "0", "FAST_OTHERS_no": "0", "REMARK_FOR__OTHERS_": "-", "DATA_PATH": "-", "OBJECTID": 90, "total_chargers": 10 }, "geometry": { "type": "Point", "coordinates": [ 114.237106, 22.298485 ] } },
{ "type": "Feature", "properties": { "GmlID": "geotagging.91", "NAME_OF_DISTRICT_COUNCIL_DISTRICT_EN": "Kwun Tong", "LOCATION_EN": "Domain Carpark", "ADDRESS_EN": "Ko Chiu Road", "NAME_OF_DISTRICT_COUNCIL_DISTRICT_TC": "觀塘區", "LOCATION_TC": "大本型停車場", "ADDRESS_TC": "高超道", "NAME_OF_DISTRICT_COUNCIL_DISTRICT_SC": "观塘区", "LOCATION_SC": "大本型停车场", "ADDRESS_SC": "高超道", "STANDARD_BS1363_no": "0", "MEDIUM_CCS_DC_COMBO_no": "0", "MEDIUM_IEC62196_no": "33", "MEDIUM_SAEJ1772_no": "0", "MEDIUM_GB_T20234_2_AC__no": "0", "MEDIUM_OTHERS_no": "0", "QUICK_CHAdeMO_no": "0", "QUICK_CCS_DC_COMBO_no": "0", "QUICK_IEC62196_no": "0", "QUICK_GB_T20234_3_DC__no": "0", "QUICK_OTHERS_no": "0", "FAST_CHAdeMO_no": "0", "FAST_CCS_DC_COMBO_no": "0", "FAST_GB_T20234_3_DC__no": "0", "FAST_OTHERS_no": "0", "REMARK_FOR__OTHERS_": "-", "DATA_PATH": "-", "OBJECTID": 91, "total_chargers": 33 }, "geometry": { "type": "Point", "coordinates": [ 114.238602, 22.296053 ] } },
{ "type": "Feature", "properties": { "GmlID": "geotagging.92", "NAME_OF_DISTRICT_COUNCIL_DISTRICT_EN": "Kwun Tong", "LOCATION_EN": "Telford Plaza Phase I Car Park", "ADDRESS_EN": "33 WAI YIP STREET, Kwun Tong District, Kowloon", "NAME_OF_DISTRICT_COUNCIL_DISTRICT_TC": "觀塘區", "LOCATION_TC": "德福廣場一期停車場", "ADDRESS_TC": "九龍 觀塘區 偉業街33號", "NAME_OF_DISTRICT_COUNCIL_DISTRICT_SC": "观塘区", "LOCATION_SC": "德福广场一期停车场", "ADDRESS_SC": "九龙 观塘区 伟业街33号", "STANDARD_BS1363_no": "0", "MEDIUM_CCS_DC_COMBO_no": "0", "MEDIUM_IEC62196_no": "0", "MEDIUM_SAEJ1772_no": "0", "MEDIUM_GB_T20234_2_AC__no": "0", "MEDIUM_OTHERS_no": "0", "QUICK_CHAdeMO_no": "0", "QUICK_CCS_DC_COMBO_no": "2", "QUICK_IEC62196_no": "0", "QUICK_GB_T20234_3_DC__no": "0", "QUICK_OTHERS_no": "0", "FAST_CHAdeMO_no": "0", "FAST_CCS_DC_COMBO_no": "0", "FAST_GB_T20234_3_DC__no": "0", "FAST_OTHERS_no": "0", "REMARK_FOR__OTHERS_": "-", "DATA_PATH": "-", "OBJECTID": 92, "total_chargers": 2 }, "geometry": { "type": "Point", "coordinates": [ 114.213564, 22.323767 ] } },
{ "type": "Feature", "properties": { "GmlID": "geotagging.93", "NAME_OF_DISTRICT_COUNCIL_DISTRICT_EN": "Kwun Tong", "LOCATION_EN": "Telford Plaza Phase II Car Park", "ADDRESS_EN": "33 WAI YIP STREET, Kwun Tong District, Kowloon", "NAME_OF_DISTRICT_COUNCIL_DISTRICT_TC": "觀塘區", "LOCATION_TC": "德福廣場二期停車場", "ADDRESS_TC": "九龍 觀塘區 偉業街33號", "NAME_OF_DISTRICT_COUNCIL_DISTRICT_SC": "观塘区", "LOCATION_SC": "德福广场二期停车场", "ADDRESS_SC": "九龙 观塘区 伟业街33号", "STANDARD_BS1363_no": "0", "MEDIUM_CCS_DC_COMBO_no": "0", "MEDIUM_IEC62196_no": "0", "MEDIUM_SAEJ1772_no": "0", "MEDIUM_GB_T20234_2_AC__no": "0", "MEDIUM_OTHERS_no": "0", "QUICK_CHAdeMO_no": "0", "QUICK_CCS_DC_COMBO_no": "3", "QUICK_IEC62196_no": "0", "QUICK_GB_T20234_3_DC__no": "0", "QUICK_OTHERS_no": "0", "FAST_CHAdeMO_no": "0", "FAST_CCS_DC_COMBO_no": "0", "FAST_GB_T20234_3_DC__no": "0", "FAST_OTHERS_no": "0", "REMARK_FOR__OTHERS_": "-", "DATA_PATH": "-", "OBJECTID": 93, "total_chargers": 3 }, "geometry": { "type": "Point", "coordinates": [ 114.213165, 22.321148 ] } },
{ "type": "Feature", "properties": { "GmlID": "geotagging.94", "NAME_OF_DISTRICT_COUNCIL_DISTRICT_EN": "Kwun Tong", "LOCATION_EN": "Telford Plaza Car Park D", "ADDRESS_EN": "33 Wai Yip Street, Kwun Tong District, Kowloon", "NAME_OF_DISTRICT_COUNCIL_DISTRICT_TC": "觀塘區", "LOCATION_TC": "德福廣場D座停車場", "ADDRESS_TC": "九龍 觀塘區 偉業街33號", "NAME_OF_DISTRICT_COUNCIL_DISTRICT_SC": "观塘区", "LOCATION_SC": "德福广场D座停车场", "ADDRESS_SC": "九龙 观塘区 伟业街33号", "STANDARD_BS1363_no": "0", "MEDIUM_CCS_DC_COMBO_no": "0", "MEDIUM_IEC62196_no": "0", "MEDIUM_SAEJ1772_no": "0", "MEDIUM_GB_T20234_2_AC__no": "0", "MEDIUM_OTHERS_no": "0", "QUICK_CHAdeMO_no": "0", "QUICK_CCS_DC_COMBO_no": "4", "QUICK_IEC62196_no": "12", "QUICK_GB_T20234_3_DC__no": "0", "QUICK_OTHERS_no": "0", "FAST_CHAdeMO_no": "0", "FAST_CCS_DC_COMBO_no": "0", "FAST_GB_T20234_3_DC__no": "0", "FAST_OTHERS_no": "0", "REMARK_FOR__OTHERS_": "-", "DATA_PATH": "-", "OBJECTID": 94, "total_chargers": 16 }, "geometry": { "type": "Point", "coordinates": [ 114.21203, 22.322331 ] } },
{ "type": "Feature", "properties": { "GmlID": "geotagging.95", "NAME_OF_DISTRICT_COUNCIL_DISTRICT_EN": "Kwun Tong", "LOCATION_EN": "Metro Centre II", "ADDRESS_EN": "LAM HING STREET", "NAME_OF_DISTRICT_COUNCIL_DISTRICT_TC": "觀塘區", "LOCATION_TC": "美羅中心二期", "ADDRESS_TC": "臨興街", "NAME_OF_DISTRICT_COUNCIL_DISTRICT_SC": "观塘区", "LOCATION_SC": "美罗中心二期", "ADDRESS_SC": "临兴街", "STANDARD_BS1363_no": "2", "MEDIUM_CCS_DC_COMBO_no": "0", "MEDIUM_IEC62196_no": "0", "MEDIUM_SAEJ1772_no": "0", "MEDIUM_GB_T20234_2_AC__no": "0", "MEDIUM_OTHERS_no": "0", "QUICK_CHAdeMO_no": "0", "QUICK_CCS_DC_COMBO_no": "0", "QUICK_IEC62196_no": "0", "QUICK_GB_T20234_3_DC__no": "0", "QUICK_OTHERS_no": "0", "FAST_CHAdeMO_no": "0", "FAST_CCS_DC_COMBO_no": "0", "FAST_GB_T20234_3_DC__no": "0", "FAST_OTHERS_no": "0", "REMARK_FOR__OTHERS_": "-", "DATA_PATH": "-", "OBJECTID": 95, "total_chargers": 2 }, "geometry": { "type": "Point", "coordinates": [ 114.210905, 22.324932 ] } },
{ "type": "Feature", "properties": { "GmlID": "geotagging.96", "NAME_OF_DISTRICT_COUNCIL_DISTRICT_EN": "Kwun Tong", "LOCATION_EN": "Metro Centre I", "ADDRESS_EN": "LAM HING STREET", "NAME_OF_DISTRICT_COUNCIL_DISTRICT_TC": "觀塘區", "LOCATION_TC": "美羅中心一期", "ADDRESS_TC": "臨興街", "NAME_OF_DISTRICT_COUNCIL_DISTRICT_SC": "观塘区", "LOCATION_SC": "美罗中心一期", "ADDRESS_SC": "临兴街", "STANDARD_BS1363_no": "1", "MEDIUM_CCS_DC_COMBO_no": "0", "MEDIUM_IEC62196_no": "0", "MEDIUM_SAEJ1772_no": "0", "MEDIUM_GB_T20234_2_AC__no": "0", "MEDIUM_OTHERS_no": "0", "QUICK_CHAdeMO_no": "0", "QUICK_CCS_DC_COMBO_no": "6", "QUICK_IEC62196_no": "0", "QUICK_GB_T20234_3_DC__no": "0", "QUICK_OTHERS_no": "0", "FAST_CHAdeMO_no": "0", "FAST_CCS_DC_COMBO_no": "0", "FAST_GB_T20234_3_DC__no": "0", "FAST_OTHERS_no": "0", "REMARK_FOR__OTHERS_": "-", "DATA_PATH": "-", "OBJECTID": 96, "total_chargers": 7 }, "geometry": { "type": "Point", "coordinates": [ 114.2104, 22.324273 ] } },
{ "type": "Feature", "properties": { "GmlID": "geotagging.97", "NAME_OF_DISTRICT_COUNCIL_DISTRICT_EN": "Kwun Tong", "LOCATION_EN": "Skyline Tower", "ADDRESS_EN": "WANG KWONG ROAD", "NAME_OF_DISTRICT_COUNCIL_DISTRICT_TC": "觀塘區", "LOCATION_TC": "宏天廣埸", "ADDRESS_TC": "宏光道", "NAME_OF_DISTRICT_COUNCIL_DISTRICT_SC": "观塘区", "LOCATION_SC": "宏天广埸", "ADDRESS_SC": "宏光道", "STANDARD_BS1363_no": "1", "MEDIUM_CCS_DC_COMBO_no": "0", "MEDIUM_IEC62196_no": "65", "MEDIUM_SAEJ1772_no": "0", "MEDIUM_GB_T20234_2_AC__no": "1", "MEDIUM_OTHERS_no": "0", "QUICK_CHAdeMO_no": "0", "QUICK_CCS_DC_COMBO_no": "6", "QUICK_IEC62196_no": "0", "QUICK_GB_T20234_3_DC__no": "0", "QUICK_OTHERS_no": "0", "FAST_CHAdeMO_no": "0", "FAST_CCS_DC_COMBO_no": "0", "FAST_GB_T20234_3_DC__no": "0", "FAST_OTHERS_no": "0", "REMARK_FOR__OTHERS_": "-", "DATA_PATH": "-", "OBJECTID": 97, "total_chargers": 73 }, "geometry": { "type": "Point", "coordinates": [ 114.205295, 22.326225 ] } },
{ "type": "Feature", "properties": { "GmlID": "geotagging.98", "NAME_OF_DISTRICT_COUNCIL_DISTRICT_EN": "Kwun Tong", "LOCATION_EN": "Pacific Trade Centre", "ADDRESS_EN": "KAI HING ROAD", "NAME_OF_DISTRICT_COUNCIL_DISTRICT_TC": "觀塘區", "LOCATION_TC": "太平洋貿易中心", "ADDRESS_TC": "啟興道", "NAME_OF_DISTRICT_COUNCIL_DISTRICT_SC": "观塘区", "LOCATION_SC": "太平洋贸易中心", "ADDRESS_SC": "启兴道", "STANDARD_BS1363_no": "2", "MEDIUM_CCS_DC_COMBO_no": "0", "MEDIUM_IEC62196_no": "0", "MEDIUM_SAEJ1772_no": "0", "MEDIUM_GB_T20234_2_AC__no": "0", "MEDIUM_OTHERS_no": "0", "QUICK_CHAdeMO_no": "0", "QUICK_CCS_DC_COMBO_no": "0", "QUICK_IEC62196_no": "0", "QUICK_GB_T20234_3_DC__no": "0", "QUICK_OTHERS_no": "0", "FAST_CHAdeMO_no": "0", "FAST_CCS_DC_COMBO_no": "0", "FAST_GB_T20234_3_DC__no": "0", "FAST_OTHERS_no": "0", "REMARK_FOR__OTHERS_": "-", "DATA_PATH": "-", "OBJECTID": 98, "total_chargers": 2 }, "geometry": { "type": "Point", "coordinates": [ 114.212378, 22.316272 ] } },
{ "type": "Feature", "properties": { "GmlID": "geotagging.99", "NAME_OF_DISTRICT_COUNCIL_DISTRICT_EN": "Kwun Tong", "LOCATION_EN": "Kwun Tong Harbour Plaza", "ADDRESS_EN": "WAI YIP STREET", "NAME_OF_DISTRICT_COUNCIL_DISTRICT_TC": "觀塘區", "LOCATION_TC": "觀塘碼頭廣場", "ADDRESS_TC": "偉業街", "NAME_OF_DISTRICT_COUNCIL_DISTRICT_SC": "观塘区", "LOCATION_SC": "观塘码头广场", "ADDRESS_SC": "伟业街", "STANDARD_BS1363_no": "0", "MEDIUM_CCS_DC_COMBO_no": "0", "MEDIUM_IEC62196_no": "18", "MEDIUM_SAEJ1772_no": "0", "MEDIUM_GB_T20234_2_AC__no": "0", "MEDIUM_OTHERS_no": "0", "QUICK_CHAdeMO_no": "0", "QUICK_CCS_DC_COMBO_no": "0", "QUICK_IEC62196_no": "0", "QUICK_GB_T20234_3_DC__no": "0", "QUICK_OTHERS_no": "0", "FAST_CHAdeMO_no": "0", "FAST_CCS_DC_COMBO_no": "0", "FAST_GB_T20234_3_DC__no": "0", "FAST_OTHERS_no": "0", "REMARK_FOR__OTHERS_": "-", "DATA_PATH": "-", "OBJECTID": 99, "total_chargers": 18 }, "geometry": { "type": "Point", "coordinates": [ 114.221519, 22.309198 ] } },
{ "type": "Feature", "properties": { "GmlID": "geotagging.100", "NAME_OF_DISTRICT_COUNCIL_DISTRICT_EN": "Kwun Tong", "LOCATION_EN": "Millennium City 2 & 3 (Wilson Parking)", "ADDRESS_EN": "KWUN TONG ROAD", "NAME_OF_DISTRICT_COUNCIL_DISTRICT_TC": "觀塘區", "LOCATION_TC": "創紀之城2及3期 (威信停車場)", "ADDRESS_TC": "觀塘道", "NAME_OF_DISTRICT_COUNCIL_DISTRICT_SC": "观塘区", "LOCATION_SC": "创纪之城2及3期 (威信停车场)", "ADDRESS_SC": "观塘道", "STANDARD_BS1363_no": "0", "MEDIUM_CCS_DC_COMBO_no": "0", "MEDIUM_IEC62196_no": "0", "MEDIUM_SAEJ1772_no": "0", "MEDIUM_GB_T20234_2_AC__no": "0", "MEDIUM_OTHERS_no": "0", "QUICK_CHAdeMO_no": "0", "QUICK_CCS_DC_COMBO_no": "2", "QUICK_IEC62196_no": "0", "QUICK_GB_T20234_3_DC__no": "0", "QUICK_OTHERS_no": "0", "FAST_CHAdeMO_no": "0", "FAST_CCS_DC_COMBO_no": "0", "FAST_GB_T20234_3_DC__no": "0", "FAST_OTHERS_no": "0", "REMARK_FOR__OTHERS_": "-", "DATA_PATH": "-", "OBJECTID": 100, "total_chargers": 2 }, "geometry": { "type": "Point", "coordinates": [ 114.219773, 22.314561 ] } },
{ "type": "Feature", "properties": { "GmlID": "geotagging.101", "NAME_OF_DISTRICT_COUNCIL_DISTRICT_EN": "Kwun Tong", "LOCATION_EN": "Westin Centre", "ADDRESS_EN": "Hung To Road", "NAME_OF_DISTRICT_COUNCIL_DISTRICT_TC": "觀塘區", "LOCATION_TC": "威登中心", "ADDRESS_TC": "鴻圖道", "NAME_OF_DISTRICT_COUNCIL_DISTRICT_SC": "观塘区", "LOCATION_SC": "威登中心", "ADDRESS_SC": "鸿图道", "STANDARD_BS1363_no": "0", "MEDIUM_CCS_DC_COMBO_no": "0", "MEDIUM_IEC62196_no": "12", "MEDIUM_SAEJ1772_no": "0", "MEDIUM_GB_T20234_2_AC__no": "0", "MEDIUM_OTHERS_no": "0", "QUICK_CHAdeMO_no": "0", "QUICK_CCS_DC_COMBO_no": "0", "QUICK_IEC62196_no": "0", "QUICK_GB_T20234_3_DC__no": "0", "QUICK_OTHERS_no": "0", "FAST_CHAdeMO_no": "0", "FAST_CCS_DC_COMBO_no": "0", "FAST_GB_T20234_3_DC__no": "0", "FAST_OTHERS_no": "0", "REMARK_FOR__OTHERS_": "-", "DATA_PATH": "-", "OBJECTID": 101, "total_chargers": 12 }, "geometry": { "type": "Point", "coordinates": [ 114.219365, 22.31301 ] } },
{ "type": "Feature", "properties": { "GmlID": "geotagging.102", "NAME_OF_DISTRICT_COUNCIL_DISTRICT_EN": "Wan Chai", "LOCATION_EN": "Hysan Place Car Park", "ADDRESS_EN": "500 Hennessy Road, Wan Chai District, Hong Kong", "NAME_OF_DISTRICT_COUNCIL_DISTRICT_TC": "灣仔區", "LOCATION_TC": "希慎廣場停車場", "ADDRESS_TC": "香港 灣仔區 軒尼詩道500號", "NAME_OF_DISTRICT_COUNCIL_DISTRICT_SC": "湾仔区", "LOCATION_SC": "希慎广场停车场", "ADDRESS_SC": "香港 湾仔区 轩尼诗道500号", "STANDARD_BS1363_no": "0", "MEDIUM_CCS_DC_COMBO_no": "0", "MEDIUM_IEC62196_no": "35", "MEDIUM_SAEJ1772_no": "0", "MEDIUM_GB_T20234_2_AC__no": "0", "MEDIUM_OTHERS_no": "0", "QUICK_CHAdeMO_no": "0", "QUICK_CCS_DC_COMBO_no": "6", "QUICK_IEC62196_no": "0", "QUICK_GB_T20234_3_DC__no": "0", "QUICK_OTHERS_no": "0", "FAST_CHAdeMO_no": "0", "FAST_CCS_DC_COMBO_no": "0", "FAST_GB_T20234_3_DC__no": "0", "FAST_OTHERS_no": "0", "REMARK_FOR__OTHERS_": "-", "DATA_PATH": "-", "OBJECTID": 102, "total_chargers": 41 }, "geometry": { "type": "Point", "coordinates": [ 114.18341, 22.279908 ] } },
{ "type": "Feature", "properties": { "GmlID": "geotagging.103", "NAME_OF_DISTRICT_COUNCIL_DISTRICT_EN": "Central & Western", "LOCATION_EN": "Three Garden Road Carpark", "ADDRESS_EN": "GARDEN ROAD", "NAME_OF_DISTRICT_COUNCIL_DISTRICT_TC": "中西區", "LOCATION_TC": "花園道三號停車場", "ADDRESS_TC": "花園道", "NAME_OF_DISTRICT_COUNCIL_DISTRICT_SC": "中西区", "LOCATION_SC": "花园道三号停车场", "ADDRESS_SC": "花园道", "STANDARD_BS1363_no": "3", "MEDIUM_CCS_DC_COMBO_no": "0", "MEDIUM_IEC62196_no": "25", "MEDIUM_SAEJ1772_no": "0", "MEDIUM_GB_T20234_2_AC__no": "0", "MEDIUM_OTHERS_no": "0", "QUICK_CHAdeMO_no": "0", "QUICK_CCS_DC_COMBO_no": "12", "QUICK_IEC62196_no": "0", "QUICK_GB_T20234_3_DC__no": "0", "QUICK_OTHERS_no": "0", "FAST_CHAdeMO_no": "0", "FAST_CCS_DC_COMBO_no": "0", "FAST_GB_T20234_3_DC__no": "0", "FAST_OTHERS_no": "0", "REMARK_FOR__OTHERS_": "-", "DATA_PATH": "-", "OBJECTID": 103, "total_chargers": 40 }, "geometry": { "type": "Point", "coordinates": [ 114.161262, 22.278653 ] } },
{ "type": "Feature", "properties": { "GmlID": "geotagging.104", "NAME_OF_DISTRICT_COUNCIL_DISTRICT_EN": "Kwun Tong", "LOCATION_EN": "One Pacific Centre", "ADDRESS_EN": "Kwun Tong Road", "NAME_OF_DISTRICT_COUNCIL_DISTRICT_TC": "觀塘區", "LOCATION_TC": "1亞太中心", "ADDRESS_TC": "觀塘道", "NAME_OF_DISTRICT_COUNCIL_DISTRICT_SC": "观塘区", "LOCATION_SC": "1亚太中心", "ADDRESS_SC": "观塘道", "STANDARD_BS1363_no": "0", "MEDIUM_CCS_DC_COMBO_no": "0", "MEDIUM_IEC62196_no": "52", "MEDIUM_SAEJ1772_no": "0", "MEDIUM_GB_T20234_2_AC__no": "0", "MEDIUM_OTHERS_no": "0", "QUICK_CHAdeMO_no": "0", "QUICK_CCS_DC_COMBO_no": "9", "QUICK_IEC62196_no": "0", "QUICK_GB_T20234_3_DC__no": "0", "QUICK_OTHERS_no": "0", "FAST_CHAdeMO_no": "0", "FAST_CCS_DC_COMBO_no": "0", "FAST_GB_T20234_3_DC__no": "0", "FAST_OTHERS_no": "0", "REMARK_FOR__OTHERS_": "-", "DATA_PATH": "-", "OBJECTID": 104, "total_chargers": 61 }, "geometry": { "type": "Point", "coordinates": [ 114.224674, 22.31276 ] } },
{ "type": "Feature", "properties": { "GmlID": "geotagging.105", "NAME_OF_DISTRICT_COUNCIL_DISTRICT_EN": "Sai Kung", "LOCATION_EN": "Kau Sai Chau Public Golf Course Car Park", "ADDRESS_EN": "WAI MAN ROAD", "NAME_OF_DISTRICT_COUNCIL_DISTRICT_TC": "西貢區", "LOCATION_TC": "滘西洲公眾高爾夫球場停車場", "ADDRESS_TC": "惠民路", "NAME_OF_DISTRICT_COUNCIL_DISTRICT_SC": "西贡区", "LOCATION_SC": "滘西洲公众高尔夫球场停车场", "ADDRESS_SC": "惠民路", "STANDARD_BS1363_no": "0", "MEDIUM_CCS_DC_COMBO_no": "0", "MEDIUM_IEC62196_no": "0", "MEDIUM_SAEJ1772_no": "0", "MEDIUM_GB_T20234_2_AC__no": "0", "MEDIUM_OTHERS_no": "0", "QUICK_CHAdeMO_no": "1", "QUICK_CCS_DC_COMBO_no": "1", "QUICK_IEC62196_no": "1", "QUICK_GB_T20234_3_DC__no": "0", "QUICK_OTHERS_no": "0", "FAST_CHAdeMO_no": "0", "FAST_CCS_DC_COMBO_no": "0", "FAST_GB_T20234_3_DC__no": "0", "FAST_OTHERS_no": "0", "REMARK_FOR__OTHERS_": "-", "DATA_PATH": "-", "OBJECTID": 105, "total_chargers": 3 }, "geometry": { "type": "Point", "coordinates": [ 114.276775, 22.384033 ] } },
{ "type": "Feature", "properties": { "GmlID": "geotagging.106", "NAME_OF_DISTRICT_COUNCIL_DISTRICT_EN": "Tai Po", "LOCATION_EN": "Po Heung Estate Car Park", "ADDRESS_EN": "No.1 Po Heung Street, Tai Po, N.T", "NAME_OF_DISTRICT_COUNCIL_DISTRICT_TC": "大埔區", "LOCATION_TC": "寶鄉邨停車場", "ADDRESS_TC": "新界大埔寶鄉街1號", "NAME_OF_DISTRICT_COUNCIL_DISTRICT_SC": "大埔区", "LOCATION_SC": "宝乡邨停车场", "ADDRESS_SC": "新界大埔宝乡街1号", "STANDARD_BS1363_no": "8", "MEDIUM_CCS_DC_COMBO_no": "0", "MEDIUM_IEC62196_no": "7", "MEDIUM_SAEJ1772_no": "0", "MEDIUM_GB_T20234_2_AC__no": "0", "MEDIUM_OTHERS_no": "0", "QUICK_CHAdeMO_no": "0", "QUICK_CCS_DC_COMBO_no": "0", "QUICK_IEC62196_no": "0", "QUICK_GB_T20234_3_DC__no": "0", "QUICK_OTHERS_no": "0", "FAST_CHAdeMO_no": "0", "FAST_CCS_DC_COMBO_no": "0", "FAST_GB_T20234_3_DC__no": "0", "FAST_OTHERS_no": "0", "REMARK_FOR__OTHERS_": "-", "DATA_PATH": "-", "OBJECTID": 106, "total_chargers": 15 }, "geometry": { "type": "Point", "coordinates": [ 114.165271, 22.446863 ] } },
{ "type": "Feature", "properties": { "GmlID": "geotagging.107", "NAME_OF_DISTRICT_COUNCIL_DISTRICT_EN": "Eastern", "LOCATION_EN": "Wan Tsui Car Park", "ADDRESS_EN": "Wan Tsui Commercial Complex, 2 Wah Ha Street, Chai Wan, Hong Kong", "NAME_OF_DISTRICT_COUNCIL_DISTRICT_TC": "東區", "LOCATION_TC": "環翠停車場", "ADDRESS_TC": "香港柴灣華廈街2號環翠商場", "NAME_OF_DISTRICT_COUNCIL_DISTRICT_SC": "东区", "LOCATION_SC": "环翠停车场", "ADDRESS_SC": "香港柴湾华厦街2号环翠商场", "STANDARD_BS1363_no": "0", "MEDIUM_CCS_DC_COMBO_no": "0", "MEDIUM_IEC62196_no": "36", "MEDIUM_SAEJ1772_no": "0", "MEDIUM_GB_T20234_2_AC__no": "0", "MEDIUM_OTHERS_no": "0", "QUICK_CHAdeMO_no": "0", "QUICK_CCS_DC_COMBO_no": "0", "QUICK_IEC62196_no": "0", "QUICK_GB_T20234_3_DC__no": "0", "QUICK_OTHERS_no": "0", "FAST_CHAdeMO_no": "0", "FAST_CCS_DC_COMBO_no": "0", "FAST_GB_T20234_3_DC__no": "0", "FAST_OTHERS_no": "0", "REMARK_FOR__OTHERS_": "-", "DATA_PATH": "https://ev-charger.epd.gov.hk/resource/ev_charger_avail/evca_ver_1_0.json", "OBJECTID": 107, "total_chargers": 36 }, "geometry": { "type": "Point", "coordinates": [ 114.236826, 22.261888 ] } },
{ "type": "Feature", "properties": { "GmlID": "geotagging.108", "NAME_OF_DISTRICT_COUNCIL_DISTRICT_EN": "Yau Tsim Mong", "LOCATION_EN": "Hoi Fu Car Park", "ADDRESS_EN": "Hoi Fu Shopping Centre, 2 Hoi Ting Road, Mong Kok, Kowloon", "NAME_OF_DISTRICT_COUNCIL_DISTRICT_TC": "油尖旺區", "LOCATION_TC": "海富停車場", "ADDRESS_TC": "九龍旺角海庭路2號海富商場", "NAME_OF_DISTRICT_COUNCIL_DISTRICT_SC": "油尖旺区", "LOCATION_SC": "海富停车场", "ADDRESS_SC": "九龙旺角海庭路2号海富商场", "STANDARD_BS1363_no": "0", "MEDIUM_CCS_DC_COMBO_no": "0", "MEDIUM_IEC62196_no": "12", "MEDIUM_SAEJ1772_no": "0", "MEDIUM_GB_T20234_2_AC__no": "0", "MEDIUM_OTHERS_no": "0", "QUICK_CHAdeMO_no": "0", "QUICK_CCS_DC_COMBO_no": "2", "QUICK_IEC62196_no": "0", "QUICK_GB_T20234_3_DC__no": "0", "QUICK_OTHERS_no": "0", "FAST_CHAdeMO_no": "0", "FAST_CCS_DC_COMBO_no": "0", "FAST_GB_T20234_3_DC__no": "0", "FAST_OTHERS_no": "0", "REMARK_FOR__OTHERS_": "-", "DATA_PATH": "-", "OBJECTID": 108, "total_chargers": 14 }, "geometry": { "type": "Point", "coordinates": [ 114.165453, 22.31575 ] } },
{ "type": "Feature", "properties": { "GmlID": "geotagging.109", "NAME_OF_DISTRICT_COUNCIL_DISTRICT_EN": "Sha Tin", "LOCATION_EN": "Heng On Car Park", "ADDRESS_EN": "Heng On Commercial Centre, 1 Hang Kam Street, Ma On Shan, Sha Tin, New Territories", "NAME_OF_DISTRICT_COUNCIL_DISTRICT_TC": "沙田區", "LOCATION_TC": "恆安停車場", "ADDRESS_TC": "新界沙田馬鞍山恆錦街1號恆安商場", "NAME_OF_DISTRICT_COUNCIL_DISTRICT_SC": "沙田区", "LOCATION_SC": "恒安停车场", "ADDRESS_SC": "新界沙田马鞍山恒锦街1号恒安商场", "STANDARD_BS1363_no": "0", "MEDIUM_CCS_DC_COMBO_no": "0", "MEDIUM_IEC62196_no": "22", "MEDIUM_SAEJ1772_no": "0", "MEDIUM_GB_T20234_2_AC__no": "0", "MEDIUM_OTHERS_no": "0", "QUICK_CHAdeMO_no": "0", "QUICK_CCS_DC_COMBO_no": "0", "QUICK_IEC62196_no": "0", "QUICK_GB_T20234_3_DC__no": "0", "QUICK_OTHERS_no": "0", "FAST_CHAdeMO_no": "0", "FAST_CCS_DC_COMBO_no": "0", "FAST_GB_T20234_3_DC__no": "0", "FAST_OTHERS_no": "0", "REMARK_FOR__OTHERS_": "-", "DATA_PATH": "https://ev-charger.epd.gov.hk/resource/ev_charger_avail/evca_ver_1_0.json", "OBJECTID": 109, "total_chargers": 22 }, "geometry": { "type": "Point", "coordinates": [ 114.228137, 22.416621 ] } },
{ "type": "Feature", "properties": { "GmlID": "geotagging.110", "NAME_OF_DISTRICT_COUNCIL_DISTRICT_EN": "Yuen Long", "LOCATION_EN": "Tin Chak Car Park", "ADDRESS_EN": "Tin Chak Shopping Centre, 71, 73, 75 & 77 Tin Shui Road, Tin Shui Wai, Yuen Long, New Territories", "NAME_OF_DISTRICT_COUNCIL_DISTRICT_TC": "元朗區", "LOCATION_TC": "天澤停車場", "ADDRESS_TC": "新界元朗天水圍天瑞路71, 73, 75及77號天澤商場", "NAME_OF_DISTRICT_COUNCIL_DISTRICT_SC": "元朗区", "LOCATION_SC": "天泽停车场", "ADDRESS_SC": "新界元朗天水围天瑞路71, 73, 75及77号天泽商场", "STANDARD_BS1363_no": "0", "MEDIUM_CCS_DC_COMBO_no": "0", "MEDIUM_IEC62196_no": "11", "MEDIUM_SAEJ1772_no": "0", "MEDIUM_GB_T20234_2_AC__no": "0", "MEDIUM_OTHERS_no": "0", "QUICK_CHAdeMO_no": "0", "QUICK_CCS_DC_COMBO_no": "0", "QUICK_IEC62196_no": "0", "QUICK_GB_T20234_3_DC__no": "0", "QUICK_OTHERS_no": "0", "FAST_CHAdeMO_no": "0", "FAST_CCS_DC_COMBO_no": "0", "FAST_GB_T20234_3_DC__no": "0", "FAST_OTHERS_no": "0", "REMARK_FOR__OTHERS_": "-", "DATA_PATH": "-", "OBJECTID": 110, "total_chargers": 11 }, "geometry": { "type": "Point", "coordinates": [ 113.997449, 22.46684 ] } },
{ "type": "Feature", "properties": { "GmlID": "geotagging.111", "NAME_OF_DISTRICT_COUNCIL_DISTRICT_EN": "Tuen Mun", "LOCATION_EN": "Fu Tai Car Park", "ADDRESS_EN": "Fu Tai Shopping Centre, 9 Tuen Kwai Road, Tuen Mun, New Territories", "NAME_OF_DISTRICT_COUNCIL_DISTRICT_TC": "屯門區", "LOCATION_TC": "富泰停車場", "ADDRESS_TC": "新界屯門屯貴路9號富泰商場", "NAME_OF_DISTRICT_COUNCIL_DISTRICT_SC": "屯门区", "LOCATION_SC": "富泰停车场", "ADDRESS_SC": "新界屯门屯贵路9号富泰商场", "STANDARD_BS1363_no": "0", "MEDIUM_CCS_DC_COMBO_no": "0", "MEDIUM_IEC62196_no": "12", "MEDIUM_SAEJ1772_no": "0", "MEDIUM_GB_T20234_2_AC__no": "0", "MEDIUM_OTHERS_no": "0", "QUICK_CHAdeMO_no": "1", "QUICK_CCS_DC_COMBO_no": "5", "QUICK_IEC62196_no": "1", "QUICK_GB_T20234_3_DC__no": "0", "QUICK_OTHERS_no": "0", "FAST_CHAdeMO_no": "0", "FAST_CCS_DC_COMBO_no": "0", "FAST_GB_T20234_3_DC__no": "0", "FAST_OTHERS_no": "0", "REMARK_FOR__OTHERS_": "-", "DATA_PATH": "-", "OBJECTID": 111, "total_chargers": 19 }, "geometry": { "type": "Point", "coordinates": [ 113.983715, 22.413938 ] } },
{ "type": "Feature", "properties": { "GmlID": "geotagging.112", "NAME_OF_DISTRICT_COUNCIL_DISTRICT_EN": "Kwai Tsing", "LOCATION_EN": "Cheung Wang Car Park", "ADDRESS_EN": "Cheung Wang Estate Retail and Car Park, 9 Liu To Road, Tsing Yi, New Territories", "NAME_OF_DISTRICT_COUNCIL_DISTRICT_TC": "葵青區", "LOCATION_TC": "長宏停車場", "ADDRESS_TC": "新界青衣寮肚路9號長宏邨商舖及停車場", "NAME_OF_DISTRICT_COUNCIL_DISTRICT_SC": "葵青区", "LOCATION_SC": "长宏停车场", "ADDRESS_SC": "新界青衣寮肚路9号长宏邨商舖及停车场", "STANDARD_BS1363_no": "0", "MEDIUM_CCS_DC_COMBO_no": "0", "MEDIUM_IEC62196_no": "14", "MEDIUM_SAEJ1772_no": "0", "MEDIUM_GB_T20234_2_AC__no": "0", "MEDIUM_OTHERS_no": "0", "QUICK_CHAdeMO_no": "0", "QUICK_CCS_DC_COMBO_no": "0", "QUICK_IEC62196_no": "0", "QUICK_GB_T20234_3_DC__no": "0", "QUICK_OTHERS_no": "0", "FAST_CHAdeMO_no": "0", "FAST_CCS_DC_COMBO_no": "0", "FAST_GB_T20234_3_DC__no": "0", "FAST_OTHERS_no": "0", "REMARK_FOR__OTHERS_": "-", "DATA_PATH": "-", "OBJECTID": 112, "total_chargers": 14 }, "geometry": { "type": "Point", "coordinates": [ 114.095642, 22.357146 ] } },
{ "type": "Feature", "properties": { "GmlID": "geotagging.113", "NAME_OF_DISTRICT_COUNCIL_DISTRICT_EN": "Wong Tai Sin", "LOCATION_EN": "Temple Mall North Car Park", "ADDRESS_EN": "Temple Mall North, 136 Lung Cheung Road, Wong Tai Sin, Kowloon", "NAME_OF_DISTRICT_COUNCIL_DISTRICT_TC": "黃大仙區", "LOCATION_TC": "黃大仙中心 北館 停車場", "ADDRESS_TC": "九龍黃大仙龍翔道136號黃大仙中心 北館", "NAME_OF_DISTRICT_COUNCIL_DISTRICT_SC": "黄大仙区", "LOCATION_SC": "黄大仙中心 北馆 停车场", "ADDRESS_SC": "九龙黄大仙龙翔道136号黄大仙中心 北馆", "STANDARD_BS1363_no": "0", "MEDIUM_CCS_DC_COMBO_no": "0", "MEDIUM_IEC62196_no": "14", "MEDIUM_SAEJ1772_no": "0", "MEDIUM_GB_T20234_2_AC__no": "0", "MEDIUM_OTHERS_no": "0", "QUICK_CHAdeMO_no": "1", "QUICK_CCS_DC_COMBO_no": "8", "QUICK_IEC62196_no": "4", "QUICK_GB_T20234_3_DC__no": "0", "QUICK_OTHERS_no": "0", "FAST_CHAdeMO_no": "0", "FAST_CCS_DC_COMBO_no": "0", "FAST_GB_T20234_3_DC__no": "0", "FAST_OTHERS_no": "0", "REMARK_FOR__OTHERS_": "-", "DATA_PATH": "-", "OBJECTID": 113, "total_chargers": 27 }, "geometry": { "type": "Point", "coordinates": [ 114.190664, 22.342305 ] } },
{ "type": "Feature", "properties": { "GmlID": "geotagging.114", "NAME_OF_DISTRICT_COUNCIL_DISTRICT_EN": "Sai Kung", "LOCATION_EN": "Kin Ming Car Park A", "ADDRESS_EN": "Kin Ming Estate Car Park, 1 Choi Ming Street, Tiu Keng Leng, Tseung Kwan O, New Territories", "NAME_OF_DISTRICT_COUNCIL_DISTRICT_TC": "西貢區", "LOCATION_TC": "健明A停車場", "ADDRESS_TC": "新界將軍澳調景嶺彩明街1號健明邨停車場", "NAME_OF_DISTRICT_COUNCIL_DISTRICT_SC": "西贡区", "LOCATION_SC": "健明A停车场", "ADDRESS_SC": "新界将军澳调景岭彩明街1号健明邨停车场", "STANDARD_BS1363_no": "0", "MEDIUM_CCS_DC_COMBO_no": "0", "MEDIUM_IEC62196_no": "22", "MEDIUM_SAEJ1772_no": "0", "MEDIUM_GB_T20234_2_AC__no": "0", "MEDIUM_OTHERS_no": "0", "QUICK_CHAdeMO_no": "0", "QUICK_CCS_DC_COMBO_no": "12", "QUICK_IEC62196_no": "0", "QUICK_GB_T20234_3_DC__no": "0", "QUICK_OTHERS_no": "0", "FAST_CHAdeMO_no": "0", "FAST_CCS_DC_COMBO_no": "0", "FAST_GB_T20234_3_DC__no": "0", "FAST_OTHERS_no": "0", "REMARK_FOR__OTHERS_": "-", "DATA_PATH": "-", "OBJECTID": 114, "total_chargers": 34 }, "geometry": { "type": "Point", "coordinates": [ 114.251108, 22.306028 ] } },
{ "type": "Feature", "properties": { "GmlID": "geotagging.115", "NAME_OF_DISTRICT_COUNCIL_DISTRICT_EN": "Kwai Tsing", "LOCATION_EN": "Yin Lai Car Park", "ADDRESS_EN": "Yin Lai Court Shopping Centre, 180 Lai King Hill Road, Kwai Chung, New Territories", "NAME_OF_DISTRICT_COUNCIL_DISTRICT_TC": "葵青區", "LOCATION_TC": "賢麗停車場", "ADDRESS_TC": "新界葵涌荔景山路180號賢麗苑購物中心", "NAME_OF_DISTRICT_COUNCIL_DISTRICT_SC": "葵青区", "LOCATION_SC": "贤丽停车场", "ADDRESS_SC": "新界葵涌荔景山路180号贤丽苑购物中心", "STANDARD_BS1363_no": "0", "MEDIUM_CCS_DC_COMBO_no": "0", "MEDIUM_IEC62196_no": "18", "MEDIUM_SAEJ1772_no": "0", "MEDIUM_GB_T20234_2_AC__no": "0", "MEDIUM_OTHERS_no": "0", "QUICK_CHAdeMO_no": "0", "QUICK_CCS_DC_COMBO_no": "0", "QUICK_IEC62196_no": "0", "QUICK_GB_T20234_3_DC__no": "0", "QUICK_OTHERS_no": "0", "FAST_CHAdeMO_no": "0", "FAST_CCS_DC_COMBO_no": "0", "FAST_GB_T20234_3_DC__no": "0", "FAST_OTHERS_no": "0", "REMARK_FOR__OTHERS_": "-", "DATA_PATH": "https://ev-charger.epd.gov.hk/resource/ev_charger_avail/evca_ver_1_0.json", "OBJECTID": 115, "total_chargers": 18 }, "geometry": { "type": "Point", "coordinates": [ 114.126314, 22.348751 ] } },
{ "type": "Feature", "properties": { "GmlID": "geotagging.116", "NAME_OF_DISTRICT_COUNCIL_DISTRICT_EN": "Kwun Tong", "LOCATION_EN": "Hong Yat Car Park", "ADDRESS_EN": "Hong Yat Court Retail and Car Park, 1 Tak Tin Street, Lam Tin, Kwun Tong, Kowloon", "NAME_OF_DISTRICT_COUNCIL_DISTRICT_TC": "觀塘區", "LOCATION_TC": "康逸停車場", "ADDRESS_TC": "九龍觀塘藍田德田街1號康逸苑商舖及停車場", "NAME_OF_DISTRICT_COUNCIL_DISTRICT_SC": "观塘区", "LOCATION_SC": "康逸停车场", "ADDRESS_SC": "九龙观塘蓝田德田街1号康逸苑商舖及停车场", "STANDARD_BS1363_no": "0", "MEDIUM_CCS_DC_COMBO_no": "0", "MEDIUM_IEC62196_no": "13", "MEDIUM_SAEJ1772_no": "0", "MEDIUM_GB_T20234_2_AC__no": "0", "MEDIUM_OTHERS_no": "0", "QUICK_CHAdeMO_no": "0", "QUICK_CCS_DC_COMBO_no": "0", "QUICK_IEC62196_no": "0", "QUICK_GB_T20234_3_DC__no": "0", "QUICK_OTHERS_no": "0", "FAST_CHAdeMO_no": "0", "FAST_CCS_DC_COMBO_no": "0", "FAST_GB_T20234_3_DC__no": "0", "FAST_OTHERS_no": "0", "REMARK_FOR__OTHERS_": "-", "DATA_PATH": "-", "OBJECTID": 116, "total_chargers": 13 }, "geometry": { "type": "Point", "coordinates": [ 114.23449, 22.310441 ] } },
{ "type": "Feature", "properties": { "GmlID": "geotagging.117", "NAME_OF_DISTRICT_COUNCIL_DISTRICT_EN": "Kwai Tsing", "LOCATION_EN": "Ching Wah Car Park", "ADDRESS_EN": "Ching Wah Court Retail and Car Park, 22 Tsing Chin Street, Tsing Yi, New Territories", "NAME_OF_DISTRICT_COUNCIL_DISTRICT_TC": "葵青區", "LOCATION_TC": "青華停車場", "ADDRESS_TC": "新界青衣青芊街22號青華苑商舖及停車場", "NAME_OF_DISTRICT_COUNCIL_DISTRICT_SC": "葵青区", "LOCATION_SC": "青华停车场", "ADDRESS_SC": "新界青衣青芊街22号青华苑商舖及停车场", "STANDARD_BS1363_no": "0", "MEDIUM_CCS_DC_COMBO_no": "0", "MEDIUM_IEC62196_no": "9", "MEDIUM_SAEJ1772_no": "0", "MEDIUM_GB_T20234_2_AC__no": "0", "MEDIUM_OTHERS_no": "0", "QUICK_CHAdeMO_no": "0", "QUICK_CCS_DC_COMBO_no": "0", "QUICK_IEC62196_no": "0", "QUICK_GB_T20234_3_DC__no": "0", "QUICK_OTHERS_no": "0", "FAST_CHAdeMO_no": "0", "FAST_CCS_DC_COMBO_no": "0", "FAST_GB_T20234_3_DC__no": "0", "FAST_OTHERS_no": "0", "REMARK_FOR__OTHERS_": "-", "DATA_PATH": "https://ev-charger.epd.gov.hk/resource/ev_charger_avail/evca_ver_1_0.json", "OBJECTID": 117, "total_chargers": 9 }, "geometry": { "type": "Point", "coordinates": [ 114.099421, 22.349081 ] } },
{ "type": "Feature", "properties": { "GmlID": "geotagging.118", "NAME_OF_DISTRICT_COUNCIL_DISTRICT_EN": "Kwai Tsing", "LOCATION_EN": "Cheung Fat Car Park", "ADDRESS_EN": "Cheung Fat Plaza, 6 Tam Kon Shan Road, Tsing Yi, New Territories", "NAME_OF_DISTRICT_COUNCIL_DISTRICT_TC": "葵青區", "LOCATION_TC": "長發停車場", "ADDRESS_TC": "新界青衣擔桿山路6號長發廣場", "NAME_OF_DISTRICT_COUNCIL_DISTRICT_SC": "葵青区", "LOCATION_SC": "长发停车场", "ADDRESS_SC": "新界青衣担杆山路6号长发广场", "STANDARD_BS1363_no": "0", "MEDIUM_CCS_DC_COMBO_no": "0", "MEDIUM_IEC62196_no": "22", "MEDIUM_SAEJ1772_no": "0", "MEDIUM_GB_T20234_2_AC__no": "0", "MEDIUM_OTHERS_no": "0", "QUICK_CHAdeMO_no": "0", "QUICK_CCS_DC_COMBO_no": "4", "QUICK_IEC62196_no": "3", "QUICK_GB_T20234_3_DC__no": "0", "QUICK_OTHERS_no": "0", "FAST_CHAdeMO_no": "0", "FAST_CCS_DC_COMBO_no": "0", "FAST_GB_T20234_3_DC__no": "0", "FAST_OTHERS_no": "0", "REMARK_FOR__OTHERS_": "-", "DATA_PATH": "https://ev-charger.epd.gov.hk/resource/ev_charger_avail/evca_ver_1_0.json", "OBJECTID": 118, "total_chargers": 29 }, "geometry": { "type": "Point", "coordinates": [ 114.103292, 22.362481 ] } },
{ "type": "Feature", "properties": { "GmlID": "geotagging.119", "NAME_OF_DISTRICT_COUNCIL_DISTRICT_EN": "Kwun Tong", "LOCATION_EN": "Hiu Lai Car Park", "ADDRESS_EN": "Hiu Lai Shopping Centre, 21 Hiu Kwong Street, Kwun Tong, Kowloon", "NAME_OF_DISTRICT_COUNCIL_DISTRICT_TC": "觀塘區", "LOCATION_TC": "曉麗停車場", "ADDRESS_TC": "九龍觀塘曉光街21號曉麗商場", "NAME_OF_DISTRICT_COUNCIL_DISTRICT_SC": "观塘区", "LOCATION_SC": "晓丽停车场", "ADDRESS_SC": "九龙观塘晓光街21号晓丽商场", "STANDARD_BS1363_no": "0", "MEDIUM_CCS_DC_COMBO_no": "0", "MEDIUM_IEC62196_no": "18", "MEDIUM_SAEJ1772_no": "0", "MEDIUM_GB_T20234_2_AC__no": "0", "MEDIUM_OTHERS_no": "0", "QUICK_CHAdeMO_no": "0", "QUICK_CCS_DC_COMBO_no": "0", "QUICK_IEC62196_no": "0", "QUICK_GB_T20234_3_DC__no": "0", "QUICK_OTHERS_no": "0", "FAST_CHAdeMO_no": "0", "FAST_CCS_DC_COMBO_no": "0", "FAST_GB_T20234_3_DC__no": "0", "FAST_OTHERS_no": "0", "REMARK_FOR__OTHERS_": "-", "DATA_PATH": "https://ev-charger.epd.gov.hk/resource/ev_charger_avail/evca_ver_1_0.json", "OBJECTID": 119, "total_chargers": 18 }, "geometry": { "type": "Point", "coordinates": [ 114.229451, 22.32084 ] } },
{ "type": "Feature", "properties": { "GmlID": "geotagging.120", "NAME_OF_DISTRICT_COUNCIL_DISTRICT_EN": "Kwun Tong", "LOCATION_EN": "Po Tat Car Park B and C", "ADDRESS_EN": "Po Tat Shopping Centre, 2 Po Lam Road, Sau Mau Ping, Kwun Tong, Kowloon", "NAME_OF_DISTRICT_COUNCIL_DISTRICT_TC": "觀塘區", "LOCATION_TC": "寶達 B & C停車場", "ADDRESS_TC": "九龍觀塘秀茂坪寶琳路2號寶達商場", "NAME_OF_DISTRICT_COUNCIL_DISTRICT_SC": "观塘区", "LOCATION_SC": "宝达 B & C停车场", "ADDRESS_SC": "九龙观塘秀茂坪宝琳路2号宝达商场", "STANDARD_BS1363_no": "0", "MEDIUM_CCS_DC_COMBO_no": "0", "MEDIUM_IEC62196_no": "14", "MEDIUM_SAEJ1772_no": "0", "MEDIUM_GB_T20234_2_AC__no": "0", "MEDIUM_OTHERS_no": "0", "QUICK_CHAdeMO_no": "0", "QUICK_CCS_DC_COMBO_no": "0", "QUICK_IEC62196_no": "0", "QUICK_GB_T20234_3_DC__no": "0", "QUICK_OTHERS_no": "0", "FAST_CHAdeMO_no": "0", "FAST_CCS_DC_COMBO_no": "0", "FAST_GB_T20234_3_DC__no": "0", "FAST_OTHERS_no": "0", "REMARK_FOR__OTHERS_": "-", "DATA_PATH": "-", "OBJECTID": 120, "total_chargers": 14 }, "geometry": { "type": "Point", "coordinates": [ 114.2377, 22.316662 ] } },
{ "type": "Feature", "properties": { "GmlID": "geotagging.121", "NAME_OF_DISTRICT_COUNCIL_DISTRICT_EN": "Tai Po", "LOCATION_EN": "Tai Wo Car Park B", "ADDRESS_EN": "Tai Wo Plaza, 12 Tai Wo Road, Tai Po, New Territories", "NAME_OF_DISTRICT_COUNCIL_DISTRICT_TC": "大埔區", "LOCATION_TC": "太和B停車場", "ADDRESS_TC": "新界大埔太和路12號太和廣場", "NAME_OF_DISTRICT_COUNCIL_DISTRICT_SC": "大埔区", "LOCATION_SC": "太和B停车场", "ADDRESS_SC": "新界大埔太和路12号太和广场", "STANDARD_BS1363_no": "0", "MEDIUM_CCS_DC_COMBO_no": "0", "MEDIUM_IEC62196_no": "13", "MEDIUM_SAEJ1772_no": "0", "MEDIUM_GB_T20234_2_AC__no": "0", "MEDIUM_OTHERS_no": "0", "QUICK_CHAdeMO_no": "0", "QUICK_CCS_DC_COMBO_no": "2", "QUICK_IEC62196_no": "3", "QUICK_GB_T20234_3_DC__no": "0", "QUICK_OTHERS_no": "0", "FAST_CHAdeMO_no": "0", "FAST_CCS_DC_COMBO_no": "0", "FAST_GB_T20234_3_DC__no": "0", "FAST_OTHERS_no": "0", "REMARK_FOR__OTHERS_": "-", "DATA_PATH": "-", "OBJECTID": 121, "total_chargers": 18 }, "geometry": { "type": "Point", "coordinates": [ 114.16076, 22.450499 ] } },
{ "type": "Feature", "properties": { "GmlID": "geotagging.122", "NAME_OF_DISTRICT_COUNCIL_DISTRICT_EN": "Islands", "LOCATION_EN": "Yat Tung Car Park 2 & 3 (Sin Yat)", "ADDRESS_EN": "Yat Tung Shopping Centre, 8 Yat Tung Street, Tung Chung, New Territories", "NAME_OF_DISTRICT_COUNCIL_DISTRICT_TC": "離島區", "LOCATION_TC": "逸東2號及3號(善逸)停車場", "ADDRESS_TC": "新界東涌逸東街8號逸東商場", "NAME_OF_DISTRICT_COUNCIL_DISTRICT_SC": "离岛区", "LOCATION_SC": "逸东2号及3号(善逸)停车场", "ADDRESS_SC": "新界东涌逸东街8号逸东商场", "STANDARD_BS1363_no": "0", "MEDIUM_CCS_DC_COMBO_no": "0", "MEDIUM_IEC62196_no": "13", "MEDIUM_SAEJ1772_no": "0", "MEDIUM_GB_T20234_2_AC__no": "0", "MEDIUM_OTHERS_no": "0", "QUICK_CHAdeMO_no": "2", "QUICK_CCS_DC_COMBO_no": "2", "QUICK_IEC62196_no": "2", "QUICK_GB_T20234_3_DC__no": "0", "QUICK_OTHERS_no": "0", "FAST_CHAdeMO_no": "0", "FAST_CCS_DC_COMBO_no": "0", "FAST_GB_T20234_3_DC__no": "0", "FAST_OTHERS_no": "0", "REMARK_FOR__OTHERS_": "-", "DATA_PATH": "https://ev-charger.epd.gov.hk/resource/ev_charger_avail/evca_ver_1_0.json", "OBJECTID": 122, "total_chargers": 19 }, "geometry": { "type": "Point", "coordinates": [ 113.935776, 22.28116 ] } },
{ "type": "Feature", "properties": { "GmlID": "geotagging.123", "NAME_OF_DISTRICT_COUNCIL_DISTRICT_EN": "Wong Tai Sin", "LOCATION_EN": "Lok Fu Zone B Car Park", "ADDRESS_EN": "Lok Fu Place, 198 Junction Road, Wang Tau Hom, Kowloon", "NAME_OF_DISTRICT_COUNCIL_DISTRICT_TC": "黃大仙區", "LOCATION_TC": "樂富B區停車場", "ADDRESS_TC": "九龍橫頭磡聯合道198號樂富廣場", "NAME_OF_DISTRICT_COUNCIL_DISTRICT_SC": "黄大仙区", "LOCATION_SC": "乐富B区停车场", "ADDRESS_SC": "九龙横头磡联合道198号乐富广场", "STANDARD_BS1363_no": "0", "MEDIUM_CCS_DC_COMBO_no": "0", "MEDIUM_IEC62196_no": "6", "MEDIUM_SAEJ1772_no": "0", "MEDIUM_GB_T20234_2_AC__no": "0", "MEDIUM_OTHERS_no": "0", "QUICK_CHAdeMO_no": "0", "QUICK_CCS_DC_COMBO_no": "6", "QUICK_IEC62196_no": "3", "QUICK_GB_T20234_3_DC__no": "0", "QUICK_OTHERS_no": "0", "FAST_CHAdeMO_no": "0", "FAST_CCS_DC_COMBO_no": "0", "FAST_GB_T20234_3_DC__no": "0", "FAST_OTHERS_no": "0", "REMARK_FOR__OTHERS_": "-", "DATA_PATH": "-", "OBJECTID": 123, "total_chargers": 15 }, "geometry": { "type": "Point", "coordinates": [ 114.187511, 22.337153 ] } },
{ "type": "Feature", "properties": { "GmlID": "geotagging.124", "NAME_OF_DISTRICT_COUNCIL_DISTRICT_EN": "Kwun Tong", "LOCATION_EN": "Kai Tin Car Park A", "ADDRESS_EN": "Kai Tin Shopping Centre, 50 Kai Tin Road, Lam Tin, Kwun Tong, Kowloon", "NAME_OF_DISTRICT_COUNCIL_DISTRICT_TC": "觀塘區", "LOCATION_TC": "啟田A停車場", "ADDRESS_TC": "九龍觀塘藍田啟田道50號啟田商場", "NAME_OF_DISTRICT_COUNCIL_DISTRICT_SC": "观塘区", "LOCATION_SC": "启田A停车场", "ADDRESS_SC": "九龙观塘蓝田启田道50号启田商场", "STANDARD_BS1363_no": "0", "MEDIUM_CCS_DC_COMBO_no": "0", "MEDIUM_IEC62196_no": "0", "MEDIUM_SAEJ1772_no": "0", "MEDIUM_GB_T20234_2_AC__no": "0", "MEDIUM_OTHERS_no": "0", "QUICK_CHAdeMO_no": "0", "QUICK_CCS_DC_COMBO_no": "3", "QUICK_IEC62196_no": "9", "QUICK_GB_T20234_3_DC__no": "0", "QUICK_OTHERS_no": "0", "FAST_CHAdeMO_no": "0", "FAST_CCS_DC_COMBO_no": "0", "FAST_GB_T20234_3_DC__no": "0", "FAST_OTHERS_no": "0", "REMARK_FOR__OTHERS_": "-", "DATA_PATH": "-", "OBJECTID": 124, "total_chargers": 12 }, "geometry": { "type": "Point", "coordinates": [ 114.235424, 22.307254 ] } },
{ "type": "Feature", "properties": { "GmlID": "geotagging.125", "NAME_OF_DISTRICT_COUNCIL_DISTRICT_EN": "Wong Tai Sin", "LOCATION_EN": "Temple Mall South Car Park B", "ADDRESS_EN": "Temple Mall South, 103 Ching Tak Street, Wong Tai Sin, Kowloon", "NAME_OF_DISTRICT_COUNCIL_DISTRICT_TC": "黃大仙區", "LOCATION_TC": "黃大仙中心 南館 B停車場", "ADDRESS_TC": "九龍黃大仙正德街103號黃大仙中心 南館", "NAME_OF_DISTRICT_COUNCIL_DISTRICT_SC": "黄大仙区", "LOCATION_SC": "黄大仙中心 南馆 B停车场", "ADDRESS_SC": "九龙黄大仙正德街103号黄大仙中心 南馆", "STANDARD_BS1363_no": "0", "MEDIUM_CCS_DC_COMBO_no": "0", "MEDIUM_IEC62196_no": "0", "MEDIUM_SAEJ1772_no": "0", "MEDIUM_GB_T20234_2_AC__no": "0", "MEDIUM_OTHERS_no": "0", "QUICK_CHAdeMO_no": "0", "QUICK_CCS_DC_COMBO_no": "4", "QUICK_IEC62196_no": "0", "QUICK_GB_T20234_3_DC__no": "0", "QUICK_OTHERS_no": "0", "FAST_CHAdeMO_no": "0", "FAST_CCS_DC_COMBO_no": "0", "FAST_GB_T20234_3_DC__no": "0", "FAST_OTHERS_no": "0", "REMARK_FOR__OTHERS_": "-", "DATA_PATH": "-", "OBJECTID": 125, "total_chargers": 4 }, "geometry": { "type": "Point", "coordinates": [ 114.19403, 22.341282 ] } },
{ "type": "Feature", "properties": { "GmlID": "geotagging.126", "NAME_OF_DISTRICT_COUNCIL_DISTRICT_EN": "Kwai Tsing", "LOCATION_EN": "Cheung On Phase 2 Car Park", "ADDRESS_EN": "Cheung On Estate Retail and Car Park, 1 Tam Kon Shan Road, Tsing Yi, New Territories", "NAME_OF_DISTRICT_COUNCIL_DISTRICT_TC": "葵青區", "LOCATION_TC": "長安2期停車場", "ADDRESS_TC": "新界青衣擔桿山路1號長安邨商舖及停車場", "NAME_OF_DISTRICT_COUNCIL_DISTRICT_SC": "葵青区", "LOCATION_SC": "长安2期停车场", "ADDRESS_SC": "新界青衣担杆山路1号长安邨商舖及停车场", "STANDARD_BS1363_no": "0", "MEDIUM_CCS_DC_COMBO_no": "0", "MEDIUM_IEC62196_no": "18", "MEDIUM_SAEJ1772_no": "0", "MEDIUM_GB_T20234_2_AC__no": "0", "MEDIUM_OTHERS_no": "0", "QUICK_CHAdeMO_no": "1", "QUICK_CCS_DC_COMBO_no": "1", "QUICK_IEC62196_no": "1", "QUICK_GB_T20234_3_DC__no": "0", "QUICK_OTHERS_no": "0", "FAST_CHAdeMO_no": "0", "FAST_CCS_DC_COMBO_no": "0", "FAST_GB_T20234_3_DC__no": "0", "FAST_OTHERS_no": "0", "REMARK_FOR__OTHERS_": "-", "DATA_PATH": "https://ev-charger.epd.gov.hk/resource/ev_charger_avail/evca_ver_1_0.json", "OBJECTID": 126, "total_chargers": 21 }, "geometry": { "type": "Point", "coordinates": [ 114.104416, 22.360484 ] } },
{ "type": "Feature", "properties": { "GmlID": "geotagging.127", "NAME_OF_DISTRICT_COUNCIL_DISTRICT_EN": "Islands", "LOCATION_EN": "Fu Tung Car Park A", "ADDRESS_EN": "Fu Tung Plaza, 6 Fu Tung Street, Tung Chung, New Territories", "NAME_OF_DISTRICT_COUNCIL_DISTRICT_TC": "離島區", "LOCATION_TC": "富東A停車場", "ADDRESS_TC": "新界東涌富東街6號富東廣場", "NAME_OF_DISTRICT_COUNCIL_DISTRICT_SC": "离岛区", "LOCATION_SC": "富东A停车场", "ADDRESS_SC": "新界东涌富东街6号富东广场", "STANDARD_BS1363_no": "0", "MEDIUM_CCS_DC_COMBO_no": "0", "MEDIUM_IEC62196_no": "12", "MEDIUM_SAEJ1772_no": "0", "MEDIUM_GB_T20234_2_AC__no": "0", "MEDIUM_OTHERS_no": "0", "QUICK_CHAdeMO_no": "0", "QUICK_CCS_DC_COMBO_no": "6", "QUICK_IEC62196_no": "3", "QUICK_GB_T20234_3_DC__no": "0", "QUICK_OTHERS_no": "0", "FAST_CHAdeMO_no": "0", "FAST_CCS_DC_COMBO_no": "0", "FAST_GB_T20234_3_DC__no": "0", "FAST_OTHERS_no": "0", "REMARK_FOR__OTHERS_": "-", "DATA_PATH": "-", "OBJECTID": 127, "total_chargers": 21 }, "geometry": { "type": "Point", "coordinates": [ 113.942254, 22.286571 ] } },
{ "type": "Feature", "properties": { "GmlID": "geotagging.128", "NAME_OF_DISTRICT_COUNCIL_DISTRICT_EN": "Wong Tai Sin", "LOCATION_EN": "Tung Tau II Car Park A", "ADDRESS_EN": "Tung Tau Estate Retail and Car Park, 183 Tung Tau Tsuen Road, Wong Tai Sin, Kowloon", "NAME_OF_DISTRICT_COUNCIL_DISTRICT_TC": "黃大仙區", "LOCATION_TC": "東頭二(A)停車場", "ADDRESS_TC": "九龍黃大仙東頭村道183號東頭邨商舖及停車場", "NAME_OF_DISTRICT_COUNCIL_DISTRICT_SC": "黄大仙区", "LOCATION_SC": "东头二(A)停车场", "ADDRESS_SC": "九龙黄大仙东头村道183号东头邨商舖及停车场", "STANDARD_BS1363_no": "0", "MEDIUM_CCS_DC_COMBO_no": "0", "MEDIUM_IEC62196_no": "9", "MEDIUM_SAEJ1772_no": "0", "MEDIUM_GB_T20234_2_AC__no": "0", "MEDIUM_OTHERS_no": "0", "QUICK_CHAdeMO_no": "0", "QUICK_CCS_DC_COMBO_no": "0", "QUICK_IEC62196_no": "0", "QUICK_GB_T20234_3_DC__no": "0", "QUICK_OTHERS_no": "0", "FAST_CHAdeMO_no": "0", "FAST_CCS_DC_COMBO_no": "0", "FAST_GB_T20234_3_DC__no": "0", "FAST_OTHERS_no": "0", "REMARK_FOR__OTHERS_": "-", "DATA_PATH": "https://ev-charger.epd.gov.hk/resource/ev_charger_avail/evca_ver_1_0.json", "OBJECTID": 128, "total_chargers": 9 }, "geometry": { "type": "Point", "coordinates": [ 114.192711, 22.335231 ] } },
{ "type": "Feature", "properties": { "GmlID": "geotagging.129", "NAME_OF_DISTRICT_COUNCIL_DISTRICT_EN": "Tai Po", "LOCATION_EN": "Tai Yuen Car Park B", "ADDRESS_EN": "Tai Yuen Commercial Centre, 10 Ting Kok Road, Tai Po, New Territories", "NAME_OF_DISTRICT_COUNCIL_DISTRICT_TC": "大埔區", "LOCATION_TC": "大元B停車場", "ADDRESS_TC": "新界大埔汀角路10號大元商場", "NAME_OF_DISTRICT_COUNCIL_DISTRICT_SC": "大埔区", "LOCATION_SC": "大元B停车场", "ADDRESS_SC": "新界大埔汀角路10号大元商场", "STANDARD_BS1363_no": "0", "MEDIUM_CCS_DC_COMBO_no": "0", "MEDIUM_IEC62196_no": "21", "MEDIUM_SAEJ1772_no": "0", "MEDIUM_GB_T20234_2_AC__no": "0", "MEDIUM_OTHERS_no": "0", "QUICK_CHAdeMO_no": "0", "QUICK_CCS_DC_COMBO_no": "0", "QUICK_IEC62196_no": "0", "QUICK_GB_T20234_3_DC__no": "0", "QUICK_OTHERS_no": "0", "FAST_CHAdeMO_no": "0", "FAST_CCS_DC_COMBO_no": "0", "FAST_GB_T20234_3_DC__no": "0", "FAST_OTHERS_no": "0", "REMARK_FOR__OTHERS_": "-", "DATA_PATH": "https://ev-charger.epd.gov.hk/resource/ev_charger_avail/evca_ver_1_0.json", "OBJECTID": 129, "total_chargers": 21 }, "geometry": { "type": "Point", "coordinates": [ 114.16771, 22.454338 ] } },
{ "type": "Feature", "properties": { "GmlID": "geotagging.130", "NAME_OF_DISTRICT_COUNCIL_DISTRICT_EN": "North", "LOCATION_EN": "Choi Yuen Car Park C", "ADDRESS_EN": "Choi Yuen Plaza, 8 Choi Yuen Road, Sheung Shui, New Territories", "NAME_OF_DISTRICT_COUNCIL_DISTRICT_TC": "北區", "LOCATION_TC": "彩園C停車場", "ADDRESS_TC": "新界上水彩園路8號彩園廣場", "NAME_OF_DISTRICT_COUNCIL_DISTRICT_SC": "北区", "LOCATION_SC": "彩园C停车场", "ADDRESS_SC": "新界上水彩园路8号彩园广场", "STANDARD_BS1363_no": "0", "MEDIUM_CCS_DC_COMBO_no": "0", "MEDIUM_IEC62196_no": "0", "MEDIUM_SAEJ1772_no": "0", "MEDIUM_GB_T20234_2_AC__no": "0", "MEDIUM_OTHERS_no": "0", "QUICK_CHAdeMO_no": "1", "QUICK_CCS_DC_COMBO_no": "5", "QUICK_IEC62196_no": "5", "QUICK_GB_T20234_3_DC__no": "0", "QUICK_OTHERS_no": "0", "FAST_CHAdeMO_no": "0", "FAST_CCS_DC_COMBO_no": "0", "FAST_GB_T20234_3_DC__no": "0", "FAST_OTHERS_no": "0", "REMARK_FOR__OTHERS_": "-", "DATA_PATH": "-", "OBJECTID": 130, "total_chargers": 11 }, "geometry": { "type": "Point", "coordinates": [ 114.126765, 22.500147 ] } },
{ "type": "Feature", "properties": { "GmlID": "geotagging.131", "NAME_OF_DISTRICT_COUNCIL_DISTRICT_EN": "Kwun Tong", "LOCATION_EN": "Sau Mau Ping Shopping Centre Car Park", "ADDRESS_EN": "Sau Mau Ping Shopping Centre, 101 Sau Ming Road, Sau Mau Ping, Kwun Tong, Kowloon", "NAME_OF_DISTRICT_COUNCIL_DISTRICT_TC": "觀塘區", "LOCATION_TC": "秀茂坪商場停車場", "ADDRESS_TC": "九龍觀塘秀茂坪秀明道101號秀茂坪商場", "NAME_OF_DISTRICT_COUNCIL_DISTRICT_SC": "观塘区", "LOCATION_SC": "秀茂坪商场停车场", "ADDRESS_SC": "九龙观塘秀茂坪秀明道101号秀茂坪商场", "STANDARD_BS1363_no": "0", "MEDIUM_CCS_DC_COMBO_no": "0", "MEDIUM_IEC62196_no": "27", "MEDIUM_SAEJ1772_no": "0", "MEDIUM_GB_T20234_2_AC__no": "0", "MEDIUM_OTHERS_no": "0", "QUICK_CHAdeMO_no": "2", "QUICK_CCS_DC_COMBO_no": "2", "QUICK_IEC62196_no": "0", "QUICK_GB_T20234_3_DC__no": "0", "QUICK_OTHERS_no": "0", "FAST_CHAdeMO_no": "0", "FAST_CCS_DC_COMBO_no": "0", "FAST_GB_T20234_3_DC__no": "0", "FAST_OTHERS_no": "0", "REMARK_FOR__OTHERS_": "-", "DATA_PATH": "https://ev-charger.epd.gov.hk/resource/ev_charger_avail/evca_ver_1_0.json", "OBJECTID": 131, "total_chargers": 31 }, "geometry": { "type": "Point", "coordinates": [ 114.232278, 22.320031 ] } },
{ "type": "Feature", "properties": { "GmlID": "geotagging.132", "NAME_OF_DISTRICT_COUNCIL_DISTRICT_EN": "Tai Po", "LOCATION_EN": "Fu Heng Car Park A", "ADDRESS_EN": "Fu Heng Shopping Centre, 6 Chung Nga Road, Tai Po, New Territories", "NAME_OF_DISTRICT_COUNCIL_DISTRICT_TC": "大埔區", "LOCATION_TC": "富亨停車場A", "ADDRESS_TC": "新界大埔頌雅路6號富亨商場", "NAME_OF_DISTRICT_COUNCIL_DISTRICT_SC": "大埔区", "LOCATION_SC": "富亨停车场A", "ADDRESS_SC": "新界大埔颂雅路6号富亨商场", "STANDARD_BS1363_no": "0", "MEDIUM_CCS_DC_COMBO_no": "0", "MEDIUM_IEC62196_no": "11", "MEDIUM_SAEJ1772_no": "0", "MEDIUM_GB_T20234_2_AC__no": "0", "MEDIUM_OTHERS_no": "0", "QUICK_CHAdeMO_no": "0", "QUICK_CCS_DC_COMBO_no": "0", "QUICK_IEC62196_no": "0", "QUICK_GB_T20234_3_DC__no": "0", "QUICK_OTHERS_no": "0", "FAST_CHAdeMO_no": "0", "FAST_CCS_DC_COMBO_no": "0", "FAST_GB_T20234_3_DC__no": "0", "FAST_OTHERS_no": "0", "REMARK_FOR__OTHERS_": "-", "DATA_PATH": "https://ev-charger.epd.gov.hk/resource/ev_charger_avail/evca_ver_1_0.json", "OBJECTID": 132, "total_chargers": 11 }, "geometry": { "type": "Point", "coordinates": [ 114.171093, 22.45873 ] } },
{ "type": "Feature", "properties": { "GmlID": "geotagging.133", "NAME_OF_DISTRICT_COUNCIL_DISTRICT_EN": "Kowloon City", "LOCATION_EN": "Hung Hom Car Park", "ADDRESS_EN": "Hung Hom Estate Retail and Car Park, 9 Dyer Avenue, Hung Hom, Kowloon", "NAME_OF_DISTRICT_COUNCIL_DISTRICT_TC": "九龍城區", "LOCATION_TC": "紅磡停車場", "ADDRESS_TC": "九龍紅磡戴亞街9號紅磡邨商舖及停車場", "NAME_OF_DISTRICT_COUNCIL_DISTRICT_SC": "九龙城区", "LOCATION_SC": "红磡停车场", "ADDRESS_SC": "九龙红磡戴亚街9号红磡邨商舖及停车场", "STANDARD_BS1363_no": "0", "MEDIUM_CCS_DC_COMBO_no": "0", "MEDIUM_IEC62196_no": "14", "MEDIUM_SAEJ1772_no": "0", "MEDIUM_GB_T20234_2_AC__no": "0", "MEDIUM_OTHERS_no": "0", "QUICK_CHAdeMO_no": "0", "QUICK_CCS_DC_COMBO_no": "0", "QUICK_IEC62196_no": "0", "QUICK_GB_T20234_3_DC__no": "0", "QUICK_OTHERS_no": "0", "FAST_CHAdeMO_no": "0", "FAST_CCS_DC_COMBO_no": "0", "FAST_GB_T20234_3_DC__no": "0", "FAST_OTHERS_no": "0", "REMARK_FOR__OTHERS_": "-", "DATA_PATH": "-", "OBJECTID": 133, "total_chargers": 14 }, "geometry": { "type": "Point", "coordinates": [ 114.18864, 22.307413 ] } },
{ "type": "Feature", "properties": { "GmlID": "geotagging.134", "NAME_OF_DISTRICT_COUNCIL_DISTRICT_EN": "Eastern", "LOCATION_EN": "Hing Tung Car Park", "ADDRESS_EN": "Hing Tung Shopping Centre, 55 Yiu Hing Road, Shau Kei Wan, Hong Kong", "NAME_OF_DISTRICT_COUNCIL_DISTRICT_TC": "東區", "LOCATION_TC": "興東停車場", "ADDRESS_TC": "香港筲箕灣耀興道55號興東商場", "NAME_OF_DISTRICT_COUNCIL_DISTRICT_SC": "东区", "LOCATION_SC": "兴东停车场", "ADDRESS_SC": "香港筲箕湾耀兴道55号兴东商场", "STANDARD_BS1363_no": "0", "MEDIUM_CCS_DC_COMBO_no": "0", "MEDIUM_IEC62196_no": "48", "MEDIUM_SAEJ1772_no": "0", "MEDIUM_GB_T20234_2_AC__no": "0", "MEDIUM_OTHERS_no": "0", "QUICK_CHAdeMO_no": "0", "QUICK_CCS_DC_COMBO_no": "6", "QUICK_IEC62196_no": "0", "QUICK_GB_T20234_3_DC__no": "0", "QUICK_OTHERS_no": "0", "FAST_CHAdeMO_no": "0", "FAST_CCS_DC_COMBO_no": "0", "FAST_GB_T20234_3_DC__no": "0", "FAST_OTHERS_no": "0", "REMARK_FOR__OTHERS_": "-", "DATA_PATH": "https://ev-charger.epd.gov.hk/resource/ev_charger_avail/evca_ver_1_0.json", "OBJECTID": 134, "total_chargers": 54 }, "geometry": { "type": "Point", "coordinates": [ 114.220072, 22.28049 ] } },
{ "type": "Feature", "properties": { "GmlID": "geotagging.135", "NAME_OF_DISTRICT_COUNCIL_DISTRICT_EN": "Southern", "LOCATION_EN": "Stanley Plaza Car Park", "ADDRESS_EN": "Stanley Plaza, 23 Carmel Road, Stanley, Hong Kong", "NAME_OF_DISTRICT_COUNCIL_DISTRICT_TC": "南區", "LOCATION_TC": "赤柱廣場停車場", "ADDRESS_TC": "香港赤柱佳美道23號赤柱廣場", "NAME_OF_DISTRICT_COUNCIL_DISTRICT_SC": "南区", "LOCATION_SC": "赤柱广场停车场", "ADDRESS_SC": "香港赤柱佳美道23号赤柱广场", "STANDARD_BS1363_no": "0", "MEDIUM_CCS_DC_COMBO_no": "0", "MEDIUM_IEC62196_no": "28", "MEDIUM_SAEJ1772_no": "0", "MEDIUM_GB_T20234_2_AC__no": "0", "MEDIUM_OTHERS_no": "0", "QUICK_CHAdeMO_no": "0", "QUICK_CCS_DC_COMBO_no": "6", "QUICK_IEC62196_no": "0", "QUICK_GB_T20234_3_DC__no": "0", "QUICK_OTHERS_no": "0", "FAST_CHAdeMO_no": "0", "FAST_CCS_DC_COMBO_no": "0", "FAST_GB_T20234_3_DC__no": "0", "FAST_OTHERS_no": "0", "REMARK_FOR__OTHERS_": "-", "DATA_PATH": "-", "OBJECTID": 135, "total_chargers": 34 }, "geometry": { "type": "Point", "coordinates": [ 114.209206, 22.220116 ] } },
{ "type": "Feature", "properties": { "GmlID": "geotagging.136", "NAME_OF_DISTRICT_COUNCIL_DISTRICT_EN": "Islands", "LOCATION_EN": "Yat Tung Car Park 1", "ADDRESS_EN": "Yat Tung Shopping Centre, 8 Yat Tung Street, Tung Chung, New Territories", "NAME_OF_DISTRICT_COUNCIL_DISTRICT_TC": "離島區", "LOCATION_TC": "逸東1號停車場", "ADDRESS_TC": "新界東涌逸東街8號逸東商場", "NAME_OF_DISTRICT_COUNCIL_DISTRICT_SC": "离岛区", "LOCATION_SC": "逸东1号停车场", "ADDRESS_SC": "新界东涌逸东街8号逸东商场", "STANDARD_BS1363_no": "0", "MEDIUM_CCS_DC_COMBO_no": "0", "MEDIUM_IEC62196_no": "29", "MEDIUM_SAEJ1772_no": "0", "MEDIUM_GB_T20234_2_AC__no": "0", "MEDIUM_OTHERS_no": "0", "QUICK_CHAdeMO_no": "2", "QUICK_CCS_DC_COMBO_no": "6", "QUICK_IEC62196_no": "0", "QUICK_GB_T20234_3_DC__no": "0", "QUICK_OTHERS_no": "0", "FAST_CHAdeMO_no": "0", "FAST_CCS_DC_COMBO_no": "0", "FAST_GB_T20234_3_DC__no": "0", "FAST_OTHERS_no": "0", "REMARK_FOR__OTHERS_": "-", "DATA_PATH": "https://ev-charger.epd.gov.hk/resource/ev_charger_avail/evca_ver_1_0.json", "OBJECTID": 136, "total_chargers": 37 }, "geometry": { "type": "Point", "coordinates": [ 113.938628, 22.281096 ] } },
{ "type": "Feature", "properties": { "GmlID": "geotagging.137", "NAME_OF_DISTRICT_COUNCIL_DISTRICT_EN": "Sai Kung", "LOCATION_EN": "Choi Ming Car Park 1", "ADDRESS_EN": "Choi Ming Shopping Centre, 1 Choi Ming Street, Tiu Keng Leng, Tseung Kwan O, New Territories", "NAME_OF_DISTRICT_COUNCIL_DISTRICT_TC": "西貢區", "LOCATION_TC": "彩明1號停車場", "ADDRESS_TC": "新界將軍澳調景嶺彩明街1號彩明商場", "NAME_OF_DISTRICT_COUNCIL_DISTRICT_SC": "西贡区", "LOCATION_SC": "彩明1号停车场", "ADDRESS_SC": "新界将军澳调景岭彩明街1号彩明商场", "STANDARD_BS1363_no": "0", "MEDIUM_CCS_DC_COMBO_no": "0", "MEDIUM_IEC62196_no": "31", "MEDIUM_SAEJ1772_no": "0", "MEDIUM_GB_T20234_2_AC__no": "0", "MEDIUM_OTHERS_no": "0", "QUICK_CHAdeMO_no": "0", "QUICK_CCS_DC_COMBO_no": "2", "QUICK_IEC62196_no": "0", "QUICK_GB_T20234_3_DC__no": "0", "QUICK_OTHERS_no": "0", "FAST_CHAdeMO_no": "0", "FAST_CCS_DC_COMBO_no": "0", "FAST_GB_T20234_3_DC__no": "0", "FAST_OTHERS_no": "0", "REMARK_FOR__OTHERS_": "-", "DATA_PATH": "https://ev-charger.epd.gov.hk/resource/ev_charger_avail/evca_ver_1_0.json", "OBJECTID": 137, "total_chargers": 33 }, "geometry": { "type": "Point", "coordinates": [ 114.252446, 22.30666 ] } },
{ "type": "Feature", "properties": { "GmlID": "geotagging.138", "NAME_OF_DISTRICT_COUNCIL_DISTRICT_EN": "Sai Kung", "LOCATION_EN": "TKO Spot Car Park A", "ADDRESS_EN": "TKO Spot, 2 Tong Ming Street, Tseung Kwan O, New Territories", "NAME_OF_DISTRICT_COUNCIL_DISTRICT_TC": "西貢區", "LOCATION_TC": "TKO Spot A停車場", "ADDRESS_TC": "新界將軍澳唐明街2號TKO Spot", "NAME_OF_DISTRICT_COUNCIL_DISTRICT_SC": "西贡区", "LOCATION_SC": "TKO Spot A停车场", "ADDRESS_SC": "新界将军澳唐明街2号TKO Spot", "STANDARD_BS1363_no": "0", "MEDIUM_CCS_DC_COMBO_no": "0", "MEDIUM_IEC62196_no": "18", "MEDIUM_SAEJ1772_no": "0", "MEDIUM_GB_T20234_2_AC__no": "0", "MEDIUM_OTHERS_no": "0", "QUICK_CHAdeMO_no": "2", "QUICK_CCS_DC_COMBO_no": "2", "QUICK_IEC62196_no": "0", "QUICK_GB_T20234_3_DC__no": "0", "QUICK_OTHERS_no": "0", "FAST_CHAdeMO_no": "0", "FAST_CCS_DC_COMBO_no": "0", "FAST_GB_T20234_3_DC__no": "0", "FAST_OTHERS_no": "0", "REMARK_FOR__OTHERS_": "-", "DATA_PATH": "https://ev-charger.epd.gov.hk/resource/ev_charger_avail/evca_ver_1_0.json", "OBJECTID": 138, "total_chargers": 22 }, "geometry": { "type": "Point", "coordinates": [ 114.260194, 22.311605 ] } },
{ "type": "Feature", "properties": { "GmlID": "geotagging.139", "NAME_OF_DISTRICT_COUNCIL_DISTRICT_EN": "Kwun Tong", "LOCATION_EN": "Kai Tin Car Park B", "ADDRESS_EN": "Kai Tin Shopping Centre, 50 Kai Tin Road, Lam Tin, Kwun Tong, Kowloon", "NAME_OF_DISTRICT_COUNCIL_DISTRICT_TC": "觀塘區", "LOCATION_TC": "啟田B停車場", "ADDRESS_TC": "九龍觀塘藍田啟田道50號啟田商場", "NAME_OF_DISTRICT_COUNCIL_DISTRICT_SC": "观塘区", "LOCATION_SC": "启田B停车场", "ADDRESS_SC": "九龙观塘蓝田启田道50号启田商场", "STANDARD_BS1363_no": "0", "MEDIUM_CCS_DC_COMBO_no": "0", "MEDIUM_IEC62196_no": "45", "MEDIUM_SAEJ1772_no": "0", "MEDIUM_GB_T20234_2_AC__no": "0", "MEDIUM_OTHERS_no": "0", "QUICK_CHAdeMO_no": "2", "QUICK_CCS_DC_COMBO_no": "2", "QUICK_IEC62196_no": "0", "QUICK_GB_T20234_3_DC__no": "0", "QUICK_OTHERS_no": "0", "FAST_CHAdeMO_no": "0", "FAST_CCS_DC_COMBO_no": "0", "FAST_GB_T20234_3_DC__no": "0", "FAST_OTHERS_no": "0", "REMARK_FOR__OTHERS_": "-", "DATA_PATH": "https://ev-charger.epd.gov.hk/resource/ev_charger_avail/evca_ver_1_0.json", "OBJECTID": 139, "total_chargers": 49 }, "geometry": { "type": "Point", "coordinates": [ 114.234368, 22.308986 ] } },
{ "type": "Feature", "properties": { "GmlID": "geotagging.140", "NAME_OF_DISTRICT_COUNCIL_DISTRICT_EN": "Kwun Tong", "LOCATION_EN": "Ping Tin Phase 2 Car Park", "ADDRESS_EN": "Ping Tin Shopping Centre, 23 On Tin Street, Lam Tin, Kwun Tong, Kowloon", "NAME_OF_DISTRICT_COUNCIL_DISTRICT_TC": "觀塘區", "LOCATION_TC": "平田2期停車場", "ADDRESS_TC": "九龍觀塘藍田安田街23號平田商場", "NAME_OF_DISTRICT_COUNCIL_DISTRICT_SC": "观塘区", "LOCATION_SC": "平田2期停车场", "ADDRESS_SC": "九龙观塘蓝田安田街23号平田商场", "STANDARD_BS1363_no": "0", "MEDIUM_CCS_DC_COMBO_no": "0", "MEDIUM_IEC62196_no": "9", "MEDIUM_SAEJ1772_no": "0", "MEDIUM_GB_T20234_2_AC__no": "0", "MEDIUM_OTHERS_no": "0", "QUICK_CHAdeMO_no": "0", "QUICK_CCS_DC_COMBO_no": "2", "QUICK_IEC62196_no": "0", "QUICK_GB_T20234_3_DC__no": "0", "QUICK_OTHERS_no": "0", "FAST_CHAdeMO_no": "0", "FAST_CCS_DC_COMBO_no": "0", "FAST_GB_T20234_3_DC__no": "0", "FAST_OTHERS_no": "0", "REMARK_FOR__OTHERS_": "-", "DATA_PATH": "-", "OBJECTID": 140, "total_chargers": 11 }, "geometry": { "type": "Point", "coordinates": [ 114.237343, 22.305855 ] } },
{ "type": "Feature", "properties": { "GmlID": "geotagging.141", "NAME_OF_DISTRICT_COUNCIL_DISTRICT_EN": "Tai Po", "LOCATION_EN": "Tai Wo Car Park A", "ADDRESS_EN": "Tai Wo Plaza, 12 Tai Wo Road, Tai Po, New Territories", "NAME_OF_DISTRICT_COUNCIL_DISTRICT_TC": "大埔區", "LOCATION_TC": "太和A停車場", "ADDRESS_TC": "新界大埔太和路12號太和廣場", "NAME_OF_DISTRICT_COUNCIL_DISTRICT_SC": "大埔区", "LOCATION_SC": "太和A停车场", "ADDRESS_SC": "新界大埔太和路12号太和广场", "STANDARD_BS1363_no": "0", "MEDIUM_CCS_DC_COMBO_no": "0", "MEDIUM_IEC62196_no": "24", "MEDIUM_SAEJ1772_no": "0", "MEDIUM_GB_T20234_2_AC__no": "0", "MEDIUM_OTHERS_no": "0", "QUICK_CHAdeMO_no": "0", "QUICK_CCS_DC_COMBO_no": "10", "QUICK_IEC62196_no": "0", "QUICK_GB_T20234_3_DC__no": "0", "QUICK_OTHERS_no": "0", "FAST_CHAdeMO_no": "0", "FAST_CCS_DC_COMBO_no": "0", "FAST_GB_T20234_3_DC__no": "0", "FAST_OTHERS_no": "0", "REMARK_FOR__OTHERS_": "-", "DATA_PATH": "https://ev-charger.epd.gov.hk/resource/ev_charger_avail/evca_ver_1_0.json", "OBJECTID": 141, "total_chargers": 34 }, "geometry": { "type": "Point", "coordinates": [ 114.162171, 22.451409 ] } },
{ "type": "Feature", "properties": { "GmlID": "geotagging.142", "NAME_OF_DISTRICT_COUNCIL_DISTRICT_EN": "Wong Tai Sin", "LOCATION_EN": "Temple Mall South Car Park A", "ADDRESS_EN": "Temple Mall South, 103 Ching Tak Street, Wong Tai Sin, Kowloon", "NAME_OF_DISTRICT_COUNCIL_DISTRICT_TC": "黃大仙區", "LOCATION_TC": "黃大仙中心 南館 A停車場", "ADDRESS_TC": "九龍黃大仙正德街103號黃大仙中心 南館", "NAME_OF_DISTRICT_COUNCIL_DISTRICT_SC": "黄大仙区", "LOCATION_SC": "黄大仙中心 南馆 A停车场", "ADDRESS_SC": "九龙黄大仙正德街103号黄大仙中心 南馆", "STANDARD_BS1363_no": "0", "MEDIUM_CCS_DC_COMBO_no": "0", "MEDIUM_IEC62196_no": "10", "MEDIUM_SAEJ1772_no": "0", "MEDIUM_GB_T20234_2_AC__no": "0", "MEDIUM_OTHERS_no": "0", "QUICK_CHAdeMO_no": "0", "QUICK_CCS_DC_COMBO_no": "2", "QUICK_IEC62196_no": "0", "QUICK_GB_T20234_3_DC__no": "0", "QUICK_OTHERS_no": "0", "FAST_CHAdeMO_no": "0", "FAST_CCS_DC_COMBO_no": "0", "FAST_GB_T20234_3_DC__no": "0", "FAST_OTHERS_no": "0", "REMARK_FOR__OTHERS_": "-", "DATA_PATH": "-", "OBJECTID": 142, "total_chargers": 12 }, "geometry": { "type": "Point", "coordinates": [ 114.195292, 22.340977 ] } },
{ "type": "Feature", "properties": { "GmlID": "geotagging.143", "NAME_OF_DISTRICT_COUNCIL_DISTRICT_EN": "Kwun Tong", "LOCATION_EN": "Hong Pak Car Park", "ADDRESS_EN": "Hong Pak Court Retail and Car Park, 139 Pik Wan Road, Lam Tin, Kwun Tong, Kowloon", "NAME_OF_DISTRICT_COUNCIL_DISTRICT_TC": "觀塘區", "LOCATION_TC": "康柏停車場", "ADDRESS_TC": "九龍觀塘藍田碧雲道139號康栢苑商舖及停車場", "NAME_OF_DISTRICT_COUNCIL_DISTRICT_SC": "观塘区", "LOCATION_SC": "康柏停车场", "ADDRESS_SC": "九龙观塘蓝田碧云道139号康栢苑商舖及停车场", "STANDARD_BS1363_no": "0", "MEDIUM_CCS_DC_COMBO_no": "0", "MEDIUM_IEC62196_no": "11", "MEDIUM_SAEJ1772_no": "0", "MEDIUM_GB_T20234_2_AC__no": "0", "MEDIUM_OTHERS_no": "0", "QUICK_CHAdeMO_no": "0", "QUICK_CCS_DC_COMBO_no": "0", "QUICK_IEC62196_no": "0", "QUICK_GB_T20234_3_DC__no": "0", "QUICK_OTHERS_no": "0", "FAST_CHAdeMO_no": "0", "FAST_CCS_DC_COMBO_no": "0", "FAST_GB_T20234_3_DC__no": "0", "FAST_OTHERS_no": "0", "REMARK_FOR__OTHERS_": "-", "DATA_PATH": "https://ev-charger.epd.gov.hk/resource/ev_charger_avail/evca_ver_1_0.json", "OBJECTID": 143, "total_chargers": 11 }, "geometry": { "type": "Point", "coordinates": [ 114.239156, 22.302487 ] } },
{ "type": "Feature", "properties": { "GmlID": "geotagging.144", "NAME_OF_DISTRICT_COUNCIL_DISTRICT_EN": "Sha Tin", "LOCATION_EN": "Lek Yuen Car Park", "ADDRESS_EN": "Lek Yuen Plaza, 6 Lek Yuen Street, Sha Tin, New Territories", "NAME_OF_DISTRICT_COUNCIL_DISTRICT_TC": "沙田區", "LOCATION_TC": "瀝源停車場", "ADDRESS_TC": "新界沙田瀝源街6號瀝源廣場", "NAME_OF_DISTRICT_COUNCIL_DISTRICT_SC": "沙田区", "LOCATION_SC": "沥源停车场", "ADDRESS_SC": "新界沙田沥源街6号沥源广场", "STANDARD_BS1363_no": "0", "MEDIUM_CCS_DC_COMBO_no": "0", "MEDIUM_IEC62196_no": "16", "MEDIUM_SAEJ1772_no": "0", "MEDIUM_GB_T20234_2_AC__no": "0", "MEDIUM_OTHERS_no": "0", "QUICK_CHAdeMO_no": "0", "QUICK_CCS_DC_COMBO_no": "0", "QUICK_IEC62196_no": "0", "QUICK_GB_T20234_3_DC__no": "0", "QUICK_OTHERS_no": "0", "FAST_CHAdeMO_no": "0", "FAST_CCS_DC_COMBO_no": "0", "FAST_GB_T20234_3_DC__no": "0", "FAST_OTHERS_no": "0", "REMARK_FOR__OTHERS_": "-", "DATA_PATH": "https://ev-charger.epd.gov.hk/resource/ev_charger_avail/evca_ver_1_0.json", "OBJECTID": 144, "total_chargers": 16 }, "geometry": { "type": "Point", "coordinates": [ 114.191191, 22.385562 ] } },
{ "type": "Feature", "properties": { "GmlID": "geotagging.145", "NAME_OF_DISTRICT_COUNCIL_DISTRICT_EN": "Yuen Long", "LOCATION_EN": "T Town South Car Park", "ADDRESS_EN": "T Town, 30 & 33 Tin Wah Road, Tin Shui Wai, Yuen Long, New Territories", "NAME_OF_DISTRICT_COUNCIL_DISTRICT_TC": "元朗區", "LOCATION_TC": "T Town South 停車場", "ADDRESS_TC": "新界元朗天水圍天華路30及33號T Town", "NAME_OF_DISTRICT_COUNCIL_DISTRICT_SC": "元朗区", "LOCATION_SC": "T Town South 停车场", "ADDRESS_SC": "新界元朗天水围天华路30及33号T Town", "STANDARD_BS1363_no": "0", "MEDIUM_CCS_DC_COMBO_no": "0", "MEDIUM_IEC62196_no": "21", "MEDIUM_SAEJ1772_no": "0", "MEDIUM_GB_T20234_2_AC__no": "0", "MEDIUM_OTHERS_no": "0", "QUICK_CHAdeMO_no": "0", "QUICK_CCS_DC_COMBO_no": "8", "QUICK_IEC62196_no": "6", "QUICK_GB_T20234_3_DC__no": "0", "QUICK_OTHERS_no": "0", "FAST_CHAdeMO_no": "0", "FAST_CCS_DC_COMBO_no": "0", "FAST_GB_T20234_3_DC__no": "0", "FAST_OTHERS_no": "0", "REMARK_FOR__OTHERS_": "-", "DATA_PATH": "https://ev-charger.epd.gov.hk/resource/ev_charger_avail/evca_ver_1_0.json", "OBJECTID": 145, "total_chargers": 35 }, "geometry": { "type": "Point", "coordinates": [ 113.997269, 22.46128 ] } },
{ "type": "Feature", "properties": { "GmlID": "geotagging.146", "NAME_OF_DISTRICT_COUNCIL_DISTRICT_EN": "Kwun Tong", "LOCATION_EN": "Hong Shui Car Park", "ADDRESS_EN": "Hong Shui Court Retail and Car Park, 133 Pik Wan Road, Lam Tin, Kwun Tong, Kowloon", "NAME_OF_DISTRICT_COUNCIL_DISTRICT_TC": "觀塘區", "LOCATION_TC": "康瑞停車場", "ADDRESS_TC": "九龍觀塘藍田碧雲道133號康瑞苑商舖及停車場", "NAME_OF_DISTRICT_COUNCIL_DISTRICT_SC": "观塘区", "LOCATION_SC": "康瑞停车场", "ADDRESS_SC": "九龙观塘蓝田碧云道133号康瑞苑商舖及停车场", "STANDARD_BS1363_no": "0", "MEDIUM_CCS_DC_COMBO_no": "0", "MEDIUM_IEC62196_no": "9", "MEDIUM_SAEJ1772_no": "0", "MEDIUM_GB_T20234_2_AC__no": "0", "MEDIUM_OTHERS_no": "0", "QUICK_CHAdeMO_no": "0", "QUICK_CCS_DC_COMBO_no": "0", "QUICK_IEC62196_no": "0", "QUICK_GB_T20234_3_DC__no": "0", "QUICK_OTHERS_no": "0", "FAST_CHAdeMO_no": "0", "FAST_CCS_DC_COMBO_no": "0", "FAST_GB_T20234_3_DC__no": "0", "FAST_OTHERS_no": "0", "REMARK_FOR__OTHERS_": "-", "DATA_PATH": "https://ev-charger.epd.gov.hk/resource/ev_charger_avail/evca_ver_1_0.json", "OBJECTID": 146, "total_chargers": 9 }, "geometry": { "type": "Point", "coordinates": [ 114.24035, 22.301579 ] } },
{ "type": "Feature", "properties": { "GmlID": "geotagging.147", "NAME_OF_DISTRICT_COUNCIL_DISTRICT_EN": "Tuen Mun", "LOCATION_EN": "Leung King Car Park", "ADDRESS_EN": "Leung King Plaza, 31 Tin King Road, Tuen Mun, New Territories", "NAME_OF_DISTRICT_COUNCIL_DISTRICT_TC": "屯門區", "LOCATION_TC": "良景停車場", "ADDRESS_TC": "新界屯門田景路31號良景廣場", "NAME_OF_DISTRICT_COUNCIL_DISTRICT_SC": "屯门区", "LOCATION_SC": "良景停车场", "ADDRESS_SC": "新界屯门田景路31号良景广场", "STANDARD_BS1363_no": "0", "MEDIUM_CCS_DC_COMBO_no": "0", "MEDIUM_IEC62196_no": "12", "MEDIUM_SAEJ1772_no": "0", "MEDIUM_GB_T20234_2_AC__no": "0", "MEDIUM_OTHERS_no": "0", "QUICK_CHAdeMO_no": "0", "QUICK_CCS_DC_COMBO_no": "6", "QUICK_IEC62196_no": "0", "QUICK_GB_T20234_3_DC__no": "0", "QUICK_OTHERS_no": "0", "FAST_CHAdeMO_no": "0", "FAST_CCS_DC_COMBO_no": "0", "FAST_GB_T20234_3_DC__no": "0", "FAST_OTHERS_no": "0", "REMARK_FOR__OTHERS_": "-", "DATA_PATH": "-", "OBJECTID": 147, "total_chargers": 18 }, "geometry": { "type": "Point", "coordinates": [ 113.962654, 22.406017 ] } },
{ "type": "Feature", "properties": { "GmlID": "geotagging.148", "NAME_OF_DISTRICT_COUNCIL_DISTRICT_EN": "Kwun Tong", "LOCATION_EN": "Ko Chun Car Park", "ADDRESS_EN": "Ko Chun Court Retail and Car Park, 23 Ko Chiu Road, Yau Tong, Kwun Tong, Kowloon", "NAME_OF_DISTRICT_COUNCIL_DISTRICT_TC": "觀塘區", "LOCATION_TC": "高俊停車場", "ADDRESS_TC": "九龍觀塘油塘高超道23號高俊苑商舖及停車場", "NAME_OF_DISTRICT_COUNCIL_DISTRICT_SC": "观塘区", "LOCATION_SC": "高俊停车场", "ADDRESS_SC": "九龙观塘油塘高超道23号高俊苑商舖及停车场", "STANDARD_BS1363_no": "0", "MEDIUM_CCS_DC_COMBO_no": "0", "MEDIUM_IEC62196_no": "14", "MEDIUM_SAEJ1772_no": "0", "MEDIUM_GB_T20234_2_AC__no": "0", "MEDIUM_OTHERS_no": "0", "QUICK_CHAdeMO_no": "0", "QUICK_CCS_DC_COMBO_no": "0", "QUICK_IEC62196_no": "0", "QUICK_GB_T20234_3_DC__no": "0", "QUICK_OTHERS_no": "0", "FAST_CHAdeMO_no": "0", "FAST_CCS_DC_COMBO_no": "0", "FAST_GB_T20234_3_DC__no": "0", "FAST_OTHERS_no": "0", "REMARK_FOR__OTHERS_": "-", "DATA_PATH": "-", "OBJECTID": 148, "total_chargers": 14 }, "geometry": { "type": "Point", "coordinates": [ 114.242231, 22.298018 ] } },
{ "type": "Feature", "properties": { "GmlID": "geotagging.149", "NAME_OF_DISTRICT_COUNCIL_DISTRICT_EN": "North", "LOCATION_EN": "Choi Yuen Car Park A", "ADDRESS_EN": "Choi Yuen Plaza, 8 Choi Yuen Road, Sheung Shui, New Territories", "NAME_OF_DISTRICT_COUNCIL_DISTRICT_TC": "北區", "LOCATION_TC": "彩園A停車場", "ADDRESS_TC": "新界上水彩園路8號彩園廣場", "NAME_OF_DISTRICT_COUNCIL_DISTRICT_SC": "北区", "LOCATION_SC": "彩园A停车场", "ADDRESS_SC": "新界上水彩园路8号彩园广场", "STANDARD_BS1363_no": "0", "MEDIUM_CCS_DC_COMBO_no": "0", "MEDIUM_IEC62196_no": "17", "MEDIUM_SAEJ1772_no": "0", "MEDIUM_GB_T20234_2_AC__no": "0", "MEDIUM_OTHERS_no": "0", "QUICK_CHAdeMO_no": "0", "QUICK_CCS_DC_COMBO_no": "0", "QUICK_IEC62196_no": "0", "QUICK_GB_T20234_3_DC__no": "0", "QUICK_OTHERS_no": "0", "FAST_CHAdeMO_no": "0", "FAST_CCS_DC_COMBO_no": "0", "FAST_GB_T20234_3_DC__no": "0", "FAST_OTHERS_no": "0", "REMARK_FOR__OTHERS_": "-", "DATA_PATH": "https://ev-charger.epd.gov.hk/resource/ev_charger_avail/evca_ver_1_0.json", "OBJECTID": 149, "total_chargers": 17 }, "geometry": { "type": "Point", "coordinates": [ 114.126642, 22.500856 ] } },
{ "type": "Feature", "properties": { "GmlID": "geotagging.150", "NAME_OF_DISTRICT_COUNCIL_DISTRICT_EN": "Tai Po", "LOCATION_EN": "Fu Shin Car Park", "ADDRESS_EN": "Fu Shin Shopping Centre, 12 On Po Road, Tai Po, New Territories", "NAME_OF_DISTRICT_COUNCIL_DISTRICT_TC": "大埔區", "LOCATION_TC": "富善停車場", "ADDRESS_TC": "新界大埔安埔路12號富善商場", "NAME_OF_DISTRICT_COUNCIL_DISTRICT_SC": "大埔区", "LOCATION_SC": "富善停车场", "ADDRESS_SC": "新界大埔安埔路12号富善商场", "STANDARD_BS1363_no": "0", "MEDIUM_CCS_DC_COMBO_no": "0", "MEDIUM_IEC62196_no": "25", "MEDIUM_SAEJ1772_no": "0", "MEDIUM_GB_T20234_2_AC__no": "0", "MEDIUM_OTHERS_no": "0", "QUICK_CHAdeMO_no": "0", "QUICK_CCS_DC_COMBO_no": "6", "QUICK_IEC62196_no": "0", "QUICK_GB_T20234_3_DC__no": "0", "QUICK_OTHERS_no": "0", "FAST_CHAdeMO_no": "0", "FAST_CCS_DC_COMBO_no": "0", "FAST_GB_T20234_3_DC__no": "0", "FAST_OTHERS_no": "0", "REMARK_FOR__OTHERS_": "-", "DATA_PATH": "https://ev-charger.epd.gov.hk/resource/ev_charger_avail/evca_ver_1_0.json", "OBJECTID": 150, "total_chargers": 31 }, "geometry": { "type": "Point", "coordinates": [ 114.174143, 22.453548 ] } },
{ "type": "Feature", "properties": { "GmlID": "geotagging.151", "NAME_OF_DISTRICT_COUNCIL_DISTRICT_EN": "Sai Kung", "LOCATION_EN": "Po Lam Car Park", "ADDRESS_EN": "Po Lam Shopping Centre, 18 Po Lam Road North, Tseung Kwan O, New Territories", "NAME_OF_DISTRICT_COUNCIL_DISTRICT_TC": "西貢區", "LOCATION_TC": "寶林停車場", "ADDRESS_TC": "新界將軍澳寶琳北路18號寶林商場", "NAME_OF_DISTRICT_COUNCIL_DISTRICT_SC": "西贡区", "LOCATION_SC": "宝林停车场", "ADDRESS_SC": "新界将军澳宝琳北路18号宝林商场", "STANDARD_BS1363_no": "0", "MEDIUM_CCS_DC_COMBO_no": "0", "MEDIUM_IEC62196_no": "19", "MEDIUM_SAEJ1772_no": "0", "MEDIUM_GB_T20234_2_AC__no": "0", "MEDIUM_OTHERS_no": "0", "QUICK_CHAdeMO_no": "0", "QUICK_CCS_DC_COMBO_no": "0", "QUICK_IEC62196_no": "0", "QUICK_GB_T20234_3_DC__no": "0", "QUICK_OTHERS_no": "0", "FAST_CHAdeMO_no": "0", "FAST_CCS_DC_COMBO_no": "0", "FAST_GB_T20234_3_DC__no": "0", "FAST_OTHERS_no": "0", "REMARK_FOR__OTHERS_": "-", "DATA_PATH": "https://ev-charger.epd.gov.hk/resource/ev_charger_avail/evca_ver_1_0.json", "OBJECTID": 151, "total_chargers": 19 }, "geometry": { "type": "Point", "coordinates": [ 114.25467, 22.326221 ] } },
{ "type": "Feature", "properties": { "GmlID": "geotagging.152", "NAME_OF_DISTRICT_COUNCIL_DISTRICT_EN": "Kwun Tong", "LOCATION_EN": "Sau Mau Ping Phase 3 Car Park", "ADDRESS_EN": "Sau Mau Ping (III) Estate Retail and Car Park, Sau Ming Road, Sau Mau Ping, Kwun Tong, Kowloon", "NAME_OF_DISTRICT_COUNCIL_DISTRICT_TC": "觀塘區", "LOCATION_TC": "秀茂坪3期停車場", "ADDRESS_TC": "九龍觀塘秀茂坪秀明道秀茂坪邨第三期商舖及停車場", "NAME_OF_DISTRICT_COUNCIL_DISTRICT_SC": "观塘区", "LOCATION_SC": "秀茂坪3期停车场", "ADDRESS_SC": "九龙观塘秀茂坪秀明道秀茂坪邨第三期商舖及停车场", "STANDARD_BS1363_no": "0", "MEDIUM_CCS_DC_COMBO_no": "0", "MEDIUM_IEC62196_no": "9", "MEDIUM_SAEJ1772_no": "0", "MEDIUM_GB_T20234_2_AC__no": "0", "MEDIUM_OTHERS_no": "0", "QUICK_CHAdeMO_no": "0", "QUICK_CCS_DC_COMBO_no": "0", "QUICK_IEC62196_no": "0", "QUICK_GB_T20234_3_DC__no": "0", "QUICK_OTHERS_no": "0", "FAST_CHAdeMO_no": "0", "FAST_CCS_DC_COMBO_no": "0", "FAST_GB_T20234_3_DC__no": "0", "FAST_OTHERS_no": "0", "REMARK_FOR__OTHERS_": "-", "DATA_PATH": "https://ev-charger.epd.gov.hk/resource/ev_charger_avail/evca_ver_1_0.json", "OBJECTID": 152, "total_chargers": 9 }, "geometry": { "type": "Point", "coordinates": [ 114.230635, 22.322116 ] } },
{ "type": "Feature", "properties": { "GmlID": "geotagging.153", "NAME_OF_DISTRICT_COUNCIL_DISTRICT_EN": "Yuen Long", "LOCATION_EN": "Yuen Long Plaza", "ADDRESS_EN": "251 Castle Peak Road, Yuen Long", "NAME_OF_DISTRICT_COUNCIL_DISTRICT_TC": "元朗區", "LOCATION_TC": "元朗廣場", "ADDRESS_TC": "元朗青山公路251號", "NAME_OF_DISTRICT_COUNCIL_DISTRICT_SC": "元朗区", "LOCATION_SC": "元朗广场", "ADDRESS_SC": "元朗青山公路251号", "STANDARD_BS1363_no": "0", "MEDIUM_CCS_DC_COMBO_no": "0", "MEDIUM_IEC62196_no": "2", "MEDIUM_SAEJ1772_no": "0", "MEDIUM_GB_T20234_2_AC__no": "0", "MEDIUM_OTHERS_no": "0", "QUICK_CHAdeMO_no": "0", "QUICK_CCS_DC_COMBO_no": "0", "QUICK_IEC62196_no": "2", "QUICK_GB_T20234_3_DC__no": "0", "QUICK_OTHERS_no": "0", "FAST_CHAdeMO_no": "0", "FAST_CCS_DC_COMBO_no": "0", "FAST_GB_T20234_3_DC__no": "0", "FAST_OTHERS_no": "0", "REMARK_FOR__OTHERS_": "-", "DATA_PATH": "https://ev-charger.epd.gov.hk/resource/ev_charger_avail/evca_ver_1_0.json", "OBJECTID": 153, "total_chargers": 4 }, "geometry": { "type": "Point", "coordinates": [ 114.023953, 22.444982 ] } },
{ "type": "Feature", "properties": { "GmlID": "geotagging.154", "NAME_OF_DISTRICT_COUNCIL_DISTRICT_EN": "Wan Chai", "LOCATION_EN": "World Trade Centre", "ADDRESS_EN": "280 Gloucester Road, Causeway Bay", "NAME_OF_DISTRICT_COUNCIL_DISTRICT_TC": "灣仔區", "LOCATION_TC": "世界貿易中心", "ADDRESS_TC": "銅鑼灣告士打道280號", "NAME_OF_DISTRICT_COUNCIL_DISTRICT_SC": "湾仔区", "LOCATION_SC": "世界贸易中心", "ADDRESS_SC": "铜锣湾告士打道280号", "STANDARD_BS1363_no": "0", "MEDIUM_CCS_DC_COMBO_no": "0", "MEDIUM_IEC62196_no": "0", "MEDIUM_SAEJ1772_no": "0", "MEDIUM_GB_T20234_2_AC__no": "0", "MEDIUM_OTHERS_no": "0", "QUICK_CHAdeMO_no": "0", "QUICK_CCS_DC_COMBO_no": "0", "QUICK_IEC62196_no": "2", "QUICK_GB_T20234_3_DC__no": "0", "QUICK_OTHERS_no": "0", "FAST_CHAdeMO_no": "0", "FAST_CCS_DC_COMBO_no": "0", "FAST_GB_T20234_3_DC__no": "0", "FAST_OTHERS_no": "0", "REMARK_FOR__OTHERS_": "-", "DATA_PATH": "https://ev-charger.epd.gov.hk/resource/ev_charger_avail/evca_ver_1_0.json", "OBJECTID": 154, "total_chargers": 2 }, "geometry": { "type": "Point", "coordinates": [ 114.183983, 22.281918 ] } },
{ "type": "Feature", "properties": { "GmlID": "geotagging.155", "NAME_OF_DISTRICT_COUNCIL_DISTRICT_EN": "Tuen Mun", "LOCATION_EN": "Chelsea Heights Phase II", "ADDRESS_EN": "1 Shek Pai Tau Path, Tuen Mun", "NAME_OF_DISTRICT_COUNCIL_DISTRICT_TC": "屯門區", "LOCATION_TC": "卓爾居2期", "ADDRESS_TC": "屯門石排頭徑1號", "NAME_OF_DISTRICT_COUNCIL_DISTRICT_SC": "屯门区", "LOCATION_SC": "卓尔居2期", "ADDRESS_SC": "屯门石排头径1号", "STANDARD_BS1363_no": "0", "MEDIUM_CCS_DC_COMBO_no": "0", "MEDIUM_IEC62196_no": "3", "MEDIUM_SAEJ1772_no": "0", "MEDIUM_GB_T20234_2_AC__no": "0", "MEDIUM_OTHERS_no": "0", "QUICK_CHAdeMO_no": "0", "QUICK_CCS_DC_COMBO_no": "6", "QUICK_IEC62196_no": "0", "QUICK_GB_T20234_3_DC__no": "0", "QUICK_OTHERS_no": "0", "FAST_CHAdeMO_no": "0", "FAST_CCS_DC_COMBO_no": "0", "FAST_GB_T20234_3_DC__no": "0", "FAST_OTHERS_no": "0", "REMARK_FOR__OTHERS_": "-", "DATA_PATH": "-", "OBJECTID": 155, "total_chargers": 9 }, "geometry": { "type": "Point", "coordinates": [ 113.974289, 22.400549 ] } },
{ "type": "Feature", "properties": { "GmlID": "geotagging.156", "NAME_OF_DISTRICT_COUNCIL_DISTRICT_EN": "Tuen Mun", "LOCATION_EN": "Blossom Garden", "ADDRESS_EN": "11 Leung Tak Street, Tuen Mun", "NAME_OF_DISTRICT_COUNCIL_DISTRICT_TC": "屯門區", "LOCATION_TC": "寶怡花園", "ADDRESS_TC": "屯門良德街11號", "NAME_OF_DISTRICT_COUNCIL_DISTRICT_SC": "屯门区", "LOCATION_SC": "宝怡花园", "ADDRESS_SC": "屯门良德街11号", "STANDARD_BS1363_no": "0", "MEDIUM_CCS_DC_COMBO_no": "0", "MEDIUM_IEC62196_no": "0", "MEDIUM_SAEJ1772_no": "0", "MEDIUM_GB_T20234_2_AC__no": "0", "MEDIUM_OTHERS_no": "0", "QUICK_CHAdeMO_no": "0", "QUICK_CCS_DC_COMBO_no": "2", "QUICK_IEC62196_no": "0", "QUICK_GB_T20234_3_DC__no": "0", "QUICK_OTHERS_no": "0", "FAST_CHAdeMO_no": "0", "FAST_CCS_DC_COMBO_no": "0", "FAST_GB_T20234_3_DC__no": "0", "FAST_OTHERS_no": "0", "REMARK_FOR__OTHERS_": "-", "DATA_PATH": "-", "OBJECTID": 156, "total_chargers": 2 }, "geometry": { "type": "Point", "coordinates": [ 113.968517, 22.407961 ] } },
{ "type": "Feature", "properties": { "GmlID": "geotagging.157", "NAME_OF_DISTRICT_COUNCIL_DISTRICT_EN": "North", "LOCATION_EN": "Metropolis Plaza", "ADDRESS_EN": "8 Lung Wan Street, Sheung Shui", "NAME_OF_DISTRICT_COUNCIL_DISTRICT_TC": "北區", "LOCATION_TC": "新都廣場", "ADDRESS_TC": "上水龍運街8號", "NAME_OF_DISTRICT_COUNCIL_DISTRICT_SC": "北区", "LOCATION_SC": "新都广场", "ADDRESS_SC": "上水龙运街8号", "STANDARD_BS1363_no": "2", "MEDIUM_CCS_DC_COMBO_no": "0", "MEDIUM_IEC62196_no": "0", "MEDIUM_SAEJ1772_no": "0", "MEDIUM_GB_T20234_2_AC__no": "0", "MEDIUM_OTHERS_no": "0", "QUICK_CHAdeMO_no": "0", "QUICK_CCS_DC_COMBO_no": "2", "QUICK_IEC62196_no": "0", "QUICK_GB_T20234_3_DC__no": "0", "QUICK_OTHERS_no": "0", "FAST_CHAdeMO_no": "0", "FAST_CCS_DC_COMBO_no": "0", "FAST_GB_T20234_3_DC__no": "0", "FAST_OTHERS_no": "0", "REMARK_FOR__OTHERS_": "-", "DATA_PATH": "-", "OBJECTID": 157, "total_chargers": 4 }, "geometry": { "type": "Point", "coordinates": [ 114.129219, 22.502421 ] } },
{ "type": "Feature", "properties": { "GmlID": "geotagging.158", "NAME_OF_DISTRICT_COUNCIL_DISTRICT_EN": "Central & Western", "LOCATION_EN": "Admiralty Car Park", "ADDRESS_EN": "Rodney Street, Queensway, Admiralty", "NAME_OF_DISTRICT_COUNCIL_DISTRICT_TC": "中西區", "LOCATION_TC": "金鐘停車場", "ADDRESS_TC": "金鐘樂禮街", "NAME_OF_DISTRICT_COUNCIL_DISTRICT_SC": "中西区", "LOCATION_SC": "金钟停车场", "ADDRESS_SC": "金钟乐礼街", "STANDARD_BS1363_no": "0", "MEDIUM_CCS_DC_COMBO_no": "0", "MEDIUM_IEC62196_no": "9", "MEDIUM_SAEJ1772_no": "0", "MEDIUM_GB_T20234_2_AC__no": "0", "MEDIUM_OTHERS_no": "0", "QUICK_CHAdeMO_no": "0", "QUICK_CCS_DC_COMBO_no": "2", "QUICK_IEC62196_no": "0", "QUICK_GB_T20234_3_DC__no": "0", "QUICK_OTHERS_no": "0", "FAST_CHAdeMO_no": "0", "FAST_CCS_DC_COMBO_no": "0", "FAST_GB_T20234_3_DC__no": "0", "FAST_OTHERS_no": "0", "REMARK_FOR__OTHERS_": "-", "DATA_PATH": "-", "OBJECTID": 158, "total_chargers": 11 }, "geometry": { "type": "Point", "coordinates": [ 114.166069, 22.278532 ] } },
{ "type": "Feature", "properties": { "GmlID": "geotagging.159", "NAME_OF_DISTRICT_COUNCIL_DISTRICT_EN": "North", "LOCATION_EN": "Po Shek Wu Estate", "ADDRESS_EN": "Choi Yuen Road, Sheung Shui, N.T.", "NAME_OF_DISTRICT_COUNCIL_DISTRICT_TC": "北區", "LOCATION_TC": "寶石湖邨", "ADDRESS_TC": "新界上水寶石湖路與彩園路路口", "NAME_OF_DISTRICT_COUNCIL_DISTRICT_SC": "北区", "LOCATION_SC": "宝石湖邨", "ADDRESS_SC": "新界上水宝石湖路与彩园路路口", "STANDARD_BS1363_no": "47", "MEDIUM_CCS_DC_COMBO_no": "0", "MEDIUM_IEC62196_no": "10", "MEDIUM_SAEJ1772_no": "0", "MEDIUM_GB_T20234_2_AC__no": "0", "MEDIUM_OTHERS_no": "0", "QUICK_CHAdeMO_no": "0", "QUICK_CCS_DC_COMBO_no": "0", "QUICK_IEC62196_no": "0", "QUICK_GB_T20234_3_DC__no": "0", "QUICK_OTHERS_no": "0", "FAST_CHAdeMO_no": "0", "FAST_CCS_DC_COMBO_no": "0", "FAST_GB_T20234_3_DC__no": "0", "FAST_OTHERS_no": "0", "REMARK_FOR__OTHERS_": "-", "DATA_PATH": "-", "OBJECTID": 159, "total_chargers": 57 }, "geometry": { "type": "Point", "coordinates": [ 114.1247, 22.50333 ] } },
{ "type": "Feature", "properties": { "GmlID": "geotagging.160", "NAME_OF_DISTRICT_COUNCIL_DISTRICT_EN": "Yau Tsim Mong", "LOCATION_EN": "Hong Kong West Kowloon Station Car Park", "ADDRESS_EN": "B2 Basement Floor of West Kowloon Station in the Hong Kong Section of the Exprss Rail Link", "NAME_OF_DISTRICT_COUNCIL_DISTRICT_TC": "油尖旺區", "LOCATION_TC": "高鐵香港段西九龍站停車場", "ADDRESS_TC": "高鐵香港段西九龍站的地下庫B2", "NAME_OF_DISTRICT_COUNCIL_DISTRICT_SC": "油尖旺区", "LOCATION_SC": "高铁香港段西九龙站停车场", "ADDRESS_SC": "高铁香港段西九龙站的地下库B2", "STANDARD_BS1363_no": "0", "MEDIUM_CCS_DC_COMBO_no": "0", "MEDIUM_IEC62196_no": "10", "MEDIUM_SAEJ1772_no": "0", "MEDIUM_GB_T20234_2_AC__no": "0", "MEDIUM_OTHERS_no": "0", "QUICK_CHAdeMO_no": "0", "QUICK_CCS_DC_COMBO_no": "0", "QUICK_IEC62196_no": "0", "QUICK_GB_T20234_3_DC__no": "0", "QUICK_OTHERS_no": "0", "FAST_CHAdeMO_no": "0", "FAST_CCS_DC_COMBO_no": "0", "FAST_GB_T20234_3_DC__no": "0", "FAST_OTHERS_no": "0", "REMARK_FOR__OTHERS_": "-", "DATA_PATH": "-", "OBJECTID": 160, "total_chargers": 10 }, "geometry": { "type": "Point", "coordinates": [ 114.164376, 22.30384 ] } },
{ "type": "Feature", "properties": { "GmlID": "geotagging.161", "NAME_OF_DISTRICT_COUNCIL_DISTRICT_EN": "Islands", "LOCATION_EN": "Hong Kong-Zhuhai-Macao Bridge Hong Kong Port car park 1", "ADDRESS_EN": "Hong Kong-Zhuhai-Macao Bridge Hong Kong Port, Lantau Island, Hong Kong", "NAME_OF_DISTRICT_COUNCIL_DISTRICT_TC": "離島區", "LOCATION_TC": "港珠澳大橋香港口岸1號停車場", "ADDRESS_TC": "香港大嶼山港珠澳大橋香港口岸", "NAME_OF_DISTRICT_COUNCIL_DISTRICT_SC": "离岛区", "LOCATION_SC": "港珠澳大桥香港口岸1号停车场", "ADDRESS_SC": "香港大屿山港珠澳大桥香港口岸", "STANDARD_BS1363_no": "0", "MEDIUM_CCS_DC_COMBO_no": "0", "MEDIUM_IEC62196_no": "0", "MEDIUM_SAEJ1772_no": "0", "MEDIUM_GB_T20234_2_AC__no": "0", "MEDIUM_OTHERS_no": "0", "QUICK_CHAdeMO_no": "0", "QUICK_CCS_DC_COMBO_no": "2", "QUICK_IEC62196_no": "0", "QUICK_GB_T20234_3_DC__no": "2", "QUICK_OTHERS_no": "0", "FAST_CHAdeMO_no": "0", "FAST_CCS_DC_COMBO_no": "0", "FAST_GB_T20234_3_DC__no": "0", "FAST_OTHERS_no": "0", "REMARK_FOR__OTHERS_": "-", "DATA_PATH": "-", "OBJECTID": 161, "total_chargers": 4 }, "geometry": { "type": "Point", "coordinates": [ 113.952454, 22.316524 ] } },
{ "type": "Feature", "properties": { "GmlID": "geotagging.162", "NAME_OF_DISTRICT_COUNCIL_DISTRICT_EN": "Islands", "LOCATION_EN": "Hong Kong-Zhuhai-Macao Bridge Hong Kong Port car park 2", "ADDRESS_EN": "Hong Kong-Zhuhai-Macao Bridge Hong Kong Port, Lantau Island, Hong Kong", "NAME_OF_DISTRICT_COUNCIL_DISTRICT_TC": "離島區", "LOCATION_TC": "港珠澳大橋香港口岸2號停車場", "ADDRESS_TC": "香港大嶼山港珠澳大橋香港口岸", "NAME_OF_DISTRICT_COUNCIL_DISTRICT_SC": "离岛区", "LOCATION_SC": "港珠澳大桥香港口岸2号停车场", "ADDRESS_SC": "香港大屿山港珠澳大桥香港口岸", "STANDARD_BS1363_no": "0", "MEDIUM_CCS_DC_COMBO_no": "0", "MEDIUM_IEC62196_no": "64", "MEDIUM_SAEJ1772_no": "0", "MEDIUM_GB_T20234_2_AC__no": "0", "MEDIUM_OTHERS_no": "0", "QUICK_CHAdeMO_no": "0", "QUICK_CCS_DC_COMBO_no": "3", "QUICK_IEC62196_no": "0", "QUICK_GB_T20234_3_DC__no": "3", "QUICK_OTHERS_no": "0", "FAST_CHAdeMO_no": "0", "FAST_CCS_DC_COMBO_no": "0", "FAST_GB_T20234_3_DC__no": "0", "FAST_OTHERS_no": "0", "REMARK_FOR__OTHERS_": "-", "DATA_PATH": "-", "OBJECTID": 162, "total_chargers": 70 }, "geometry": { "type": "Point", "coordinates": [ 113.952753, 22.315887 ] } },
{ "type": "Feature", "properties": { "GmlID": "geotagging.163", "NAME_OF_DISTRICT_COUNCIL_DISTRICT_EN": "Tsuen Wan", "LOCATION_EN": "Cheung Shan Estate Carpark", "ADDRESS_EN": "Cheung Shan Estate Road West, Tsuen Wan, N.T.", "NAME_OF_DISTRICT_COUNCIL_DISTRICT_TC": "荃灣區", "LOCATION_TC": "象山邨停車場", "ADDRESS_TC": "新界荃灣象山邨西路", "NAME_OF_DISTRICT_COUNCIL_DISTRICT_SC": "荃湾区", "LOCATION_SC": "象山邨停车场", "ADDRESS_SC": "新界荃湾象山邨西路", "STANDARD_BS1363_no": "0", "MEDIUM_CCS_DC_COMBO_no": "0", "MEDIUM_IEC62196_no": "20", "MEDIUM_SAEJ1772_no": "0", "MEDIUM_GB_T20234_2_AC__no": "0", "MEDIUM_OTHERS_no": "0", "QUICK_CHAdeMO_no": "0", "QUICK_CCS_DC_COMBO_no": "0", "QUICK_IEC62196_no": "0", "QUICK_GB_T20234_3_DC__no": "0", "QUICK_OTHERS_no": "0", "FAST_CHAdeMO_no": "0", "FAST_CCS_DC_COMBO_no": "0", "FAST_GB_T20234_3_DC__no": "0", "FAST_OTHERS_no": "0", "REMARK_FOR__OTHERS_": "-", "DATA_PATH": "-", "OBJECTID": 163, "total_chargers": 20 }, "geometry": { "type": "Point", "coordinates": [ 114.129819, 22.378225 ] } },
{ "type": "Feature", "properties": { "GmlID": "geotagging.164", "NAME_OF_DISTRICT_COUNCIL_DISTRICT_EN": "Kwai Tsing", "LOCATION_EN": "Kwai Shing West Shopping Centre Car Park", "ADDRESS_EN": "Kwai Luen Road, Kwai Chung, N.T.", "NAME_OF_DISTRICT_COUNCIL_DISTRICT_TC": "葵青區", "LOCATION_TC": "葵盛西商場停車場", "ADDRESS_TC": "新界葵涌葵聯路", "NAME_OF_DISTRICT_COUNCIL_DISTRICT_SC": "葵青区", "LOCATION_SC": "葵盛西商场停车场", "ADDRESS_SC": "新界葵涌葵联路", "STANDARD_BS1363_no": "0", "MEDIUM_CCS_DC_COMBO_no": "0", "MEDIUM_IEC62196_no": "12", "MEDIUM_SAEJ1772_no": "0", "MEDIUM_GB_T20234_2_AC__no": "0", "MEDIUM_OTHERS_no": "0", "QUICK_CHAdeMO_no": "0", "QUICK_CCS_DC_COMBO_no": "0", "QUICK_IEC62196_no": "0", "QUICK_GB_T20234_3_DC__no": "0", "QUICK_OTHERS_no": "0", "FAST_CHAdeMO_no": "0", "FAST_CCS_DC_COMBO_no": "0", "FAST_GB_T20234_3_DC__no": "0", "FAST_OTHERS_no": "0", "REMARK_FOR__OTHERS_": "-", "DATA_PATH": "-", "OBJECTID": 164, "total_chargers": 12 }, "geometry": { "type": "Point", "coordinates": [ 114.121632, 22.360949 ] } },
{ "type": "Feature", "properties": { "GmlID": "geotagging.165", "NAME_OF_DISTRICT_COUNCIL_DISTRICT_EN": "Kwun Tong", "LOCATION_EN": "The Bay Hub", "ADDRESS_EN": "Goldin Financial Global Centre, 17 Kai Cheung Road, Kowloon Bay, KLN", "NAME_OF_DISTRICT_COUNCIL_DISTRICT_TC": "觀塘區", "LOCATION_TC": "太豐匯", "ADDRESS_TC": "九龍九龍灣啟祥道17號高銀金融國際中心", "NAME_OF_DISTRICT_COUNCIL_DISTRICT_SC": "观塘区", "LOCATION_SC": "太丰汇", "ADDRESS_SC": "九龙九龙湾启祥道17号高银金融国际中心", "STANDARD_BS1363_no": "157", "MEDIUM_CCS_DC_COMBO_no": "0", "MEDIUM_IEC62196_no": "2", "MEDIUM_SAEJ1772_no": "0", "MEDIUM_GB_T20234_2_AC__no": "0", "MEDIUM_OTHERS_no": "0", "QUICK_CHAdeMO_no": "0", "QUICK_CCS_DC_COMBO_no": "4", "QUICK_IEC62196_no": "0", "QUICK_GB_T20234_3_DC__no": "0", "QUICK_OTHERS_no": "0", "FAST_CHAdeMO_no": "0", "FAST_CCS_DC_COMBO_no": "0", "FAST_GB_T20234_3_DC__no": "0", "FAST_OTHERS_no": "0", "REMARK_FOR__OTHERS_": "-", "DATA_PATH": "-", "OBJECTID": 165, "total_chargers": 163 }, "geometry": { "type": "Point", "coordinates": [ 114.206478, 22.325744 ] } },
{ "type": "Feature", "properties": { "GmlID": "geotagging.166", "NAME_OF_DISTRICT_COUNCIL_DISTRICT_EN": "Wan Chai", "LOCATION_EN": "Lee Garden Three Car Park", "ADDRESS_EN": "1 Sunning Road, Causeway Bay, Hong Kong", "NAME_OF_DISTRICT_COUNCIL_DISTRICT_TC": "灣仔區", "LOCATION_TC": "利園三期停車場", "ADDRESS_TC": "香港 銅鑼灣 新寧道1號", "NAME_OF_DISTRICT_COUNCIL_DISTRICT_SC": "湾仔区", "LOCATION_SC": "利园三期停车场", "ADDRESS_SC": "香港 铜锣湾 新宁道1号", "STANDARD_BS1363_no": "0", "MEDIUM_CCS_DC_COMBO_no": "0", "MEDIUM_IEC62196_no": "44", "MEDIUM_SAEJ1772_no": "0", "MEDIUM_GB_T20234_2_AC__no": "0", "MEDIUM_OTHERS_no": "0", "QUICK_CHAdeMO_no": "0", "QUICK_CCS_DC_COMBO_no": "10", "QUICK_IEC62196_no": "0", "QUICK_GB_T20234_3_DC__no": "0", "QUICK_OTHERS_no": "0", "FAST_CHAdeMO_no": "0", "FAST_CCS_DC_COMBO_no": "1", "FAST_GB_T20234_3_DC__no": "0", "FAST_OTHERS_no": "0", "REMARK_FOR__OTHERS_": "-", "DATA_PATH": "-", "OBJECTID": 166, "total_chargers": 55 }, "geometry": { "type": "Point", "coordinates": [ 114.185359, 22.277647 ] } },
{ "type": "Feature", "properties": { "GmlID": "geotagging.167", "NAME_OF_DISTRICT_COUNCIL_DISTRICT_EN": "Kwun Tong", "LOCATION_EN": "Remington Centre", "ADDRESS_EN": "HUNG TO ROAD, KWUN TONG", "NAME_OF_DISTRICT_COUNCIL_DISTRICT_TC": "觀塘區", "LOCATION_TC": "利登中心", "ADDRESS_TC": "觀塘 鴻圖道", "NAME_OF_DISTRICT_COUNCIL_DISTRICT_SC": "观塘区", "LOCATION_SC": "利登中心", "ADDRESS_SC": "观塘 鸿图道", "STANDARD_BS1363_no": "0", "MEDIUM_CCS_DC_COMBO_no": "0", "MEDIUM_IEC62196_no": "2", "MEDIUM_SAEJ1772_no": "0", "MEDIUM_GB_T20234_2_AC__no": "0", "MEDIUM_OTHERS_no": "0", "QUICK_CHAdeMO_no": "0", "QUICK_CCS_DC_COMBO_no": "0", "QUICK_IEC62196_no": "0", "QUICK_GB_T20234_3_DC__no": "0", "QUICK_OTHERS_no": "0", "FAST_CHAdeMO_no": "0", "FAST_CCS_DC_COMBO_no": "0", "FAST_GB_T20234_3_DC__no": "0", "FAST_OTHERS_no": "0", "REMARK_FOR__OTHERS_": "-", "DATA_PATH": "-", "OBJECTID": 167, "total_chargers": 2 }, "geometry": { "type": "Point", "coordinates": [ 114.21985, 22.313199 ] } },
{ "type": "Feature", "properties": { "GmlID": "geotagging.168", "NAME_OF_DISTRICT_COUNCIL_DISTRICT_EN": "Tsuen Wan", "LOCATION_EN": "MTR Tsuen Wan West Station Car Park", "ADDRESS_EN": "MTR Tsuen Wan West Station, Tai Ho Road, Tsuen Wan", "NAME_OF_DISTRICT_COUNCIL_DISTRICT_TC": "荃灣區", "LOCATION_TC": "港鐵荃灣西站停車場", "ADDRESS_TC": "荃灣大河道港鐵荃灣西站", "NAME_OF_DISTRICT_COUNCIL_DISTRICT_SC": "荃湾区", "LOCATION_SC": "港铁荃湾西站停车场", "ADDRESS_SC": "荃湾大河道港铁荃湾西站", "STANDARD_BS1363_no": "0", "MEDIUM_CCS_DC_COMBO_no": "0", "MEDIUM_IEC62196_no": "0", "MEDIUM_SAEJ1772_no": "0", "MEDIUM_GB_T20234_2_AC__no": "0", "MEDIUM_OTHERS_no": "0", "QUICK_CHAdeMO_no": "0", "QUICK_CCS_DC_COMBO_no": "2", "QUICK_IEC62196_no": "0", "QUICK_GB_T20234_3_DC__no": "0", "QUICK_OTHERS_no": "0", "FAST_CHAdeMO_no": "0", "FAST_CCS_DC_COMBO_no": "0", "FAST_GB_T20234_3_DC__no": "0", "FAST_OTHERS_no": "0", "REMARK_FOR__OTHERS_": "-", "DATA_PATH": "-", "OBJECTID": 168, "total_chargers": 2 }, "geometry": { "type": "Point", "coordinates": [ 114.108874, 22.369195 ] } },
{ "type": "Feature", "properties": { "GmlID": "geotagging.169", "NAME_OF_DISTRICT_COUNCIL_DISTRICT_EN": "Tuen Mun", "LOCATION_EN": "Oceania Height", "ADDRESS_EN": "2 Hoi Chu Road, Area 16, Tuen Mun", "NAME_OF_DISTRICT_COUNCIL_DISTRICT_TC": "屯門區", "LOCATION_TC": "海典軒", "ADDRESS_TC": "屯門16區海珠路2號", "NAME_OF_DISTRICT_COUNCIL_DISTRICT_SC": "屯门区", "LOCATION_SC": "海典轩", "ADDRESS_SC": "屯门16区海珠路2号", "STANDARD_BS1363_no": "0", "MEDIUM_CCS_DC_COMBO_no": "0", "MEDIUM_IEC62196_no": "3", "MEDIUM_SAEJ1772_no": "0", "MEDIUM_GB_T20234_2_AC__no": "0", "MEDIUM_OTHERS_no": "0", "QUICK_CHAdeMO_no": "0", "QUICK_CCS_DC_COMBO_no": "3", "QUICK_IEC62196_no": "0", "QUICK_GB_T20234_3_DC__no": "0", "QUICK_OTHERS_no": "0", "FAST_CHAdeMO_no": "0", "FAST_CCS_DC_COMBO_no": "0", "FAST_GB_T20234_3_DC__no": "0", "FAST_OTHERS_no": "0", "REMARK_FOR__OTHERS_": "-", "DATA_PATH": "-", "OBJECTID": 169, "total_chargers": 6 }, "geometry": { "type": "Point", "coordinates": [ 113.971691, 22.383786 ] } },
{ "type": "Feature", "properties": { "GmlID": "geotagging.170", "NAME_OF_DISTRICT_COUNCIL_DISTRICT_EN": "North", "LOCATION_EN": "Regentville", "ADDRESS_EN": "8 Wo Mun Street, Luen Wo Hui, Fanling", "NAME_OF_DISTRICT_COUNCIL_DISTRICT_TC": "北區", "LOCATION_TC": "帝庭軒", "ADDRESS_TC": "粉嶺聯和墟和滿街8號", "NAME_OF_DISTRICT_COUNCIL_DISTRICT_SC": "北区", "LOCATION_SC": "帝庭轩", "ADDRESS_SC": "粉岭联和墟和满街8号", "STANDARD_BS1363_no": "0", "MEDIUM_CCS_DC_COMBO_no": "0", "MEDIUM_IEC62196_no": "8", "MEDIUM_SAEJ1772_no": "0", "MEDIUM_GB_T20234_2_AC__no": "0", "MEDIUM_OTHERS_no": "0", "QUICK_CHAdeMO_no": "0", "QUICK_CCS_DC_COMBO_no": "3", "QUICK_IEC62196_no": "0", "QUICK_GB_T20234_3_DC__no": "0", "QUICK_OTHERS_no": "0", "FAST_CHAdeMO_no": "0", "FAST_CCS_DC_COMBO_no": "0", "FAST_GB_T20234_3_DC__no": "0", "FAST_OTHERS_no": "0", "REMARK_FOR__OTHERS_": "-", "DATA_PATH": "-", "OBJECTID": 170, "total_chargers": 11 }, "geometry": { "type": "Point", "coordinates": [ 114.143614, 22.50019 ] } },
{ "type": "Feature", "properties": { "GmlID": "geotagging.171", "NAME_OF_DISTRICT_COUNCIL_DISTRICT_EN": "Sham Shui Po", "LOCATION_EN": "Kowloon Plaza", "ADDRESS_EN": "485 Castle Peak Road, Sheung Sha Wan, Kowloon", "NAME_OF_DISTRICT_COUNCIL_DISTRICT_TC": "深水埗區", "LOCATION_TC": "九龍廣場", "ADDRESS_TC": "九龍長沙灣青山道485號", "NAME_OF_DISTRICT_COUNCIL_DISTRICT_SC": "深水埗区", "LOCATION_SC": "九龙广场", "ADDRESS_SC": "九龙长沙湾青山道485号", "STANDARD_BS1363_no": "1", "MEDIUM_CCS_DC_COMBO_no": "0", "MEDIUM_IEC62196_no": "0", "MEDIUM_SAEJ1772_no": "0", "MEDIUM_GB_T20234_2_AC__no": "0", "MEDIUM_OTHERS_no": "0", "QUICK_CHAdeMO_no": "0", "QUICK_CCS_DC_COMBO_no": "0", "QUICK_IEC62196_no": "0", "QUICK_GB_T20234_3_DC__no": "0", "QUICK_OTHERS_no": "0", "FAST_CHAdeMO_no": "0", "FAST_CCS_DC_COMBO_no": "0", "FAST_GB_T20234_3_DC__no": "0", "FAST_OTHERS_no": "0", "REMARK_FOR__OTHERS_": "-", "DATA_PATH": "-", "OBJECTID": 171, "total_chargers": 1 }, "geometry": { "type": "Point", "coordinates": [ 114.149451, 22.338489 ] } },
{ "type": "Feature", "properties": { "GmlID": "geotagging.172", "NAME_OF_DISTRICT_COUNCIL_DISTRICT_EN": "Yau Tsim Mong", "LOCATION_EN": "Olympian City 2", "ADDRESS_EN": "18 Hoi Ting Road, West Kowloon", "NAME_OF_DISTRICT_COUNCIL_DISTRICT_TC": "油尖旺區", "LOCATION_TC": "奧海城二期", "ADDRESS_TC": "西九龍海庭道18號", "NAME_OF_DISTRICT_COUNCIL_DISTRICT_SC": "油尖旺区", "LOCATION_SC": "奥海城二期", "ADDRESS_SC": "西九龙海庭道18号", "STANDARD_BS1363_no": "0", "MEDIUM_CCS_DC_COMBO_no": "0", "MEDIUM_IEC62196_no": "0", "MEDIUM_SAEJ1772_no": "0", "MEDIUM_GB_T20234_2_AC__no": "0", "MEDIUM_OTHERS_no": "0", "QUICK_CHAdeMO_no": "0", "QUICK_CCS_DC_COMBO_no": "4", "QUICK_IEC62196_no": "0", "QUICK_GB_T20234_3_DC__no": "0", "QUICK_OTHERS_no": "0", "FAST_CHAdeMO_no": "0", "FAST_CCS_DC_COMBO_no": "0", "FAST_GB_T20234_3_DC__no": "0", "FAST_OTHERS_no": "0", "REMARK_FOR__OTHERS_": "-", "DATA_PATH": "-", "OBJECTID": 172, "total_chargers": 4 }, "geometry": { "type": "Point", "coordinates": [ 114.162033, 22.3153 ] } },
{ "type": "Feature", "properties": { "GmlID": "geotagging.173", "NAME_OF_DISTRICT_COUNCIL_DISTRICT_EN": "Yuen Long", "LOCATION_EN": "Springdale Villas", "ADDRESS_EN": "80 Ma Tin Road, Yuen Long", "NAME_OF_DISTRICT_COUNCIL_DISTRICT_TC": "元朗區", "LOCATION_TC": "御庭居", "ADDRESS_TC": "元朗馬田路80號", "NAME_OF_DISTRICT_COUNCIL_DISTRICT_SC": "元朗区", "LOCATION_SC": "御庭居", "ADDRESS_SC": "元朗马田路80号", "STANDARD_BS1363_no": "0", "MEDIUM_CCS_DC_COMBO_no": "0", "MEDIUM_IEC62196_no": "0", "MEDIUM_SAEJ1772_no": "0", "MEDIUM_GB_T20234_2_AC__no": "0", "MEDIUM_OTHERS_no": "0", "QUICK_CHAdeMO_no": "0", "QUICK_CCS_DC_COMBO_no": "3", "QUICK_IEC62196_no": "0", "QUICK_GB_T20234_3_DC__no": "0", "QUICK_OTHERS_no": "0", "FAST_CHAdeMO_no": "0", "FAST_CCS_DC_COMBO_no": "0", "FAST_GB_T20234_3_DC__no": "0", "FAST_OTHERS_no": "0", "REMARK_FOR__OTHERS_": "-", "DATA_PATH": "-", "OBJECTID": 173, "total_chargers": 3 }, "geometry": { "type": "Point", "coordinates": [ 114.021703, 22.440678 ] } },
{ "type": "Feature", "properties": { "GmlID": "geotagging.174", "NAME_OF_DISTRICT_COUNCIL_DISTRICT_EN": "North", "LOCATION_EN": "Commune Modern", "ADDRESS_EN": "28 Wo Fung St, Fanling", "NAME_OF_DISTRICT_COUNCIL_DISTRICT_TC": "北區", "LOCATION_TC": "囍逸公眾停車場", "ADDRESS_TC": "粉嶺聯和墟和豐街28號", "NAME_OF_DISTRICT_COUNCIL_DISTRICT_SC": "北区", "LOCATION_SC": "囍逸公众停车场", "ADDRESS_SC": "粉岭联和墟和丰街28号", "STANDARD_BS1363_no": "2", "MEDIUM_CCS_DC_COMBO_no": "0", "MEDIUM_IEC62196_no": "114", "MEDIUM_SAEJ1772_no": "0", "MEDIUM_GB_T20234_2_AC__no": "0", "MEDIUM_OTHERS_no": "0", "QUICK_CHAdeMO_no": "0", "QUICK_CCS_DC_COMBO_no": "4", "QUICK_IEC62196_no": "0", "QUICK_GB_T20234_3_DC__no": "0", "QUICK_OTHERS_no": "0", "FAST_CHAdeMO_no": "0", "FAST_CCS_DC_COMBO_no": "0", "FAST_GB_T20234_3_DC__no": "0", "FAST_OTHERS_no": "0", "REMARK_FOR__OTHERS_": "-", "DATA_PATH": "-", "OBJECTID": 174, "total_chargers": 120 }, "geometry": { "type": "Point", "coordinates": [ 114.142785, 22.498536 ] } },
{ "type": "Feature", "properties": { "GmlID": "geotagging.175", "NAME_OF_DISTRICT_COUNCIL_DISTRICT_EN": "Tsuen Wan", "LOCATION_EN": "Waterside Plaza", "ADDRESS_EN": "38 Wing Shun Street, Tsuen Wan", "NAME_OF_DISTRICT_COUNCIL_DISTRICT_TC": "荃灣區", "LOCATION_TC": "海灣花園", "ADDRESS_TC": "荃灣永順街38號", "NAME_OF_DISTRICT_COUNCIL_DISTRICT_SC": "荃湾区", "LOCATION_SC": "海湾花园", "ADDRESS_SC": "荃湾永顺街38号", "STANDARD_BS1363_no": "2", "MEDIUM_CCS_DC_COMBO_no": "0", "MEDIUM_IEC62196_no": "0", "MEDIUM_SAEJ1772_no": "0", "MEDIUM_GB_T20234_2_AC__no": "0", "MEDIUM_OTHERS_no": "0", "QUICK_CHAdeMO_no": "0", "QUICK_CCS_DC_COMBO_no": "0", "QUICK_IEC62196_no": "0", "QUICK_GB_T20234_3_DC__no": "0", "QUICK_OTHERS_no": "0", "FAST_CHAdeMO_no": "0", "FAST_CCS_DC_COMBO_no": "0", "FAST_GB_T20234_3_DC__no": "0", "FAST_OTHERS_no": "0", "REMARK_FOR__OTHERS_": "-", "DATA_PATH": "-", "OBJECTID": 175, "total_chargers": 2 }, "geometry": { "type": "Point", "coordinates": [ 114.113901, 22.36436 ] } },
{ "type": "Feature", "properties": { "GmlID": "geotagging.176", "NAME_OF_DISTRICT_COUNCIL_DISTRICT_EN": "Yau Tsim Mong", "LOCATION_EN": "Empire Centre", "ADDRESS_EN": "68 Mody Road, Tsim Sha Tsui East", "NAME_OF_DISTRICT_COUNCIL_DISTRICT_TC": "油尖旺區", "LOCATION_TC": "帝國中心", "ADDRESS_TC": "尖東麼地道68號", "NAME_OF_DISTRICT_COUNCIL_DISTRICT_SC": "油尖旺区", "LOCATION_SC": "帝国中心", "ADDRESS_SC": "尖东么地道68号", "STANDARD_BS1363_no": "0", "MEDIUM_CCS_DC_COMBO_no": "0", "MEDIUM_IEC62196_no": "2", "MEDIUM_SAEJ1772_no": "0", "MEDIUM_GB_T20234_2_AC__no": "0", "MEDIUM_OTHERS_no": "0", "QUICK_CHAdeMO_no": "0", "QUICK_CCS_DC_COMBO_no": "2", "QUICK_IEC62196_no": "0", "QUICK_GB_T20234_3_DC__no": "0", "QUICK_OTHERS_no": "0", "FAST_CHAdeMO_no": "0", "FAST_CCS_DC_COMBO_no": "0", "FAST_GB_T20234_3_DC__no": "0", "FAST_OTHERS_no": "0", "REMARK_FOR__OTHERS_": "-", "DATA_PATH": "-", "OBJECTID": 176, "total_chargers": 4 }, "geometry": { "type": "Point", "coordinates": [ 114.178427, 22.298268 ] } },
{ "type": "Feature", "properties": { "GmlID": "geotagging.177", "NAME_OF_DISTRICT_COUNCIL_DISTRICT_EN": "Central & Western", "LOCATION_EN": "The Centrium", "ADDRESS_EN": "60 Wyndham Street, Central", "NAME_OF_DISTRICT_COUNCIL_DISTRICT_TC": "中西區", "LOCATION_TC": "中央廣場", "ADDRESS_TC": "中環雲咸街60號", "NAME_OF_DISTRICT_COUNCIL_DISTRICT_SC": "中西区", "LOCATION_SC": "中央广场", "ADDRESS_SC": "中环云咸街60号", "STANDARD_BS1363_no": "2", "MEDIUM_CCS_DC_COMBO_no": "0", "MEDIUM_IEC62196_no": "2", "MEDIUM_SAEJ1772_no": "0", "MEDIUM_GB_T20234_2_AC__no": "0", "MEDIUM_OTHERS_no": "0", "QUICK_CHAdeMO_no": "0", "QUICK_CCS_DC_COMBO_no": "0", "QUICK_IEC62196_no": "0", "QUICK_GB_T20234_3_DC__no": "0", "QUICK_OTHERS_no": "0", "FAST_CHAdeMO_no": "0", "FAST_CCS_DC_COMBO_no": "0", "FAST_GB_T20234_3_DC__no": "0", "FAST_OTHERS_no": "0", "REMARK_FOR__OTHERS_": "-", "DATA_PATH": "-", "OBJECTID": 177, "total_chargers": 4 }, "geometry": { "type": "Point", "coordinates": [ 114.154652, 22.280619 ] } },
{ "type": "Feature", "properties": { "GmlID": "geotagging.178", "NAME_OF_DISTRICT_COUNCIL_DISTRICT_EN": "Yuen Long", "LOCATION_EN": "Ping Wui Centre", "ADDRESS_EN": "13 – 17 Ping Wui Street,", "NAME_OF_DISTRICT_COUNCIL_DISTRICT_TC": "元朗區", "LOCATION_TC": "屏會中心", "ADDRESS_TC": "元朗屏會街13 – 17號", "NAME_OF_DISTRICT_COUNCIL_DISTRICT_SC": "元朗区", "LOCATION_SC": "屏会中心", "ADDRESS_SC": "元朗屏会街13 – 17号", "STANDARD_BS1363_no": "0", "MEDIUM_CCS_DC_COMBO_no": "0", "MEDIUM_IEC62196_no": "0", "MEDIUM_SAEJ1772_no": "0", "MEDIUM_GB_T20234_2_AC__no": "0", "MEDIUM_OTHERS_no": "0", "QUICK_CHAdeMO_no": "0", "QUICK_CCS_DC_COMBO_no": "4", "QUICK_IEC62196_no": "0", "QUICK_GB_T20234_3_DC__no": "0", "QUICK_OTHERS_no": "0", "FAST_CHAdeMO_no": "0", "FAST_CCS_DC_COMBO_no": "0", "FAST_GB_T20234_3_DC__no": "0", "FAST_OTHERS_no": "0", "REMARK_FOR__OTHERS_": "-", "DATA_PATH": "-", "OBJECTID": 178, "total_chargers": 4 }, "geometry": { "type": "Point", "coordinates": [ 114.021962, 22.446593 ] } },
{ "type": "Feature", "properties": { "GmlID": "geotagging.179", "NAME_OF_DISTRICT_COUNCIL_DISTRICT_EN": "North", "LOCATION_EN": "Cambridge Plaza", "ADDRESS_EN": "188 San Wan Road, Sheung Shui", "NAME_OF_DISTRICT_COUNCIL_DISTRICT_TC": "北區", "LOCATION_TC": "劍橋廣場", "ADDRESS_TC": "上水新運路188號", "NAME_OF_DISTRICT_COUNCIL_DISTRICT_SC": "北区", "LOCATION_SC": "剑桥广场", "ADDRESS_SC": "上水新运路188号", "STANDARD_BS1363_no": "1", "MEDIUM_CCS_DC_COMBO_no": "0", "MEDIUM_IEC62196_no": "0", "MEDIUM_SAEJ1772_no": "0", "MEDIUM_GB_T20234_2_AC__no": "0", "MEDIUM_OTHERS_no": "0", "QUICK_CHAdeMO_no": "0", "QUICK_CCS_DC_COMBO_no": "0", "QUICK_IEC62196_no": "0", "QUICK_GB_T20234_3_DC__no": "0", "QUICK_OTHERS_no": "0", "FAST_CHAdeMO_no": "0", "FAST_CCS_DC_COMBO_no": "0", "FAST_GB_T20234_3_DC__no": "0", "FAST_OTHERS_no": "0", "REMARK_FOR__OTHERS_": "-", "DATA_PATH": "-", "OBJECTID": 179, "total_chargers": 1 }, "geometry": { "type": "Point", "coordinates": [ 114.122283, 22.506643 ] } },
{ "type": "Feature", "properties": { "GmlID": "geotagging.180", "NAME_OF_DISTRICT_COUNCIL_DISTRICT_EN": "Eastern", "LOCATION_EN": "Island Resort", "ADDRESS_EN": "28 Siu Sai Wan Road, Chai Wan", "NAME_OF_DISTRICT_COUNCIL_DISTRICT_TC": "東區", "LOCATION_TC": "藍灣半島", "ADDRESS_TC": "柴灣小西灣道28號", "NAME_OF_DISTRICT_COUNCIL_DISTRICT_SC": "东区", "LOCATION_SC": "蓝湾半岛", "ADDRESS_SC": "柴湾小西湾道28号", "STANDARD_BS1363_no": "4", "MEDIUM_CCS_DC_COMBO_no": "0", "MEDIUM_IEC62196_no": "2", "MEDIUM_SAEJ1772_no": "0", "MEDIUM_GB_T20234_2_AC__no": "0", "MEDIUM_OTHERS_no": "0", "QUICK_CHAdeMO_no": "0", "QUICK_CCS_DC_COMBO_no": "4", "QUICK_IEC62196_no": "0", "QUICK_GB_T20234_3_DC__no": "0", "QUICK_OTHERS_no": "0", "FAST_CHAdeMO_no": "0", "FAST_CCS_DC_COMBO_no": "0", "FAST_GB_T20234_3_DC__no": "0", "FAST_OTHERS_no": "0", "REMARK_FOR__OTHERS_": "-", "DATA_PATH": "-", "OBJECTID": 180, "total_chargers": 10 }, "geometry": { "type": "Point", "coordinates": [ 114.250897, 22.266334 ] } },
{ "type": "Feature", "properties": { "GmlID": "geotagging.181", "NAME_OF_DISTRICT_COUNCIL_DISTRICT_EN": "Tsuen Wan", "LOCATION_EN": "Citywalk 2", "ADDRESS_EN": "18 Yeung Uk Road, Tsuen Wan", "NAME_OF_DISTRICT_COUNCIL_DISTRICT_TC": "荃灣區", "LOCATION_TC": "荃新天地2", "ADDRESS_TC": "荃灣楊屋道18號", "NAME_OF_DISTRICT_COUNCIL_DISTRICT_SC": "荃湾区", "LOCATION_SC": "荃新天地2", "ADDRESS_SC": "荃湾杨屋道18号", "STANDARD_BS1363_no": "0", "MEDIUM_CCS_DC_COMBO_no": "0", "MEDIUM_IEC62196_no": "2", "MEDIUM_SAEJ1772_no": "0", "MEDIUM_GB_T20234_2_AC__no": "0", "MEDIUM_OTHERS_no": "0", "QUICK_CHAdeMO_no": "0", "QUICK_CCS_DC_COMBO_no": "2", "QUICK_IEC62196_no": "0", "QUICK_GB_T20234_3_DC__no": "0", "QUICK_OTHERS_no": "0", "FAST_CHAdeMO_no": "0", "FAST_CCS_DC_COMBO_no": "0", "FAST_GB_T20234_3_DC__no": "0", "FAST_OTHERS_no": "0", "REMARK_FOR__OTHERS_": "-", "DATA_PATH": "-", "OBJECTID": 181, "total_chargers": 4 }, "geometry": { "type": "Point", "coordinates": [ 114.114929, 22.367875 ] } },
{ "type": "Feature", "properties": { "GmlID": "geotagging.182", "NAME_OF_DISTRICT_COUNCIL_DISTRICT_EN": "Yau Tsim Mong", "LOCATION_EN": "Olympian City 3", "ADDRESS_EN": "1 Hoi Wang Road, South West Kowloon", "NAME_OF_DISTRICT_COUNCIL_DISTRICT_TC": "油尖旺區", "LOCATION_TC": "奧海城三期", "ADDRESS_TC": "西南九龍海泓道1號", "NAME_OF_DISTRICT_COUNCIL_DISTRICT_SC": "油尖旺区", "LOCATION_SC": "奥海城三期", "ADDRESS_SC": "西南九龙海泓道1号", "STANDARD_BS1363_no": "2", "MEDIUM_CCS_DC_COMBO_no": "0", "MEDIUM_IEC62196_no": "0", "MEDIUM_SAEJ1772_no": "0", "MEDIUM_GB_T20234_2_AC__no": "0", "MEDIUM_OTHERS_no": "0", "QUICK_CHAdeMO_no": "0", "QUICK_CCS_DC_COMBO_no": "0", "QUICK_IEC62196_no": "0", "QUICK_GB_T20234_3_DC__no": "0", "QUICK_OTHERS_no": "0", "FAST_CHAdeMO_no": "0", "FAST_CCS_DC_COMBO_no": "0", "FAST_GB_T20234_3_DC__no": "0", "FAST_OTHERS_no": "0", "REMARK_FOR__OTHERS_": "-", "DATA_PATH": "-", "OBJECTID": 182, "total_chargers": 2 }, "geometry": { "type": "Point", "coordinates": [ 114.165211, 22.317493 ] } },
{ "type": "Feature", "properties": { "GmlID": "geotagging.183", "NAME_OF_DISTRICT_COUNCIL_DISTRICT_EN": "Kwun Tong", "LOCATION_EN": "Fullerton Centre", "ADDRESS_EN": "19 Hung To Road, Kwun Tong", "NAME_OF_DISTRICT_COUNCIL_DISTRICT_TC": "觀塘區", "LOCATION_TC": "富登中心", "ADDRESS_TC": "觀塘鴻圖道19號", "NAME_OF_DISTRICT_COUNCIL_DISTRICT_SC": "观塘区", "LOCATION_SC": "富登中心", "ADDRESS_SC": "观塘鸿图道19号", "STANDARD_BS1363_no": "0", "MEDIUM_CCS_DC_COMBO_no": "0", "MEDIUM_IEC62196_no": "2", "MEDIUM_SAEJ1772_no": "0", "MEDIUM_GB_T20234_2_AC__no": "0", "MEDIUM_OTHERS_no": "0", "QUICK_CHAdeMO_no": "0", "QUICK_CCS_DC_COMBO_no": "0", "QUICK_IEC62196_no": "0", "QUICK_GB_T20234_3_DC__no": "0", "QUICK_OTHERS_no": "0", "FAST_CHAdeMO_no": "0", "FAST_CCS_DC_COMBO_no": "0", "FAST_GB_T20234_3_DC__no": "0", "FAST_OTHERS_no": "0", "REMARK_FOR__OTHERS_": "-", "DATA_PATH": "-", "OBJECTID": 183, "total_chargers": 2 }, "geometry": { "type": "Point", "coordinates": [ 114.21955, 22.313497 ] } },
{ "type": "Feature", "properties": { "GmlID": "geotagging.184", "NAME_OF_DISTRICT_COUNCIL_DISTRICT_EN": "North", "LOCATION_EN": "Avon Park", "ADDRESS_EN": "15 Yat Ming Road, Fanling", "NAME_OF_DISTRICT_COUNCIL_DISTRICT_TC": "北區", "LOCATION_TC": "碧湖花園", "ADDRESS_TC": "粉嶺一鳴路15號", "NAME_OF_DISTRICT_COUNCIL_DISTRICT_SC": "北区", "LOCATION_SC": "碧湖花园", "ADDRESS_SC": "粉岭一鸣路15号", "STANDARD_BS1363_no": "0", "MEDIUM_CCS_DC_COMBO_no": "0", "MEDIUM_IEC62196_no": "2", "MEDIUM_SAEJ1772_no": "0", "MEDIUM_GB_T20234_2_AC__no": "0", "MEDIUM_OTHERS_no": "0", "QUICK_CHAdeMO_no": "0", "QUICK_CCS_DC_COMBO_no": "4", "QUICK_IEC62196_no": "0", "QUICK_GB_T20234_3_DC__no": "0", "QUICK_OTHERS_no": "0", "FAST_CHAdeMO_no": "0", "FAST_CCS_DC_COMBO_no": "0", "FAST_GB_T20234_3_DC__no": "0", "FAST_OTHERS_no": "0", "REMARK_FOR__OTHERS_": "-", "DATA_PATH": "-", "OBJECTID": 184, "total_chargers": 6 }, "geometry": { "type": "Point", "coordinates": [ 114.143429, 22.48691 ] } },
{ "type": "Feature", "properties": { "GmlID": "geotagging.185", "NAME_OF_DISTRICT_COUNCIL_DISTRICT_EN": "Sha Tin", "LOCATION_EN": "Shatin Galleria", "ADDRESS_EN": "18 – 24 Shan Mei Street, Fo Tan", "NAME_OF_DISTRICT_COUNCIL_DISTRICT_TC": "沙田區", "LOCATION_TC": "沙田商業中心", "ADDRESS_TC": "火炭山尾街18-24號", "NAME_OF_DISTRICT_COUNCIL_DISTRICT_SC": "沙田区", "LOCATION_SC": "沙田商业中心", "ADDRESS_SC": "火炭山尾街18-24号", "STANDARD_BS1363_no": "0", "MEDIUM_CCS_DC_COMBO_no": "0", "MEDIUM_IEC62196_no": "10", "MEDIUM_SAEJ1772_no": "0", "MEDIUM_GB_T20234_2_AC__no": "0", "MEDIUM_OTHERS_no": "0", "QUICK_CHAdeMO_no": "0", "QUICK_CCS_DC_COMBO_no": "0", "QUICK_IEC62196_no": "0", "QUICK_GB_T20234_3_DC__no": "0", "QUICK_OTHERS_no": "0", "FAST_CHAdeMO_no": "0", "FAST_CCS_DC_COMBO_no": "0", "FAST_GB_T20234_3_DC__no": "0", "FAST_OTHERS_no": "0", "REMARK_FOR__OTHERS_": "-", "DATA_PATH": "-", "OBJECTID": 185, "total_chargers": 10 }, "geometry": { "type": "Point", "coordinates": [ 114.193339, 22.397336 ] } },
{ "type": "Feature", "properties": { "GmlID": "geotagging.186", "NAME_OF_DISTRICT_COUNCIL_DISTRICT_EN": "Tuen Mun", "LOCATION_EN": "Tuen Mun Town Plaza Phase 3", "ADDRESS_EN": "2 Tuen Yan Street, Tuen Mun", "NAME_OF_DISTRICT_COUNCIL_DISTRICT_TC": "屯門區", "LOCATION_TC": "屯門市廣場第三期", "ADDRESS_TC": "屯門屯仁街2號", "NAME_OF_DISTRICT_COUNCIL_DISTRICT_SC": "屯门区", "LOCATION_SC": "屯门市广场第三期", "ADDRESS_SC": "屯门屯仁街2号", "STANDARD_BS1363_no": "0", "MEDIUM_CCS_DC_COMBO_no": "0", "MEDIUM_IEC62196_no": "0", "MEDIUM_SAEJ1772_no": "0", "MEDIUM_GB_T20234_2_AC__no": "0", "MEDIUM_OTHERS_no": "0", "QUICK_CHAdeMO_no": "0", "QUICK_CCS_DC_COMBO_no": "2", "QUICK_IEC62196_no": "0", "QUICK_GB_T20234_3_DC__no": "0", "QUICK_OTHERS_no": "0", "FAST_CHAdeMO_no": "0", "FAST_CCS_DC_COMBO_no": "0", "FAST_GB_T20234_3_DC__no": "0", "FAST_OTHERS_no": "0", "REMARK_FOR__OTHERS_": "-", "DATA_PATH": "-", "OBJECTID": 186, "total_chargers": 2 }, "geometry": { "type": "Point", "coordinates": [ 113.977348, 22.394528 ] } },
{ "type": "Feature", "properties": { "GmlID": "geotagging.187", "NAME_OF_DISTRICT_COUNCIL_DISTRICT_EN": "Tuen Mun", "LOCATION_EN": "Gold Coast Piazza", "ADDRESS_EN": "1 Castle Peak Road, Castle Peak Bay, Tuen Mun", "NAME_OF_DISTRICT_COUNCIL_DISTRICT_TC": "屯門區", "LOCATION_TC": "黃金海岸商場", "ADDRESS_TC": "屯門青山灣青山公路1號", "NAME_OF_DISTRICT_COUNCIL_DISTRICT_SC": "屯门区", "LOCATION_SC": "黄金海岸商场", "ADDRESS_SC": "屯门青山湾青山公路1号", "STANDARD_BS1363_no": "0", "MEDIUM_CCS_DC_COMBO_no": "0", "MEDIUM_IEC62196_no": "30", "MEDIUM_SAEJ1772_no": "0", "MEDIUM_GB_T20234_2_AC__no": "0", "MEDIUM_OTHERS_no": "0", "QUICK_CHAdeMO_no": "0", "QUICK_CCS_DC_COMBO_no": "6", "QUICK_IEC62196_no": "2", "QUICK_GB_T20234_3_DC__no": "0", "QUICK_OTHERS_no": "0", "FAST_CHAdeMO_no": "0", "FAST_CCS_DC_COMBO_no": "0", "FAST_GB_T20234_3_DC__no": "0", "FAST_OTHERS_no": "0", "REMARK_FOR__OTHERS_": "-", "DATA_PATH": "-", "OBJECTID": 187, "total_chargers": 38 }, "geometry": { "type": "Point", "coordinates": [ 113.992308, 22.372333 ] } },
{ "type": "Feature", "properties": { "GmlID": "geotagging.188", "NAME_OF_DISTRICT_COUNCIL_DISTRICT_EN": "Sai Kung", "LOCATION_EN": "Corinthia by the Sea", "ADDRESS_EN": "23 Tong Yin Street, Tseung Kwan O", "NAME_OF_DISTRICT_COUNCIL_DISTRICT_TC": "西貢區", "LOCATION_TC": "帝景灣", "ADDRESS_TC": "將軍澳唐賢街23號", "NAME_OF_DISTRICT_COUNCIL_DISTRICT_SC": "西贡区", "LOCATION_SC": "帝景湾", "ADDRESS_SC": "将军澳唐贤街23号", "STANDARD_BS1363_no": "84", "MEDIUM_CCS_DC_COMBO_no": "0", "MEDIUM_IEC62196_no": "0", "MEDIUM_SAEJ1772_no": "0", "MEDIUM_GB_T20234_2_AC__no": "0", "MEDIUM_OTHERS_no": "0", "QUICK_CHAdeMO_no": "0", "QUICK_CCS_DC_COMBO_no": "0", "QUICK_IEC62196_no": "0", "QUICK_GB_T20234_3_DC__no": "0", "QUICK_OTHERS_no": "0", "FAST_CHAdeMO_no": "0", "FAST_CCS_DC_COMBO_no": "0", "FAST_GB_T20234_3_DC__no": "0", "FAST_OTHERS_no": "0", "REMARK_FOR__OTHERS_": "-", "DATA_PATH": "-", "OBJECTID": 188, "total_chargers": 84 }, "geometry": { "type": "Point", "coordinates": [ 114.259508, 22.303627 ] } },
{ "type": "Feature", "properties": { "GmlID": "geotagging.189", "NAME_OF_DISTRICT_COUNCIL_DISTRICT_EN": "North", "LOCATION_EN": "Grand Regentville", "ADDRESS_EN": "9 Wo Mun Street, Luen Wo Hui, Fanling", "NAME_OF_DISTRICT_COUNCIL_DISTRICT_TC": "北區", "LOCATION_TC": "御庭軒", "ADDRESS_TC": "粉嶺聯和墟和滿街9號", "NAME_OF_DISTRICT_COUNCIL_DISTRICT_SC": "北区", "LOCATION_SC": "御庭轩", "ADDRESS_SC": "粉岭联和墟和满街9号", "STANDARD_BS1363_no": "0", "MEDIUM_CCS_DC_COMBO_no": "0", "MEDIUM_IEC62196_no": "14", "MEDIUM_SAEJ1772_no": "0", "MEDIUM_GB_T20234_2_AC__no": "0", "MEDIUM_OTHERS_no": "0", "QUICK_CHAdeMO_no": "0", "QUICK_CCS_DC_COMBO_no": "4", "QUICK_IEC62196_no": "0", "QUICK_GB_T20234_3_DC__no": "0", "QUICK_OTHERS_no": "0", "FAST_CHAdeMO_no": "0", "FAST_CCS_DC_COMBO_no": "0", "FAST_GB_T20234_3_DC__no": "0", "FAST_OTHERS_no": "0", "REMARK_FOR__OTHERS_": "-", "DATA_PATH": "-", "OBJECTID": 189, "total_chargers": 18 }, "geometry": { "type": "Point", "coordinates": [ 114.144886, 22.499878 ] } },
{ "type": "Feature", "properties": { "GmlID": "geotagging.190", "NAME_OF_DISTRICT_COUNCIL_DISTRICT_EN": "Yau Tsim Mong", "LOCATION_EN": "Coronation Circle", "ADDRESS_EN": "1 Yau Cheung Road, South West Kowloon", "NAME_OF_DISTRICT_COUNCIL_DISTRICT_TC": "油尖旺區", "LOCATION_TC": "中港薈", "ADDRESS_TC": "西南九龍友翔道1號", "NAME_OF_DISTRICT_COUNCIL_DISTRICT_SC": "油尖旺区", "LOCATION_SC": "中港荟", "ADDRESS_SC": "西南九龙友翔道1号", "STANDARD_BS1363_no": "1", "MEDIUM_CCS_DC_COMBO_no": "0", "MEDIUM_IEC62196_no": "0", "MEDIUM_SAEJ1772_no": "0", "MEDIUM_GB_T20234_2_AC__no": "0", "MEDIUM_OTHERS_no": "0", "QUICK_CHAdeMO_no": "0", "QUICK_CCS_DC_COMBO_no": "0", "QUICK_IEC62196_no": "0", "QUICK_GB_T20234_3_DC__no": "0", "QUICK_OTHERS_no": "0", "FAST_CHAdeMO_no": "0", "FAST_CCS_DC_COMBO_no": "0", "FAST_GB_T20234_3_DC__no": "0", "FAST_OTHERS_no": "0", "REMARK_FOR__OTHERS_": "-", "DATA_PATH": "-", "OBJECTID": 190, "total_chargers": 1 }, "geometry": { "type": "Point", "coordinates": [ 114.165771, 22.309413 ] } },
{ "type": "Feature", "properties": { "GmlID": "geotagging.191", "NAME_OF_DISTRICT_COUNCIL_DISTRICT_EN": "Tsuen Wan", "LOCATION_EN": "Citywalk", "ADDRESS_EN": "1 Yeung Uk Road, Tsuen Wan", "NAME_OF_DISTRICT_COUNCIL_DISTRICT_TC": "荃灣區", "LOCATION_TC": "荃新天地", "ADDRESS_TC": "荃灣楊屋道1號", "NAME_OF_DISTRICT_COUNCIL_DISTRICT_SC": "荃湾区", "LOCATION_SC": "荃新天地", "ADDRESS_SC": "荃湾杨屋道1号", "STANDARD_BS1363_no": "0", "MEDIUM_CCS_DC_COMBO_no": "0", "MEDIUM_IEC62196_no": "2", "MEDIUM_SAEJ1772_no": "0", "MEDIUM_GB_T20234_2_AC__no": "0", "MEDIUM_OTHERS_no": "0", "QUICK_CHAdeMO_no": "0", "QUICK_CCS_DC_COMBO_no": "2", "QUICK_IEC62196_no": "0", "QUICK_GB_T20234_3_DC__no": "0", "QUICK_OTHERS_no": "0", "FAST_CHAdeMO_no": "0", "FAST_CCS_DC_COMBO_no": "0", "FAST_GB_T20234_3_DC__no": "0", "FAST_OTHERS_no": "0", "REMARK_FOR__OTHERS_": "-", "DATA_PATH": "-", "OBJECTID": 191, "total_chargers": 4 }, "geometry": { "type": "Point", "coordinates": [ 114.113123, 22.369923 ] } },
{ "type": "Feature", "properties": { "GmlID": "geotagging.192", "NAME_OF_DISTRICT_COUNCIL_DISTRICT_EN": "Eastern", "LOCATION_EN": "148 Electric Road", "ADDRESS_EN": "148 Electric Road, North Point", "NAME_OF_DISTRICT_COUNCIL_DISTRICT_TC": "東區", "LOCATION_TC": "電氣道148號", "ADDRESS_TC": "北角電氣道148號", "NAME_OF_DISTRICT_COUNCIL_DISTRICT_SC": "东区", "LOCATION_SC": "电气道148号", "ADDRESS_SC": "北角电气道148号", "STANDARD_BS1363_no": "0", "MEDIUM_CCS_DC_COMBO_no": "0", "MEDIUM_IEC62196_no": "19", "MEDIUM_SAEJ1772_no": "0", "MEDIUM_GB_T20234_2_AC__no": "0", "MEDIUM_OTHERS_no": "0", "QUICK_CHAdeMO_no": "0", "QUICK_CCS_DC_COMBO_no": "0", "QUICK_IEC62196_no": "0", "QUICK_GB_T20234_3_DC__no": "0", "QUICK_OTHERS_no": "0", "FAST_CHAdeMO_no": "0", "FAST_CCS_DC_COMBO_no": "0", "FAST_GB_T20234_3_DC__no": "0", "FAST_OTHERS_no": "0", "REMARK_FOR__OTHERS_": "-", "DATA_PATH": "-", "OBJECTID": 192, "total_chargers": 19 }, "geometry": { "type": "Point", "coordinates": [ 114.191766, 22.286619 ] } },
{ "type": "Feature", "properties": { "GmlID": "geotagging.193", "NAME_OF_DISTRICT_COUNCIL_DISTRICT_EN": "Wan Chai", "LOCATION_EN": "Sino Plaza", "ADDRESS_EN": "255-257 Gloucester Road, Causeway Bay", "NAME_OF_DISTRICT_COUNCIL_DISTRICT_TC": "灣仔區", "LOCATION_TC": "信和廣場", "ADDRESS_TC": "銅鑼灣告士打道255 – 257號", "NAME_OF_DISTRICT_COUNCIL_DISTRICT_SC": "湾仔区", "LOCATION_SC": "信和广场", "ADDRESS_SC": "铜锣湾告士打道255 – 257号", "STANDARD_BS1363_no": "0", "MEDIUM_CCS_DC_COMBO_no": "0", "MEDIUM_IEC62196_no": "10", "MEDIUM_SAEJ1772_no": "0", "MEDIUM_GB_T20234_2_AC__no": "0", "MEDIUM_OTHERS_no": "0", "QUICK_CHAdeMO_no": "0", "QUICK_CCS_DC_COMBO_no": "1", "QUICK_IEC62196_no": "0", "QUICK_GB_T20234_3_DC__no": "1", "QUICK_OTHERS_no": "0", "FAST_CHAdeMO_no": "0", "FAST_CCS_DC_COMBO_no": "0", "FAST_GB_T20234_3_DC__no": "0", "FAST_OTHERS_no": "0", "REMARK_FOR__OTHERS_": "-", "DATA_PATH": "-", "OBJECTID": 193, "total_chargers": 12 }, "geometry": { "type": "Point", "coordinates": [ 114.182328, 22.281372 ] } },
{ "type": "Feature", "properties": { "GmlID": "geotagging.194", "NAME_OF_DISTRICT_COUNCIL_DISTRICT_EN": "Tuen Mun", "LOCATION_EN": "tmtplaza Phase I", "ADDRESS_EN": "1 Tuen Shun Street, Tuen Mun", "NAME_OF_DISTRICT_COUNCIL_DISTRICT_TC": "屯門區", "LOCATION_TC": "屯門市廣場第一期", "ADDRESS_TC": "屯門屯順街1號", "NAME_OF_DISTRICT_COUNCIL_DISTRICT_SC": "屯门区", "LOCATION_SC": "屯门市广场第一期", "ADDRESS_SC": "屯门屯顺街1号", "STANDARD_BS1363_no": "0", "MEDIUM_CCS_DC_COMBO_no": "0", "MEDIUM_IEC62196_no": "17", "MEDIUM_SAEJ1772_no": "0", "MEDIUM_GB_T20234_2_AC__no": "0", "MEDIUM_OTHERS_no": "0", "QUICK_CHAdeMO_no": "0", "QUICK_CCS_DC_COMBO_no": "9", "QUICK_IEC62196_no": "0", "QUICK_GB_T20234_3_DC__no": "0", "QUICK_OTHERS_no": "0", "FAST_CHAdeMO_no": "0", "FAST_CCS_DC_COMBO_no": "0", "FAST_GB_T20234_3_DC__no": "0", "FAST_OTHERS_no": "0", "REMARK_FOR__OTHERS_": "-", "DATA_PATH": "-", "OBJECTID": 194, "total_chargers": 26 }, "geometry": { "type": "Point", "coordinates": [ 113.977431, 22.393412 ] } },
{ "type": "Feature", "properties": { "GmlID": "geotagging.195", "NAME_OF_DISTRICT_COUNCIL_DISTRICT_EN": "Yau Tsim Mong", "LOCATION_EN": "Pioneer Centre Car Park", "ADDRESS_EN": "NO.133 Sai Yeung Choi Street South", "NAME_OF_DISTRICT_COUNCIL_DISTRICT_TC": "油尖旺區", "LOCATION_TC": "始創中心停車場", "ADDRESS_TC": "西洋菜南街133號", "NAME_OF_DISTRICT_COUNCIL_DISTRICT_SC": "油尖旺区", "LOCATION_SC": "始创中心停车场", "ADDRESS_SC": "西洋菜南街133号", "STANDARD_BS1363_no": "0", "MEDIUM_CCS_DC_COMBO_no": "0", "MEDIUM_IEC62196_no": "0", "MEDIUM_SAEJ1772_no": "0", "MEDIUM_GB_T20234_2_AC__no": "0", "MEDIUM_OTHERS_no": "0", "QUICK_CHAdeMO_no": "0", "QUICK_CCS_DC_COMBO_no": "0", "QUICK_IEC62196_no": "5", "QUICK_GB_T20234_3_DC__no": "0", "QUICK_OTHERS_no": "0", "FAST_CHAdeMO_no": "0", "FAST_CCS_DC_COMBO_no": "0", "FAST_GB_T20234_3_DC__no": "0", "FAST_OTHERS_no": "0", "REMARK_FOR__OTHERS_": "-", "DATA_PATH": "https://ev-charger.epd.gov.hk/resource/ev_charger_avail/evca_ver_1_0.json", "OBJECTID": 195, "total_chargers": 5 }, "geometry": { "type": "Point", "coordinates": [ 114.169052, 22.322245 ] } },
{ "type": "Feature", "properties": { "GmlID": "geotagging.196", "NAME_OF_DISTRICT_COUNCIL_DISTRICT_EN": "Sha Tin", "LOCATION_EN": "Sha Kok Car Park 2", "ADDRESS_EN": "Sha Kok Commercial Centre, 5 Sha Kok Street, Sha Tin,  New Territories", "NAME_OF_DISTRICT_COUNCIL_DISTRICT_TC": "沙田區", "LOCATION_TC": "沙角2號停車場", "ADDRESS_TC": "新界沙田沙角街5號沙角商場", "NAME_OF_DISTRICT_COUNCIL_DISTRICT_SC": "沙田区", "LOCATION_SC": "沙角2号停车场", "ADDRESS_SC": "新界沙田沙角街5号沙角商场", "STANDARD_BS1363_no": "0", "MEDIUM_CCS_DC_COMBO_no": "0", "MEDIUM_IEC62196_no": "20", "MEDIUM_SAEJ1772_no": "0", "MEDIUM_GB_T20234_2_AC__no": "0", "MEDIUM_OTHERS_no": "0", "QUICK_CHAdeMO_no": "0", "QUICK_CCS_DC_COMBO_no": "0", "QUICK_IEC62196_no": "0", "QUICK_GB_T20234_3_DC__no": "0", "QUICK_OTHERS_no": "0", "FAST_CHAdeMO_no": "0", "FAST_CCS_DC_COMBO_no": "0", "FAST_GB_T20234_3_DC__no": "0", "FAST_OTHERS_no": "0", "REMARK_FOR__OTHERS_": "-", "DATA_PATH": "https://ev-charger.epd.gov.hk/resource/ev_charger_avail/evca_ver_1_0.json", "OBJECTID": 196, "total_chargers": 20 }, "geometry": { "type": "Point", "coordinates": [ 114.193879, 22.378064 ] } },
{ "type": "Feature", "properties": { "GmlID": "geotagging.197", "NAME_OF_DISTRICT_COUNCIL_DISTRICT_EN": "Yuen Long", "LOCATION_EN": "Hung Fuk Estate Carpark", "ADDRESS_EN": "Hung Fuk Shopping Centre Management Office, G/F, Ancillary Facilities Block, Hung Fuk Estate, Hung Shui Kiu, Yuen Long", "NAME_OF_DISTRICT_COUNCIL_DISTRICT_TC": "元朗區", "LOCATION_TC": "洪福邨停車場", "ADDRESS_TC": "元朗洪水橋洪福邨服務設施大樓地下洪福商場管理處", "NAME_OF_DISTRICT_COUNCIL_DISTRICT_SC": "元朗区", "LOCATION_SC": "洪福邨停车场", "ADDRESS_SC": "元朗洪水桥洪福邨服务设施大楼地下洪福商场管理处", "STANDARD_BS1363_no": "3", "MEDIUM_CCS_DC_COMBO_no": "0", "MEDIUM_IEC62196_no": "0", "MEDIUM_SAEJ1772_no": "0", "MEDIUM_GB_T20234_2_AC__no": "0", "MEDIUM_OTHERS_no": "0", "QUICK_CHAdeMO_no": "0", "QUICK_CCS_DC_COMBO_no": "0", "QUICK_IEC62196_no": "0", "QUICK_GB_T20234_3_DC__no": "0", "QUICK_OTHERS_no": "0", "FAST_CHAdeMO_no": "0", "FAST_CCS_DC_COMBO_no": "0", "FAST_GB_T20234_3_DC__no": "0", "FAST_OTHERS_no": "0", "REMARK_FOR__OTHERS_": "-", "DATA_PATH": "-", "OBJECTID": 197, "total_chargers": 3 }, "geometry": { "type": "Point", "coordinates": [ 113.998697, 22.437349 ] } },
{ "type": "Feature", "properties": { "GmlID": "geotagging.198", "NAME_OF_DISTRICT_COUNCIL_DISTRICT_EN": "Tsuen Wan", "LOCATION_EN": "Lei Muk Shue Shopping Centre", "ADDRESS_EN": "NGONG HOM ROAD, TSUEN WAN", "NAME_OF_DISTRICT_COUNCIL_DISTRICT_TC": "荃灣區", "LOCATION_TC": "梨木樹商場", "ADDRESS_TC": "荃灣 昂磡路", "NAME_OF_DISTRICT_COUNCIL_DISTRICT_SC": "荃湾区", "LOCATION_SC": "梨木树商场", "ADDRESS_SC": "荃湾 昂磡路", "STANDARD_BS1363_no": "0", "MEDIUM_CCS_DC_COMBO_no": "0", "MEDIUM_IEC62196_no": "14", "MEDIUM_SAEJ1772_no": "0", "MEDIUM_GB_T20234_2_AC__no": "0", "MEDIUM_OTHERS_no": "0", "QUICK_CHAdeMO_no": "0", "QUICK_CCS_DC_COMBO_no": "0", "QUICK_IEC62196_no": "0", "QUICK_GB_T20234_3_DC__no": "0", "QUICK_OTHERS_no": "0", "FAST_CHAdeMO_no": "0", "FAST_CCS_DC_COMBO_no": "0", "FAST_GB_T20234_3_DC__no": "0", "FAST_OTHERS_no": "0", "REMARK_FOR__OTHERS_": "-", "DATA_PATH": "-", "OBJECTID": 198, "total_chargers": 14 }, "geometry": { "type": "Point", "coordinates": [ 114.135857, 22.377759 ] } },
{ "type": "Feature", "properties": { "GmlID": "geotagging.199", "NAME_OF_DISTRICT_COUNCIL_DISTRICT_EN": "Kwun Tong", "LOCATION_EN": "Manulife Place", "ADDRESS_EN": "International Trade Tower", "NAME_OF_DISTRICT_COUNCIL_DISTRICT_TC": "觀塘區", "LOCATION_TC": "宏利廣場", "ADDRESS_TC": "國際貿易中心", "NAME_OF_DISTRICT_COUNCIL_DISTRICT_SC": "观塘区", "LOCATION_SC": "宏利广场", "ADDRESS_SC": "国际贸易中心", "STANDARD_BS1363_no": "0", "MEDIUM_CCS_DC_COMBO_no": "0", "MEDIUM_IEC62196_no": "6", "MEDIUM_SAEJ1772_no": "0", "MEDIUM_GB_T20234_2_AC__no": "0", "MEDIUM_OTHERS_no": "0", "QUICK_CHAdeMO_no": "0", "QUICK_CCS_DC_COMBO_no": "2", "QUICK_IEC62196_no": "0", "QUICK_GB_T20234_3_DC__no": "0", "QUICK_OTHERS_no": "0", "FAST_CHAdeMO_no": "0", "FAST_CCS_DC_COMBO_no": "0", "FAST_GB_T20234_3_DC__no": "0", "FAST_OTHERS_no": "0", "REMARK_FOR__OTHERS_": "-", "DATA_PATH": "https://ev-charger.epd.gov.hk/resource/ev_charger_avail/evca_ver_1_0.json", "OBJECTID": 199, "total_chargers": 8 }, "geometry": { "type": "Point", "coordinates": [ 114.217069, 22.314928 ] } },
{ "type": "Feature", "properties": { "GmlID": "geotagging.200", "NAME_OF_DISTRICT_COUNCIL_DISTRICT_EN": "Sha Tin", "LOCATION_EN": "Shui Chuen O Capark", "ADDRESS_EN": "Shui Chuen O Plaza, 1 Pok Chuen Street, Shatin", "NAME_OF_DISTRICT_COUNCIL_DISTRICT_TC": "沙田區", "LOCATION_TC": "水泉澳停車場", "ADDRESS_TC": "沙田博泉街1號水泉澳廣場", "NAME_OF_DISTRICT_COUNCIL_DISTRICT_SC": "沙田区", "LOCATION_SC": "水泉澳停车场", "ADDRESS_SC": "沙田博泉街1号水泉澳广场", "STANDARD_BS1363_no": "15", "MEDIUM_CCS_DC_COMBO_no": "0", "MEDIUM_IEC62196_no": "5", "MEDIUM_SAEJ1772_no": "0", "MEDIUM_GB_T20234_2_AC__no": "0", "MEDIUM_OTHERS_no": "0", "QUICK_CHAdeMO_no": "0", "QUICK_CCS_DC_COMBO_no": "0", "QUICK_IEC62196_no": "0", "QUICK_GB_T20234_3_DC__no": "0", "QUICK_OTHERS_no": "0", "FAST_CHAdeMO_no": "0", "FAST_CCS_DC_COMBO_no": "0", "FAST_GB_T20234_3_DC__no": "0", "FAST_OTHERS_no": "0", "REMARK_FOR__OTHERS_": "-", "DATA_PATH": "-", "OBJECTID": 200, "total_chargers": 20 }, "geometry": { "type": "Point", "coordinates": [ 114.197324, 22.373126 ] } },
{ "type": "Feature", "properties": { "GmlID": "geotagging.201", "NAME_OF_DISTRICT_COUNCIL_DISTRICT_EN": "Southern", "LOCATION_EN": "Shek Pai Wan Estate Car Park", "ADDRESS_EN": "Shek Pai Wan, Yue Kwong Road, Aberdeen, Hong Kong", "NAME_OF_DISTRICT_COUNCIL_DISTRICT_TC": "南區", "LOCATION_TC": "石排灣邨停車場", "ADDRESS_TC": "香港仔石排灣漁光道", "NAME_OF_DISTRICT_COUNCIL_DISTRICT_SC": "南区", "LOCATION_SC": "石排湾邨停车场", "ADDRESS_SC": "香港仔石排湾渔光道", "STANDARD_BS1363_no": "0", "MEDIUM_CCS_DC_COMBO_no": "0", "MEDIUM_IEC62196_no": "16", "MEDIUM_SAEJ1772_no": "0", "MEDIUM_GB_T20234_2_AC__no": "0", "MEDIUM_OTHERS_no": "0", "QUICK_CHAdeMO_no": "0", "QUICK_CCS_DC_COMBO_no": "0", "QUICK_IEC62196_no": "0", "QUICK_GB_T20234_3_DC__no": "0", "QUICK_OTHERS_no": "0", "FAST_CHAdeMO_no": "0", "FAST_CCS_DC_COMBO_no": "0", "FAST_GB_T20234_3_DC__no": "0", "FAST_OTHERS_no": "0", "REMARK_FOR__OTHERS_": "-", "DATA_PATH": "-", "OBJECTID": 201, "total_chargers": 16 }, "geometry": { "type": "Point", "coordinates": [ 114.158569, 22.24921 ] } },
{ "type": "Feature", "properties": { "GmlID": "geotagging.202", "NAME_OF_DISTRICT_COUNCIL_DISTRICT_EN": "Kwun Tong", "LOCATION_EN": "Futura Plaza", "ADDRESS_EN": "Futura Plaza, 111-113 How Ming Street, Kwun Tong, KLN", "NAME_OF_DISTRICT_COUNCIL_DISTRICT_TC": "觀塘區", "LOCATION_TC": "富利廣場", "ADDRESS_TC": "九龍觀塘巧明街111-113號富利廣場", "NAME_OF_DISTRICT_COUNCIL_DISTRICT_SC": "观塘区", "LOCATION_SC": "富利广场", "ADDRESS_SC": "九龙观塘巧明街111-113号富利广场", "STANDARD_BS1363_no": "0", "MEDIUM_CCS_DC_COMBO_no": "0", "MEDIUM_IEC62196_no": "8", "MEDIUM_SAEJ1772_no": "0", "MEDIUM_GB_T20234_2_AC__no": "0", "MEDIUM_OTHERS_no": "0", "QUICK_CHAdeMO_no": "0", "QUICK_CCS_DC_COMBO_no": "2", "QUICK_IEC62196_no": "0", "QUICK_GB_T20234_3_DC__no": "0", "QUICK_OTHERS_no": "0", "FAST_CHAdeMO_no": "0", "FAST_CCS_DC_COMBO_no": "0", "FAST_GB_T20234_3_DC__no": "0", "FAST_OTHERS_no": "0", "REMARK_FOR__OTHERS_": "-", "DATA_PATH": "-", "OBJECTID": 202, "total_chargers": 10 }, "geometry": { "type": "Point", "coordinates": [ 114.224406, 22.311738 ] } },
{ "type": "Feature", "properties": { "GmlID": "geotagging.203", "NAME_OF_DISTRICT_COUNCIL_DISTRICT_EN": "Kwun Tong", "LOCATION_EN": "Exchange Tower", "ADDRESS_EN": "33 Wang Chiu Road, Kowloon Bay, Kowloon", "NAME_OF_DISTRICT_COUNCIL_DISTRICT_TC": "觀塘區", "LOCATION_TC": "國際交易中心", "ADDRESS_TC": "九龍九龍灣宏照道33號", "NAME_OF_DISTRICT_COUNCIL_DISTRICT_SC": "观塘区", "LOCATION_SC": "国际交易中心", "ADDRESS_SC": "九龙九龙湾宏照道33号", "STANDARD_BS1363_no": "0", "MEDIUM_CCS_DC_COMBO_no": "0", "MEDIUM_IEC62196_no": "8", "MEDIUM_SAEJ1772_no": "0", "MEDIUM_GB_T20234_2_AC__no": "0", "MEDIUM_OTHERS_no": "0", "QUICK_CHAdeMO_no": "0", "QUICK_CCS_DC_COMBO_no": "0", "QUICK_IEC62196_no": "0", "QUICK_GB_T20234_3_DC__no": "0", "QUICK_OTHERS_no": "0", "FAST_CHAdeMO_no": "0", "FAST_CCS_DC_COMBO_no": "0", "FAST_GB_T20234_3_DC__no": "0", "FAST_OTHERS_no": "0", "REMARK_FOR__OTHERS_": "-", "DATA_PATH": "-", "OBJECTID": 203, "total_chargers": 8 }, "geometry": { "type": "Point", "coordinates": [ 114.209348, 22.320967 ] } },
{ "type": "Feature", "properties": { "GmlID": "geotagging.204", "NAME_OF_DISTRICT_COUNCIL_DISTRICT_EN": "Kwun Tong", "LOCATION_EN": "One Bay East", "ADDRESS_EN": "B2/F, 83 Hoi Bun Road, Kwun Tong, KLN", "NAME_OF_DISTRICT_COUNCIL_DISTRICT_TC": "觀塘區", "LOCATION_TC": "One Bay East", "ADDRESS_TC": "九龍觀塘海濱道 83 號地庫二樓", "NAME_OF_DISTRICT_COUNCIL_DISTRICT_SC": "观塘区", "LOCATION_SC": "One Bay East", "ADDRESS_SC": "九龙观塘海滨道 83 号地库二楼", "STANDARD_BS1363_no": "0", "MEDIUM_CCS_DC_COMBO_no": "0", "MEDIUM_IEC62196_no": "10", "MEDIUM_SAEJ1772_no": "0", "MEDIUM_GB_T20234_2_AC__no": "0", "MEDIUM_OTHERS_no": "0", "QUICK_CHAdeMO_no": "0", "QUICK_CCS_DC_COMBO_no": "0", "QUICK_IEC62196_no": "0", "QUICK_GB_T20234_3_DC__no": "0", "QUICK_OTHERS_no": "0", "FAST_CHAdeMO_no": "0", "FAST_CCS_DC_COMBO_no": "0", "FAST_GB_T20234_3_DC__no": "0", "FAST_OTHERS_no": "0", "REMARK_FOR__OTHERS_": "-", "DATA_PATH": "-", "OBJECTID": 204, "total_chargers": 10 }, "geometry": { "type": "Point", "coordinates": [ 114.214615, 22.315733 ] } },
{ "type": "Feature", "properties": { "GmlID": "geotagging.205", "NAME_OF_DISTRICT_COUNCIL_DISTRICT_EN": "Sha Tin", "LOCATION_EN": "Mei Tin Estate", "ADDRESS_EN": "Heung Fan Liu Street, Tai Wai, New Territories", "NAME_OF_DISTRICT_COUNCIL_DISTRICT_TC": "沙田區", "LOCATION_TC": "美田邨", "ADDRESS_TC": "新界大圍香粉寮街", "NAME_OF_DISTRICT_COUNCIL_DISTRICT_SC": "沙田区", "LOCATION_SC": "美田邨", "ADDRESS_SC": "新界大围香粉寮街", "STANDARD_BS1363_no": "0", "MEDIUM_CCS_DC_COMBO_no": "0", "MEDIUM_IEC62196_no": "3", "MEDIUM_SAEJ1772_no": "0", "MEDIUM_GB_T20234_2_AC__no": "0", "MEDIUM_OTHERS_no": "0", "QUICK_CHAdeMO_no": "0", "QUICK_CCS_DC_COMBO_no": "0", "QUICK_IEC62196_no": "0", "QUICK_GB_T20234_3_DC__no": "0", "QUICK_OTHERS_no": "0", "FAST_CHAdeMO_no": "0", "FAST_CCS_DC_COMBO_no": "0", "FAST_GB_T20234_3_DC__no": "0", "FAST_OTHERS_no": "0", "REMARK_FOR__OTHERS_": "-", "DATA_PATH": "-", "OBJECTID": 205, "total_chargers": 3 }, "geometry": { "type": "Point", "coordinates": [ 114.171822, 22.376024 ] } },
{ "type": "Feature", "properties": { "GmlID": "geotagging.206", "NAME_OF_DISTRICT_COUNCIL_DISTRICT_EN": "Tsuen Wan", "LOCATION_EN": "Nina Tower", "ADDRESS_EN": "No. 8 Yeung Uk Road,Tsuen Wan, N.T.", "NAME_OF_DISTRICT_COUNCIL_DISTRICT_TC": "荃灣區", "LOCATION_TC": "如心廣場", "ADDRESS_TC": "新界荃灣楊屋道8號", "NAME_OF_DISTRICT_COUNCIL_DISTRICT_SC": "荃湾区", "LOCATION_SC": "如心广场", "ADDRESS_SC": "新界荃湾杨屋道8号", "STANDARD_BS1363_no": "0", "MEDIUM_CCS_DC_COMBO_no": "0", "MEDIUM_IEC62196_no": "0", "MEDIUM_SAEJ1772_no": "0", "MEDIUM_GB_T20234_2_AC__no": "0", "MEDIUM_OTHERS_no": "0", "QUICK_CHAdeMO_no": "1", "QUICK_CCS_DC_COMBO_no": "1", "QUICK_IEC62196_no": "1", "QUICK_GB_T20234_3_DC__no": "0", "QUICK_OTHERS_no": "0", "FAST_CHAdeMO_no": "0", "FAST_CCS_DC_COMBO_no": "0", "FAST_GB_T20234_3_DC__no": "0", "FAST_OTHERS_no": "0", "REMARK_FOR__OTHERS_": "-", "DATA_PATH": "-", "OBJECTID": 206, "total_chargers": 3 }, "geometry": { "type": "Point", "coordinates": [ 114.113472, 22.368516 ] } },
{ "type": "Feature", "properties": { "GmlID": "geotagging.207", "NAME_OF_DISTRICT_COUNCIL_DISTRICT_EN": "Kwun Tong", "LOCATION_EN": "On Tat Estate Car park", "ADDRESS_EN": "3, On Chui Street, Kwun Tong", "NAME_OF_DISTRICT_COUNCIL_DISTRICT_TC": "觀塘區", "LOCATION_TC": "安達邨停車場", "ADDRESS_TC": "觀塘安翠街3號", "NAME_OF_DISTRICT_COUNCIL_DISTRICT_SC": "观塘区", "LOCATION_SC": "安达邨停车场", "ADDRESS_SC": "观塘安翠街3号", "STANDARD_BS1363_no": "0", "MEDIUM_CCS_DC_COMBO_no": "0", "MEDIUM_IEC62196_no": "3", "MEDIUM_SAEJ1772_no": "0", "MEDIUM_GB_T20234_2_AC__no": "0", "MEDIUM_OTHERS_no": "0", "QUICK_CHAdeMO_no": "0", "QUICK_CCS_DC_COMBO_no": "0", "QUICK_IEC62196_no": "0", "QUICK_GB_T20234_3_DC__no": "0", "QUICK_OTHERS_no": "0", "FAST_CHAdeMO_no": "0", "FAST_CCS_DC_COMBO_no": "0", "FAST_GB_T20234_3_DC__no": "0", "FAST_OTHERS_no": "0", "REMARK_FOR__OTHERS_": "-", "DATA_PATH": "-", "OBJECTID": 207, "total_chargers": 3 }, "geometry": { "type": "Point", "coordinates": [ 114.235206, 22.320589 ] } },
{ "type": "Feature", "properties": { "GmlID": "geotagging.208", "NAME_OF_DISTRICT_COUNCIL_DISTRICT_EN": "Tuen Mun", "LOCATION_EN": "Tin King Car Park", "ADDRESS_EN": "Tin King Estate Car Park, 10 Tin King Road, Tuen Mun,  New Territories", "NAME_OF_DISTRICT_COUNCIL_DISTRICT_TC": "屯門區", "LOCATION_TC": "田景停車場", "ADDRESS_TC": "新界屯門田景路10號田景邨停車場", "NAME_OF_DISTRICT_COUNCIL_DISTRICT_SC": "屯门区", "LOCATION_SC": "田景停车场", "ADDRESS_SC": "新界屯门田景路10号田景邨停车场", "STANDARD_BS1363_no": "0", "MEDIUM_CCS_DC_COMBO_no": "0", "MEDIUM_IEC62196_no": "11", "MEDIUM_SAEJ1772_no": "0", "MEDIUM_GB_T20234_2_AC__no": "0", "MEDIUM_OTHERS_no": "0", "QUICK_CHAdeMO_no": "0", "QUICK_CCS_DC_COMBO_no": "0", "QUICK_IEC62196_no": "0", "QUICK_GB_T20234_3_DC__no": "0", "QUICK_OTHERS_no": "0", "FAST_CHAdeMO_no": "0", "FAST_CCS_DC_COMBO_no": "0", "FAST_GB_T20234_3_DC__no": "0", "FAST_OTHERS_no": "0", "REMARK_FOR__OTHERS_": "-", "DATA_PATH": "-", "OBJECTID": 208, "total_chargers": 11 }, "geometry": { "type": "Point", "coordinates": [ 113.965088, 22.406605 ] } },
{ "type": "Feature", "properties": { "GmlID": "geotagging.209", "NAME_OF_DISTRICT_COUNCIL_DISTRICT_EN": "Kwun Tong", "LOCATION_EN": "Tsui Ping South Car Park", "ADDRESS_EN": "Tsui Ping South Estate Car Park, 19 Tsui Ping Road, Kwun Tong,  Kowloon", "NAME_OF_DISTRICT_COUNCIL_DISTRICT_TC": "觀塘區", "LOCATION_TC": "翠屏南停車場", "ADDRESS_TC": "九龍觀塘翠屏道19號翠屏南邨停車場", "NAME_OF_DISTRICT_COUNCIL_DISTRICT_SC": "观塘区", "LOCATION_SC": "翠屏南停车场", "ADDRESS_SC": "九龙观塘翠屏道19号翠屏南邨停车场", "STANDARD_BS1363_no": "0", "MEDIUM_CCS_DC_COMBO_no": "0", "MEDIUM_IEC62196_no": "21", "MEDIUM_SAEJ1772_no": "0", "MEDIUM_GB_T20234_2_AC__no": "0", "MEDIUM_OTHERS_no": "0", "QUICK_CHAdeMO_no": "0", "QUICK_CCS_DC_COMBO_no": "0", "QUICK_IEC62196_no": "0", "QUICK_GB_T20234_3_DC__no": "0", "QUICK_OTHERS_no": "0", "FAST_CHAdeMO_no": "0", "FAST_CCS_DC_COMBO_no": "0", "FAST_GB_T20234_3_DC__no": "0", "FAST_OTHERS_no": "0", "REMARK_FOR__OTHERS_": "-", "DATA_PATH": "https://ev-charger.epd.gov.hk/resource/ev_charger_avail/evca_ver_1_0.json", "OBJECTID": 209, "total_chargers": 21 }, "geometry": { "type": "Point", "coordinates": [ 114.230904, 22.312876 ] } },
{ "type": "Feature", "properties": { "GmlID": "geotagging.210", "NAME_OF_DISTRICT_COUNCIL_DISTRICT_EN": "Sha Tin", "LOCATION_EN": "Ka Tin Car Park", "ADDRESS_EN": "Ka Tin Court Car Park, 2-8 Hin Tin Street, Tai Wai,  Sha Tin, New Territories", "NAME_OF_DISTRICT_COUNCIL_DISTRICT_TC": "沙田區", "LOCATION_TC": "嘉田停車場", "ADDRESS_TC": "新界沙田大圍顯田街2-8號嘉田苑停車場", "NAME_OF_DISTRICT_COUNCIL_DISTRICT_SC": "沙田区", "LOCATION_SC": "嘉田停车场", "ADDRESS_SC": "新界沙田大围显田街2-8号嘉田苑停车场", "STANDARD_BS1363_no": "0", "MEDIUM_CCS_DC_COMBO_no": "0", "MEDIUM_IEC62196_no": "5", "MEDIUM_SAEJ1772_no": "0", "MEDIUM_GB_T20234_2_AC__no": "0", "MEDIUM_OTHERS_no": "0", "QUICK_CHAdeMO_no": "0", "QUICK_CCS_DC_COMBO_no": "0", "QUICK_IEC62196_no": "0", "QUICK_GB_T20234_3_DC__no": "0", "QUICK_OTHERS_no": "0", "FAST_CHAdeMO_no": "0", "FAST_CCS_DC_COMBO_no": "0", "FAST_GB_T20234_3_DC__no": "0", "FAST_OTHERS_no": "0", "REMARK_FOR__OTHERS_": "-", "DATA_PATH": "https://ev-charger.epd.gov.hk/resource/ev_charger_avail/evca_ver_1_0.json", "OBJECTID": 210, "total_chargers": 5 }, "geometry": { "type": "Point", "coordinates": [ 114.17337, 22.360252 ] } },
{ "type": "Feature", "properties": { "GmlID": "geotagging.211", "NAME_OF_DISTRICT_COUNCIL_DISTRICT_EN": "Wong Tai Sin", "LOCATION_EN": "Hong Keung Car Park", "ADDRESS_EN": "Hong Keung Court Car Park, 23 Heng Lam Street, Wang Tau Hom,  Kowloon", "NAME_OF_DISTRICT_COUNCIL_DISTRICT_TC": "黃大仙區", "LOCATION_TC": "康強停車場", "ADDRESS_TC": "九龍橫頭磡杏林街23號康強苑停車場", "NAME_OF_DISTRICT_COUNCIL_DISTRICT_SC": "黄大仙区", "LOCATION_SC": "康强停车场", "ADDRESS_SC": "九龙横头磡杏林街23号康强苑停车场", "STANDARD_BS1363_no": "0", "MEDIUM_CCS_DC_COMBO_no": "0", "MEDIUM_IEC62196_no": "14", "MEDIUM_SAEJ1772_no": "0", "MEDIUM_GB_T20234_2_AC__no": "0", "MEDIUM_OTHERS_no": "0", "QUICK_CHAdeMO_no": "0", "QUICK_CCS_DC_COMBO_no": "0", "QUICK_IEC62196_no": "0", "QUICK_GB_T20234_3_DC__no": "0", "QUICK_OTHERS_no": "0", "FAST_CHAdeMO_no": "0", "FAST_CCS_DC_COMBO_no": "0", "FAST_GB_T20234_3_DC__no": "0", "FAST_OTHERS_no": "0", "REMARK_FOR__OTHERS_": "-", "DATA_PATH": "https://ev-charger.epd.gov.hk/resource/ev_charger_avail/evca_ver_1_0.json", "OBJECTID": 211, "total_chargers": 14 }, "geometry": { "type": "Point", "coordinates": [ 114.19001, 22.337244 ] } },
{ "type": "Feature", "properties": { "GmlID": "geotagging.212", "NAME_OF_DISTRICT_COUNCIL_DISTRICT_EN": "Kwai Tsing", "LOCATION_EN": "Wah Lai Car Park", "ADDRESS_EN": "Wah Lai Estate Car Park, 282 Lai King Hill Road, Lai Chi Kok,  Kowloon", "NAME_OF_DISTRICT_COUNCIL_DISTRICT_TC": "葵青區", "LOCATION_TC": "華荔停車場", "ADDRESS_TC": "九龍荔枝角荔景山路282號華荔邨停車場", "NAME_OF_DISTRICT_COUNCIL_DISTRICT_SC": "葵青区", "LOCATION_SC": "华荔停车场", "ADDRESS_SC": "九龙荔枝角荔景山路282号华荔邨停车场", "STANDARD_BS1363_no": "0", "MEDIUM_CCS_DC_COMBO_no": "0", "MEDIUM_IEC62196_no": "24", "MEDIUM_SAEJ1772_no": "0", "MEDIUM_GB_T20234_2_AC__no": "0", "MEDIUM_OTHERS_no": "0", "QUICK_CHAdeMO_no": "0", "QUICK_CCS_DC_COMBO_no": "0", "QUICK_IEC62196_no": "0", "QUICK_GB_T20234_3_DC__no": "0", "QUICK_OTHERS_no": "0", "FAST_CHAdeMO_no": "0", "FAST_CCS_DC_COMBO_no": "0", "FAST_GB_T20234_3_DC__no": "0", "FAST_OTHERS_no": "0", "REMARK_FOR__OTHERS_": "-", "DATA_PATH": "https://ev-charger.epd.gov.hk/resource/ev_charger_avail/evca_ver_1_0.json", "OBJECTID": 212, "total_chargers": 24 }, "geometry": { "type": "Point", "coordinates": [ 114.137718, 22.342508 ] } },
{ "type": "Feature", "properties": { "GmlID": "geotagging.213", "NAME_OF_DISTRICT_COUNCIL_DISTRICT_EN": "Kowloon City", "LOCATION_EN": "Sunshine Plaza", "ADDRESS_EN": "17 Sung On Street, Hung Hom, Kowloon", "NAME_OF_DISTRICT_COUNCIL_DISTRICT_TC": "九龍城區", "LOCATION_TC": "陽光廣場", "ADDRESS_TC": "九龍紅磡崇安街17號", "NAME_OF_DISTRICT_COUNCIL_DISTRICT_SC": "九龙城区", "LOCATION_SC": "阳光广场", "ADDRESS_SC": "九龙红磡崇安街17号", "STANDARD_BS1363_no": "1", "MEDIUM_CCS_DC_COMBO_no": "0", "MEDIUM_IEC62196_no": "0", "MEDIUM_SAEJ1772_no": "0", "MEDIUM_GB_T20234_2_AC__no": "0", "MEDIUM_OTHERS_no": "0", "QUICK_CHAdeMO_no": "0", "QUICK_CCS_DC_COMBO_no": "0", "QUICK_IEC62196_no": "0", "QUICK_GB_T20234_3_DC__no": "0", "QUICK_OTHERS_no": "0", "FAST_CHAdeMO_no": "0", "FAST_CCS_DC_COMBO_no": "0", "FAST_GB_T20234_3_DC__no": "0", "FAST_OTHERS_no": "0", "REMARK_FOR__OTHERS_": "-", "DATA_PATH": "-", "OBJECTID": 213, "total_chargers": 1 }, "geometry": { "type": "Point", "coordinates": [ 114.189171, 22.311899 ] } },
{ "type": "Feature", "properties": { "GmlID": "geotagging.214", "NAME_OF_DISTRICT_COUNCIL_DISTRICT_EN": "Eastern", "LOCATION_EN": "Cornell Centre", "ADDRESS_EN": "50 Wing Tai Road, Chai Wan, Hong Kong", "NAME_OF_DISTRICT_COUNCIL_DISTRICT_TC": "東區", "LOCATION_TC": "港利中心", "ADDRESS_TC": "香港柴灣永泰道50號", "NAME_OF_DISTRICT_COUNCIL_DISTRICT_SC": "东区", "LOCATION_SC": "港利中心", "ADDRESS_SC": "香港柴湾永泰道50号", "STANDARD_BS1363_no": "1", "MEDIUM_CCS_DC_COMBO_no": "0", "MEDIUM_IEC62196_no": "0", "MEDIUM_SAEJ1772_no": "0", "MEDIUM_GB_T20234_2_AC__no": "0", "MEDIUM_OTHERS_no": "0", "QUICK_CHAdeMO_no": "0", "QUICK_CCS_DC_COMBO_no": "0", "QUICK_IEC62196_no": "0", "QUICK_GB_T20234_3_DC__no": "0", "QUICK_OTHERS_no": "0", "FAST_CHAdeMO_no": "0", "FAST_CCS_DC_COMBO_no": "0", "FAST_GB_T20234_3_DC__no": "0", "FAST_OTHERS_no": "0", "REMARK_FOR__OTHERS_": "-", "DATA_PATH": "-", "OBJECTID": 214, "total_chargers": 1 }, "geometry": { "type": "Point", "coordinates": [ 114.242844, 22.26746 ] } },
{ "type": "Feature", "properties": { "GmlID": "geotagging.215", "NAME_OF_DISTRICT_COUNCIL_DISTRICT_EN": "Sai Kung", "LOCATION_EN": "Papillons Square Car Park", "ADDRESS_EN": "The Papillons, 21 Tong Chun Street, Tseung Kwan O, N.T.", "NAME_OF_DISTRICT_COUNCIL_DISTRICT_TC": "西貢區", "LOCATION_TC": "翩滙坊停車場", "ADDRESS_TC": "將軍澳唐俊街21號海翩滙", "NAME_OF_DISTRICT_COUNCIL_DISTRICT_SC": "西贡区", "LOCATION_SC": "翩滙坊停车场", "ADDRESS_SC": "将军澳唐俊街21号海翩滙", "STANDARD_BS1363_no": "0", "MEDIUM_CCS_DC_COMBO_no": "0", "MEDIUM_IEC62196_no": "3", "MEDIUM_SAEJ1772_no": "0", "MEDIUM_GB_T20234_2_AC__no": "0", "MEDIUM_OTHERS_no": "0", "QUICK_CHAdeMO_no": "0", "QUICK_CCS_DC_COMBO_no": "0", "QUICK_IEC62196_no": "0", "QUICK_GB_T20234_3_DC__no": "0", "QUICK_OTHERS_no": "0", "FAST_CHAdeMO_no": "0", "FAST_CCS_DC_COMBO_no": "0", "FAST_GB_T20234_3_DC__no": "0", "FAST_OTHERS_no": "0", "REMARK_FOR__OTHERS_": "-", "DATA_PATH": "-", "OBJECTID": 215, "total_chargers": 3 }, "geometry": { "type": "Point", "coordinates": [ 114.262627, 22.303268 ] } },
{ "type": "Feature", "properties": { "GmlID": "geotagging.216", "NAME_OF_DISTRICT_COUNCIL_DISTRICT_EN": "Tuen Mun", "LOCATION_EN": "Tuen Mun Town Plaza Phase 2", "ADDRESS_EN": "3 Tuen Lung Street, Tuen Mun, New Territories", "NAME_OF_DISTRICT_COUNCIL_DISTRICT_TC": "屯門區", "LOCATION_TC": "屯門市廣場第二期", "ADDRESS_TC": "新界屯門屯隆街3號", "NAME_OF_DISTRICT_COUNCIL_DISTRICT_SC": "屯门区", "LOCATION_SC": "屯门市广场第二期", "ADDRESS_SC": "新界屯门屯隆街3号", "STANDARD_BS1363_no": "2", "MEDIUM_CCS_DC_COMBO_no": "0", "MEDIUM_IEC62196_no": "0", "MEDIUM_SAEJ1772_no": "0", "MEDIUM_GB_T20234_2_AC__no": "0", "MEDIUM_OTHERS_no": "0", "QUICK_CHAdeMO_no": "0", "QUICK_CCS_DC_COMBO_no": "0", "QUICK_IEC62196_no": "0", "QUICK_GB_T20234_3_DC__no": "0", "QUICK_OTHERS_no": "0", "FAST_CHAdeMO_no": "0", "FAST_CCS_DC_COMBO_no": "0", "FAST_GB_T20234_3_DC__no": "0", "FAST_OTHERS_no": "0", "REMARK_FOR__OTHERS_": "-", "DATA_PATH": "-", "OBJECTID": 216, "total_chargers": 2 }, "geometry": { "type": "Point", "coordinates": [ 113.976452, 22.393878 ] } },
{ "type": "Feature", "properties": { "GmlID": "geotagging.217", "NAME_OF_DISTRICT_COUNCIL_DISTRICT_EN": "Central & Western", "LOCATION_EN": "Cheung Kong Center Car Park", "ADDRESS_EN": "2 Queen's Road Central, Hong Kong", "NAME_OF_DISTRICT_COUNCIL_DISTRICT_TC": "中西區", "LOCATION_TC": "長江集團中心停車場", "ADDRESS_TC": "香港中環皇后大道中2號", "NAME_OF_DISTRICT_COUNCIL_DISTRICT_SC": "中西区", "LOCATION_SC": "长江集团中心停车场", "ADDRESS_SC": "香港中环皇后大道中2号", "STANDARD_BS1363_no": "0", "MEDIUM_CCS_DC_COMBO_no": "0", "MEDIUM_IEC62196_no": "0", "MEDIUM_SAEJ1772_no": "0", "MEDIUM_GB_T20234_2_AC__no": "0", "MEDIUM_OTHERS_no": "0", "QUICK_CHAdeMO_no": "0", "QUICK_CCS_DC_COMBO_no": "0", "QUICK_IEC62196_no": "2", "QUICK_GB_T20234_3_DC__no": "0", "QUICK_OTHERS_no": "0", "FAST_CHAdeMO_no": "0", "FAST_CCS_DC_COMBO_no": "0", "FAST_GB_T20234_3_DC__no": "0", "FAST_OTHERS_no": "0", "REMARK_FOR__OTHERS_": "-", "DATA_PATH": "https://ev-charger.epd.gov.hk/resource/ev_charger_avail/evca_ver_1_0.json", "OBJECTID": 217, "total_chargers": 2 }, "geometry": { "type": "Point", "coordinates": [ 114.160118, 22.279207 ] } },
{ "type": "Feature", "properties": { "GmlID": "geotagging.218", "NAME_OF_DISTRICT_COUNCIL_DISTRICT_EN": "Sai Kung", "LOCATION_EN": "The LOHAS", "ADDRESS_EN": "1 LOHAS PARK ROAD, TSEUNG KWAN O, N.T. HONG KONG", "NAME_OF_DISTRICT_COUNCIL_DISTRICT_TC": "西貢區", "LOCATION_TC": "The LOHAS康城", "ADDRESS_TC": "香港新界將軍澳康城路1號", "NAME_OF_DISTRICT_COUNCIL_DISTRICT_SC": "西贡区", "LOCATION_SC": "The LOHAS康城", "ADDRESS_SC": "香港新界将军澳康城路1号", "STANDARD_BS1363_no": "0", "MEDIUM_CCS_DC_COMBO_no": "0", "MEDIUM_IEC62196_no": "0", "MEDIUM_SAEJ1772_no": "0", "MEDIUM_GB_T20234_2_AC__no": "0", "MEDIUM_OTHERS_no": "0", "QUICK_CHAdeMO_no": "0", "QUICK_CCS_DC_COMBO_no": "24", "QUICK_IEC62196_no": "28", "QUICK_GB_T20234_3_DC__no": "0", "QUICK_OTHERS_no": "0", "FAST_CHAdeMO_no": "0", "FAST_CCS_DC_COMBO_no": "0", "FAST_GB_T20234_3_DC__no": "0", "FAST_OTHERS_no": "0", "REMARK_FOR__OTHERS_": "-", "DATA_PATH": "-", "OBJECTID": 218, "total_chargers": 52 }, "geometry": { "type": "Point", "coordinates": [ 114.270114, 22.293985 ] } },
{ "type": "Feature", "properties": { "GmlID": "geotagging.219", "NAME_OF_DISTRICT_COUNCIL_DISTRICT_EN": "Islands", "LOCATION_EN": "Citygate P3 Carpark", "ADDRESS_EN": "39 Man Tung Road, Tung Chung", "NAME_OF_DISTRICT_COUNCIL_DISTRICT_TC": "離島區", "LOCATION_TC": "東薈城P3停車場", "ADDRESS_TC": "東涌文東路39號", "NAME_OF_DISTRICT_COUNCIL_DISTRICT_SC": "离岛区", "LOCATION_SC": "东荟城P3停车场", "ADDRESS_SC": "东涌文东路39号", "STANDARD_BS1363_no": "0", "MEDIUM_CCS_DC_COMBO_no": "0", "MEDIUM_IEC62196_no": "21", "MEDIUM_SAEJ1772_no": "0", "MEDIUM_GB_T20234_2_AC__no": "0", "MEDIUM_OTHERS_no": "0", "QUICK_CHAdeMO_no": "0", "QUICK_CCS_DC_COMBO_no": "12", "QUICK_IEC62196_no": "8", "QUICK_GB_T20234_3_DC__no": "2", "QUICK_OTHERS_no": "0", "FAST_CHAdeMO_no": "0", "FAST_CCS_DC_COMBO_no": "0", "FAST_GB_T20234_3_DC__no": "0", "FAST_OTHERS_no": "0", "REMARK_FOR__OTHERS_": "-", "DATA_PATH": "https://ev-charger.epd.gov.hk/resource/ev_charger_avail/evca_ver_1_0.json", "OBJECTID": 219, "total_chargers": 43 }, "geometry": { "type": "Point", "coordinates": [ 113.943303, 22.290981 ] } },
{ "type": "Feature", "properties": { "GmlID": "geotagging.220", "NAME_OF_DISTRICT_COUNCIL_DISTRICT_EN": "Islands", "LOCATION_EN": "Citygate P1 Carpark", "ADDRESS_EN": "18 Tat Tung Road, Tung Chung", "NAME_OF_DISTRICT_COUNCIL_DISTRICT_TC": "離島區", "LOCATION_TC": "東薈城P1停車場", "ADDRESS_TC": "東涌達東路18號", "NAME_OF_DISTRICT_COUNCIL_DISTRICT_SC": "离岛区", "LOCATION_SC": "东荟城P1停车场", "ADDRESS_SC": "东涌达东路18号", "STANDARD_BS1363_no": "0", "MEDIUM_CCS_DC_COMBO_no": "0", "MEDIUM_IEC62196_no": "0", "MEDIUM_SAEJ1772_no": "0", "MEDIUM_GB_T20234_2_AC__no": "0", "MEDIUM_OTHERS_no": "0", "QUICK_CHAdeMO_no": "0", "QUICK_CCS_DC_COMBO_no": "6", "QUICK_IEC62196_no": "6", "QUICK_GB_T20234_3_DC__no": "0", "QUICK_OTHERS_no": "0", "FAST_CHAdeMO_no": "0", "FAST_CCS_DC_COMBO_no": "0", "FAST_GB_T20234_3_DC__no": "0", "FAST_OTHERS_no": "0", "REMARK_FOR__OTHERS_": "-", "DATA_PATH": "https://ev-charger.epd.gov.hk/resource/ev_charger_avail/evca_ver_1_0.json", "OBJECTID": 220, "total_chargers": 12 }, "geometry": { "type": "Point", "coordinates": [ 113.940532, 22.290266 ] } },
{ "type": "Feature", "properties": { "GmlID": "geotagging.221", "NAME_OF_DISTRICT_COUNCIL_DISTRICT_EN": "Yau Tsim Mong", "LOCATION_EN": "Gala Place", "ADDRESS_EN": "56 Dundas Street, Mongkok, Kowloon", "NAME_OF_DISTRICT_COUNCIL_DISTRICT_TC": "油尖旺區", "LOCATION_TC": "家樂坊", "ADDRESS_TC": "九龍旺角登打士街56號", "NAME_OF_DISTRICT_COUNCIL_DISTRICT_SC": "油尖旺区", "LOCATION_SC": "家乐坊", "ADDRESS_SC": "九龙旺角登打士街56号", "STANDARD_BS1363_no": "0", "MEDIUM_CCS_DC_COMBO_no": "0", "MEDIUM_IEC62196_no": "8", "MEDIUM_SAEJ1772_no": "0", "MEDIUM_GB_T20234_2_AC__no": "0", "MEDIUM_OTHERS_no": "0", "QUICK_CHAdeMO_no": "0", "QUICK_CCS_DC_COMBO_no": "0", "QUICK_IEC62196_no": "6", "QUICK_GB_T20234_3_DC__no": "0", "QUICK_OTHERS_no": "0", "FAST_CHAdeMO_no": "0", "FAST_CCS_DC_COMBO_no": "0", "FAST_GB_T20234_3_DC__no": "0", "FAST_OTHERS_no": "0", "REMARK_FOR__OTHERS_": "-", "DATA_PATH": "https://ev-charger.epd.gov.hk/resource/ev_charger_avail/evca_ver_1_0.json", "OBJECTID": 221, "total_chargers": 14 }, "geometry": { "type": "Point", "coordinates": [ 114.171097, 22.315254 ] } },
{ "type": "Feature", "properties": { "GmlID": "geotagging.222", "NAME_OF_DISTRICT_COUNCIL_DISTRICT_EN": "Kwun Tong", "LOCATION_EN": "Amoy Plaza", "ADDRESS_EN": "77 Ngau Tau Kok Road, Kowloon", "NAME_OF_DISTRICT_COUNCIL_DISTRICT_TC": "觀塘區", "LOCATION_TC": "淘大商場", "ADDRESS_TC": "九龍牛頭角道77號", "NAME_OF_DISTRICT_COUNCIL_DISTRICT_SC": "观塘区", "LOCATION_SC": "淘大商场", "ADDRESS_SC": "九龙牛头角道77号", "STANDARD_BS1363_no": "0", "MEDIUM_CCS_DC_COMBO_no": "0", "MEDIUM_IEC62196_no": "0", "MEDIUM_SAEJ1772_no": "0", "MEDIUM_GB_T20234_2_AC__no": "0", "MEDIUM_OTHERS_no": "0", "QUICK_CHAdeMO_no": "0", "QUICK_CCS_DC_COMBO_no": "0", "QUICK_IEC62196_no": "9", "QUICK_GB_T20234_3_DC__no": "0", "QUICK_OTHERS_no": "0", "FAST_CHAdeMO_no": "0", "FAST_CCS_DC_COMBO_no": "0", "FAST_GB_T20234_3_DC__no": "0", "FAST_OTHERS_no": "0", "REMARK_FOR__OTHERS_": "-", "DATA_PATH": "https://ev-charger.epd.gov.hk/resource/ev_charger_avail/evca_ver_1_0.json", "OBJECTID": 222, "total_chargers": 9 }, "geometry": { "type": "Point", "coordinates": [ 114.216751, 22.324701 ] } },
{ "type": "Feature", "properties": { "GmlID": "geotagging.223", "NAME_OF_DISTRICT_COUNCIL_DISTRICT_EN": "Eastern", "LOCATION_EN": "Kornhill Plaza", "ADDRESS_EN": "Hong On Street, Quarry Bay", "NAME_OF_DISTRICT_COUNCIL_DISTRICT_TC": "東區", "LOCATION_TC": "康怡廣場", "ADDRESS_TC": "鰂魚涌康安街", "NAME_OF_DISTRICT_COUNCIL_DISTRICT_SC": "东区", "LOCATION_SC": "康怡广场", "ADDRESS_SC": "鲗鱼涌康安街", "STANDARD_BS1363_no": "0", "MEDIUM_CCS_DC_COMBO_no": "0", "MEDIUM_IEC62196_no": "5", "MEDIUM_SAEJ1772_no": "0", "MEDIUM_GB_T20234_2_AC__no": "0", "MEDIUM_OTHERS_no": "0", "QUICK_CHAdeMO_no": "0", "QUICK_CCS_DC_COMBO_no": "4", "QUICK_IEC62196_no": "2", "QUICK_GB_T20234_3_DC__no": "0", "QUICK_OTHERS_no": "0", "FAST_CHAdeMO_no": "0", "FAST_CCS_DC_COMBO_no": "0", "FAST_GB_T20234_3_DC__no": "0", "FAST_OTHERS_no": "0", "REMARK_FOR__OTHERS_": "-", "DATA_PATH": "https://ev-charger.epd.gov.hk/resource/ev_charger_avail/evca_ver_1_0.json", "OBJECTID": 223, "total_chargers": 11 }, "geometry": { "type": "Point", "coordinates": [ 114.21637, 22.283995 ] } },
{ "type": "Feature", "properties": { "GmlID": "geotagging.224", "NAME_OF_DISTRICT_COUNCIL_DISTRICT_EN": "Wong Tai Sin", "LOCATION_EN": "Hammer Hill Road Swimming Pool and Sports Ground", "ADDRESS_EN": "Wing Ting Road Wong Tai Sin, Kowloon, HongKong", "NAME_OF_DISTRICT_COUNCIL_DISTRICT_TC": "黃大仙區", "LOCATION_TC": "斧山道游泳池及運動場", "ADDRESS_TC": "牛池灣永定道", "NAME_OF_DISTRICT_COUNCIL_DISTRICT_SC": "黄大仙区", "LOCATION_SC": "斧山道游泳池及运动场", "ADDRESS_SC": "牛池湾永定道", "STANDARD_BS1363_no": "0", "MEDIUM_CCS_DC_COMBO_no": "0", "MEDIUM_IEC62196_no": "3", "MEDIUM_SAEJ1772_no": "0", "MEDIUM_GB_T20234_2_AC__no": "0", "MEDIUM_OTHERS_no": "0", "QUICK_CHAdeMO_no": "0", "QUICK_CCS_DC_COMBO_no": "0", "QUICK_IEC62196_no": "0", "QUICK_GB_T20234_3_DC__no": "0", "QUICK_OTHERS_no": "0", "FAST_CHAdeMO_no": "0", "FAST_CCS_DC_COMBO_no": "0", "FAST_GB_T20234_3_DC__no": "0", "FAST_OTHERS_no": "0", "REMARK_FOR__OTHERS_": "-", "DATA_PATH": "https://ev-charger.epd.gov.hk/resource/ev_charger_avail/evca_ver_1_0.json", "OBJECTID": 224, "total_chargers": 3 }, "geometry": { "type": "Point", "coordinates": [ 114.207375, 22.337582 ] } },
{ "type": "Feature", "properties": { "GmlID": "geotagging.225", "NAME_OF_DISTRICT_COUNCIL_DISTRICT_EN": "Kwun Tong", "LOCATION_EN": "Yue Man Square", "ADDRESS_EN": "33 Hip Wo Street, Kwun Tong, Kowloon", "NAME_OF_DISTRICT_COUNCIL_DISTRICT_TC": "觀塘區", "LOCATION_TC": "裕民坊", "ADDRESS_TC": "九龍觀塘協和街33號", "NAME_OF_DISTRICT_COUNCIL_DISTRICT_SC": "观塘区", "LOCATION_SC": "裕民坊", "ADDRESS_SC": "九龙观塘协和街33号", "STANDARD_BS1363_no": "0", "MEDIUM_CCS_DC_COMBO_no": "6", "MEDIUM_IEC62196_no": "49", "MEDIUM_SAEJ1772_no": "0", "MEDIUM_GB_T20234_2_AC__no": "0", "MEDIUM_OTHERS_no": "0", "QUICK_CHAdeMO_no": "0", "QUICK_CCS_DC_COMBO_no": "2", "QUICK_IEC62196_no": "0", "QUICK_GB_T20234_3_DC__no": "0", "QUICK_OTHERS_no": "0", "FAST_CHAdeMO_no": "0", "FAST_CCS_DC_COMBO_no": "0", "FAST_GB_T20234_3_DC__no": "0", "FAST_OTHERS_no": "0", "REMARK_FOR__OTHERS_": "-", "DATA_PATH": "-", "OBJECTID": 225, "total_chargers": 57 }, "geometry": { "type": "Point", "coordinates": [ 114.224893, 22.314483 ] } },
{ "type": "Feature", "properties": { "GmlID": "geotagging.226", "NAME_OF_DISTRICT_COUNCIL_DISTRICT_EN": "Eastern", "LOCATION_EN": "Dorset House and PCCW Tower", "ADDRESS_EN": "979 King's Road, Quarry Bay, Hong Kong", "NAME_OF_DISTRICT_COUNCIL_DISTRICT_TC": "東區", "LOCATION_TC": "多盛大廈及電訊盈科中心", "ADDRESS_TC": "香港鰂魚涌太古坊英皇道979號", "NAME_OF_DISTRICT_COUNCIL_DISTRICT_SC": "东区", "LOCATION_SC": "多盛大厦及电讯盈科中心", "ADDRESS_SC": "香港鰂鱼涌太古坊英皇道979号", "STANDARD_BS1363_no": "2", "MEDIUM_CCS_DC_COMBO_no": "0", "MEDIUM_IEC62196_no": "3", "MEDIUM_SAEJ1772_no": "0", "MEDIUM_GB_T20234_2_AC__no": "0", "MEDIUM_OTHERS_no": "0", "QUICK_CHAdeMO_no": "0", "QUICK_CCS_DC_COMBO_no": "3", "QUICK_IEC62196_no": "0", "QUICK_GB_T20234_3_DC__no": "0", "QUICK_OTHERS_no": "0", "FAST_CHAdeMO_no": "0", "FAST_CCS_DC_COMBO_no": "0", "FAST_GB_T20234_3_DC__no": "0", "FAST_OTHERS_no": "0", "REMARK_FOR__OTHERS_": "-", "DATA_PATH": "-", "OBJECTID": 226, "total_chargers": 8 }, "geometry": { "type": "Point", "coordinates": [ 114.212, 22.28709 ] } },
{ "type": "Feature", "properties": { "GmlID": "geotagging.227", "NAME_OF_DISTRICT_COUNCIL_DISTRICT_EN": "Eastern", "LOCATION_EN": "Devon House", "ADDRESS_EN": "979 King's Road, Quarry Bay, Hong Kong", "NAME_OF_DISTRICT_COUNCIL_DISTRICT_TC": "東區", "LOCATION_TC": "德宏大廈", "ADDRESS_TC": "香港鰂魚涌太古坊英皇道979號", "NAME_OF_DISTRICT_COUNCIL_DISTRICT_SC": "东区", "LOCATION_SC": "德宏大厦", "ADDRESS_SC": "香港鰂鱼涌太古坊英皇道979号", "STANDARD_BS1363_no": "0", "MEDIUM_CCS_DC_COMBO_no": "0", "MEDIUM_IEC62196_no": "28", "MEDIUM_SAEJ1772_no": "0", "MEDIUM_GB_T20234_2_AC__no": "0", "MEDIUM_OTHERS_no": "0", "QUICK_CHAdeMO_no": "0", "QUICK_CCS_DC_COMBO_no": "0", "QUICK_IEC62196_no": "0", "QUICK_GB_T20234_3_DC__no": "0", "QUICK_OTHERS_no": "0", "FAST_CHAdeMO_no": "0", "FAST_CCS_DC_COMBO_no": "0", "FAST_GB_T20234_3_DC__no": "0", "FAST_OTHERS_no": "0", "REMARK_FOR__OTHERS_": "-", "DATA_PATH": "-", "OBJECTID": 227, "total_chargers": 28 }, "geometry": { "type": "Point", "coordinates": [ 114.21106, 22.287189 ] } },
{ "type": "Feature", "properties": { "GmlID": "geotagging.228", "NAME_OF_DISTRICT_COUNCIL_DISTRICT_EN": "Eastern", "LOCATION_EN": "Oxford House", "ADDRESS_EN": "979 King's Road, Quarry Bay, Hong Kong", "NAME_OF_DISTRICT_COUNCIL_DISTRICT_TC": "東區", "LOCATION_TC": "濠豐大廈", "ADDRESS_TC": "香港鰂魚涌太古坊英皇道979號", "NAME_OF_DISTRICT_COUNCIL_DISTRICT_SC": "东区", "LOCATION_SC": "濠丰大厦", "ADDRESS_SC": "香港鰂鱼涌太古坊英皇道979号", "STANDARD_BS1363_no": "2", "MEDIUM_CCS_DC_COMBO_no": "0", "MEDIUM_IEC62196_no": "0", "MEDIUM_SAEJ1772_no": "0", "MEDIUM_GB_T20234_2_AC__no": "0", "MEDIUM_OTHERS_no": "0", "QUICK_CHAdeMO_no": "0", "QUICK_CCS_DC_COMBO_no": "0", "QUICK_IEC62196_no": "0", "QUICK_GB_T20234_3_DC__no": "0", "QUICK_OTHERS_no": "0", "FAST_CHAdeMO_no": "0", "FAST_CCS_DC_COMBO_no": "0", "FAST_GB_T20234_3_DC__no": "0", "FAST_OTHERS_no": "0", "REMARK_FOR__OTHERS_": "-", "DATA_PATH": "-", "OBJECTID": 228, "total_chargers": 2 }, "geometry": { "type": "Point", "coordinates": [ 114.213509, 22.287157 ] } },
{ "type": "Feature", "properties": { "GmlID": "geotagging.229", "NAME_OF_DISTRICT_COUNCIL_DISTRICT_EN": "Sai Kung", "LOCATION_EN": "Alto Public Car Park", "ADDRESS_EN": "No.29 Tong Yin Street, Tseung Kwan O", "NAME_OF_DISTRICT_COUNCIL_DISTRICT_TC": "西貢區", "LOCATION_TC": "藍塘傲公衆停車場", "ADDRESS_TC": "將軍澳唐賢街29號", "NAME_OF_DISTRICT_COUNCIL_DISTRICT_SC": "西贡区", "LOCATION_SC": "蓝塘傲公众停车场", "ADDRESS_SC": "将军澳唐贤街29号", "STANDARD_BS1363_no": "0", "MEDIUM_CCS_DC_COMBO_no": "0", "MEDIUM_IEC62196_no": "9", "MEDIUM_SAEJ1772_no": "0", "MEDIUM_GB_T20234_2_AC__no": "0", "MEDIUM_OTHERS_no": "0", "QUICK_CHAdeMO_no": "0", "QUICK_CCS_DC_COMBO_no": "0", "QUICK_IEC62196_no": "0", "QUICK_GB_T20234_3_DC__no": "0", "QUICK_OTHERS_no": "0", "FAST_CHAdeMO_no": "0", "FAST_CCS_DC_COMBO_no": "6", "FAST_GB_T20234_3_DC__no": "0", "FAST_OTHERS_no": "0", "REMARK_FOR__OTHERS_": "-", "DATA_PATH": "-", "OBJECTID": 229, "total_chargers": 15 }, "geometry": { "type": "Point", "coordinates": [ 114.258225, 22.3027 ] } },
{ "type": "Feature", "properties": { "GmlID": "geotagging.230", "NAME_OF_DISTRICT_COUNCIL_DISTRICT_EN": "Eastern", "LOCATION_EN": "Cityplaza Carpark", "ADDRESS_EN": "Cityplaza, 18 Taikoo Shing Road, Tai Koo Shing, Hong Kong", "NAME_OF_DISTRICT_COUNCIL_DISTRICT_TC": "東區", "LOCATION_TC": "太古城中心停車場", "ADDRESS_TC": "香港太古城太古城道18號太古城中心", "NAME_OF_DISTRICT_COUNCIL_DISTRICT_SC": "东区", "LOCATION_SC": "太古城中心停车场", "ADDRESS_SC": "香港太古城太古城道18号太古城中心", "STANDARD_BS1363_no": "0", "MEDIUM_CCS_DC_COMBO_no": "0", "MEDIUM_IEC62196_no": "0", "MEDIUM_SAEJ1772_no": "0", "MEDIUM_GB_T20234_2_AC__no": "0", "MEDIUM_OTHERS_no": "0", "QUICK_CHAdeMO_no": "0", "QUICK_CCS_DC_COMBO_no": "6", "QUICK_IEC62196_no": "30", "QUICK_GB_T20234_3_DC__no": "0", "QUICK_OTHERS_no": "0", "FAST_CHAdeMO_no": "0", "FAST_CCS_DC_COMBO_no": "0", "FAST_GB_T20234_3_DC__no": "0", "FAST_OTHERS_no": "0", "REMARK_FOR__OTHERS_": "-", "DATA_PATH": "https://ev-charger.epd.gov.hk/resource/ev_charger_avail/evca_ver_1_0.json", "OBJECTID": 230, "total_chargers": 36 }, "geometry": { "type": "Point", "coordinates": [ 114.217346, 22.286705 ] } },
{ "type": "Feature", "properties": { "GmlID": "geotagging.231", "NAME_OF_DISTRICT_COUNCIL_DISTRICT_EN": "Wan Chai", "LOCATION_EN": "Three Pacific Place", "ADDRESS_EN": "Wing Fung Street.", "NAME_OF_DISTRICT_COUNCIL_DISTRICT_TC": "灣仔區", "LOCATION_TC": "太古廣場三座", "ADDRESS_TC": "永豐街", "NAME_OF_DISTRICT_COUNCIL_DISTRICT_SC": "湾仔区", "LOCATION_SC": "太古广场三座", "ADDRESS_SC": "永丰街", "STANDARD_BS1363_no": "0", "MEDIUM_CCS_DC_COMBO_no": "0", "MEDIUM_IEC62196_no": "7", "MEDIUM_SAEJ1772_no": "0", "MEDIUM_GB_T20234_2_AC__no": "0", "MEDIUM_OTHERS_no": "0", "QUICK_CHAdeMO_no": "0", "QUICK_CCS_DC_COMBO_no": "2", "QUICK_IEC62196_no": "0", "QUICK_GB_T20234_3_DC__no": "0", "QUICK_OTHERS_no": "0", "FAST_CHAdeMO_no": "0", "FAST_CCS_DC_COMBO_no": "0", "FAST_GB_T20234_3_DC__no": "0", "FAST_OTHERS_no": "0", "REMARK_FOR__OTHERS_": "-", "DATA_PATH": "https://ev-charger.epd.gov.hk/resource/ev_charger_avail/evca_ver_1_0.json", "OBJECTID": 231, "total_chargers": 9 }, "geometry": { "type": "Point", "coordinates": [ 114.167793, 22.276838 ] } },
{ "type": "Feature", "properties": { "GmlID": "geotagging.232", "NAME_OF_DISTRICT_COUNCIL_DISTRICT_EN": "Tsuen Wan", "LOCATION_EN": "KOLOUR • Tsuen Wan I", "ADDRESS_EN": "68 Chung On Street, Tseun Wan", "NAME_OF_DISTRICT_COUNCIL_DISTRICT_TC": "荃灣區", "LOCATION_TC": "荃灣千色匯I", "ADDRESS_TC": "荃灣眾安街68號", "NAME_OF_DISTRICT_COUNCIL_DISTRICT_SC": "荃湾区", "LOCATION_SC": "荃湾千色汇I", "ADDRESS_SC": "荃湾众安街68号", "STANDARD_BS1363_no": "0", "MEDIUM_CCS_DC_COMBO_no": "0", "MEDIUM_IEC62196_no": "5", "MEDIUM_SAEJ1772_no": "0", "MEDIUM_GB_T20234_2_AC__no": "0", "MEDIUM_OTHERS_no": "0", "QUICK_CHAdeMO_no": "0", "QUICK_CCS_DC_COMBO_no": "4", "QUICK_IEC62196_no": "0", "QUICK_GB_T20234_3_DC__no": "0", "QUICK_OTHERS_no": "0", "FAST_CHAdeMO_no": "0", "FAST_CCS_DC_COMBO_no": "0", "FAST_GB_T20234_3_DC__no": "0", "FAST_OTHERS_no": "0", "REMARK_FOR__OTHERS_": "-", "DATA_PATH": "-", "OBJECTID": 232, "total_chargers": 9 }, "geometry": { "type": "Point", "coordinates": [ 114.117615, 22.370584 ] } },
{ "type": "Feature", "properties": { "GmlID": "geotagging.233", "NAME_OF_DISTRICT_COUNCIL_DISTRICT_EN": "Kwun Tong", "LOCATION_EN": "apm", "ADDRESS_EN": "KWUN TONG ROAD, KWUN TONG", "NAME_OF_DISTRICT_COUNCIL_DISTRICT_TC": "觀塘區", "LOCATION_TC": "apm", "ADDRESS_TC": "觀塘 觀塘道", "NAME_OF_DISTRICT_COUNCIL_DISTRICT_SC": "观塘区", "LOCATION_SC": "apm", "ADDRESS_SC": "观塘 观塘道", "STANDARD_BS1363_no": "0", "MEDIUM_CCS_DC_COMBO_no": "0", "MEDIUM_IEC62196_no": "0", "MEDIUM_SAEJ1772_no": "0", "MEDIUM_GB_T20234_2_AC__no": "0", "MEDIUM_OTHERS_no": "0", "QUICK_CHAdeMO_no": "0", "QUICK_CCS_DC_COMBO_no": "4", "QUICK_IEC62196_no": "0", "QUICK_GB_T20234_3_DC__no": "0", "QUICK_OTHERS_no": "0", "FAST_CHAdeMO_no": "0", "FAST_CCS_DC_COMBO_no": "0", "FAST_GB_T20234_3_DC__no": "0", "FAST_OTHERS_no": "0", "REMARK_FOR__OTHERS_": "-", "DATA_PATH": "-", "OBJECTID": 233, "total_chargers": 4 }, "geometry": { "type": "Point", "coordinates": [ 114.225091, 22.312205 ] } },
{ "type": "Feature", "properties": { "GmlID": "geotagging.234", "NAME_OF_DISTRICT_COUNCIL_DISTRICT_EN": "Eastern", "LOCATION_EN": "Grand Promenade Car Park", "ADDRESS_EN": "38 Tai Hong Street, Sai Wan Ho", "NAME_OF_DISTRICT_COUNCIL_DISTRICT_TC": "東區", "LOCATION_TC": "嘉亨灣停車場", "ADDRESS_TC": "西灣河太康街38號", "NAME_OF_DISTRICT_COUNCIL_DISTRICT_SC": "东区", "LOCATION_SC": "嘉亨湾停车场", "ADDRESS_SC": "西湾河太康街38号", "STANDARD_BS1363_no": "0", "MEDIUM_CCS_DC_COMBO_no": "0", "MEDIUM_IEC62196_no": "3", "MEDIUM_SAEJ1772_no": "0", "MEDIUM_GB_T20234_2_AC__no": "0", "MEDIUM_OTHERS_no": "0", "QUICK_CHAdeMO_no": "0", "QUICK_CCS_DC_COMBO_no": "0", "QUICK_IEC62196_no": "0", "QUICK_GB_T20234_3_DC__no": "0", "QUICK_OTHERS_no": "0", "FAST_CHAdeMO_no": "0", "FAST_CCS_DC_COMBO_no": "0", "FAST_GB_T20234_3_DC__no": "0", "FAST_OTHERS_no": "0", "REMARK_FOR__OTHERS_": "-", "DATA_PATH": "https://ev-charger.epd.gov.hk/resource/ev_charger_avail/evca_ver_1_0.json", "OBJECTID": 234, "total_chargers": 3 }, "geometry": { "type": "Point", "coordinates": [ 114.224472, 22.285368 ] } },
{ "type": "Feature", "properties": { "GmlID": "geotagging.235", "NAME_OF_DISTRICT_COUNCIL_DISTRICT_EN": "Kwun Tong", "LOCATION_EN": "Manulife Financial Centre Car Park", "ADDRESS_EN": "223 Wai Yip Street, Kwun Tong", "NAME_OF_DISTRICT_COUNCIL_DISTRICT_TC": "觀塘區", "LOCATION_TC": "宏利金融中心停車場", "ADDRESS_TC": "觀塘偉業街223號", "NAME_OF_DISTRICT_COUNCIL_DISTRICT_SC": "观塘区", "LOCATION_SC": "宏利金融中心停车场", "ADDRESS_SC": "观塘伟业街223号", "STANDARD_BS1363_no": "0", "MEDIUM_CCS_DC_COMBO_no": "0", "MEDIUM_IEC62196_no": "3", "MEDIUM_SAEJ1772_no": "0", "MEDIUM_GB_T20234_2_AC__no": "0", "MEDIUM_OTHERS_no": "0", "QUICK_CHAdeMO_no": "0", "QUICK_CCS_DC_COMBO_no": "0", "QUICK_IEC62196_no": "0", "QUICK_GB_T20234_3_DC__no": "0", "QUICK_OTHERS_no": "0", "FAST_CHAdeMO_no": "0", "FAST_CCS_DC_COMBO_no": "0", "FAST_GB_T20234_3_DC__no": "0", "FAST_OTHERS_no": "0", "REMARK_FOR__OTHERS_": "-", "DATA_PATH": "https://ev-charger.epd.gov.hk/resource/ev_charger_avail/evca_ver_1_0.json", "OBJECTID": 235, "total_chargers": 3 }, "geometry": { "type": "Point", "coordinates": [ 114.223206, 22.308005 ] } },
{ "type": "Feature", "properties": { "GmlID": "geotagging.236", "NAME_OF_DISTRICT_COUNCIL_DISTRICT_EN": "Sha Tin", "LOCATION_EN": "Shatin Centre", "ADDRESS_EN": "2-16 Wang Pok Street, Shatin", "NAME_OF_DISTRICT_COUNCIL_DISTRICT_TC": "沙田區", "LOCATION_TC": "沙田中心", "ADDRESS_TC": "沙田橫壆街2-16號", "NAME_OF_DISTRICT_COUNCIL_DISTRICT_SC": "沙田区", "LOCATION_SC": "沙田中心", "ADDRESS_SC": "沙田横壆街2-16号", "STANDARD_BS1363_no": "0", "MEDIUM_CCS_DC_COMBO_no": "0", "MEDIUM_IEC62196_no": "3", "MEDIUM_SAEJ1772_no": "0", "MEDIUM_GB_T20234_2_AC__no": "0", "MEDIUM_OTHERS_no": "0", "QUICK_CHAdeMO_no": "0", "QUICK_CCS_DC_COMBO_no": "0", "QUICK_IEC62196_no": "0", "QUICK_GB_T20234_3_DC__no": "0", "QUICK_OTHERS_no": "0", "FAST_CHAdeMO_no": "0", "FAST_CCS_DC_COMBO_no": "0", "FAST_GB_T20234_3_DC__no": "0", "FAST_OTHERS_no": "0", "REMARK_FOR__OTHERS_": "-", "DATA_PATH": "-", "OBJECTID": 236, "total_chargers": 3 }, "geometry": { "type": "Point", "coordinates": [ 114.190079, 22.382542 ] } },
{ "type": "Feature", "properties": { "GmlID": "geotagging.237", "NAME_OF_DISTRICT_COUNCIL_DISTRICT_EN": "Sha Tin", "LOCATION_EN": "Science Park Car Park P2", "ADDRESS_EN": "10 Science and Technology East Ave, Tai Po", "NAME_OF_DISTRICT_COUNCIL_DISTRICT_TC": "沙田區", "LOCATION_TC": "科學園停車場 P2", "ADDRESS_TC": "科技大道東10號", "NAME_OF_DISTRICT_COUNCIL_DISTRICT_SC": "沙田区", "LOCATION_SC": "科学园停车场 P2", "ADDRESS_SC": "科技大道东10号", "STANDARD_BS1363_no": "0", "MEDIUM_CCS_DC_COMBO_no": "0", "MEDIUM_IEC62196_no": "1", "MEDIUM_SAEJ1772_no": "0", "MEDIUM_GB_T20234_2_AC__no": "0", "MEDIUM_OTHERS_no": "0", "QUICK_CHAdeMO_no": "2", "QUICK_CCS_DC_COMBO_no": "4", "QUICK_IEC62196_no": "24", "QUICK_GB_T20234_3_DC__no": "0", "QUICK_OTHERS_no": "0", "FAST_CHAdeMO_no": "0", "FAST_CCS_DC_COMBO_no": "0", "FAST_GB_T20234_3_DC__no": "0", "FAST_OTHERS_no": "0", "REMARK_FOR__OTHERS_": "-", "DATA_PATH": "https://ev-charger.epd.gov.hk/resource/ev_charger_avail/evca_ver_1_0.json", "OBJECTID": 237, "total_chargers": 31 }, "geometry": { "type": "Point", "coordinates": [ 114.211195, 22.426486 ] } },
{ "type": "Feature", "properties": { "GmlID": "geotagging.238", "NAME_OF_DISTRICT_COUNCIL_DISTRICT_EN": "Yau Tsim Mong", "LOCATION_EN": "K11 Art Mall", "ADDRESS_EN": "18 Hanoi Road, Tsim Sha Tsui, Kowloon", "NAME_OF_DISTRICT_COUNCIL_DISTRICT_TC": "油尖旺區", "LOCATION_TC": "K11購物藝術館", "ADDRESS_TC": "尖沙咀河內道18號", "NAME_OF_DISTRICT_COUNCIL_DISTRICT_SC": "油尖旺区", "LOCATION_SC": "K11购物艺术馆", "ADDRESS_SC": "尖沙咀河内道18号", "STANDARD_BS1363_no": "0", "MEDIUM_CCS_DC_COMBO_no": "0", "MEDIUM_IEC62196_no": "5", "MEDIUM_SAEJ1772_no": "0", "MEDIUM_GB_T20234_2_AC__no": "0", "MEDIUM_OTHERS_no": "0", "QUICK_CHAdeMO_no": "0", "QUICK_CCS_DC_COMBO_no": "3", "QUICK_IEC62196_no": "0", "QUICK_GB_T20234_3_DC__no": "0", "QUICK_OTHERS_no": "0", "FAST_CHAdeMO_no": "0", "FAST_CCS_DC_COMBO_no": "0", "FAST_GB_T20234_3_DC__no": "0", "FAST_OTHERS_no": "0", "REMARK_FOR__OTHERS_": "-", "DATA_PATH": "-", "OBJECTID": 238, "total_chargers": 8 }, "geometry": { "type": "Point", "coordinates": [ 114.173618, 22.297432 ] } },
{ "type": "Feature", "properties": { "GmlID": "geotagging.239", "NAME_OF_DISTRICT_COUNCIL_DISTRICT_EN": "Tai Po", "LOCATION_EN": "Tai Po Tung Cheong Street Leisure Building Car Park", "ADDRESS_EN": "B/F, Tai Po Tung Cheong Street Leisure Building, 25 Tung Cheong Street, Tai Po", "NAME_OF_DISTRICT_COUNCIL_DISTRICT_TC": "大埔區", "LOCATION_TC": "大埔東昌街康體大樓停車場", "ADDRESS_TC": "大埔東昌街 25 號大埔東昌街康體大樓地庫", "NAME_OF_DISTRICT_COUNCIL_DISTRICT_SC": "大埔区", "LOCATION_SC": "大埔东昌街康体大楼停车场", "ADDRESS_SC": "大埔东昌街 25 号大埔东昌街康体大楼地库", "STANDARD_BS1363_no": "0", "MEDIUM_CCS_DC_COMBO_no": "0", "MEDIUM_IEC62196_no": "60", "MEDIUM_SAEJ1772_no": "0", "MEDIUM_GB_T20234_2_AC__no": "0", "MEDIUM_OTHERS_no": "0", "QUICK_CHAdeMO_no": "0", "QUICK_CCS_DC_COMBO_no": "0", "QUICK_IEC62196_no": "0", "QUICK_GB_T20234_3_DC__no": "0", "QUICK_OTHERS_no": "0", "FAST_CHAdeMO_no": "0", "FAST_CCS_DC_COMBO_no": "0", "FAST_GB_T20234_3_DC__no": "0", "FAST_OTHERS_no": "0", "REMARK_FOR__OTHERS_": "-", "DATA_PATH": "-", "OBJECTID": 239, "total_chargers": 60 }, "geometry": { "type": "Point", "coordinates": [ 114.170302, 22.449688 ] } },
{ "type": "Feature", "properties": { "GmlID": "geotagging.240", "NAME_OF_DISTRICT_COUNCIL_DISTRICT_EN": "Sai Kung", "LOCATION_EN": "Metro Town Car Park", "ADDRESS_EN": "8 King Ling Road, Tseung Kwan O, NT", "NAME_OF_DISTRICT_COUNCIL_DISTRICT_TC": "西貢區", "LOCATION_TC": "都會駅停車場", "ADDRESS_TC": "新界將軍澳景嶺路8號", "NAME_OF_DISTRICT_COUNCIL_DISTRICT_SC": "西贡区", "LOCATION_SC": "都会駅停车场", "ADDRESS_SC": "新界将军澳景岭路8号", "STANDARD_BS1363_no": "0", "MEDIUM_CCS_DC_COMBO_no": "0", "MEDIUM_IEC62196_no": "2", "MEDIUM_SAEJ1772_no": "0", "MEDIUM_GB_T20234_2_AC__no": "0", "MEDIUM_OTHERS_no": "0", "QUICK_CHAdeMO_no": "0", "QUICK_CCS_DC_COMBO_no": "2", "QUICK_IEC62196_no": "0", "QUICK_GB_T20234_3_DC__no": "0", "QUICK_OTHERS_no": "0", "FAST_CHAdeMO_no": "0", "FAST_CCS_DC_COMBO_no": "0", "FAST_GB_T20234_3_DC__no": "0", "FAST_OTHERS_no": "0", "REMARK_FOR__OTHERS_": "-", "DATA_PATH": "-", "OBJECTID": 240, "total_chargers": 4 }, "geometry": { "type": "Point", "coordinates": [ 114.251816, 22.30441 ] } },
{ "type": "Feature", "properties": { "GmlID": "geotagging.241", "NAME_OF_DISTRICT_COUNCIL_DISTRICT_EN": "Wan Chai", "LOCATION_EN": "Times Square Car Park", "ADDRESS_EN": "1 Matheson Street, Times Square, Causeway Bay, Hong Kong", "NAME_OF_DISTRICT_COUNCIL_DISTRICT_TC": "灣仔區", "LOCATION_TC": "時代廣場停車場", "ADDRESS_TC": "香港銅鑼灣勿地臣街1號時代廣場", "NAME_OF_DISTRICT_COUNCIL_DISTRICT_SC": "湾仔区", "LOCATION_SC": "时代广场停车场", "ADDRESS_SC": "香港铜锣湾勿地臣街1号时代广场", "STANDARD_BS1363_no": "14", "MEDIUM_CCS_DC_COMBO_no": "0", "MEDIUM_IEC62196_no": "9", "MEDIUM_SAEJ1772_no": "0", "MEDIUM_GB_T20234_2_AC__no": "0", "MEDIUM_OTHERS_no": "0", "QUICK_CHAdeMO_no": "0", "QUICK_CCS_DC_COMBO_no": "0", "QUICK_IEC62196_no": "0", "QUICK_GB_T20234_3_DC__no": "0", "QUICK_OTHERS_no": "0", "FAST_CHAdeMO_no": "0", "FAST_CCS_DC_COMBO_no": "0", "FAST_GB_T20234_3_DC__no": "0", "FAST_OTHERS_no": "0", "REMARK_FOR__OTHERS_": "-", "DATA_PATH": "-", "OBJECTID": 241, "total_chargers": 23 }, "geometry": { "type": "Point", "coordinates": [ 114.181697, 22.278257 ] } },
{ "type": "Feature", "properties": { "GmlID": "geotagging.242", "NAME_OF_DISTRICT_COUNCIL_DISTRICT_EN": "Southern", "LOCATION_EN": "Cyberport Carpark 3", "ADDRESS_EN": "100 Cyberport Rd, Telegraph Bay, Southern District", "NAME_OF_DISTRICT_COUNCIL_DISTRICT_TC": "南區", "LOCATION_TC": "數碼港停車場(三)", "ADDRESS_TC": "南區鋼綫灣數碼港道100號", "NAME_OF_DISTRICT_COUNCIL_DISTRICT_SC": "南区", "LOCATION_SC": "数码港停车场(三)", "ADDRESS_SC": "南区钢綫湾数码港道100号", "STANDARD_BS1363_no": "0", "MEDIUM_CCS_DC_COMBO_no": "0", "MEDIUM_IEC62196_no": "6", "MEDIUM_SAEJ1772_no": "0", "MEDIUM_GB_T20234_2_AC__no": "0", "MEDIUM_OTHERS_no": "0", "QUICK_CHAdeMO_no": "2", "QUICK_CCS_DC_COMBO_no": "11", "QUICK_IEC62196_no": "5", "QUICK_GB_T20234_3_DC__no": "0", "QUICK_OTHERS_no": "0", "FAST_CHAdeMO_no": "0", "FAST_CCS_DC_COMBO_no": "6", "FAST_GB_T20234_3_DC__no": "0", "FAST_OTHERS_no": "0", "REMARK_FOR__OTHERS_": "-", "DATA_PATH": "https://ev-charger.epd.gov.hk/resource/ev_charger_avail/evca_ver_1_0.json", "OBJECTID": 242, "total_chargers": 30 }, "geometry": { "type": "Point", "coordinates": [ 114.131693, 22.259596 ] } },
{ "type": "Feature", "properties": { "GmlID": "geotagging.243", "NAME_OF_DISTRICT_COUNCIL_DISTRICT_EN": "Tsuen Wan", "LOCATION_EN": "Nina Mall 2", "ADDRESS_EN": "No. 98 Tai Ho Road,Tsuen Wan, N.T.", "NAME_OF_DISTRICT_COUNCIL_DISTRICT_TC": "荃灣區", "LOCATION_TC": "如心廣場二期", "ADDRESS_TC": "新界荃灣大河道98號", "NAME_OF_DISTRICT_COUNCIL_DISTRICT_SC": "荃湾区", "LOCATION_SC": "如心广场二期", "ADDRESS_SC": "新界荃湾大河道98号", "STANDARD_BS1363_no": "0", "MEDIUM_CCS_DC_COMBO_no": "0", "MEDIUM_IEC62196_no": "4", "MEDIUM_SAEJ1772_no": "0", "MEDIUM_GB_T20234_2_AC__no": "0", "MEDIUM_OTHERS_no": "0", "QUICK_CHAdeMO_no": "0", "QUICK_CCS_DC_COMBO_no": "0", "QUICK_IEC62196_no": "0", "QUICK_GB_T20234_3_DC__no": "0", "QUICK_OTHERS_no": "0", "FAST_CHAdeMO_no": "0", "FAST_CCS_DC_COMBO_no": "0", "FAST_GB_T20234_3_DC__no": "0", "FAST_OTHERS_no": "0", "REMARK_FOR__OTHERS_": "-", "DATA_PATH": "-", "OBJECTID": 243, "total_chargers": 4 }, "geometry": { "type": "Point", "coordinates": [ 114.111463, 22.368808 ] } },
{ "type": "Feature", "properties": { "GmlID": "geotagging.244", "NAME_OF_DISTRICT_COUNCIL_DISTRICT_EN": "Sha Tin", "LOCATION_EN": "MOSTown Phase 4", "ADDRESS_EN": "18 On Luk Street, Ma On Shan", "NAME_OF_DISTRICT_COUNCIL_DISTRICT_TC": "沙田區", "LOCATION_TC": "新港城中心4期", "ADDRESS_TC": "馬鞍山鞍祿街18號", "NAME_OF_DISTRICT_COUNCIL_DISTRICT_SC": "沙田区", "LOCATION_SC": "新港城中心4期", "ADDRESS_SC": "马鞍山鞍禄街18号", "STANDARD_BS1363_no": "0", "MEDIUM_CCS_DC_COMBO_no": "0", "MEDIUM_IEC62196_no": "21", "MEDIUM_SAEJ1772_no": "0", "MEDIUM_GB_T20234_2_AC__no": "0", "MEDIUM_OTHERS_no": "0", "QUICK_CHAdeMO_no": "0", "QUICK_CCS_DC_COMBO_no": "8", "QUICK_IEC62196_no": "0", "QUICK_GB_T20234_3_DC__no": "0", "QUICK_OTHERS_no": "0", "FAST_CHAdeMO_no": "0", "FAST_CCS_DC_COMBO_no": "0", "FAST_GB_T20234_3_DC__no": "0", "FAST_OTHERS_no": "0", "REMARK_FOR__OTHERS_": "-", "DATA_PATH": "-", "OBJECTID": 244, "total_chargers": 29 }, "geometry": { "type": "Point", "coordinates": [ 114.231804, 22.424179 ] } },
{ "type": "Feature", "properties": { "GmlID": "geotagging.245", "NAME_OF_DISTRICT_COUNCIL_DISTRICT_EN": "Yau Tsim Mong", "LOCATION_EN": "Ocean Terminal Car Park (P5)", "ADDRESS_EN": "4/F - 5/F, Ocean Terminal, Harbour City, Tsim Sha Tsui, Kowloon", "NAME_OF_DISTRICT_COUNCIL_DISTRICT_TC": "油尖旺區", "LOCATION_TC": "海運大廈停車場 (P5)", "ADDRESS_TC": "九龍尖沙咀海港城海運大廈4樓-5樓", "NAME_OF_DISTRICT_COUNCIL_DISTRICT_SC": "油尖旺区", "LOCATION_SC": "海运大厦停车场 (P5)", "ADDRESS_SC": "九龙尖沙咀海港城海运大厦4楼-5楼", "STANDARD_BS1363_no": "24", "MEDIUM_CCS_DC_COMBO_no": "0", "MEDIUM_IEC62196_no": "0", "MEDIUM_SAEJ1772_no": "0", "MEDIUM_GB_T20234_2_AC__no": "0", "MEDIUM_OTHERS_no": "0", "QUICK_CHAdeMO_no": "2", "QUICK_CCS_DC_COMBO_no": "6", "QUICK_IEC62196_no": "24", "QUICK_GB_T20234_3_DC__no": "0", "QUICK_OTHERS_no": "0", "FAST_CHAdeMO_no": "0", "FAST_CCS_DC_COMBO_no": "0", "FAST_GB_T20234_3_DC__no": "0", "FAST_OTHERS_no": "0", "REMARK_FOR__OTHERS_": "-", "DATA_PATH": "-", "OBJECTID": 245, "total_chargers": 56 }, "geometry": { "type": "Point", "coordinates": [ 114.167675, 22.295135 ] } },
{ "type": "Feature", "properties": { "GmlID": "geotagging.246", "NAME_OF_DISTRICT_COUNCIL_DISTRICT_EN": "North", "LOCATION_EN": "Heung Yuen Wai BCP Public Car Park-Private Car & Motorcycle", "ADDRESS_EN": "Mezzanine Floor of Passenger Terminal Building, Heung Yuen Wai Boundary Control Point, New Territories, Hong Kong", "NAME_OF_DISTRICT_COUNCIL_DISTRICT_TC": "北區", "LOCATION_TC": "香園圍口岸公眾停車場-私家車及電單車", "ADDRESS_TC": "香港新界香園圍邊境管制站旅檢大樓閣樓", "NAME_OF_DISTRICT_COUNCIL_DISTRICT_SC": "北区", "LOCATION_SC": "香园围口岸公众停车场-私家车及电单车", "ADDRESS_SC": "香港新界香园围边境管制站旅检大楼阁楼", "STANDARD_BS1363_no": "0", "MEDIUM_CCS_DC_COMBO_no": "0", "MEDIUM_IEC62196_no": "126", "MEDIUM_SAEJ1772_no": "0", "MEDIUM_GB_T20234_2_AC__no": "0", "MEDIUM_OTHERS_no": "0", "QUICK_CHAdeMO_no": "0", "QUICK_CCS_DC_COMBO_no": "0", "QUICK_IEC62196_no": "0", "QUICK_GB_T20234_3_DC__no": "0", "QUICK_OTHERS_no": "0", "FAST_CHAdeMO_no": "0", "FAST_CCS_DC_COMBO_no": "0", "FAST_GB_T20234_3_DC__no": "0", "FAST_OTHERS_no": "0", "REMARK_FOR__OTHERS_": "-", "DATA_PATH": "https://ev-charger.epd.gov.hk/resource/ev_charger_avail/evca_ver_1_0.json", "OBJECTID": 246, "total_chargers": 126 }, "geometry": { "type": "Point", "coordinates": [ 114.153627, 22.552678 ] } },
{ "type": "Feature", "properties": { "GmlID": "geotagging.247", "NAME_OF_DISTRICT_COUNCIL_DISTRICT_EN": "Wong Tai Sin", "LOCATION_EN": "Plaza Hollywood Carpark", "ADDRESS_EN": "Plaza Hollywood, Diamond Hill, Kln", "NAME_OF_DISTRICT_COUNCIL_DISTRICT_TC": "黃大仙區", "LOCATION_TC": "荷里活廣場停車場", "ADDRESS_TC": "九龍鑽石山荷里活廣場", "NAME_OF_DISTRICT_COUNCIL_DISTRICT_SC": "黄大仙区", "LOCATION_SC": "荷里活广场停车场", "ADDRESS_SC": "九龙钻石山荷里活广场", "STANDARD_BS1363_no": "8", "MEDIUM_CCS_DC_COMBO_no": "0", "MEDIUM_IEC62196_no": "0", "MEDIUM_SAEJ1772_no": "0", "MEDIUM_GB_T20234_2_AC__no": "0", "MEDIUM_OTHERS_no": "0", "QUICK_CHAdeMO_no": "0", "QUICK_CCS_DC_COMBO_no": "3", "QUICK_IEC62196_no": "0", "QUICK_GB_T20234_3_DC__no": "0", "QUICK_OTHERS_no": "0", "FAST_CHAdeMO_no": "0", "FAST_CCS_DC_COMBO_no": "0", "FAST_GB_T20234_3_DC__no": "0", "FAST_OTHERS_no": "0", "REMARK_FOR__OTHERS_": "-", "DATA_PATH": "-", "OBJECTID": 247, "total_chargers": 11 }, "geometry": { "type": "Point", "coordinates": [ 114.202706, 22.340503 ] } },
{ "type": "Feature", "properties": { "GmlID": "geotagging.248", "NAME_OF_DISTRICT_COUNCIL_DISTRICT_EN": "Yuen Long", "LOCATION_EN": "Ping Yan Carpark", "ADDRESS_EN": "Ping Yan Court, 65 Ping Ha Street, Tin Shui Wai, N.T.", "NAME_OF_DISTRICT_COUNCIL_DISTRICT_TC": "元朗區", "LOCATION_TC": "屏欣停車場", "ADDRESS_TC": "新界天水圍屏夏路65號屏欣苑", "NAME_OF_DISTRICT_COUNCIL_DISTRICT_SC": "元朗区", "LOCATION_SC": "屏欣停车场", "ADDRESS_SC": "新界天水围屏夏路65号屏欣苑", "STANDARD_BS1363_no": "4", "MEDIUM_CCS_DC_COMBO_no": "0", "MEDIUM_IEC62196_no": "0", "MEDIUM_SAEJ1772_no": "0", "MEDIUM_GB_T20234_2_AC__no": "0", "MEDIUM_OTHERS_no": "0", "QUICK_CHAdeMO_no": "0", "QUICK_CCS_DC_COMBO_no": "0", "QUICK_IEC62196_no": "0", "QUICK_GB_T20234_3_DC__no": "0", "QUICK_OTHERS_no": "0", "FAST_CHAdeMO_no": "0", "FAST_CCS_DC_COMBO_no": "0", "FAST_GB_T20234_3_DC__no": "0", "FAST_OTHERS_no": "0", "REMARK_FOR__OTHERS_": "-", "DATA_PATH": "-", "OBJECTID": 248, "total_chargers": 4 }, "geometry": { "type": "Point", "coordinates": [ 114.004264, 22.445991 ] } },
{ "type": "Feature", "properties": { "GmlID": "geotagging.249", "NAME_OF_DISTRICT_COUNCIL_DISTRICT_EN": "Tsuen Wan", "LOCATION_EN": "Yan Chai Hospital Visitor Carpark", "ADDRESS_EN": "7-11 Yan Chai Street, Tsuen Wan, N.T.", "NAME_OF_DISTRICT_COUNCIL_DISTRICT_TC": "荃灣區", "LOCATION_TC": "仁濟醫院訪客停車場", "ADDRESS_TC": "新界荃灣仁濟街7-11號", "NAME_OF_DISTRICT_COUNCIL_DISTRICT_SC": "荃湾区", "LOCATION_SC": "仁济医院访客停车场", "ADDRESS_SC": "新界荃湾仁济街7-11号", "STANDARD_BS1363_no": "4", "MEDIUM_CCS_DC_COMBO_no": "0", "MEDIUM_IEC62196_no": "0", "MEDIUM_SAEJ1772_no": "0", "MEDIUM_GB_T20234_2_AC__no": "0", "MEDIUM_OTHERS_no": "0", "QUICK_CHAdeMO_no": "0", "QUICK_CCS_DC_COMBO_no": "0", "QUICK_IEC62196_no": "0", "QUICK_GB_T20234_3_DC__no": "0", "QUICK_OTHERS_no": "0", "FAST_CHAdeMO_no": "0", "FAST_CCS_DC_COMBO_no": "0", "FAST_GB_T20234_3_DC__no": "0", "FAST_OTHERS_no": "0", "REMARK_FOR__OTHERS_": "-", "DATA_PATH": "-", "OBJECTID": 249, "total_chargers": 4 }, "geometry": { "type": "Point", "coordinates": [ 114.11949, 22.36986 ] } },
{ "type": "Feature", "properties": { "GmlID": "geotagging.250", "NAME_OF_DISTRICT_COUNCIL_DISTRICT_EN": "Sai Kung", "LOCATION_EN": "Yung Ming Court Car Park", "ADDRESS_EN": "5 Chi Shin Street, Tseung Kwan O,  New Territories", "NAME_OF_DISTRICT_COUNCIL_DISTRICT_TC": "西貢區", "LOCATION_TC": "雍明苑停車場", "ADDRESS_TC": "將軍澳至善街5號", "NAME_OF_DISTRICT_COUNCIL_DISTRICT_SC": "西贡区", "LOCATION_SC": "雍明苑停车场", "ADDRESS_SC": "将军澳至善街5号", "STANDARD_BS1363_no": "9", "MEDIUM_CCS_DC_COMBO_no": "0", "MEDIUM_IEC62196_no": "1", "MEDIUM_SAEJ1772_no": "0", "MEDIUM_GB_T20234_2_AC__no": "0", "MEDIUM_OTHERS_no": "0", "QUICK_CHAdeMO_no": "0", "QUICK_CCS_DC_COMBO_no": "0", "QUICK_IEC62196_no": "0", "QUICK_GB_T20234_3_DC__no": "0", "QUICK_OTHERS_no": "0", "FAST_CHAdeMO_no": "0", "FAST_CCS_DC_COMBO_no": "0", "FAST_GB_T20234_3_DC__no": "0", "FAST_OTHERS_no": "0", "REMARK_FOR__OTHERS_": "-", "DATA_PATH": "-", "OBJECTID": 250, "total_chargers": 10 }, "geometry": { "type": "Point", "coordinates": [ 114.263955, 22.304527 ] } },
{ "type": "Feature", "properties": { "GmlID": "geotagging.251", "NAME_OF_DISTRICT_COUNCIL_DISTRICT_EN": "Sha Tin", "LOCATION_EN": "Chun Yeung Shopping Centre Car Park", "ADDRESS_EN": "Chun Yeung Shopping Centre, 20 Kwei Tei Street, Fo Tan, N.T.", "NAME_OF_DISTRICT_COUNCIL_DISTRICT_TC": "沙田區", "LOCATION_TC": "駿洋商場停車場", "ADDRESS_TC": "火炭桂地街20號駿洋商場", "NAME_OF_DISTRICT_COUNCIL_DISTRICT_SC": "沙田区", "LOCATION_SC": "骏洋商场停车场", "ADDRESS_SC": "火炭桂地街20号骏洋商场", "STANDARD_BS1363_no": "53", "MEDIUM_CCS_DC_COMBO_no": "0", "MEDIUM_IEC62196_no": "0", "MEDIUM_SAEJ1772_no": "0", "MEDIUM_GB_T20234_2_AC__no": "0", "MEDIUM_OTHERS_no": "0", "QUICK_CHAdeMO_no": "0", "QUICK_CCS_DC_COMBO_no": "0", "QUICK_IEC62196_no": "0", "QUICK_GB_T20234_3_DC__no": "0", "QUICK_OTHERS_no": "0", "FAST_CHAdeMO_no": "0", "FAST_CCS_DC_COMBO_no": "0", "FAST_GB_T20234_3_DC__no": "0", "FAST_OTHERS_no": "0", "REMARK_FOR__OTHERS_": "-", "DATA_PATH": "-", "OBJECTID": 251, "total_chargers": 53 }, "geometry": { "type": "Point", "coordinates": [ 114.189077, 22.399442 ] } },
{ "type": "Feature", "properties": { "GmlID": "geotagging.252", "NAME_OF_DISTRICT_COUNCIL_DISTRICT_EN": "Kwun Tong", "LOCATION_EN": "On Tai Estate Carpark", "ADDRESS_EN": "G/F., Hang Tai House, On Tai Estate, Kwun Tong", "NAME_OF_DISTRICT_COUNCIL_DISTRICT_TC": "觀塘區", "LOCATION_TC": "安泰邨停車場", "ADDRESS_TC": "觀塘安泰邨恒泰樓地下", "NAME_OF_DISTRICT_COUNCIL_DISTRICT_SC": "观塘区", "LOCATION_SC": "安泰邨停车场", "ADDRESS_SC": "观塘安泰邨恒泰楼地下", "STANDARD_BS1363_no": "0", "MEDIUM_CCS_DC_COMBO_no": "0", "MEDIUM_IEC62196_no": "27", "MEDIUM_SAEJ1772_no": "0", "MEDIUM_GB_T20234_2_AC__no": "0", "MEDIUM_OTHERS_no": "0", "QUICK_CHAdeMO_no": "0", "QUICK_CCS_DC_COMBO_no": "0", "QUICK_IEC62196_no": "0", "QUICK_GB_T20234_3_DC__no": "0", "QUICK_OTHERS_no": "0", "FAST_CHAdeMO_no": "0", "FAST_CCS_DC_COMBO_no": "0", "FAST_GB_T20234_3_DC__no": "0", "FAST_OTHERS_no": "0", "REMARK_FOR__OTHERS_": "-", "DATA_PATH": "-", "OBJECTID": 252, "total_chargers": 27 }, "geometry": { "type": "Point", "coordinates": [ 114.228595, 22.327028 ] } },
{ "type": "Feature", "properties": { "GmlID": "geotagging.253", "NAME_OF_DISTRICT_COUNCIL_DISTRICT_EN": "Kwun Tong", "LOCATION_EN": "Choi Fook Estate Car Park", "ADDRESS_EN": "58 Choi Wing Road, Ngau Tau Kok,Kowloon", "NAME_OF_DISTRICT_COUNCIL_DISTRICT_TC": "觀塘區", "LOCATION_TC": "彩福邨車場", "ADDRESS_TC": "九龍,牛頭角,彩榮路58號", "NAME_OF_DISTRICT_COUNCIL_DISTRICT_SC": "观塘区", "LOCATION_SC": "彩福邨车场", "ADDRESS_SC": "九龙,牛头角,彩荣路58号", "STANDARD_BS1363_no": "6", "MEDIUM_CCS_DC_COMBO_no": "0", "MEDIUM_IEC62196_no": "6", "MEDIUM_SAEJ1772_no": "0", "MEDIUM_GB_T20234_2_AC__no": "0", "MEDIUM_OTHERS_no": "0", "QUICK_CHAdeMO_no": "0", "QUICK_CCS_DC_COMBO_no": "0", "QUICK_IEC62196_no": "0", "QUICK_GB_T20234_3_DC__no": "0", "QUICK_OTHERS_no": "0", "FAST_CHAdeMO_no": "0", "FAST_CCS_DC_COMBO_no": "0", "FAST_GB_T20234_3_DC__no": "0", "FAST_OTHERS_no": "0", "REMARK_FOR__OTHERS_": "-", "DATA_PATH": "-", "OBJECTID": 253, "total_chargers": 12 }, "geometry": { "type": "Point", "coordinates": [ 114.217401, 22.327755 ] } },
{ "type": "Feature", "properties": { "GmlID": "geotagging.254", "NAME_OF_DISTRICT_COUNCIL_DISTRICT_EN": "Kwun Tong", "LOCATION_EN": "Choi Hing Court Car Park", "ADDRESS_EN": "1 CHOI SING LANE,Ngau Tau Kok,Kowloon", "NAME_OF_DISTRICT_COUNCIL_DISTRICT_TC": "觀塘區", "LOCATION_TC": "彩興苑停車場", "ADDRESS_TC": "九龍,牛頭角,彩盛里1號", "NAME_OF_DISTRICT_COUNCIL_DISTRICT_SC": "观塘区", "LOCATION_SC": "彩兴苑停车场", "ADDRESS_SC": "九龙,牛头角,彩盛里1号", "STANDARD_BS1363_no": "0", "MEDIUM_CCS_DC_COMBO_no": "0", "MEDIUM_IEC62196_no": "9", "MEDIUM_SAEJ1772_no": "0", "MEDIUM_GB_T20234_2_AC__no": "0", "MEDIUM_OTHERS_no": "0", "QUICK_CHAdeMO_no": "0", "QUICK_CCS_DC_COMBO_no": "0", "QUICK_IEC62196_no": "0", "QUICK_GB_T20234_3_DC__no": "0", "QUICK_OTHERS_no": "0", "FAST_CHAdeMO_no": "0", "FAST_CCS_DC_COMBO_no": "0", "FAST_GB_T20234_3_DC__no": "0", "FAST_OTHERS_no": "0", "REMARK_FOR__OTHERS_": "-", "DATA_PATH": "-", "OBJECTID": 254, "total_chargers": 9 }, "geometry": { "type": "Point", "coordinates": [ 114.213535, 22.331585 ] } },
{ "type": "Feature", "properties": { "GmlID": "geotagging.255", "NAME_OF_DISTRICT_COUNCIL_DISTRICT_EN": "Kwun Tong", "LOCATION_EN": "On Kay Court Car Park", "ADDRESS_EN": "20 On Wah Street, Ngau Tau Kok,Kowloon", "NAME_OF_DISTRICT_COUNCIL_DISTRICT_TC": "觀塘區", "LOCATION_TC": "安基苑車場", "ADDRESS_TC": "九龍牛頭角安華街20號", "NAME_OF_DISTRICT_COUNCIL_DISTRICT_SC": "观塘区", "LOCATION_SC": "安基苑车场", "ADDRESS_SC": "九龙牛头角安华街20号", "STANDARD_BS1363_no": "0", "MEDIUM_CCS_DC_COMBO_no": "0", "MEDIUM_IEC62196_no": "5", "MEDIUM_SAEJ1772_no": "0", "MEDIUM_GB_T20234_2_AC__no": "0", "MEDIUM_OTHERS_no": "0", "QUICK_CHAdeMO_no": "0", "QUICK_CCS_DC_COMBO_no": "0", "QUICK_IEC62196_no": "0", "QUICK_GB_T20234_3_DC__no": "0", "QUICK_OTHERS_no": "0", "FAST_CHAdeMO_no": "0", "FAST_CCS_DC_COMBO_no": "0", "FAST_GB_T20234_3_DC__no": "0", "FAST_OTHERS_no": "0", "REMARK_FOR__OTHERS_": "-", "DATA_PATH": "-", "OBJECTID": 255, "total_chargers": 5 }, "geometry": { "type": "Point", "coordinates": [ 114.216955, 22.321803 ] } },
{ "type": "Feature", "properties": { "GmlID": "geotagging.256", "NAME_OF_DISTRICT_COUNCIL_DISTRICT_EN": "Kwun Tong", "LOCATION_EN": "Lower ngau tau kok estate Car Park", "ADDRESS_EN": "120 Ngau Tau Kok Road , Ngau Tau Kok,Kowloon", "NAME_OF_DISTRICT_COUNCIL_DISTRICT_TC": "觀塘區", "LOCATION_TC": "牛頭角下邨車場", "ADDRESS_TC": "九龍觀塘區牛頭角牛頭角道120號", "NAME_OF_DISTRICT_COUNCIL_DISTRICT_SC": "观塘区", "LOCATION_SC": "牛头角下邨车场", "ADDRESS_SC": "九龙观塘区牛头角牛头角道120号", "STANDARD_BS1363_no": "14", "MEDIUM_CCS_DC_COMBO_no": "0", "MEDIUM_IEC62196_no": "12", "MEDIUM_SAEJ1772_no": "0", "MEDIUM_GB_T20234_2_AC__no": "0", "MEDIUM_OTHERS_no": "0", "QUICK_CHAdeMO_no": "0", "QUICK_CCS_DC_COMBO_no": "0", "QUICK_IEC62196_no": "0", "QUICK_GB_T20234_3_DC__no": "0", "QUICK_OTHERS_no": "0", "FAST_CHAdeMO_no": "0", "FAST_CCS_DC_COMBO_no": "0", "FAST_GB_T20234_3_DC__no": "0", "FAST_OTHERS_no": "0", "REMARK_FOR__OTHERS_": "-", "DATA_PATH": "-", "OBJECTID": 256, "total_chargers": 26 }, "geometry": { "type": "Point", "coordinates": [ 114.214892, 22.321261 ] } },
{ "type": "Feature", "properties": { "GmlID": "geotagging.257", "NAME_OF_DISTRICT_COUNCIL_DISTRICT_EN": "Tuen Mun", "LOCATION_EN": "Yan Tin Estate Carpark", "ADDRESS_EN": "39, Tsing Lun Road, Tuen Mun, New Territories", "NAME_OF_DISTRICT_COUNCIL_DISTRICT_TC": "屯門區", "LOCATION_TC": "欣田邨停車場", "ADDRESS_TC": "新界屯門青麟路39號", "NAME_OF_DISTRICT_COUNCIL_DISTRICT_SC": "屯门区", "LOCATION_SC": "欣田邨停车场", "ADDRESS_SC": "新界屯门青麟路39号", "STANDARD_BS1363_no": "0", "MEDIUM_CCS_DC_COMBO_no": "0", "MEDIUM_IEC62196_no": "2", "MEDIUM_SAEJ1772_no": "0", "MEDIUM_GB_T20234_2_AC__no": "0", "MEDIUM_OTHERS_no": "0", "QUICK_CHAdeMO_no": "0", "QUICK_CCS_DC_COMBO_no": "0", "QUICK_IEC62196_no": "0", "QUICK_GB_T20234_3_DC__no": "0", "QUICK_OTHERS_no": "0", "FAST_CHAdeMO_no": "0", "FAST_CCS_DC_COMBO_no": "0", "FAST_GB_T20234_3_DC__no": "0", "FAST_OTHERS_no": "0", "REMARK_FOR__OTHERS_": "-", "DATA_PATH": "-", "OBJECTID": 257, "total_chargers": 2 }, "geometry": { "type": "Point", "coordinates": [ 113.976347, 22.41375 ] } },
{ "type": "Feature", "properties": { "GmlID": "geotagging.258", "NAME_OF_DISTRICT_COUNCIL_DISTRICT_EN": "Sha Tin", "LOCATION_EN": "Shek Mun Estate Phase 2 Car park", "ADDRESS_EN": "Shek Mun Estate, 18 On Muk St, Shatin", "NAME_OF_DISTRICT_COUNCIL_DISTRICT_TC": "沙田區", "LOCATION_TC": "碩門邨二期停車場", "ADDRESS_TC": "沙田石門安睦街18號", "NAME_OF_DISTRICT_COUNCIL_DISTRICT_SC": "沙田区", "LOCATION_SC": "硕门邨二期停车场", "ADDRESS_SC": "沙田石门安睦街18号", "STANDARD_BS1363_no": "7", "MEDIUM_CCS_DC_COMBO_no": "0", "MEDIUM_IEC62196_no": "12", "MEDIUM_SAEJ1772_no": "0", "MEDIUM_GB_T20234_2_AC__no": "0", "MEDIUM_OTHERS_no": "0", "QUICK_CHAdeMO_no": "0", "QUICK_CCS_DC_COMBO_no": "0", "QUICK_IEC62196_no": "0", "QUICK_GB_T20234_3_DC__no": "0", "QUICK_OTHERS_no": "0", "FAST_CHAdeMO_no": "0", "FAST_CCS_DC_COMBO_no": "0", "FAST_GB_T20234_3_DC__no": "0", "FAST_OTHERS_no": "0", "REMARK_FOR__OTHERS_": "-", "DATA_PATH": "-", "OBJECTID": 258, "total_chargers": 19 }, "geometry": { "type": "Point", "coordinates": [ 114.208753, 22.386098 ] } },
{ "type": "Feature", "properties": { "GmlID": "geotagging.259", "NAME_OF_DISTRICT_COUNCIL_DISTRICT_EN": "Sham Shui Po", "LOCATION_EN": "Wing Cheong Estate Car Park", "ADDRESS_EN": "No.20, Sai Chuen Road, Sham Shui Po", "NAME_OF_DISTRICT_COUNCIL_DISTRICT_TC": "深水埗區", "LOCATION_TC": "榮昌邨停車場", "ADDRESS_TC": "深水埗西邨路20號", "NAME_OF_DISTRICT_COUNCIL_DISTRICT_SC": "深水埗区", "LOCATION_SC": "荣昌邨停车场", "ADDRESS_SC": "深水埗西邨路20号", "STANDARD_BS1363_no": "2", "MEDIUM_CCS_DC_COMBO_no": "0", "MEDIUM_IEC62196_no": "2", "MEDIUM_SAEJ1772_no": "0", "MEDIUM_GB_T20234_2_AC__no": "0", "MEDIUM_OTHERS_no": "0", "QUICK_CHAdeMO_no": "0", "QUICK_CCS_DC_COMBO_no": "0", "QUICK_IEC62196_no": "0", "QUICK_GB_T20234_3_DC__no": "0", "QUICK_OTHERS_no": "0", "FAST_CHAdeMO_no": "0", "FAST_CCS_DC_COMBO_no": "0", "FAST_GB_T20234_3_DC__no": "0", "FAST_OTHERS_no": "0", "REMARK_FOR__OTHERS_": "-", "DATA_PATH": "-", "OBJECTID": 259, "total_chargers": 4 }, "geometry": { "type": "Point", "coordinates": [ 114.156111, 22.328807 ] } },
{ "type": "Feature", "properties": { "GmlID": "geotagging.260", "NAME_OF_DISTRICT_COUNCIL_DISTRICT_EN": "Wan Chai", "LOCATION_EN": "Convention Plaza Car Park (Harbour Road)", "ADDRESS_EN": "1 Harbour Road, Wanchai, Hong Kong", "NAME_OF_DISTRICT_COUNCIL_DISTRICT_TC": "灣仔區", "LOCATION_TC": "會展廣場停車場(港灣道)", "ADDRESS_TC": "香港灣仔港灣道一號", "NAME_OF_DISTRICT_COUNCIL_DISTRICT_SC": "湾仔区", "LOCATION_SC": "会展广场停车场(港湾道)", "ADDRESS_SC": "香港湾仔港湾道一号", "STANDARD_BS1363_no": "3", "MEDIUM_CCS_DC_COMBO_no": "0", "MEDIUM_IEC62196_no": "3", "MEDIUM_SAEJ1772_no": "0", "MEDIUM_GB_T20234_2_AC__no": "0", "MEDIUM_OTHERS_no": "0", "QUICK_CHAdeMO_no": "0", "QUICK_CCS_DC_COMBO_no": "12", "QUICK_IEC62196_no": "0", "QUICK_GB_T20234_3_DC__no": "0", "QUICK_OTHERS_no": "0", "FAST_CHAdeMO_no": "0", "FAST_CCS_DC_COMBO_no": "0", "FAST_GB_T20234_3_DC__no": "0", "FAST_OTHERS_no": "0", "REMARK_FOR__OTHERS_": "-", "DATA_PATH": "-", "OBJECTID": 260, "total_chargers": 18 }, "geometry": { "type": "Point", "coordinates": [ 114.171519, 22.280696 ] } },
{ "type": "Feature", "properties": { "GmlID": "geotagging.261", "NAME_OF_DISTRICT_COUNCIL_DISTRICT_EN": "Eastern", "LOCATION_EN": "Pamela Youde Nethersole Eastern Hospital Visitor Car Park", "ADDRESS_EN": "3 LOK MAN ROAD, CHAI WAN, HONG KONG", "NAME_OF_DISTRICT_COUNCIL_DISTRICT_TC": "東區", "LOCATION_TC": "東區尤德夫人那打素醫院訪客停車場", "ADDRESS_TC": "香港柴灣樂民道3號", "NAME_OF_DISTRICT_COUNCIL_DISTRICT_SC": "东区", "LOCATION_SC": "东区尤德夫人那打素医院访客停车场", "ADDRESS_SC": "香港柴湾乐民道3号", "STANDARD_BS1363_no": "0", "MEDIUM_CCS_DC_COMBO_no": "0", "MEDIUM_IEC62196_no": "1", "MEDIUM_SAEJ1772_no": "0", "MEDIUM_GB_T20234_2_AC__no": "0", "MEDIUM_OTHERS_no": "0", "QUICK_CHAdeMO_no": "0", "QUICK_CCS_DC_COMBO_no": "0", "QUICK_IEC62196_no": "0", "QUICK_GB_T20234_3_DC__no": "0", "QUICK_OTHERS_no": "0", "FAST_CHAdeMO_no": "0", "FAST_CCS_DC_COMBO_no": "0", "FAST_GB_T20234_3_DC__no": "0", "FAST_OTHERS_no": "0", "REMARK_FOR__OTHERS_": "-", "DATA_PATH": "-", "OBJECTID": 261, "total_chargers": 1 }, "geometry": { "type": "Point", "coordinates": [ 114.235011, 22.269284 ] } },
{ "type": "Feature", "properties": { "GmlID": "geotagging.262", "NAME_OF_DISTRICT_COUNCIL_DISTRICT_EN": "Sai Kung", "LOCATION_EN": "Ming Tak Car Park", "ADDRESS_EN": "Ming Tak Shopping Centre, 10 Pui Shing Lane, Tseung Kwan O, New Territories", "NAME_OF_DISTRICT_COUNCIL_DISTRICT_TC": "西貢區", "LOCATION_TC": "明德停車場", "ADDRESS_TC": "新界將軍澳培成里10號明德商場", "NAME_OF_DISTRICT_COUNCIL_DISTRICT_SC": "西贡区", "LOCATION_SC": "明德停车场", "ADDRESS_SC": "新界将军澳培成里10号明德商场", "STANDARD_BS1363_no": "0", "MEDIUM_CCS_DC_COMBO_no": "0", "MEDIUM_IEC62196_no": "0", "MEDIUM_SAEJ1772_no": "0", "MEDIUM_GB_T20234_2_AC__no": "0", "MEDIUM_OTHERS_no": "0", "QUICK_CHAdeMO_no": "0", "QUICK_CCS_DC_COMBO_no": "4", "QUICK_IEC62196_no": "0", "QUICK_GB_T20234_3_DC__no": "0", "QUICK_OTHERS_no": "0", "FAST_CHAdeMO_no": "0", "FAST_CCS_DC_COMBO_no": "0", "FAST_GB_T20234_3_DC__no": "0", "FAST_OTHERS_no": "0", "REMARK_FOR__OTHERS_": "-", "DATA_PATH": "https://ev-charger.epd.gov.hk/resource/ev_charger_avail/evca_ver_1_0.json", "OBJECTID": 262, "total_chargers": 4 }, "geometry": { "type": "Point", "coordinates": [ 114.268606, 22.316521 ] } },
{ "type": "Feature", "properties": { "GmlID": "geotagging.263", "NAME_OF_DISTRICT_COUNCIL_DISTRICT_EN": "Kwun Tong", "LOCATION_EN": "Two Harbour Square", "ADDRESS_EN": "WAI YIP STREET", "NAME_OF_DISTRICT_COUNCIL_DISTRICT_TC": "觀塘區", "LOCATION_TC": "二號海港廣場", "ADDRESS_TC": "偉業街", "NAME_OF_DISTRICT_COUNCIL_DISTRICT_SC": "观塘区", "LOCATION_SC": "二号海港广场", "ADDRESS_SC": "伟业街", "STANDARD_BS1363_no": "0", "MEDIUM_CCS_DC_COMBO_no": "0", "MEDIUM_IEC62196_no": "10", "MEDIUM_SAEJ1772_no": "0", "MEDIUM_GB_T20234_2_AC__no": "0", "MEDIUM_OTHERS_no": "0", "QUICK_CHAdeMO_no": "0", "QUICK_CCS_DC_COMBO_no": "0", "QUICK_IEC62196_no": "0", "QUICK_GB_T20234_3_DC__no": "0", "QUICK_OTHERS_no": "0", "FAST_CHAdeMO_no": "0", "FAST_CCS_DC_COMBO_no": "0", "FAST_GB_T20234_3_DC__no": "0", "FAST_OTHERS_no": "0", "REMARK_FOR__OTHERS_": "-", "DATA_PATH": "-", "OBJECTID": 263, "total_chargers": 10 }, "geometry": { "type": "Point", "coordinates": [ 114.221232, 22.309629 ] } },
{ "type": "Feature", "properties": { "GmlID": "geotagging.264", "NAME_OF_DISTRICT_COUNCIL_DISTRICT_EN": "Southern", "LOCATION_EN": "TIN WAN ESTATE CAR PARK", "ADDRESS_EN": "TIN WAN STREET, SOUTHERN", "NAME_OF_DISTRICT_COUNCIL_DISTRICT_TC": "南區", "LOCATION_TC": "田灣邨多層停車場", "ADDRESS_TC": "南區 田灣街", "NAME_OF_DISTRICT_COUNCIL_DISTRICT_SC": "南区", "LOCATION_SC": "田湾邨多层停车场", "ADDRESS_SC": "南区 田湾街", "STANDARD_BS1363_no": "0", "MEDIUM_CCS_DC_COMBO_no": "0", "MEDIUM_IEC62196_no": "11", "MEDIUM_SAEJ1772_no": "0", "MEDIUM_GB_T20234_2_AC__no": "0", "MEDIUM_OTHERS_no": "0", "QUICK_CHAdeMO_no": "0", "QUICK_CCS_DC_COMBO_no": "4", "QUICK_IEC62196_no": "0", "QUICK_GB_T20234_3_DC__no": "0", "QUICK_OTHERS_no": "0", "FAST_CHAdeMO_no": "0", "FAST_CCS_DC_COMBO_no": "0", "FAST_GB_T20234_3_DC__no": "0", "FAST_OTHERS_no": "0", "REMARK_FOR__OTHERS_": "-", "DATA_PATH": "-", "OBJECTID": 264, "total_chargers": 15 }, "geometry": { "type": "Point", "coordinates": [ 114.149445, 22.250619 ] } },
{ "type": "Feature", "properties": { "GmlID": "geotagging.265", "NAME_OF_DISTRICT_COUNCIL_DISTRICT_EN": "Kwai Tsing", "LOCATION_EN": "Gateway TS", "ADDRESS_EN": "CHEUNG FAI ROAD, KWAI TSING", "NAME_OF_DISTRICT_COUNCIL_DISTRICT_TC": "葵青區", "LOCATION_TC": "橋滙", "ADDRESS_TC": "葵青 長輝路", "NAME_OF_DISTRICT_COUNCIL_DISTRICT_SC": "葵青区", "LOCATION_SC": "桥汇", "ADDRESS_SC": "葵青 长辉路", "STANDARD_BS1363_no": "0", "MEDIUM_CCS_DC_COMBO_no": "0", "MEDIUM_IEC62196_no": "0", "MEDIUM_SAEJ1772_no": "0", "MEDIUM_GB_T20234_2_AC__no": "0", "MEDIUM_OTHERS_no": "0", "QUICK_CHAdeMO_no": "0", "QUICK_CCS_DC_COMBO_no": "0", "QUICK_IEC62196_no": "6", "QUICK_GB_T20234_3_DC__no": "0", "QUICK_OTHERS_no": "0", "FAST_CHAdeMO_no": "0", "FAST_CCS_DC_COMBO_no": "0", "FAST_GB_T20234_3_DC__no": "0", "FAST_OTHERS_no": "0", "REMARK_FOR__OTHERS_": "-", "DATA_PATH": "https://ev-charger.epd.gov.hk/resource/ev_charger_avail/evca_ver_1_0.json", "OBJECTID": 265, "total_chargers": 6 }, "geometry": { "type": "Point", "coordinates": [ 114.109718, 22.351652 ] } },
{ "type": "Feature", "properties": { "GmlID": "geotagging.266", "NAME_OF_DISTRICT_COUNCIL_DISTRICT_EN": "Kowloon City", "LOCATION_EN": "Kerry Hotel Hong Kong", "ADDRESS_EN": "HUNG LUEN ROAD, KOWLOON CITY", "NAME_OF_DISTRICT_COUNCIL_DISTRICT_TC": "九龍城區", "LOCATION_TC": "香港嘉里大酒店", "ADDRESS_TC": "九龍城 紅鸞道", "NAME_OF_DISTRICT_COUNCIL_DISTRICT_SC": "九龙城区", "LOCATION_SC": "香港嘉里大酒店", "ADDRESS_SC": "九龙城 红鸞道", "STANDARD_BS1363_no": "0", "MEDIUM_CCS_DC_COMBO_no": "0", "MEDIUM_IEC62196_no": "6", "MEDIUM_SAEJ1772_no": "0", "MEDIUM_GB_T20234_2_AC__no": "0", "MEDIUM_OTHERS_no": "0", "QUICK_CHAdeMO_no": "0", "QUICK_CCS_DC_COMBO_no": "0", "QUICK_IEC62196_no": "0", "QUICK_GB_T20234_3_DC__no": "0", "QUICK_OTHERS_no": "0", "FAST_CHAdeMO_no": "0", "FAST_CCS_DC_COMBO_no": "0", "FAST_GB_T20234_3_DC__no": "0", "FAST_OTHERS_no": "0", "REMARK_FOR__OTHERS_": "-", "DATA_PATH": "-", "OBJECTID": 266, "total_chargers": 6 }, "geometry": { "type": "Point", "coordinates": [ 114.188491, 22.301527 ] } },
{ "type": "Feature", "properties": { "GmlID": "geotagging.267", "NAME_OF_DISTRICT_COUNCIL_DISTRICT_EN": "Yau Tsim Mong", "LOCATION_EN": "HONG KONG SCOUT HEADQUARTERS", "ADDRESS_EN": "AUSTIN ROAD, YAU TSIM MONG", "NAME_OF_DISTRICT_COUNCIL_DISTRICT_TC": "油尖旺區", "LOCATION_TC": "香港童軍中心", "ADDRESS_TC": "油尖旺 柯士甸道", "NAME_OF_DISTRICT_COUNCIL_DISTRICT_SC": "油尖旺区", "LOCATION_SC": "香港童军中心", "ADDRESS_SC": "油尖旺 柯士甸道", "STANDARD_BS1363_no": "0", "MEDIUM_CCS_DC_COMBO_no": "0", "MEDIUM_IEC62196_no": "8", "MEDIUM_SAEJ1772_no": "0", "MEDIUM_GB_T20234_2_AC__no": "0", "MEDIUM_OTHERS_no": "0", "QUICK_CHAdeMO_no": "0", "QUICK_CCS_DC_COMBO_no": "18", "QUICK_IEC62196_no": "0", "QUICK_GB_T20234_3_DC__no": "0", "QUICK_OTHERS_no": "0", "FAST_CHAdeMO_no": "0", "FAST_CCS_DC_COMBO_no": "0", "FAST_GB_T20234_3_DC__no": "0", "FAST_OTHERS_no": "0", "REMARK_FOR__OTHERS_": "-", "DATA_PATH": "https://ev-charger.epd.gov.hk/resource/ev_charger_avail/evca_ver_1_0.json", "OBJECTID": 267, "total_chargers": 26 }, "geometry": { "type": "Point", "coordinates": [ 114.169392, 22.302711 ] } },
{ "type": "Feature", "properties": { "GmlID": "geotagging.268", "NAME_OF_DISTRICT_COUNCIL_DISTRICT_EN": "Eastern", "LOCATION_EN": "HEALTHY GARDENS", "ADDRESS_EN": "KING'S ROAD, EASTERN", "NAME_OF_DISTRICT_COUNCIL_DISTRICT_TC": "東區", "LOCATION_TC": "健威花園", "ADDRESS_TC": "東區 英皇道", "NAME_OF_DISTRICT_COUNCIL_DISTRICT_SC": "东区", "LOCATION_SC": "健威花园", "ADDRESS_SC": "东区 英皇道", "STANDARD_BS1363_no": "0", "MEDIUM_CCS_DC_COMBO_no": "0", "MEDIUM_IEC62196_no": "18", "MEDIUM_SAEJ1772_no": "0", "MEDIUM_GB_T20234_2_AC__no": "0", "MEDIUM_OTHERS_no": "0", "QUICK_CHAdeMO_no": "0", "QUICK_CCS_DC_COMBO_no": "0", "QUICK_IEC62196_no": "0", "QUICK_GB_T20234_3_DC__no": "0", "QUICK_OTHERS_no": "0", "FAST_CHAdeMO_no": "0", "FAST_CCS_DC_COMBO_no": "0", "FAST_GB_T20234_3_DC__no": "0", "FAST_OTHERS_no": "0", "REMARK_FOR__OTHERS_": "-", "DATA_PATH": "-", "OBJECTID": 268, "total_chargers": 18 }, "geometry": { "type": "Point", "coordinates": [ 114.203318, 22.291493 ] } },
{ "type": "Feature", "properties": { "GmlID": "geotagging.269", "NAME_OF_DISTRICT_COUNCIL_DISTRICT_EN": "Sai Kung", "LOCATION_EN": "Park Central Shopping Arcade", "ADDRESS_EN": "TONG TAK STREET, SAI KUNG", "NAME_OF_DISTRICT_COUNCIL_DISTRICT_TC": "西貢區", "LOCATION_TC": "將軍澳中心(商業中心)(第一及第二期)", "ADDRESS_TC": "西貢 唐德街", "NAME_OF_DISTRICT_COUNCIL_DISTRICT_SC": "西贡区", "LOCATION_SC": "将军澳中心(商业中心)(第一及第二期)", "ADDRESS_SC": "西贡 唐德街", "STANDARD_BS1363_no": "9", "MEDIUM_CCS_DC_COMBO_no": "0", "MEDIUM_IEC62196_no": "12", "MEDIUM_SAEJ1772_no": "0", "MEDIUM_GB_T20234_2_AC__no": "0", "MEDIUM_OTHERS_no": "0", "QUICK_CHAdeMO_no": "0", "QUICK_CCS_DC_COMBO_no": "8", "QUICK_IEC62196_no": "0", "QUICK_GB_T20234_3_DC__no": "0", "QUICK_OTHERS_no": "0", "FAST_CHAdeMO_no": "0", "FAST_CCS_DC_COMBO_no": "0", "FAST_GB_T20234_3_DC__no": "0", "FAST_OTHERS_no": "0", "REMARK_FOR__OTHERS_": "-", "DATA_PATH": "-", "OBJECTID": 269, "total_chargers": 29 }, "geometry": { "type": "Point", "coordinates": [ 114.257863, 22.307558 ] } },
{ "type": "Feature", "properties": { "GmlID": "geotagging.270", "NAME_OF_DISTRICT_COUNCIL_DISTRICT_EN": "Sai Kung", "LOCATION_EN": "Monterey", "ADDRESS_EN": "TONG CHUN STREET, SAI KUNG", "NAME_OF_DISTRICT_COUNCIL_DISTRICT_TC": "西貢區", "LOCATION_TC": "Monterey", "ADDRESS_TC": "西貢 唐俊街", "NAME_OF_DISTRICT_COUNCIL_DISTRICT_SC": "西贡区", "LOCATION_SC": "Monterey", "ADDRESS_SC": "西贡 唐俊街", "STANDARD_BS1363_no": "0", "MEDIUM_CCS_DC_COMBO_no": "0", "MEDIUM_IEC62196_no": "0", "MEDIUM_SAEJ1772_no": "0", "MEDIUM_GB_T20234_2_AC__no": "0", "MEDIUM_OTHERS_no": "0", "QUICK_CHAdeMO_no": "2", "QUICK_CCS_DC_COMBO_no": "4", "QUICK_IEC62196_no": "2", "QUICK_GB_T20234_3_DC__no": "0", "QUICK_OTHERS_no": "0", "FAST_CHAdeMO_no": "0", "FAST_CCS_DC_COMBO_no": "0", "FAST_GB_T20234_3_DC__no": "0", "FAST_OTHERS_no": "0", "REMARK_FOR__OTHERS_": "-", "DATA_PATH": "https://ev-charger.epd.gov.hk/resource/ev_charger_avail/evca_ver_1_0.json", "OBJECTID": 270, "total_chargers": 8 }, "geometry": { "type": "Point", "coordinates": [ 114.262668, 22.302589 ] } },
{ "type": "Feature", "properties": { "GmlID": "geotagging.271", "NAME_OF_DISTRICT_COUNCIL_DISTRICT_EN": "Kwun Tong", "LOCATION_EN": "PROFICIENT INDUSTRIAL CENTRE", "ADDRESS_EN": "WANG KWUN ROAD, KWUN TONG", "NAME_OF_DISTRICT_COUNCIL_DISTRICT_TC": "觀塘區", "LOCATION_TC": "鴻力工業中心", "ADDRESS_TC": "觀塘 宏冠道", "NAME_OF_DISTRICT_COUNCIL_DISTRICT_SC": "观塘区", "LOCATION_SC": "鸿力工业中心", "ADDRESS_SC": "观塘 宏冠道", "STANDARD_BS1363_no": "1", "MEDIUM_CCS_DC_COMBO_no": "0", "MEDIUM_IEC62196_no": "0", "MEDIUM_SAEJ1772_no": "0", "MEDIUM_GB_T20234_2_AC__no": "0", "MEDIUM_OTHERS_no": "0", "QUICK_CHAdeMO_no": "0", "QUICK_CCS_DC_COMBO_no": "0", "QUICK_IEC62196_no": "0", "QUICK_GB_T20234_3_DC__no": "0", "QUICK_OTHERS_no": "0", "FAST_CHAdeMO_no": "0", "FAST_CCS_DC_COMBO_no": "0", "FAST_GB_T20234_3_DC__no": "0", "FAST_OTHERS_no": "0", "REMARK_FOR__OTHERS_": "-", "DATA_PATH": "-", "OBJECTID": 271, "total_chargers": 1 }, "geometry": { "type": "Point", "coordinates": [ 114.208565, 22.322594 ] } },
{ "type": "Feature", "properties": { "GmlID": "geotagging.272", "NAME_OF_DISTRICT_COUNCIL_DISTRICT_EN": "Central & Western", "LOCATION_EN": "MAN YEE BUILDING", "ADDRESS_EN": "DES VOEUX ROAD CENTRAL, CENTRAL & WESTERN", "NAME_OF_DISTRICT_COUNCIL_DISTRICT_TC": "中西區", "LOCATION_TC": "萬宜大廈", "ADDRESS_TC": "中西區 德輔道中", "NAME_OF_DISTRICT_COUNCIL_DISTRICT_SC": "中西区", "LOCATION_SC": "万宜大厦", "ADDRESS_SC": "中西区 德辅道中", "STANDARD_BS1363_no": "0", "MEDIUM_CCS_DC_COMBO_no": "0", "MEDIUM_IEC62196_no": "0", "MEDIUM_SAEJ1772_no": "0", "MEDIUM_GB_T20234_2_AC__no": "0", "MEDIUM_OTHERS_no": "0", "QUICK_CHAdeMO_no": "1", "QUICK_CCS_DC_COMBO_no": "1", "QUICK_IEC62196_no": "0", "QUICK_GB_T20234_3_DC__no": "0", "QUICK_OTHERS_no": "0", "FAST_CHAdeMO_no": "0", "FAST_CCS_DC_COMBO_no": "0", "FAST_GB_T20234_3_DC__no": "0", "FAST_OTHERS_no": "0", "REMARK_FOR__OTHERS_": "-", "DATA_PATH": "https://ev-charger.epd.gov.hk/resource/ev_charger_avail/evca_ver_1_0.json", "OBJECTID": 272, "total_chargers": 2 }, "geometry": { "type": "Point", "coordinates": [ 114.156148, 22.283656 ] } },
{ "type": "Feature", "properties": { "GmlID": "geotagging.273", "NAME_OF_DISTRICT_COUNCIL_DISTRICT_EN": "North", "LOCATION_EN": "LANDMARK NORTH", "ADDRESS_EN": "LUNG SUM AVENUE, NORTH", "NAME_OF_DISTRICT_COUNCIL_DISTRICT_TC": "北區", "LOCATION_TC": "上水廣場", "ADDRESS_TC": "北區 龍琛路", "NAME_OF_DISTRICT_COUNCIL_DISTRICT_SC": "北区", "LOCATION_SC": "上水广场", "ADDRESS_SC": "北区 龙琛路", "STANDARD_BS1363_no": "0", "MEDIUM_CCS_DC_COMBO_no": "0", "MEDIUM_IEC62196_no": "0", "MEDIUM_SAEJ1772_no": "0", "MEDIUM_GB_T20234_2_AC__no": "0", "MEDIUM_OTHERS_no": "0", "QUICK_CHAdeMO_no": "0", "QUICK_CCS_DC_COMBO_no": "8", "QUICK_IEC62196_no": "0", "QUICK_GB_T20234_3_DC__no": "0", "QUICK_OTHERS_no": "0", "FAST_CHAdeMO_no": "0", "FAST_CCS_DC_COMBO_no": "0", "FAST_GB_T20234_3_DC__no": "0", "FAST_OTHERS_no": "0", "REMARK_FOR__OTHERS_": "-", "DATA_PATH": "-", "OBJECTID": 273, "total_chargers": 8 }, "geometry": { "type": "Point", "coordinates": [ 114.12774, 22.50259 ] } },
{ "type": "Feature", "properties": { "GmlID": "geotagging.274", "NAME_OF_DISTRICT_COUNCIL_DISTRICT_EN": "Sai Kung", "LOCATION_EN": "THE PINNACLE", "ADDRESS_EN": "WAN HANG ROAD, SAI KUNG", "NAME_OF_DISTRICT_COUNCIL_DISTRICT_TC": "西貢區", "LOCATION_TC": "疊翠軒", "ADDRESS_TC": "西貢 運亨路", "NAME_OF_DISTRICT_COUNCIL_DISTRICT_SC": "西贡区", "LOCATION_SC": "叠翠轩", "ADDRESS_SC": "西贡 运亨路", "STANDARD_BS1363_no": "0", "MEDIUM_CCS_DC_COMBO_no": "0", "MEDIUM_IEC62196_no": "6", "MEDIUM_SAEJ1772_no": "0", "MEDIUM_GB_T20234_2_AC__no": "0", "MEDIUM_OTHERS_no": "0", "QUICK_CHAdeMO_no": "0", "QUICK_CCS_DC_COMBO_no": "0", "QUICK_IEC62196_no": "0", "QUICK_GB_T20234_3_DC__no": "0", "QUICK_OTHERS_no": "0", "FAST_CHAdeMO_no": "0", "FAST_CCS_DC_COMBO_no": "0", "FAST_GB_T20234_3_DC__no": "0", "FAST_OTHERS_no": "0", "REMARK_FOR__OTHERS_": "-", "DATA_PATH": "-", "OBJECTID": 274, "total_chargers": 6 }, "geometry": { "type": "Point", "coordinates": [ 114.258163, 22.32049 ] } },
{ "type": "Feature", "properties": { "GmlID": "geotagging.275", "NAME_OF_DISTRICT_COUNCIL_DISTRICT_EN": "Sai Kung", "LOCATION_EN": "Savannah", "ADDRESS_EN": "CHI SHIN STREET, SAI KUNG", "NAME_OF_DISTRICT_COUNCIL_DISTRICT_TC": "西貢區", "LOCATION_TC": "Savannah", "ADDRESS_TC": "西貢 至善街", "NAME_OF_DISTRICT_COUNCIL_DISTRICT_SC": "西贡区", "LOCATION_SC": "Savannah", "ADDRESS_SC": "西贡 至善街", "STANDARD_BS1363_no": "0", "MEDIUM_CCS_DC_COMBO_no": "0", "MEDIUM_IEC62196_no": "0", "MEDIUM_SAEJ1772_no": "0", "MEDIUM_GB_T20234_2_AC__no": "0", "MEDIUM_OTHERS_no": "0", "QUICK_CHAdeMO_no": "0", "QUICK_CCS_DC_COMBO_no": "0", "QUICK_IEC62196_no": "3", "QUICK_GB_T20234_3_DC__no": "0", "QUICK_OTHERS_no": "0", "FAST_CHAdeMO_no": "0", "FAST_CCS_DC_COMBO_no": "0", "FAST_GB_T20234_3_DC__no": "0", "FAST_OTHERS_no": "0", "REMARK_FOR__OTHERS_": "-", "DATA_PATH": "https://ev-charger.epd.gov.hk/resource/ev_charger_avail/evca_ver_1_0.json", "OBJECTID": 275, "total_chargers": 3 }, "geometry": { "type": "Point", "coordinates": [ 114.264408, 22.305556 ] } },
{ "type": "Feature", "properties": { "GmlID": "geotagging.276", "NAME_OF_DISTRICT_COUNCIL_DISTRICT_EN": "Wan Chai", "LOCATION_EN": "SHUI ON CENTRE", "ADDRESS_EN": "6-8, Harbour Road, Wanchai", "NAME_OF_DISTRICT_COUNCIL_DISTRICT_TC": "灣仔區", "LOCATION_TC": "瑞安中心", "ADDRESS_TC": "灣仔 港灣道 6-8號", "NAME_OF_DISTRICT_COUNCIL_DISTRICT_SC": "湾仔区", "LOCATION_SC": "瑞安中心", "ADDRESS_SC": "湾仔 港湾道 6-8号", "STANDARD_BS1363_no": "0", "MEDIUM_CCS_DC_COMBO_no": "0", "MEDIUM_IEC62196_no": "1", "MEDIUM_SAEJ1772_no": "0", "MEDIUM_GB_T20234_2_AC__no": "0", "MEDIUM_OTHERS_no": "0", "QUICK_CHAdeMO_no": "0", "QUICK_CCS_DC_COMBO_no": "1", "QUICK_IEC62196_no": "0", "QUICK_GB_T20234_3_DC__no": "0", "QUICK_OTHERS_no": "0", "FAST_CHAdeMO_no": "0", "FAST_CCS_DC_COMBO_no": "0", "FAST_GB_T20234_3_DC__no": "0", "FAST_OTHERS_no": "0", "REMARK_FOR__OTHERS_": "-", "DATA_PATH": "-", "OBJECTID": 276, "total_chargers": 2 }, "geometry": { "type": "Point", "coordinates": [ 114.171654, 22.280207 ] } },
{ "type": "Feature", "properties": { "GmlID": "geotagging.277", "NAME_OF_DISTRICT_COUNCIL_DISTRICT_EN": "Kwai Tsing", "LOCATION_EN": "ON YAM ESTATE", "ADDRESS_EN": "ON CHIT STREET, KWAI TSING", "NAME_OF_DISTRICT_COUNCIL_DISTRICT_TC": "葵青區", "LOCATION_TC": "安蔭邨", "ADDRESS_TC": "葵青 安捷街", "NAME_OF_DISTRICT_COUNCIL_DISTRICT_SC": "葵青区", "LOCATION_SC": "安荫邨", "ADDRESS_SC": "葵青 安捷街", "STANDARD_BS1363_no": "0", "MEDIUM_CCS_DC_COMBO_no": "0", "MEDIUM_IEC62196_no": "6", "MEDIUM_SAEJ1772_no": "0", "MEDIUM_GB_T20234_2_AC__no": "0", "MEDIUM_OTHERS_no": "0", "QUICK_CHAdeMO_no": "0", "QUICK_CCS_DC_COMBO_no": "4", "QUICK_IEC62196_no": "0", "QUICK_GB_T20234_3_DC__no": "0", "QUICK_OTHERS_no": "0", "FAST_CHAdeMO_no": "0", "FAST_CCS_DC_COMBO_no": "0", "FAST_GB_T20234_3_DC__no": "0", "FAST_OTHERS_no": "0", "REMARK_FOR__OTHERS_": "-", "DATA_PATH": "-", "OBJECTID": 277, "total_chargers": 10 }, "geometry": { "type": "Point", "coordinates": [ 114.14159, 22.371232 ] } },
{ "type": "Feature", "properties": { "GmlID": "geotagging.278", "NAME_OF_DISTRICT_COUNCIL_DISTRICT_EN": "Tsuen Wan", "LOCATION_EN": "BO SHEK MANSION", "ADDRESS_EN": "SHA TSUI ROAD, TSUEN WAN", "NAME_OF_DISTRICT_COUNCIL_DISTRICT_TC": "荃灣區", "LOCATION_TC": "寶石大廈", "ADDRESS_TC": "荃灣 沙咀道", "NAME_OF_DISTRICT_COUNCIL_DISTRICT_SC": "荃湾区", "LOCATION_SC": "宝石大厦", "ADDRESS_SC": "荃湾 沙咀道", "STANDARD_BS1363_no": "1", "MEDIUM_CCS_DC_COMBO_no": "0", "MEDIUM_IEC62196_no": "2", "MEDIUM_SAEJ1772_no": "0", "MEDIUM_GB_T20234_2_AC__no": "0", "MEDIUM_OTHERS_no": "0", "QUICK_CHAdeMO_no": "0", "QUICK_CCS_DC_COMBO_no": "0", "QUICK_IEC62196_no": "0", "QUICK_GB_T20234_3_DC__no": "0", "QUICK_OTHERS_no": "0", "FAST_CHAdeMO_no": "0", "FAST_CCS_DC_COMBO_no": "0", "FAST_GB_T20234_3_DC__no": "0", "FAST_OTHERS_no": "0", "REMARK_FOR__OTHERS_": "-", "DATA_PATH": "-", "OBJECTID": 278, "total_chargers": 3 }, "geometry": { "type": "Point", "coordinates": [ 114.117948, 22.368579 ] } },
{ "type": "Feature", "properties": { "GmlID": "geotagging.279", "NAME_OF_DISTRICT_COUNCIL_DISTRICT_EN": "Kwai Tsing", "LOCATION_EN": "Hang King Garden", "ADDRESS_EN": "WING FONG ROAD, KWAI TSING", "NAME_OF_DISTRICT_COUNCIL_DISTRICT_TC": "葵青區", "LOCATION_TC": "恒景花園", "ADDRESS_TC": "葵青 榮芳路", "NAME_OF_DISTRICT_COUNCIL_DISTRICT_SC": "葵青区", "LOCATION_SC": "恒景花园", "ADDRESS_SC": "葵青 荣芳路", "STANDARD_BS1363_no": "0", "MEDIUM_CCS_DC_COMBO_no": "0", "MEDIUM_IEC62196_no": "0", "MEDIUM_SAEJ1772_no": "0", "MEDIUM_GB_T20234_2_AC__no": "0", "MEDIUM_OTHERS_no": "0", "QUICK_CHAdeMO_no": "0", "QUICK_CCS_DC_COMBO_no": "2", "QUICK_IEC62196_no": "0", "QUICK_GB_T20234_3_DC__no": "0", "QUICK_OTHERS_no": "0", "FAST_CHAdeMO_no": "0", "FAST_CCS_DC_COMBO_no": "0", "FAST_GB_T20234_3_DC__no": "0", "FAST_OTHERS_no": "0", "REMARK_FOR__OTHERS_": "-", "DATA_PATH": "-", "OBJECTID": 279, "total_chargers": 2 }, "geometry": { "type": "Point", "coordinates": [ 114.127608, 22.360492 ] } },
{ "type": "Feature", "properties": { "GmlID": "geotagging.280", "NAME_OF_DISTRICT_COUNCIL_DISTRICT_EN": "Yuen Long", "LOCATION_EN": "Park Signature", "ADDRESS_EN": "KUNG UM ROAD, YUEN LONG", "NAME_OF_DISTRICT_COUNCIL_DISTRICT_TC": "元朗區", "LOCATION_TC": "溱柏", "ADDRESS_TC": "元朗 公庵路", "NAME_OF_DISTRICT_COUNCIL_DISTRICT_SC": "元朗区", "LOCATION_SC": "溱柏", "ADDRESS_SC": "元朗 公庵路", "STANDARD_BS1363_no": "0", "MEDIUM_CCS_DC_COMBO_no": "0", "MEDIUM_IEC62196_no": "3", "MEDIUM_SAEJ1772_no": "0", "MEDIUM_GB_T20234_2_AC__no": "0", "MEDIUM_OTHERS_no": "0", "QUICK_CHAdeMO_no": "0", "QUICK_CCS_DC_COMBO_no": "0", "QUICK_IEC62196_no": "0", "QUICK_GB_T20234_3_DC__no": "0", "QUICK_OTHERS_no": "0", "FAST_CHAdeMO_no": "0", "FAST_CCS_DC_COMBO_no": "0", "FAST_GB_T20234_3_DC__no": "0", "FAST_OTHERS_no": "0", "REMARK_FOR__OTHERS_": "-", "DATA_PATH": "-", "OBJECTID": 280, "total_chargers": 3 }, "geometry": { "type": "Point", "coordinates": [ 114.024482, 22.436205 ] } },
{ "type": "Feature", "properties": { "GmlID": "geotagging.281", "NAME_OF_DISTRICT_COUNCIL_DISTRICT_EN": "Yau Tsim Mong", "LOCATION_EN": "AUTO PLAZA", "ADDRESS_EN": "MODY ROAD, YAU TSIM MONG", "NAME_OF_DISTRICT_COUNCIL_DISTRICT_TC": "油尖旺區", "LOCATION_TC": "安達中心", "ADDRESS_TC": "油尖旺 麼地道", "NAME_OF_DISTRICT_COUNCIL_DISTRICT_SC": "油尖旺区", "LOCATION_SC": "安达中心", "ADDRESS_SC": "油尖旺 么地道", "STANDARD_BS1363_no": "0", "MEDIUM_CCS_DC_COMBO_no": "0", "MEDIUM_IEC62196_no": "4", "MEDIUM_SAEJ1772_no": "0", "MEDIUM_GB_T20234_2_AC__no": "0", "MEDIUM_OTHERS_no": "0", "QUICK_CHAdeMO_no": "0", "QUICK_CCS_DC_COMBO_no": "0", "QUICK_IEC62196_no": "0", "QUICK_GB_T20234_3_DC__no": "0", "QUICK_OTHERS_no": "0", "FAST_CHAdeMO_no": "0", "FAST_CCS_DC_COMBO_no": "0", "FAST_GB_T20234_3_DC__no": "0", "FAST_OTHERS_no": "0", "REMARK_FOR__OTHERS_": "-", "DATA_PATH": "-", "OBJECTID": 281, "total_chargers": 4 }, "geometry": { "type": "Point", "coordinates": [ 114.17637, 22.298666 ] } },
{ "type": "Feature", "properties": { "GmlID": "geotagging.282", "NAME_OF_DISTRICT_COUNCIL_DISTRICT_EN": "Yau Tsim Mong", "LOCATION_EN": "The One", "ADDRESS_EN": "NATHAN ROAD, YAU TSIM MONG", "NAME_OF_DISTRICT_COUNCIL_DISTRICT_TC": "油尖旺區", "LOCATION_TC": "The One", "ADDRESS_TC": "油尖旺 彌敦道", "NAME_OF_DISTRICT_COUNCIL_DISTRICT_SC": "油尖旺区", "LOCATION_SC": "The One", "ADDRESS_SC": "油尖旺 弥敦道", "STANDARD_BS1363_no": "0", "MEDIUM_CCS_DC_COMBO_no": "0", "MEDIUM_IEC62196_no": "6", "MEDIUM_SAEJ1772_no": "0", "MEDIUM_GB_T20234_2_AC__no": "0", "MEDIUM_OTHERS_no": "0", "QUICK_CHAdeMO_no": "0", "QUICK_CCS_DC_COMBO_no": "0", "QUICK_IEC62196_no": "0", "QUICK_GB_T20234_3_DC__no": "0", "QUICK_OTHERS_no": "0", "FAST_CHAdeMO_no": "0", "FAST_CCS_DC_COMBO_no": "0", "FAST_GB_T20234_3_DC__no": "0", "FAST_OTHERS_no": "0", "REMARK_FOR__OTHERS_": "-", "DATA_PATH": "-", "OBJECTID": 282, "total_chargers": 6 }, "geometry": { "type": "Point", "coordinates": [ 114.172853, 22.299909 ] } },
{ "type": "Feature", "properties": { "GmlID": "geotagging.283", "NAME_OF_DISTRICT_COUNCIL_DISTRICT_EN": "Yau Tsim Mong", "LOCATION_EN": "ONE PEKING", "ADDRESS_EN": "PEKING ROAD, YAU TSIM MONG", "NAME_OF_DISTRICT_COUNCIL_DISTRICT_TC": "油尖旺區", "LOCATION_TC": "北京道1號", "ADDRESS_TC": "油尖旺 北京道", "NAME_OF_DISTRICT_COUNCIL_DISTRICT_SC": "油尖旺区", "LOCATION_SC": "北京道1号", "ADDRESS_SC": "油尖旺 北京道", "STANDARD_BS1363_no": "0", "MEDIUM_CCS_DC_COMBO_no": "0", "MEDIUM_IEC62196_no": "1", "MEDIUM_SAEJ1772_no": "0", "MEDIUM_GB_T20234_2_AC__no": "0", "MEDIUM_OTHERS_no": "0", "QUICK_CHAdeMO_no": "0", "QUICK_CCS_DC_COMBO_no": "0", "QUICK_IEC62196_no": "0", "QUICK_GB_T20234_3_DC__no": "0", "QUICK_OTHERS_no": "0", "FAST_CHAdeMO_no": "0", "FAST_CCS_DC_COMBO_no": "0", "FAST_GB_T20234_3_DC__no": "0", "FAST_OTHERS_no": "0", "REMARK_FOR__OTHERS_": "-", "DATA_PATH": "-", "OBJECTID": 283, "total_chargers": 1 }, "geometry": { "type": "Point", "coordinates": [ 114.16976, 22.296017 ] } },
{ "type": "Feature", "properties": { "GmlID": "geotagging.284", "NAME_OF_DISTRICT_COUNCIL_DISTRICT_EN": "Eastern", "LOCATION_EN": "Trend Centre", "ADDRESS_EN": "CHEUNG LEE STREET, EASTERN", "NAME_OF_DISTRICT_COUNCIL_DISTRICT_TC": "東區", "LOCATION_TC": "國貿中心", "ADDRESS_TC": "東區 祥利街", "NAME_OF_DISTRICT_COUNCIL_DISTRICT_SC": "东区", "LOCATION_SC": "国贸中心", "ADDRESS_SC": "东区 祥利街", "STANDARD_BS1363_no": "1", "MEDIUM_CCS_DC_COMBO_no": "0", "MEDIUM_IEC62196_no": "0", "MEDIUM_SAEJ1772_no": "0", "MEDIUM_GB_T20234_2_AC__no": "0", "MEDIUM_OTHERS_no": "0", "QUICK_CHAdeMO_no": "0", "QUICK_CCS_DC_COMBO_no": "0", "QUICK_IEC62196_no": "0", "QUICK_GB_T20234_3_DC__no": "0", "QUICK_OTHERS_no": "0", "FAST_CHAdeMO_no": "0", "FAST_CCS_DC_COMBO_no": "0", "FAST_GB_T20234_3_DC__no": "0", "FAST_OTHERS_no": "0", "REMARK_FOR__OTHERS_": "-", "DATA_PATH": "-", "OBJECTID": 284, "total_chargers": 1 }, "geometry": { "type": "Point", "coordinates": [ 114.235321, 22.265359 ] } },
{ "type": "Feature", "properties": { "GmlID": "geotagging.285", "NAME_OF_DISTRICT_COUNCIL_DISTRICT_EN": "Yuen Long", "LOCATION_EN": "FAIRVIEW PARK - TOWN CENTRE", "ADDRESS_EN": "GRINKGO ROAD, YUEN LONG", "NAME_OF_DISTRICT_COUNCIL_DISTRICT_TC": "元朗區", "LOCATION_TC": "錦綉花園市中心", "ADDRESS_TC": "元朗 銀杏路", "NAME_OF_DISTRICT_COUNCIL_DISTRICT_SC": "元朗区", "LOCATION_SC": "锦绣花园市中心", "ADDRESS_SC": "元朗 银杏路", "STANDARD_BS1363_no": "0", "MEDIUM_CCS_DC_COMBO_no": "0", "MEDIUM_IEC62196_no": "0", "MEDIUM_SAEJ1772_no": "0", "MEDIUM_GB_T20234_2_AC__no": "0", "MEDIUM_OTHERS_no": "0", "QUICK_CHAdeMO_no": "0", "QUICK_CCS_DC_COMBO_no": "4", "QUICK_IEC62196_no": "0", "QUICK_GB_T20234_3_DC__no": "0", "QUICK_OTHERS_no": "0", "FAST_CHAdeMO_no": "0", "FAST_CCS_DC_COMBO_no": "0", "FAST_GB_T20234_3_DC__no": "0", "FAST_OTHERS_no": "0", "REMARK_FOR__OTHERS_": "-", "DATA_PATH": "https://ev-charger.epd.gov.hk/resource/ev_charger_avail/evca_ver_1_0.json", "OBJECTID": 285, "total_chargers": 4 }, "geometry": { "type": "Point", "coordinates": [ 114.045969, 22.476315 ] } },
{ "type": "Feature", "properties": { "GmlID": "geotagging.286", "NAME_OF_DISTRICT_COUNCIL_DISTRICT_EN": "Eastern", "LOCATION_EN": "The Tanner Hill", "ADDRESS_EN": "TANNER ROAD, EASTERN", "NAME_OF_DISTRICT_COUNCIL_DISTRICT_TC": "東區", "LOCATION_TC": "雋悅", "ADDRESS_TC": "東區 丹拿道", "NAME_OF_DISTRICT_COUNCIL_DISTRICT_SC": "东区", "LOCATION_SC": "隽悦", "ADDRESS_SC": "东区 丹拿道", "STANDARD_BS1363_no": "0", "MEDIUM_CCS_DC_COMBO_no": "0", "MEDIUM_IEC62196_no": "1", "MEDIUM_SAEJ1772_no": "0", "MEDIUM_GB_T20234_2_AC__no": "0", "MEDIUM_OTHERS_no": "0", "QUICK_CHAdeMO_no": "0", "QUICK_CCS_DC_COMBO_no": "0", "QUICK_IEC62196_no": "0", "QUICK_GB_T20234_3_DC__no": "0", "QUICK_OTHERS_no": "0", "FAST_CHAdeMO_no": "0", "FAST_CCS_DC_COMBO_no": "0", "FAST_GB_T20234_3_DC__no": "0", "FAST_OTHERS_no": "0", "REMARK_FOR__OTHERS_": "-", "DATA_PATH": "-", "OBJECTID": 286, "total_chargers": 1 }, "geometry": { "type": "Point", "coordinates": [ 114.201134, 22.289873 ] } },
{ "type": "Feature", "properties": { "GmlID": "geotagging.287", "NAME_OF_DISTRICT_COUNCIL_DISTRICT_EN": "Wan Chai", "LOCATION_EN": "Olympic House A", "ADDRESS_EN": "STADIUM PATH, WAN CHAI", "NAME_OF_DISTRICT_COUNCIL_DISTRICT_TC": "灣仔區", "LOCATION_TC": "奧運大樓 A", "ADDRESS_TC": "灣仔 大球場徑", "NAME_OF_DISTRICT_COUNCIL_DISTRICT_SC": "湾仔区", "LOCATION_SC": "奥运大楼 A", "ADDRESS_SC": "湾仔 大球场径", "STANDARD_BS1363_no": "2", "MEDIUM_CCS_DC_COMBO_no": "0", "MEDIUM_IEC62196_no": "0", "MEDIUM_SAEJ1772_no": "0", "MEDIUM_GB_T20234_2_AC__no": "0", "MEDIUM_OTHERS_no": "0", "QUICK_CHAdeMO_no": "0", "QUICK_CCS_DC_COMBO_no": "0", "QUICK_IEC62196_no": "0", "QUICK_GB_T20234_3_DC__no": "0", "QUICK_OTHERS_no": "0", "FAST_CHAdeMO_no": "0", "FAST_CCS_DC_COMBO_no": "0", "FAST_GB_T20234_3_DC__no": "0", "FAST_OTHERS_no": "0", "REMARK_FOR__OTHERS_": "-", "DATA_PATH": "-", "OBJECTID": 287, "total_chargers": 2 }, "geometry": { "type": "Point", "coordinates": [ 114.187645, 22.273446 ] } },
{ "type": "Feature", "properties": { "GmlID": "geotagging.288", "NAME_OF_DISTRICT_COUNCIL_DISTRICT_EN": "Sha Tin", "LOCATION_EN": "ROYAL PARK HOTEL & NEW TOWN TOWER", "ADDRESS_EN": "PAK HOK TING STREET, SHATIN", "NAME_OF_DISTRICT_COUNCIL_DISTRICT_TC": "沙田區", "LOCATION_TC": "帝都酒店", "ADDRESS_TC": "沙田 白鶴汀街", "NAME_OF_DISTRICT_COUNCIL_DISTRICT_SC": "沙田区", "LOCATION_SC": "帝都酒店", "ADDRESS_SC": "沙田 白鹤汀街", "STANDARD_BS1363_no": "0", "MEDIUM_CCS_DC_COMBO_no": "0", "MEDIUM_IEC62196_no": "4", "MEDIUM_SAEJ1772_no": "0", "MEDIUM_GB_T20234_2_AC__no": "0", "MEDIUM_OTHERS_no": "0", "QUICK_CHAdeMO_no": "0", "QUICK_CCS_DC_COMBO_no": "0", "QUICK_IEC62196_no": "0", "QUICK_GB_T20234_3_DC__no": "0", "QUICK_OTHERS_no": "0", "FAST_CHAdeMO_no": "0", "FAST_CCS_DC_COMBO_no": "1", "FAST_GB_T20234_3_DC__no": "0", "FAST_OTHERS_no": "0", "REMARK_FOR__OTHERS_": "-", "DATA_PATH": "https://ev-charger.epd.gov.hk/resource/ev_charger_avail/evca_ver_1_0.json", "OBJECTID": 288, "total_chargers": 5 }, "geometry": { "type": "Point", "coordinates": [ 114.188702, 22.379645 ] } },
{ "type": "Feature", "properties": { "GmlID": "geotagging.289", "NAME_OF_DISTRICT_COUNCIL_DISTRICT_EN": "Sha Tin", "LOCATION_EN": "GRAND CENTRAL PLAZA", "ADDRESS_EN": "SHATIN RURAL COMMITTEE ROAD, SHATIN", "NAME_OF_DISTRICT_COUNCIL_DISTRICT_TC": "沙田區", "LOCATION_TC": "新城市中央廣場", "ADDRESS_TC": "沙田 沙田鄉事會路", "NAME_OF_DISTRICT_COUNCIL_DISTRICT_SC": "沙田区", "LOCATION_SC": "新城市中央广场", "ADDRESS_SC": "沙田 沙田乡事会路", "STANDARD_BS1363_no": "1", "MEDIUM_CCS_DC_COMBO_no": "0", "MEDIUM_IEC62196_no": "0", "MEDIUM_SAEJ1772_no": "0", "MEDIUM_GB_T20234_2_AC__no": "0", "MEDIUM_OTHERS_no": "0", "QUICK_CHAdeMO_no": "0", "QUICK_CCS_DC_COMBO_no": "0", "QUICK_IEC62196_no": "0", "QUICK_GB_T20234_3_DC__no": "0", "QUICK_OTHERS_no": "0", "FAST_CHAdeMO_no": "0", "FAST_CCS_DC_COMBO_no": "0", "FAST_GB_T20234_3_DC__no": "0", "FAST_OTHERS_no": "0", "REMARK_FOR__OTHERS_": "-", "DATA_PATH": "-", "OBJECTID": 289, "total_chargers": 1 }, "geometry": { "type": "Point", "coordinates": [ 114.187779, 22.385657 ] } },
{ "type": "Feature", "properties": { "GmlID": "geotagging.290", "NAME_OF_DISTRICT_COUNCIL_DISTRICT_EN": "Sha Tin", "LOCATION_EN": "SUN TIN WAI ESTATE", "ADDRESS_EN": "SHA TIN TAU ROAD, SHATIN", "NAME_OF_DISTRICT_COUNCIL_DISTRICT_TC": "沙田區", "LOCATION_TC": "新田圍邨", "ADDRESS_TC": "沙田 沙田頭路", "NAME_OF_DISTRICT_COUNCIL_DISTRICT_SC": "沙田区", "LOCATION_SC": "新田围邨", "ADDRESS_SC": "沙田 沙田头路", "STANDARD_BS1363_no": "0", "MEDIUM_CCS_DC_COMBO_no": "0", "MEDIUM_IEC62196_no": "10", "MEDIUM_SAEJ1772_no": "0", "MEDIUM_GB_T20234_2_AC__no": "0", "MEDIUM_OTHERS_no": "0", "QUICK_CHAdeMO_no": "0", "QUICK_CCS_DC_COMBO_no": "3", "QUICK_IEC62196_no": "0", "QUICK_GB_T20234_3_DC__no": "0", "QUICK_OTHERS_no": "0", "FAST_CHAdeMO_no": "0", "FAST_CCS_DC_COMBO_no": "0", "FAST_GB_T20234_3_DC__no": "0", "FAST_OTHERS_no": "0", "REMARK_FOR__OTHERS_": "-", "DATA_PATH": "-", "OBJECTID": 290, "total_chargers": 13 }, "geometry": { "type": "Point", "coordinates": [ 114.186346, 22.370089 ] } },
{ "type": "Feature", "properties": { "GmlID": "geotagging.291", "NAME_OF_DISTRICT_COUNCIL_DISTRICT_EN": "Kowloon City", "LOCATION_EN": "Ka Wai Chuen", "ADDRESS_EN": "Station Lane, Kowloon City", "NAME_OF_DISTRICT_COUNCIL_DISTRICT_TC": "九龍城區", "LOCATION_TC": "家維邨", "ADDRESS_TC": "九龍城 差館里", "NAME_OF_DISTRICT_COUNCIL_DISTRICT_SC": "九龙城区", "LOCATION_SC": "家维邨", "ADDRESS_SC": "九龙城 差馆里", "STANDARD_BS1363_no": "1", "MEDIUM_CCS_DC_COMBO_no": "0", "MEDIUM_IEC62196_no": "2", "MEDIUM_SAEJ1772_no": "0", "MEDIUM_GB_T20234_2_AC__no": "0", "MEDIUM_OTHERS_no": "0", "QUICK_CHAdeMO_no": "0", "QUICK_CCS_DC_COMBO_no": "0", "QUICK_IEC62196_no": "0", "QUICK_GB_T20234_3_DC__no": "0", "QUICK_OTHERS_no": "0", "FAST_CHAdeMO_no": "0", "FAST_CCS_DC_COMBO_no": "0", "FAST_GB_T20234_3_DC__no": "0", "FAST_OTHERS_no": "0", "REMARK_FOR__OTHERS_": "-", "DATA_PATH": "-", "OBJECTID": 291, "total_chargers": 3 }, "geometry": { "type": "Point", "coordinates": [ 114.1864, 22.30784 ] } },
{ "type": "Feature", "properties": { "GmlID": "geotagging.292", "NAME_OF_DISTRICT_COUNCIL_DISTRICT_EN": "Eastern", "LOCATION_EN": "Harmony Place", "ADDRESS_EN": "NAM ON STREET", "NAME_OF_DISTRICT_COUNCIL_DISTRICT_TC": "東區", "LOCATION_TC": "樂融軒", "ADDRESS_TC": "東區 南安街", "NAME_OF_DISTRICT_COUNCIL_DISTRICT_SC": "东区", "LOCATION_SC": "乐融轩", "ADDRESS_SC": "东区 南安街", "STANDARD_BS1363_no": "0", "MEDIUM_CCS_DC_COMBO_no": "0", "MEDIUM_IEC62196_no": "19", "MEDIUM_SAEJ1772_no": "0", "MEDIUM_GB_T20234_2_AC__no": "0", "MEDIUM_OTHERS_no": "0", "QUICK_CHAdeMO_no": "0", "QUICK_CCS_DC_COMBO_no": "0", "QUICK_IEC62196_no": "0", "QUICK_GB_T20234_3_DC__no": "0", "QUICK_OTHERS_no": "0", "FAST_CHAdeMO_no": "0", "FAST_CCS_DC_COMBO_no": "0", "FAST_GB_T20234_3_DC__no": "0", "FAST_OTHERS_no": "0", "REMARK_FOR__OTHERS_": "-", "DATA_PATH": "-", "OBJECTID": 292, "total_chargers": 19 }, "geometry": { "type": "Point", "coordinates": [ 114.227158, 22.278151 ] } },
{ "type": "Feature", "properties": { "GmlID": "geotagging.293", "NAME_OF_DISTRICT_COUNCIL_DISTRICT_EN": "Islands", "LOCATION_EN": "Hong Kong Disneyland Hotel", "ADDRESS_EN": "MAGIC ROAD, ISLANDS", "NAME_OF_DISTRICT_COUNCIL_DISTRICT_TC": "離島區", "LOCATION_TC": "香港迪士尼樂園酒店", "ADDRESS_TC": "離島 神奇道", "NAME_OF_DISTRICT_COUNCIL_DISTRICT_SC": "离岛区", "LOCATION_SC": "香港迪士尼乐园酒店", "ADDRESS_SC": "离岛 神奇道", "STANDARD_BS1363_no": "1", "MEDIUM_CCS_DC_COMBO_no": "0", "MEDIUM_IEC62196_no": "1", "MEDIUM_SAEJ1772_no": "0", "MEDIUM_GB_T20234_2_AC__no": "0", "MEDIUM_OTHERS_no": "0", "QUICK_CHAdeMO_no": "0", "QUICK_CCS_DC_COMBO_no": "0", "QUICK_IEC62196_no": "0", "QUICK_GB_T20234_3_DC__no": "0", "QUICK_OTHERS_no": "0", "FAST_CHAdeMO_no": "0", "FAST_CCS_DC_COMBO_no": "0", "FAST_GB_T20234_3_DC__no": "0", "FAST_OTHERS_no": "0", "REMARK_FOR__OTHERS_": "-", "DATA_PATH": "-", "OBJECTID": 293, "total_chargers": 2 }, "geometry": { "type": "Point", "coordinates": [ 114.043483, 22.30872 ] } },
{ "type": "Feature", "properties": { "GmlID": "geotagging.294", "NAME_OF_DISTRICT_COUNCIL_DISTRICT_EN": "Kwun Tong", "LOCATION_EN": "One Kowloon", "ADDRESS_EN": "WANG YUEN STREET, KWUN TONG", "NAME_OF_DISTRICT_COUNCIL_DISTRICT_TC": "觀塘區", "LOCATION_TC": "一號九龍", "ADDRESS_TC": "觀塘 宏遠街", "NAME_OF_DISTRICT_COUNCIL_DISTRICT_SC": "观塘区", "LOCATION_SC": "一号九龙", "ADDRESS_SC": "观塘 宏远街", "STANDARD_BS1363_no": "0", "MEDIUM_CCS_DC_COMBO_no": "0", "MEDIUM_IEC62196_no": "6", "MEDIUM_SAEJ1772_no": "0", "MEDIUM_GB_T20234_2_AC__no": "0", "MEDIUM_OTHERS_no": "0", "QUICK_CHAdeMO_no": "0", "QUICK_CCS_DC_COMBO_no": "0", "QUICK_IEC62196_no": "6", "QUICK_GB_T20234_3_DC__no": "0", "QUICK_OTHERS_no": "0", "FAST_CHAdeMO_no": "0", "FAST_CCS_DC_COMBO_no": "0", "FAST_GB_T20234_3_DC__no": "0", "FAST_OTHERS_no": "0", "REMARK_FOR__OTHERS_": "-", "DATA_PATH": "-", "OBJECTID": 294, "total_chargers": 12 }, "geometry": { "type": "Point", "coordinates": [ 114.210109, 22.320949 ] } },
{ "type": "Feature", "properties": { "GmlID": "geotagging.295", "NAME_OF_DISTRICT_COUNCIL_DISTRICT_EN": "Yuen Long", "LOCATION_EN": "Long Ching Estate", "ADDRESS_EN": "Long Ching Estate, Yuen Long, New Territories", "NAME_OF_DISTRICT_COUNCIL_DISTRICT_TC": "元朗區", "LOCATION_TC": "朗晴邨", "ADDRESS_TC": "朗晴邨, 元朗區, 新界", "NAME_OF_DISTRICT_COUNCIL_DISTRICT_SC": "元朗区", "LOCATION_SC": "朗晴邨", "ADDRESS_SC": "朗晴邨, 元朗区, 新界", "STANDARD_BS1363_no": "1", "MEDIUM_CCS_DC_COMBO_no": "0", "MEDIUM_IEC62196_no": "0", "MEDIUM_SAEJ1772_no": "0", "MEDIUM_GB_T20234_2_AC__no": "0", "MEDIUM_OTHERS_no": "0", "QUICK_CHAdeMO_no": "0", "QUICK_CCS_DC_COMBO_no": "0", "QUICK_IEC62196_no": "0", "QUICK_GB_T20234_3_DC__no": "0", "QUICK_OTHERS_no": "0", "FAST_CHAdeMO_no": "0", "FAST_CCS_DC_COMBO_no": "0", "FAST_GB_T20234_3_DC__no": "0", "FAST_OTHERS_no": "0", "REMARK_FOR__OTHERS_": "-", "DATA_PATH": "-", "OBJECTID": 295, "total_chargers": 1 }, "geometry": { "type": "Point", "coordinates": [ 114.028699, 22.447197 ] } },
{ "type": "Feature", "properties": { "GmlID": "geotagging.296", "NAME_OF_DISTRICT_COUNCIL_DISTRICT_EN": "Sham Shui Po", "LOCATION_EN": "Heya Crystal", "ADDRESS_EN": "CASTLE PEAK ROAD, SHAM SHUI PO", "NAME_OF_DISTRICT_COUNCIL_DISTRICT_TC": "深水埗區", "LOCATION_TC": "喜薈", "ADDRESS_TC": "深水埗青山道", "NAME_OF_DISTRICT_COUNCIL_DISTRICT_SC": "深水埗区", "LOCATION_SC": "喜荟", "ADDRESS_SC": "深水埗青山道", "STANDARD_BS1363_no": "0", "MEDIUM_CCS_DC_COMBO_no": "0", "MEDIUM_IEC62196_no": "3", "MEDIUM_SAEJ1772_no": "0", "MEDIUM_GB_T20234_2_AC__no": "0", "MEDIUM_OTHERS_no": "0", "QUICK_CHAdeMO_no": "0", "QUICK_CCS_DC_COMBO_no": "0", "QUICK_IEC62196_no": "0", "QUICK_GB_T20234_3_DC__no": "0", "QUICK_OTHERS_no": "0", "FAST_CHAdeMO_no": "0", "FAST_CCS_DC_COMBO_no": "0", "FAST_GB_T20234_3_DC__no": "0", "FAST_OTHERS_no": "0", "REMARK_FOR__OTHERS_": "-", "DATA_PATH": "-", "OBJECTID": 296, "total_chargers": 3 }, "geometry": { "type": "Point", "coordinates": [ 114.154788, 22.339214 ] } },
{ "type": "Feature", "properties": { "GmlID": "geotagging.297", "NAME_OF_DISTRICT_COUNCIL_DISTRICT_EN": "Kwun Tong", "LOCATION_EN": "FtLife Tower", "ADDRESS_EN": "SHEUNG YUET ROAD, KWUN TONG", "NAME_OF_DISTRICT_COUNCIL_DISTRICT_TC": "觀塘區", "LOCATION_TC": "富通中心", "ADDRESS_TC": "觀塘 常悅道", "NAME_OF_DISTRICT_COUNCIL_DISTRICT_SC": "观塘区", "LOCATION_SC": "富通中心", "ADDRESS_SC": "观塘 常悅道", "STANDARD_BS1363_no": "0", "MEDIUM_CCS_DC_COMBO_no": "0", "MEDIUM_IEC62196_no": "73", "MEDIUM_SAEJ1772_no": "0", "MEDIUM_GB_T20234_2_AC__no": "0", "MEDIUM_OTHERS_no": "0", "QUICK_CHAdeMO_no": "0", "QUICK_CCS_DC_COMBO_no": "18", "QUICK_IEC62196_no": "0", "QUICK_GB_T20234_3_DC__no": "0", "QUICK_OTHERS_no": "0", "FAST_CHAdeMO_no": "0", "FAST_CCS_DC_COMBO_no": "0", "FAST_GB_T20234_3_DC__no": "0", "FAST_OTHERS_no": "0", "REMARK_FOR__OTHERS_": "-", "DATA_PATH": "-", "OBJECTID": 297, "total_chargers": 91 }, "geometry": { "type": "Point", "coordinates": [ 114.21006, 22.321463 ] } },
{ "type": "Feature", "properties": { "GmlID": "geotagging.298", "NAME_OF_DISTRICT_COUNCIL_DISTRICT_EN": "Kowloon City", "LOCATION_EN": "THE HARBOUR FRONT", "ADDRESS_EN": "TAK FUNG STREET, KOWLOON CITY", "NAME_OF_DISTRICT_COUNCIL_DISTRICT_TC": "九龍城區", "LOCATION_TC": "海濱廣場", "ADDRESS_TC": "九龍城 德豐街", "NAME_OF_DISTRICT_COUNCIL_DISTRICT_SC": "九龙城区", "LOCATION_SC": "海滨广场", "ADDRESS_SC": "九龙城 德丰街", "STANDARD_BS1363_no": "0", "MEDIUM_CCS_DC_COMBO_no": "0", "MEDIUM_IEC62196_no": "0", "MEDIUM_SAEJ1772_no": "0", "MEDIUM_GB_T20234_2_AC__no": "0", "MEDIUM_OTHERS_no": "0", "QUICK_CHAdeMO_no": "0", "QUICK_CCS_DC_COMBO_no": "0", "QUICK_IEC62196_no": "2", "QUICK_GB_T20234_3_DC__no": "0", "QUICK_OTHERS_no": "0", "FAST_CHAdeMO_no": "0", "FAST_CCS_DC_COMBO_no": "0", "FAST_GB_T20234_3_DC__no": "0", "FAST_OTHERS_no": "0", "REMARK_FOR__OTHERS_": "-", "DATA_PATH": "https://ev-charger.epd.gov.hk/resource/ev_charger_avail/evca_ver_1_0.json", "OBJECTID": 298, "total_chargers": 2 }, "geometry": { "type": "Point", "coordinates": [ 114.191639, 22.302319 ] } },
{ "type": "Feature", "properties": { "GmlID": "geotagging.299", "NAME_OF_DISTRICT_COUNCIL_DISTRICT_EN": "Southern", "LOCATION_EN": "The Hong Kong Ocean Park Marriott Hotel", "ADDRESS_EN": "WONG CHUK HANG ROAD, SOUTHERN", "NAME_OF_DISTRICT_COUNCIL_DISTRICT_TC": "南區", "LOCATION_TC": "香港海洋公園萬豪酒店", "ADDRESS_TC": "南區 黃竹坑道", "NAME_OF_DISTRICT_COUNCIL_DISTRICT_SC": "南区", "LOCATION_SC": "香港海洋公园万豪酒店", "ADDRESS_SC": "南区 黄竹坑道", "STANDARD_BS1363_no": "0", "MEDIUM_CCS_DC_COMBO_no": "0", "MEDIUM_IEC62196_no": "0", "MEDIUM_SAEJ1772_no": "0", "MEDIUM_GB_T20234_2_AC__no": "0", "MEDIUM_OTHERS_no": "0", "QUICK_CHAdeMO_no": "0", "QUICK_CCS_DC_COMBO_no": "0", "QUICK_IEC62196_no": "2", "QUICK_GB_T20234_3_DC__no": "0", "QUICK_OTHERS_no": "0", "FAST_CHAdeMO_no": "0", "FAST_CCS_DC_COMBO_no": "0", "FAST_GB_T20234_3_DC__no": "0", "FAST_OTHERS_no": "0", "REMARK_FOR__OTHERS_": "-", "DATA_PATH": "-", "OBJECTID": 299, "total_chargers": 2 }, "geometry": { "type": "Point", "coordinates": [ 114.175866, 22.24773 ] } },
{ "type": "Feature", "properties": { "GmlID": "geotagging.300", "NAME_OF_DISTRICT_COUNCIL_DISTRICT_EN": "Sham Shui Po", "LOCATION_EN": "CHEUNG SHA WAN ESTATE", "ADDRESS_EN": "Cheung Sha Wan Estate, Sham Shui Po, Kowloon", "NAME_OF_DISTRICT_COUNCIL_DISTRICT_TC": "深水埗區", "LOCATION_TC": "長沙灣邨", "ADDRESS_TC": "長沙灣邨, 深水埗區, 九龍", "NAME_OF_DISTRICT_COUNCIL_DISTRICT_SC": "深水埗区", "LOCATION_SC": "长沙湾邨", "ADDRESS_SC": "长沙湾邨, 深水埗区, 九龙", "STANDARD_BS1363_no": "2", "MEDIUM_CCS_DC_COMBO_no": "0", "MEDIUM_IEC62196_no": "7", "MEDIUM_SAEJ1772_no": "0", "MEDIUM_GB_T20234_2_AC__no": "0", "MEDIUM_OTHERS_no": "0", "QUICK_CHAdeMO_no": "0", "QUICK_CCS_DC_COMBO_no": "0", "QUICK_IEC62196_no": "0", "QUICK_GB_T20234_3_DC__no": "0", "QUICK_OTHERS_no": "0", "FAST_CHAdeMO_no": "0", "FAST_CCS_DC_COMBO_no": "0", "FAST_GB_T20234_3_DC__no": "0", "FAST_OTHERS_no": "0", "REMARK_FOR__OTHERS_": "-", "DATA_PATH": "-", "OBJECTID": 300, "total_chargers": 9 }, "geometry": { "type": "Point", "coordinates": [ 114.156402, 22.334836 ] } },
{ "type": "Feature", "properties": { "GmlID": "geotagging.301", "NAME_OF_DISTRICT_COUNCIL_DISTRICT_EN": "Sham Shui Po", "LOCATION_EN": "Caritas Medical Centre", "ADDRESS_EN": "WING HONG STREET, SHAM SHUI PO", "NAME_OF_DISTRICT_COUNCIL_DISTRICT_TC": "深水埗區", "LOCATION_TC": "明愛醫院", "ADDRESS_TC": "深水埗永康街", "NAME_OF_DISTRICT_COUNCIL_DISTRICT_SC": "深水埗区", "LOCATION_SC": "明爱医院", "ADDRESS_SC": "深水埗永康街", "STANDARD_BS1363_no": "0", "MEDIUM_CCS_DC_COMBO_no": "0", "MEDIUM_IEC62196_no": "1", "MEDIUM_SAEJ1772_no": "0", "MEDIUM_GB_T20234_2_AC__no": "0", "MEDIUM_OTHERS_no": "0", "QUICK_CHAdeMO_no": "0", "QUICK_CCS_DC_COMBO_no": "0", "QUICK_IEC62196_no": "0", "QUICK_GB_T20234_3_DC__no": "0", "QUICK_OTHERS_no": "0", "FAST_CHAdeMO_no": "0", "FAST_CCS_DC_COMBO_no": "0", "FAST_GB_T20234_3_DC__no": "0", "FAST_OTHERS_no": "0", "REMARK_FOR__OTHERS_": "-", "DATA_PATH": "-", "OBJECTID": 301, "total_chargers": 1 }, "geometry": { "type": "Point", "coordinates": [ 114.154129, 22.341827 ] } },
{ "type": "Feature", "properties": { "GmlID": "geotagging.302", "NAME_OF_DISTRICT_COUNCIL_DISTRICT_EN": "Tuen Mun", "LOCATION_EN": "YAU OI ESTATE", "ADDRESS_EN": "YAU OI ROAD, TUEN MUN", "NAME_OF_DISTRICT_COUNCIL_DISTRICT_TC": "屯門區", "LOCATION_TC": "友愛邨", "ADDRESS_TC": "屯門 友愛路", "NAME_OF_DISTRICT_COUNCIL_DISTRICT_SC": "屯门区", "LOCATION_SC": "友爱邨", "ADDRESS_SC": "屯门 友爱路", "STANDARD_BS1363_no": "0", "MEDIUM_CCS_DC_COMBO_no": "0", "MEDIUM_IEC62196_no": "0", "MEDIUM_SAEJ1772_no": "0", "MEDIUM_GB_T20234_2_AC__no": "0", "MEDIUM_OTHERS_no": "0", "QUICK_CHAdeMO_no": "0", "QUICK_CCS_DC_COMBO_no": "4", "QUICK_IEC62196_no": "0", "QUICK_GB_T20234_3_DC__no": "0", "QUICK_OTHERS_no": "0", "FAST_CHAdeMO_no": "0", "FAST_CCS_DC_COMBO_no": "0", "FAST_GB_T20234_3_DC__no": "0", "FAST_OTHERS_no": "0", "REMARK_FOR__OTHERS_": "-", "DATA_PATH": "https://ev-charger.epd.gov.hk/resource/ev_charger_avail/evca_ver_1_0.json", "OBJECTID": 302, "total_chargers": 4 }, "geometry": { "type": "Point", "coordinates": [ 113.974641, 22.388103 ] } },
{ "type": "Feature", "properties": { "GmlID": "geotagging.303", "NAME_OF_DISTRICT_COUNCIL_DISTRICT_EN": "Wan Chai", "LOCATION_EN": "Fashion Walk", "ADDRESS_EN": "11-19 Great George Street, Causeway Bay", "NAME_OF_DISTRICT_COUNCIL_DISTRICT_TC": "灣仔區", "LOCATION_TC": "Fashion Walk", "ADDRESS_TC": "銅鑼灣記利佐治街11-19號", "NAME_OF_DISTRICT_COUNCIL_DISTRICT_SC": "湾仔区", "LOCATION_SC": "Fashion Walk", "ADDRESS_SC": "铜锣湾记利佐治街11-19号", "STANDARD_BS1363_no": "0", "MEDIUM_CCS_DC_COMBO_no": "0", "MEDIUM_IEC62196_no": "3", "MEDIUM_SAEJ1772_no": "0", "MEDIUM_GB_T20234_2_AC__no": "0", "MEDIUM_OTHERS_no": "0", "QUICK_CHAdeMO_no": "0", "QUICK_CCS_DC_COMBO_no": "0", "QUICK_IEC62196_no": "4", "QUICK_GB_T20234_3_DC__no": "0", "QUICK_OTHERS_no": "0", "FAST_CHAdeMO_no": "0", "FAST_CCS_DC_COMBO_no": "0", "FAST_GB_T20234_3_DC__no": "0", "FAST_OTHERS_no": "0", "REMARK_FOR__OTHERS_": "-", "DATA_PATH": "https://ev-charger.epd.gov.hk/resource/ev_charger_avail/evca_ver_1_0.json", "OBJECTID": 303, "total_chargers": 7 }, "geometry": { "type": "Point", "coordinates": [ 114.185966, 22.280072 ] } },
{ "type": "Feature", "properties": { "GmlID": "geotagging.304", "NAME_OF_DISTRICT_COUNCIL_DISTRICT_EN": "Sham Shui Po", "LOCATION_EN": "Innocentre", "ADDRESS_EN": "TAT CHEE AVENUE, SHAM SHUI PO", "NAME_OF_DISTRICT_COUNCIL_DISTRICT_TC": "深水埗區", "LOCATION_TC": "創新中心", "ADDRESS_TC": "深水埗達之路", "NAME_OF_DISTRICT_COUNCIL_DISTRICT_SC": "深水埗区", "LOCATION_SC": "创新中心", "ADDRESS_SC": "深水埗达之路", "STANDARD_BS1363_no": "3", "MEDIUM_CCS_DC_COMBO_no": "0", "MEDIUM_IEC62196_no": "6", "MEDIUM_SAEJ1772_no": "0", "MEDIUM_GB_T20234_2_AC__no": "0", "MEDIUM_OTHERS_no": "0", "QUICK_CHAdeMO_no": "0", "QUICK_CCS_DC_COMBO_no": "3", "QUICK_IEC62196_no": "0", "QUICK_GB_T20234_3_DC__no": "0", "QUICK_OTHERS_no": "0", "FAST_CHAdeMO_no": "0", "FAST_CCS_DC_COMBO_no": "0", "FAST_GB_T20234_3_DC__no": "0", "FAST_OTHERS_no": "0", "REMARK_FOR__OTHERS_": "-", "DATA_PATH": "-", "OBJECTID": 304, "total_chargers": 12 }, "geometry": { "type": "Point", "coordinates": [ 114.176045, 22.335232 ] } },
{ "type": "Feature", "properties": { "GmlID": "geotagging.305", "NAME_OF_DISTRICT_COUNCIL_DISTRICT_EN": "Sham Shui Po", "LOCATION_EN": "HEYA AQUA", "ADDRESS_EN": "FUK WING STREET, SHAM SHUI PO", "NAME_OF_DISTRICT_COUNCIL_DISTRICT_TC": "深水埗區", "LOCATION_TC": "喜漾", "ADDRESS_TC": "深水埗福榮街", "NAME_OF_DISTRICT_COUNCIL_DISTRICT_SC": "深水埗区", "LOCATION_SC": "喜漾", "ADDRESS_SC": "深水埗福荣街", "STANDARD_BS1363_no": "0", "MEDIUM_CCS_DC_COMBO_no": "0", "MEDIUM_IEC62196_no": "2", "MEDIUM_SAEJ1772_no": "0", "MEDIUM_GB_T20234_2_AC__no": "0", "MEDIUM_OTHERS_no": "0", "QUICK_CHAdeMO_no": "0", "QUICK_CCS_DC_COMBO_no": "0", "QUICK_IEC62196_no": "0", "QUICK_GB_T20234_3_DC__no": "0", "QUICK_OTHERS_no": "0", "FAST_CHAdeMO_no": "0", "FAST_CCS_DC_COMBO_no": "0", "FAST_GB_T20234_3_DC__no": "0", "FAST_OTHERS_no": "0", "REMARK_FOR__OTHERS_": "-", "DATA_PATH": "-", "OBJECTID": 305, "total_chargers": 2 }, "geometry": { "type": "Point", "coordinates": [ 114.154371, 22.338824 ] } },
{ "type": "Feature", "properties": { "GmlID": "geotagging.306", "NAME_OF_DISTRICT_COUNCIL_DISTRICT_EN": "Kwai Tsing", "LOCATION_EN": "TSING YI ESTATE", "ADDRESS_EN": "FUNG SHUE WO ROAD, KWAI TSING", "NAME_OF_DISTRICT_COUNCIL_DISTRICT_TC": "葵青區", "LOCATION_TC": "青衣邨", "ADDRESS_TC": "葵青 楓樹窩路", "NAME_OF_DISTRICT_COUNCIL_DISTRICT_SC": "葵青区", "LOCATION_SC": "青衣邨", "ADDRESS_SC": "葵青 枫树窝路", "STANDARD_BS1363_no": "0", "MEDIUM_CCS_DC_COMBO_no": "0", "MEDIUM_IEC62196_no": "0", "MEDIUM_SAEJ1772_no": "0", "MEDIUM_GB_T20234_2_AC__no": "0", "MEDIUM_OTHERS_no": "0", "QUICK_CHAdeMO_no": "0", "QUICK_CCS_DC_COMBO_no": "2", "QUICK_IEC62196_no": "0", "QUICK_GB_T20234_3_DC__no": "0", "QUICK_OTHERS_no": "0", "FAST_CHAdeMO_no": "0", "FAST_CCS_DC_COMBO_no": "0", "FAST_GB_T20234_3_DC__no": "0", "FAST_OTHERS_no": "0", "REMARK_FOR__OTHERS_": "-", "DATA_PATH": "-", "OBJECTID": 306, "total_chargers": 2 }, "geometry": { "type": "Point", "coordinates": [ 114.103072, 22.355759 ] } },
{ "type": "Feature", "properties": { "GmlID": "geotagging.307", "NAME_OF_DISTRICT_COUNCIL_DISTRICT_EN": "North", "LOCATION_EN": "YUNG SHING COURT", "ADDRESS_EN": "FAI MING ROAD, NORTH", "NAME_OF_DISTRICT_COUNCIL_DISTRICT_TC": "北區", "LOCATION_TC": "雍盛苑", "ADDRESS_TC": "北區 暉明路", "NAME_OF_DISTRICT_COUNCIL_DISTRICT_SC": "北区", "LOCATION_SC": "雍盛苑", "ADDRESS_SC": "北区 晖明路", "STANDARD_BS1363_no": "0", "MEDIUM_CCS_DC_COMBO_no": "0", "MEDIUM_IEC62196_no": "0", "MEDIUM_SAEJ1772_no": "0", "MEDIUM_GB_T20234_2_AC__no": "0", "MEDIUM_OTHERS_no": "0", "QUICK_CHAdeMO_no": "0", "QUICK_CCS_DC_COMBO_no": "4", "QUICK_IEC62196_no": "0", "QUICK_GB_T20234_3_DC__no": "0", "QUICK_OTHERS_no": "0", "FAST_CHAdeMO_no": "0", "FAST_CCS_DC_COMBO_no": "0", "FAST_GB_T20234_3_DC__no": "0", "FAST_OTHERS_no": "0", "REMARK_FOR__OTHERS_": "-", "DATA_PATH": "https://ev-charger.epd.gov.hk/resource/ev_charger_avail/evca_ver_1_0.json", "OBJECTID": 307, "total_chargers": 4 }, "geometry": { "type": "Point", "coordinates": [ 114.138263, 22.482443 ] } },
{ "type": "Feature", "properties": { "GmlID": "geotagging.308", "NAME_OF_DISTRICT_COUNCIL_DISTRICT_EN": "Yau Tsim Mong", "LOCATION_EN": "Hung Hom Station Car Park", "ADDRESS_EN": "8 Cheong Wan Road, Hung Hom, Kowloon", "NAME_OF_DISTRICT_COUNCIL_DISTRICT_TC": "油尖旺區", "LOCATION_TC": "紅磡站停車場", "ADDRESS_TC": "九龍紅磡暢運道8號", "NAME_OF_DISTRICT_COUNCIL_DISTRICT_SC": "油尖旺区", "LOCATION_SC": "红磡站停车场", "ADDRESS_SC": "九龙红磡畅运道8号", "STANDARD_BS1363_no": "0", "MEDIUM_CCS_DC_COMBO_no": "0", "MEDIUM_IEC62196_no": "1", "MEDIUM_SAEJ1772_no": "0", "MEDIUM_GB_T20234_2_AC__no": "0", "MEDIUM_OTHERS_no": "0", "QUICK_CHAdeMO_no": "0", "QUICK_CCS_DC_COMBO_no": "1", "QUICK_IEC62196_no": "3", "QUICK_GB_T20234_3_DC__no": "0", "QUICK_OTHERS_no": "0", "FAST_CHAdeMO_no": "0", "FAST_CCS_DC_COMBO_no": "0", "FAST_GB_T20234_3_DC__no": "0", "FAST_OTHERS_no": "0", "REMARK_FOR__OTHERS_": "-", "DATA_PATH": "-", "OBJECTID": 308, "total_chargers": 5 }, "geometry": { "type": "Point", "coordinates": [ 114.181723, 22.303247 ] } },
{ "type": "Feature", "properties": { "GmlID": "geotagging.309", "NAME_OF_DISTRICT_COUNCIL_DISTRICT_EN": "North", "LOCATION_EN": "SHEUNG SHUI CENTRE", "ADDRESS_EN": "CHI CHEONG ROAD, NORTH", "NAME_OF_DISTRICT_COUNCIL_DISTRICT_TC": "北區", "LOCATION_TC": "上水中心", "ADDRESS_TC": "北區 智昌路", "NAME_OF_DISTRICT_COUNCIL_DISTRICT_SC": "北区", "LOCATION_SC": "上水中心", "ADDRESS_SC": "北区 智昌路", "STANDARD_BS1363_no": "1", "MEDIUM_CCS_DC_COMBO_no": "0", "MEDIUM_IEC62196_no": "0", "MEDIUM_SAEJ1772_no": "0", "MEDIUM_GB_T20234_2_AC__no": "0", "MEDIUM_OTHERS_no": "0", "QUICK_CHAdeMO_no": "0", "QUICK_CCS_DC_COMBO_no": "4", "QUICK_IEC62196_no": "4", "QUICK_GB_T20234_3_DC__no": "0", "QUICK_OTHERS_no": "0", "FAST_CHAdeMO_no": "0", "FAST_CCS_DC_COMBO_no": "0", "FAST_GB_T20234_3_DC__no": "0", "FAST_OTHERS_no": "0", "REMARK_FOR__OTHERS_": "-", "DATA_PATH": "https://ev-charger.epd.gov.hk/resource/ev_charger_avail/evca_ver_1_0.json", "OBJECTID": 309, "total_chargers": 9 }, "geometry": { "type": "Point", "coordinates": [ 114.12982, 22.500989 ] } },
{ "type": "Feature", "properties": { "GmlID": "geotagging.310", "NAME_OF_DISTRICT_COUNCIL_DISTRICT_EN": "Central & Western", "LOCATION_EN": "WING ON CENTRE", "ADDRESS_EN": "CONNAUGHT ROAD CENTRAL, CENTRAL & WESTERN", "NAME_OF_DISTRICT_COUNCIL_DISTRICT_TC": "中西區", "LOCATION_TC": "永安中心", "ADDRESS_TC": "中西區 干諾道中", "NAME_OF_DISTRICT_COUNCIL_DISTRICT_SC": "中西区", "LOCATION_SC": "永安中心", "ADDRESS_SC": "中西区 干诺道中", "STANDARD_BS1363_no": "0", "MEDIUM_CCS_DC_COMBO_no": "0", "MEDIUM_IEC62196_no": "2", "MEDIUM_SAEJ1772_no": "0", "MEDIUM_GB_T20234_2_AC__no": "0", "MEDIUM_OTHERS_no": "0", "QUICK_CHAdeMO_no": "0", "QUICK_CCS_DC_COMBO_no": "4", "QUICK_IEC62196_no": "0", "QUICK_GB_T20234_3_DC__no": "0", "QUICK_OTHERS_no": "0", "FAST_CHAdeMO_no": "0", "FAST_CCS_DC_COMBO_no": "0", "FAST_GB_T20234_3_DC__no": "0", "FAST_OTHERS_no": "0", "REMARK_FOR__OTHERS_": "-", "DATA_PATH": "-", "OBJECTID": 310, "total_chargers": 6 }, "geometry": { "type": "Point", "coordinates": [ 114.153013, 22.28659 ] } },
{ "type": "Feature", "properties": { "GmlID": "geotagging.311", "NAME_OF_DISTRICT_COUNCIL_DISTRICT_EN": "Kwai Tsing", "LOCATION_EN": "Highland Park", "ADDRESS_EN": "LAI KONG STREET, KWAI TSING", "NAME_OF_DISTRICT_COUNCIL_DISTRICT_TC": "葵青區", "LOCATION_TC": "浩景臺", "ADDRESS_TC": "葵青 荔崗街", "NAME_OF_DISTRICT_COUNCIL_DISTRICT_SC": "葵青区", "LOCATION_SC": "浩景台", "ADDRESS_SC": "葵青 荔岗街", "STANDARD_BS1363_no": "0", "MEDIUM_CCS_DC_COMBO_no": "0", "MEDIUM_IEC62196_no": "3", "MEDIUM_SAEJ1772_no": "0", "MEDIUM_GB_T20234_2_AC__no": "0", "MEDIUM_OTHERS_no": "0", "QUICK_CHAdeMO_no": "0", "QUICK_CCS_DC_COMBO_no": "0", "QUICK_IEC62196_no": "0", "QUICK_GB_T20234_3_DC__no": "0", "QUICK_OTHERS_no": "0", "FAST_CHAdeMO_no": "0", "FAST_CCS_DC_COMBO_no": "0", "FAST_GB_T20234_3_DC__no": "0", "FAST_OTHERS_no": "0", "REMARK_FOR__OTHERS_": "-", "DATA_PATH": "-", "OBJECTID": 311, "total_chargers": 3 }, "geometry": { "type": "Point", "coordinates": [ 114.130158, 22.349578 ] } },
{ "type": "Feature", "properties": { "GmlID": "geotagging.312", "NAME_OF_DISTRICT_COUNCIL_DISTRICT_EN": "Yau Tsim Mong", "LOCATION_EN": "The Long Beach", "ADDRESS_EN": "HOI FAI ROAD, YAU TSIM MONG", "NAME_OF_DISTRICT_COUNCIL_DISTRICT_TC": "油尖旺區", "LOCATION_TC": "浪澄灣", "ADDRESS_TC": "油尖旺 海輝道", "NAME_OF_DISTRICT_COUNCIL_DISTRICT_SC": "油尖旺区", "LOCATION_SC": "浪澄湾", "ADDRESS_SC": "油尖旺 海辉道", "STANDARD_BS1363_no": "0", "MEDIUM_CCS_DC_COMBO_no": "0", "MEDIUM_IEC62196_no": "0", "MEDIUM_SAEJ1772_no": "0", "MEDIUM_GB_T20234_2_AC__no": "0", "MEDIUM_OTHERS_no": "0", "QUICK_CHAdeMO_no": "0", "QUICK_CCS_DC_COMBO_no": "0", "QUICK_IEC62196_no": "2", "QUICK_GB_T20234_3_DC__no": "0", "QUICK_OTHERS_no": "0", "FAST_CHAdeMO_no": "0", "FAST_CCS_DC_COMBO_no": "0", "FAST_GB_T20234_3_DC__no": "0", "FAST_OTHERS_no": "0", "REMARK_FOR__OTHERS_": "-", "DATA_PATH": "-", "OBJECTID": 312, "total_chargers": 2 }, "geometry": { "type": "Point", "coordinates": [ 114.155914, 22.319885 ] } },
{ "type": "Feature", "properties": { "GmlID": "geotagging.313", "NAME_OF_DISTRICT_COUNCIL_DISTRICT_EN": "Sha Tin", "LOCATION_EN": "FESTIVAL CITY PHASE I-III", "ADDRESS_EN": "MEI TIN ROAD, SHATIN", "NAME_OF_DISTRICT_COUNCIL_DISTRICT_TC": "沙田區", "LOCATION_TC": "名城", "ADDRESS_TC": "沙田 美田路", "NAME_OF_DISTRICT_COUNCIL_DISTRICT_SC": "沙田区", "LOCATION_SC": "名城", "ADDRESS_SC": "沙田 美田路", "STANDARD_BS1363_no": "0", "MEDIUM_CCS_DC_COMBO_no": "0", "MEDIUM_IEC62196_no": "0", "MEDIUM_SAEJ1772_no": "0", "MEDIUM_GB_T20234_2_AC__no": "0", "MEDIUM_OTHERS_no": "0", "QUICK_CHAdeMO_no": "0", "QUICK_CCS_DC_COMBO_no": "0", "QUICK_IEC62196_no": "2", "QUICK_GB_T20234_3_DC__no": "0", "QUICK_OTHERS_no": "0", "FAST_CHAdeMO_no": "0", "FAST_CCS_DC_COMBO_no": "0", "FAST_GB_T20234_3_DC__no": "0", "FAST_OTHERS_no": "0", "REMARK_FOR__OTHERS_": "-", "DATA_PATH": "https://ev-charger.epd.gov.hk/resource/ev_charger_avail/evca_ver_1_0.json", "OBJECTID": 313, "total_chargers": 2 }, "geometry": { "type": "Point", "coordinates": [ 114.174288, 22.369094 ] } },
{ "type": "Feature", "properties": { "GmlID": "geotagging.314", "NAME_OF_DISTRICT_COUNCIL_DISTRICT_EN": "Yau Tsim Mong", "LOCATION_EN": "CHI WAN BUILDING (MIRAMAR SHOPPING CENTRE)", "ADDRESS_EN": "KIMBERLEY ROAD, YAU TSIM MONG", "NAME_OF_DISTRICT_COUNCIL_DISTRICT_TC": "油尖旺區", "LOCATION_TC": "美麗華商場", "ADDRESS_TC": "油尖旺 金巴利道", "NAME_OF_DISTRICT_COUNCIL_DISTRICT_SC": "油尖旺区", "LOCATION_SC": "美麗华商场", "ADDRESS_SC": "油尖旺 金巴利道", "STANDARD_BS1363_no": "0", "MEDIUM_CCS_DC_COMBO_no": "0", "MEDIUM_IEC62196_no": "21", "MEDIUM_SAEJ1772_no": "0", "MEDIUM_GB_T20234_2_AC__no": "0", "MEDIUM_OTHERS_no": "0", "QUICK_CHAdeMO_no": "0", "QUICK_CCS_DC_COMBO_no": "4", "QUICK_IEC62196_no": "0", "QUICK_GB_T20234_3_DC__no": "0", "QUICK_OTHERS_no": "0", "FAST_CHAdeMO_no": "0", "FAST_CCS_DC_COMBO_no": "0", "FAST_GB_T20234_3_DC__no": "0", "FAST_OTHERS_no": "0", "REMARK_FOR__OTHERS_": "-", "DATA_PATH": "-", "OBJECTID": 314, "total_chargers": 25 }, "geometry": { "type": "Point", "coordinates": [ 114.172624, 22.300815 ] } },
{ "type": "Feature", "properties": { "GmlID": "geotagging.315", "NAME_OF_DISTRICT_COUNCIL_DISTRICT_EN": "Yau Tsim Mong", "LOCATION_EN": "WEALTH COMMERCIAL CENTRE", "ADDRESS_EN": "KWONG WA STREET, YAU TSIM MONG", "NAME_OF_DISTRICT_COUNCIL_DISTRICT_TC": "油尖旺區", "LOCATION_TC": "廣發商業中心", "ADDRESS_TC": "油尖旺 廣華街", "NAME_OF_DISTRICT_COUNCIL_DISTRICT_SC": "油尖旺区", "LOCATION_SC": "广发商业中心", "ADDRESS_SC": "油尖旺 广华街", "STANDARD_BS1363_no": "1", "MEDIUM_CCS_DC_COMBO_no": "0", "MEDIUM_IEC62196_no": "0", "MEDIUM_SAEJ1772_no": "0", "MEDIUM_GB_T20234_2_AC__no": "0", "MEDIUM_OTHERS_no": "0", "QUICK_CHAdeMO_no": "0", "QUICK_CCS_DC_COMBO_no": "0", "QUICK_IEC62196_no": "0", "QUICK_GB_T20234_3_DC__no": "0", "QUICK_OTHERS_no": "0", "FAST_CHAdeMO_no": "0", "FAST_CCS_DC_COMBO_no": "0", "FAST_GB_T20234_3_DC__no": "0", "FAST_OTHERS_no": "0", "REMARK_FOR__OTHERS_": "-", "DATA_PATH": "-", "OBJECTID": 315, "total_chargers": 1 }, "geometry": { "type": "Point", "coordinates": [ 114.173667, 22.316771 ] } },
{ "type": "Feature", "properties": { "GmlID": "geotagging.316", "NAME_OF_DISTRICT_COUNCIL_DISTRICT_EN": "Yau Tsim Mong", "LOCATION_EN": "Grand Century Place", "ADDRESS_EN": "PRINCE EDWARD ROAD WEST, YAU TSIM MONG", "NAME_OF_DISTRICT_COUNCIL_DISTRICT_TC": "油尖旺區", "LOCATION_TC": "新世紀廣場", "ADDRESS_TC": "油尖旺 太子道西", "NAME_OF_DISTRICT_COUNCIL_DISTRICT_SC": "油尖旺区", "LOCATION_SC": "新世纪广场", "ADDRESS_SC": "油尖旺 太子道西", "STANDARD_BS1363_no": "2", "MEDIUM_CCS_DC_COMBO_no": "0", "MEDIUM_IEC62196_no": "0", "MEDIUM_SAEJ1772_no": "0", "MEDIUM_GB_T20234_2_AC__no": "0", "MEDIUM_OTHERS_no": "0", "QUICK_CHAdeMO_no": "0", "QUICK_CCS_DC_COMBO_no": "6", "QUICK_IEC62196_no": "0", "QUICK_GB_T20234_3_DC__no": "0", "QUICK_OTHERS_no": "0", "FAST_CHAdeMO_no": "0", "FAST_CCS_DC_COMBO_no": "0", "FAST_GB_T20234_3_DC__no": "0", "FAST_OTHERS_no": "0", "REMARK_FOR__OTHERS_": "-", "DATA_PATH": "-", "OBJECTID": 316, "total_chargers": 8 }, "geometry": { "type": "Point", "coordinates": [ 114.172322, 22.323148 ] } },
{ "type": "Feature", "properties": { "GmlID": "geotagging.317", "NAME_OF_DISTRICT_COUNCIL_DISTRICT_EN": "Kwai Tsing", "LOCATION_EN": "KWAI FONG TERRACE", "ADDRESS_EN": "KWAI YI ROAD, KWAI TSING", "NAME_OF_DISTRICT_COUNCIL_DISTRICT_TC": "葵青區", "LOCATION_TC": "葵芳閣", "ADDRESS_TC": "葵青 葵義路", "NAME_OF_DISTRICT_COUNCIL_DISTRICT_SC": "葵青区", "LOCATION_SC": "葵芳阁", "ADDRESS_SC": "葵青 葵义路", "STANDARD_BS1363_no": "0", "MEDIUM_CCS_DC_COMBO_no": "0", "MEDIUM_IEC62196_no": "0", "MEDIUM_SAEJ1772_no": "0", "MEDIUM_GB_T20234_2_AC__no": "0", "MEDIUM_OTHERS_no": "0", "QUICK_CHAdeMO_no": "0", "QUICK_CCS_DC_COMBO_no": "2", "QUICK_IEC62196_no": "0", "QUICK_GB_T20234_3_DC__no": "0", "QUICK_OTHERS_no": "0", "FAST_CHAdeMO_no": "0", "FAST_CCS_DC_COMBO_no": "0", "FAST_GB_T20234_3_DC__no": "0", "FAST_OTHERS_no": "0", "REMARK_FOR__OTHERS_": "-", "DATA_PATH": "-", "OBJECTID": 317, "total_chargers": 2 }, "geometry": { "type": "Point", "coordinates": [ 114.128448, 22.355615 ] } },
{ "type": "Feature", "properties": { "GmlID": "geotagging.318", "NAME_OF_DISTRICT_COUNCIL_DISTRICT_EN": "Sai Kung", "LOCATION_EN": "The Wings II", "ADDRESS_EN": "TONG CHUN STREET, SAI KUNG", "NAME_OF_DISTRICT_COUNCIL_DISTRICT_TC": "西貢區", "LOCATION_TC": "天晉II", "ADDRESS_TC": "西貢 唐俊街", "NAME_OF_DISTRICT_COUNCIL_DISTRICT_SC": "西贡区", "LOCATION_SC": "天晋II", "ADDRESS_SC": "西贡 唐俊街", "STANDARD_BS1363_no": "0", "MEDIUM_CCS_DC_COMBO_no": "0", "MEDIUM_IEC62196_no": "0", "MEDIUM_SAEJ1772_no": "0", "MEDIUM_GB_T20234_2_AC__no": "0", "MEDIUM_OTHERS_no": "0", "QUICK_CHAdeMO_no": "0", "QUICK_CCS_DC_COMBO_no": "0", "QUICK_IEC62196_no": "2", "QUICK_GB_T20234_3_DC__no": "0", "QUICK_OTHERS_no": "0", "FAST_CHAdeMO_no": "0", "FAST_CCS_DC_COMBO_no": "0", "FAST_GB_T20234_3_DC__no": "0", "FAST_OTHERS_no": "0", "REMARK_FOR__OTHERS_": "-", "DATA_PATH": "https://ev-charger.epd.gov.hk/resource/ev_charger_avail/evca_ver_1_0.json", "OBJECTID": 318, "total_chargers": 2 }, "geometry": { "type": "Point", "coordinates": [ 114.261019, 22.306434 ] } },
{ "type": "Feature", "properties": { "GmlID": "geotagging.319", "NAME_OF_DISTRICT_COUNCIL_DISTRICT_EN": "Sha Tin", "LOCATION_EN": "MA ON SHAN CENTRE", "ADDRESS_EN": "ON CHUN STREET, SHATIN", "NAME_OF_DISTRICT_COUNCIL_DISTRICT_TC": "沙田區", "LOCATION_TC": "馬鞍山中心", "ADDRESS_TC": "沙田 鞍駿街", "NAME_OF_DISTRICT_COUNCIL_DISTRICT_SC": "沙田区", "LOCATION_SC": "马鞍山中心", "ADDRESS_SC": "沙田 鞍骏街", "STANDARD_BS1363_no": "2", "MEDIUM_CCS_DC_COMBO_no": "0", "MEDIUM_IEC62196_no": "4", "MEDIUM_SAEJ1772_no": "0", "MEDIUM_GB_T20234_2_AC__no": "0", "MEDIUM_OTHERS_no": "0", "QUICK_CHAdeMO_no": "0", "QUICK_CCS_DC_COMBO_no": "0", "QUICK_IEC62196_no": "0", "QUICK_GB_T20234_3_DC__no": "0", "QUICK_OTHERS_no": "0", "FAST_CHAdeMO_no": "0", "FAST_CCS_DC_COMBO_no": "0", "FAST_GB_T20234_3_DC__no": "0", "FAST_OTHERS_no": "0", "REMARK_FOR__OTHERS_": "-", "DATA_PATH": "https://ev-charger.epd.gov.hk/resource/ev_charger_avail/evca_ver_1_0.json", "OBJECTID": 319, "total_chargers": 6 }, "geometry": { "type": "Point", "coordinates": [ 114.23317, 22.425978 ] } },
{ "type": "Feature", "properties": { "GmlID": "geotagging.320", "NAME_OF_DISTRICT_COUNCIL_DISTRICT_EN": "Sha Tin", "LOCATION_EN": "Double Cove", "ADDRESS_EN": "SAI SHA ROAD, SHATIN", "NAME_OF_DISTRICT_COUNCIL_DISTRICT_TC": "沙田區", "LOCATION_TC": "迎海", "ADDRESS_TC": "沙田 西沙路", "NAME_OF_DISTRICT_COUNCIL_DISTRICT_SC": "沙田区", "LOCATION_SC": "迎海", "ADDRESS_SC": "沙田 西沙路", "STANDARD_BS1363_no": "0", "MEDIUM_CCS_DC_COMBO_no": "0", "MEDIUM_IEC62196_no": "3", "MEDIUM_SAEJ1772_no": "0", "MEDIUM_GB_T20234_2_AC__no": "0", "MEDIUM_OTHERS_no": "0", "QUICK_CHAdeMO_no": "0", "QUICK_CCS_DC_COMBO_no": "0", "QUICK_IEC62196_no": "0", "QUICK_GB_T20234_3_DC__no": "0", "QUICK_OTHERS_no": "0", "FAST_CHAdeMO_no": "0", "FAST_CCS_DC_COMBO_no": "0", "FAST_GB_T20234_3_DC__no": "0", "FAST_OTHERS_no": "0", "REMARK_FOR__OTHERS_": "-", "DATA_PATH": "https://ev-charger.epd.gov.hk/resource/ev_charger_avail/evca_ver_1_0.json", "OBJECTID": 320, "total_chargers": 3 }, "geometry": { "type": "Point", "coordinates": [ 114.242602, 22.431139 ] } },
{ "type": "Feature", "properties": { "GmlID": "geotagging.321", "NAME_OF_DISTRICT_COUNCIL_DISTRICT_EN": "Kwun Tong", "LOCATION_EN": "Choi Hung Park-and-Ride Public Car Park", "ADDRESS_EN": "CLEAR WATER BAY ROAD, KWUN TONG", "NAME_OF_DISTRICT_COUNCIL_DISTRICT_TC": "觀塘區", "LOCATION_TC": "彩虹泊車轉乘公眾停車場", "ADDRESS_TC": "觀塘 清水灣道", "NAME_OF_DISTRICT_COUNCIL_DISTRICT_SC": "观塘区", "LOCATION_SC": "彩虹泊车转乘公众停车场", "ADDRESS_SC": "观塘 清水湾道", "STANDARD_BS1363_no": "0", "MEDIUM_CCS_DC_COMBO_no": "0", "MEDIUM_IEC62196_no": "0", "MEDIUM_SAEJ1772_no": "0", "MEDIUM_GB_T20234_2_AC__no": "0", "MEDIUM_OTHERS_no": "0", "QUICK_CHAdeMO_no": "0", "QUICK_CCS_DC_COMBO_no": "0", "QUICK_IEC62196_no": "5", "QUICK_GB_T20234_3_DC__no": "0", "QUICK_OTHERS_no": "0", "FAST_CHAdeMO_no": "0", "FAST_CCS_DC_COMBO_no": "0", "FAST_GB_T20234_3_DC__no": "0", "FAST_OTHERS_no": "0", "REMARK_FOR__OTHERS_": "-", "DATA_PATH": "-", "OBJECTID": 321, "total_chargers": 5 }, "geometry": { "type": "Point", "coordinates": [ 114.209708, 22.333919 ] } },
{ "type": "Feature", "properties": { "GmlID": "geotagging.322", "NAME_OF_DISTRICT_COUNCIL_DISTRICT_EN": "Yau Tsim Mong", "LOCATION_EN": "SHANGRI-LA HOTEL", "ADDRESS_EN": "MODY ROAD, YAU TSIM MONG", "NAME_OF_DISTRICT_COUNCIL_DISTRICT_TC": "油尖旺區", "LOCATION_TC": "九龍香格里拉大酒店", "ADDRESS_TC": "油尖旺 麼地道", "NAME_OF_DISTRICT_COUNCIL_DISTRICT_SC": "油尖旺区", "LOCATION_SC": "九龙香格里拉大酒店", "ADDRESS_SC": "油尖旺 么地道", "STANDARD_BS1363_no": "2", "MEDIUM_CCS_DC_COMBO_no": "0", "MEDIUM_IEC62196_no": "1", "MEDIUM_SAEJ1772_no": "0", "MEDIUM_GB_T20234_2_AC__no": "0", "MEDIUM_OTHERS_no": "0", "QUICK_CHAdeMO_no": "0", "QUICK_CCS_DC_COMBO_no": "0", "QUICK_IEC62196_no": "0", "QUICK_GB_T20234_3_DC__no": "0", "QUICK_OTHERS_no": "0", "FAST_CHAdeMO_no": "0", "FAST_CCS_DC_COMBO_no": "0", "FAST_GB_T20234_3_DC__no": "0", "FAST_OTHERS_no": "0", "REMARK_FOR__OTHERS_": "-", "DATA_PATH": "-", "OBJECTID": 322, "total_chargers": 3 }, "geometry": { "type": "Point", "coordinates": [ 114.177088, 22.297004 ] } },
{ "type": "Feature", "properties": { "GmlID": "geotagging.323", "NAME_OF_DISTRICT_COUNCIL_DISTRICT_EN": "Yau Tsim Mong", "LOCATION_EN": "REGAL KOWLOON HOTEL", "ADDRESS_EN": "MODY ROAD, YAU TSIM MONG", "NAME_OF_DISTRICT_COUNCIL_DISTRICT_TC": "油尖旺區", "LOCATION_TC": "富豪九龍酒店", "ADDRESS_TC": "油尖旺 麼地道", "NAME_OF_DISTRICT_COUNCIL_DISTRICT_SC": "油尖旺区", "LOCATION_SC": "富豪九龙酒店", "ADDRESS_SC": "油尖旺 么地道", "STANDARD_BS1363_no": "0", "MEDIUM_CCS_DC_COMBO_no": "0", "MEDIUM_IEC62196_no": "0", "MEDIUM_SAEJ1772_no": "0", "MEDIUM_GB_T20234_2_AC__no": "0", "MEDIUM_OTHERS_no": "0", "QUICK_CHAdeMO_no": "0", "QUICK_CCS_DC_COMBO_no": "1", "QUICK_IEC62196_no": "0", "QUICK_GB_T20234_3_DC__no": "0", "QUICK_OTHERS_no": "0", "FAST_CHAdeMO_no": "0", "FAST_CCS_DC_COMBO_no": "0", "FAST_GB_T20234_3_DC__no": "0", "FAST_OTHERS_no": "0", "REMARK_FOR__OTHERS_": "-", "DATA_PATH": "-", "OBJECTID": 323, "total_chargers": 1 }, "geometry": { "type": "Point", "coordinates": [ 114.177913, 22.298937 ] } },
{ "type": "Feature", "properties": { "GmlID": "geotagging.324", "NAME_OF_DISTRICT_COUNCIL_DISTRICT_EN": "Central & Western", "LOCATION_EN": "TWO IFC (International Finance Centre) - IFC II", "ADDRESS_EN": "FINANCE STREET, CENTRAL & WESTERN", "NAME_OF_DISTRICT_COUNCIL_DISTRICT_TC": "中西區", "LOCATION_TC": "國際金融中心二期", "ADDRESS_TC": "中西區 金融街", "NAME_OF_DISTRICT_COUNCIL_DISTRICT_SC": "中西区", "LOCATION_SC": "国际金融中心二期", "ADDRESS_SC": "中西区 金融街", "STANDARD_BS1363_no": "0", "MEDIUM_CCS_DC_COMBO_no": "0", "MEDIUM_IEC62196_no": "0", "MEDIUM_SAEJ1772_no": "0", "MEDIUM_GB_T20234_2_AC__no": "0", "MEDIUM_OTHERS_no": "0", "QUICK_CHAdeMO_no": "6", "QUICK_CCS_DC_COMBO_no": "9", "QUICK_IEC62196_no": "24", "QUICK_GB_T20234_3_DC__no": "0", "QUICK_OTHERS_no": "0", "FAST_CHAdeMO_no": "0", "FAST_CCS_DC_COMBO_no": "0", "FAST_GB_T20234_3_DC__no": "0", "FAST_OTHERS_no": "0", "REMARK_FOR__OTHERS_": "-", "DATA_PATH": "https://ev-charger.epd.gov.hk/resource/ev_charger_avail/evca_ver_1_0.json", "OBJECTID": 324, "total_chargers": 39 }, "geometry": { "type": "Point", "coordinates": [ 114.158803, 22.285514 ] } },
{ "type": "Feature", "properties": { "GmlID": "geotagging.325", "NAME_OF_DISTRICT_COUNCIL_DISTRICT_EN": "Sai Kung", "LOCATION_EN": "TSEUNG KWAN O PLAZA", "ADDRESS_EN": "TONG TAK STREET, SAI KUNG", "NAME_OF_DISTRICT_COUNCIL_DISTRICT_TC": "西貢區", "LOCATION_TC": "將軍澳廣場", "ADDRESS_TC": "西貢 唐德街", "NAME_OF_DISTRICT_COUNCIL_DISTRICT_SC": "西贡区", "LOCATION_SC": "将军澳广场", "ADDRESS_SC": "西贡 唐德街", "STANDARD_BS1363_no": "0", "MEDIUM_CCS_DC_COMBO_no": "0", "MEDIUM_IEC62196_no": "3", "MEDIUM_SAEJ1772_no": "0", "MEDIUM_GB_T20234_2_AC__no": "0", "MEDIUM_OTHERS_no": "0", "QUICK_CHAdeMO_no": "0", "QUICK_CCS_DC_COMBO_no": "0", "QUICK_IEC62196_no": "5", "QUICK_GB_T20234_3_DC__no": "0", "QUICK_OTHERS_no": "0", "FAST_CHAdeMO_no": "0", "FAST_CCS_DC_COMBO_no": "0", "FAST_GB_T20234_3_DC__no": "0", "FAST_OTHERS_no": "0", "REMARK_FOR__OTHERS_": "-", "DATA_PATH": "https://ev-charger.epd.gov.hk/resource/ev_charger_avail/evca_ver_1_0.json", "OBJECTID": 325, "total_chargers": 8 }, "geometry": { "type": "Point", "coordinates": [ 114.262388, 22.309105 ] } },
{ "type": "Feature", "properties": { "GmlID": "geotagging.326", "NAME_OF_DISTRICT_COUNCIL_DISTRICT_EN": "Eastern", "LOCATION_EN": "HING MAN ESTATE", "ADDRESS_EN": "HING MAN STREET, EASTERN", "NAME_OF_DISTRICT_COUNCIL_DISTRICT_TC": "東區", "LOCATION_TC": "興民邨", "ADDRESS_TC": "東區 興民街", "NAME_OF_DISTRICT_COUNCIL_DISTRICT_SC": "东区", "LOCATION_SC": "兴民邨", "ADDRESS_SC": "东区 兴民街", "STANDARD_BS1363_no": "0", "MEDIUM_CCS_DC_COMBO_no": "0", "MEDIUM_IEC62196_no": "11", "MEDIUM_SAEJ1772_no": "0", "MEDIUM_GB_T20234_2_AC__no": "0", "MEDIUM_OTHERS_no": "0", "QUICK_CHAdeMO_no": "0", "QUICK_CCS_DC_COMBO_no": "4", "QUICK_IEC62196_no": "0", "QUICK_GB_T20234_3_DC__no": "0", "QUICK_OTHERS_no": "0", "FAST_CHAdeMO_no": "0", "FAST_CCS_DC_COMBO_no": "0", "FAST_GB_T20234_3_DC__no": "0", "FAST_OTHERS_no": "0", "REMARK_FOR__OTHERS_": "-", "DATA_PATH": "-", "OBJECTID": 326, "total_chargers": 15 }, "geometry": { "type": "Point", "coordinates": [ 114.232993, 22.26768 ] } },
{ "type": "Feature", "properties": { "GmlID": "geotagging.327", "NAME_OF_DISTRICT_COUNCIL_DISTRICT_EN": "Sha Tin", "LOCATION_EN": "SUI WO COURT", "ADDRESS_EN": "SUI WO ROAD, SHATIN", "NAME_OF_DISTRICT_COUNCIL_DISTRICT_TC": "沙田區", "LOCATION_TC": "穗禾苑", "ADDRESS_TC": "沙田 穗禾路", "NAME_OF_DISTRICT_COUNCIL_DISTRICT_SC": "沙田区", "LOCATION_SC": "穗禾苑", "ADDRESS_SC": "沙田 穗禾路", "STANDARD_BS1363_no": "0", "MEDIUM_CCS_DC_COMBO_no": "0", "MEDIUM_IEC62196_no": "0", "MEDIUM_SAEJ1772_no": "0", "MEDIUM_GB_T20234_2_AC__no": "0", "MEDIUM_OTHERS_no": "0", "QUICK_CHAdeMO_no": "0", "QUICK_CCS_DC_COMBO_no": "6", "QUICK_IEC62196_no": "0", "QUICK_GB_T20234_3_DC__no": "0", "QUICK_OTHERS_no": "0", "FAST_CHAdeMO_no": "0", "FAST_CCS_DC_COMBO_no": "0", "FAST_GB_T20234_3_DC__no": "0", "FAST_OTHERS_no": "0", "REMARK_FOR__OTHERS_": "-", "DATA_PATH": "-", "OBJECTID": 327, "total_chargers": 6 }, "geometry": { "type": "Point", "coordinates": [ 114.19435, 22.39197 ] } },
{ "type": "Feature", "properties": { "GmlID": "geotagging.328", "NAME_OF_DISTRICT_COUNCIL_DISTRICT_EN": "Sai Kung", "LOCATION_EN": "The Edge", "ADDRESS_EN": "TONG CHUN STREET, SAI KUNG", "NAME_OF_DISTRICT_COUNCIL_DISTRICT_TC": "西貢區", "LOCATION_TC": "君薈坊", "ADDRESS_TC": "西貢 唐俊街", "NAME_OF_DISTRICT_COUNCIL_DISTRICT_SC": "西贡区", "LOCATION_SC": "君荟坊", "ADDRESS_SC": "西贡 唐俊街", "STANDARD_BS1363_no": "0", "MEDIUM_CCS_DC_COMBO_no": "0", "MEDIUM_IEC62196_no": "0", "MEDIUM_SAEJ1772_no": "0", "MEDIUM_GB_T20234_2_AC__no": "0", "MEDIUM_OTHERS_no": "0", "QUICK_CHAdeMO_no": "0", "QUICK_CCS_DC_COMBO_no": "0", "QUICK_IEC62196_no": "1", "QUICK_GB_T20234_3_DC__no": "0", "QUICK_OTHERS_no": "0", "FAST_CHAdeMO_no": "0", "FAST_CCS_DC_COMBO_no": "0", "FAST_GB_T20234_3_DC__no": "0", "FAST_OTHERS_no": "0", "REMARK_FOR__OTHERS_": "-", "DATA_PATH": "-", "OBJECTID": 328, "total_chargers": 1 }, "geometry": { "type": "Point", "coordinates": [ 114.261577, 22.307978 ] } },
{ "type": "Feature", "properties": { "GmlID": "geotagging.329", "NAME_OF_DISTRICT_COUNCIL_DISTRICT_EN": "Sha Tin", "LOCATION_EN": "Hyatt Regency Hong Kong , Sha Tin", "ADDRESS_EN": "CHAK CHEUNG STREET, SHATIN", "NAME_OF_DISTRICT_COUNCIL_DISTRICT_TC": "沙田區", "LOCATION_TC": "香港凱悅酒店-沙田", "ADDRESS_TC": "沙田 澤祥街", "NAME_OF_DISTRICT_COUNCIL_DISTRICT_SC": "沙田区", "LOCATION_SC": "香港凯悅酒店-沙田", "ADDRESS_SC": "沙田 泽祥街", "STANDARD_BS1363_no": "0", "MEDIUM_CCS_DC_COMBO_no": "0", "MEDIUM_IEC62196_no": "6", "MEDIUM_SAEJ1772_no": "0", "MEDIUM_GB_T20234_2_AC__no": "0", "MEDIUM_OTHERS_no": "0", "QUICK_CHAdeMO_no": "0", "QUICK_CCS_DC_COMBO_no": "49", "QUICK_IEC62196_no": "0", "QUICK_GB_T20234_3_DC__no": "0", "QUICK_OTHERS_no": "0", "FAST_CHAdeMO_no": "0", "FAST_CCS_DC_COMBO_no": "0", "FAST_GB_T20234_3_DC__no": "0", "FAST_OTHERS_no": "0", "REMARK_FOR__OTHERS_": "-", "DATA_PATH": "-", "OBJECTID": 329, "total_chargers": 55 }, "geometry": { "type": "Point", "coordinates": [ 114.211152, 22.411935 ] } },
{ "type": "Feature", "properties": { "GmlID": "geotagging.330", "NAME_OF_DISTRICT_COUNCIL_DISTRICT_EN": "Wan Chai", "LOCATION_EN": "Central Plaza Wan Chai", "ADDRESS_EN": "HARBOUR ROAD, WAN CHAI", "NAME_OF_DISTRICT_COUNCIL_DISTRICT_TC": "灣仔區", "LOCATION_TC": "中環廣場", "ADDRESS_TC": "灣仔 港灣道", "NAME_OF_DISTRICT_COUNCIL_DISTRICT_SC": "湾仔区", "LOCATION_SC": "中环广场", "ADDRESS_SC": "湾仔 港湾道", "STANDARD_BS1363_no": "0", "MEDIUM_CCS_DC_COMBO_no": "0", "MEDIUM_IEC62196_no": "2", "MEDIUM_SAEJ1772_no": "0", "MEDIUM_GB_T20234_2_AC__no": "0", "MEDIUM_OTHERS_no": "0", "QUICK_CHAdeMO_no": "0", "QUICK_CCS_DC_COMBO_no": "14", "QUICK_IEC62196_no": "0", "QUICK_GB_T20234_3_DC__no": "0", "QUICK_OTHERS_no": "0", "FAST_CHAdeMO_no": "0", "FAST_CCS_DC_COMBO_no": "0", "FAST_GB_T20234_3_DC__no": "0", "FAST_OTHERS_no": "0", "REMARK_FOR__OTHERS_": "-", "DATA_PATH": "-", "OBJECTID": 330, "total_chargers": 16 }, "geometry": { "type": "Point", "coordinates": [ 114.173606, 22.279999 ] } },
{ "type": "Feature", "properties": { "GmlID": "geotagging.331", "NAME_OF_DISTRICT_COUNCIL_DISTRICT_EN": "Eastern", "LOCATION_EN": "Kerry Centre", "ADDRESS_EN": "KING'S ROAD, EASTERN", "NAME_OF_DISTRICT_COUNCIL_DISTRICT_TC": "東區", "LOCATION_TC": "嘉里中心", "ADDRESS_TC": "東區 英皇道", "NAME_OF_DISTRICT_COUNCIL_DISTRICT_SC": "东区", "LOCATION_SC": "嘉里中心", "ADDRESS_SC": "东区 英皇道", "STANDARD_BS1363_no": "0", "MEDIUM_CCS_DC_COMBO_no": "0", "MEDIUM_IEC62196_no": "4", "MEDIUM_SAEJ1772_no": "0", "MEDIUM_GB_T20234_2_AC__no": "0", "MEDIUM_OTHERS_no": "0", "QUICK_CHAdeMO_no": "0", "QUICK_CCS_DC_COMBO_no": "0", "QUICK_IEC62196_no": "0", "QUICK_GB_T20234_3_DC__no": "0", "QUICK_OTHERS_no": "0", "FAST_CHAdeMO_no": "0", "FAST_CCS_DC_COMBO_no": "0", "FAST_GB_T20234_3_DC__no": "0", "FAST_OTHERS_no": "0", "REMARK_FOR__OTHERS_": "-", "DATA_PATH": "https://ev-charger.epd.gov.hk/resource/ev_charger_avail/evca_ver_1_0.json", "OBJECTID": 331, "total_chargers": 4 }, "geometry": { "type": "Point", "coordinates": [ 114.209666, 22.290474 ] } },
{ "type": "Feature", "properties": { "GmlID": "geotagging.332", "NAME_OF_DISTRICT_COUNCIL_DISTRICT_EN": "Tsuen Wan", "LOCATION_EN": "LUK YEUNG SUN CHUEN", "ADDRESS_EN": "WAI TSUEN ROAD, TSUEN WAN", "NAME_OF_DISTRICT_COUNCIL_DISTRICT_TC": "荃灣區", "LOCATION_TC": "綠楊新邨", "ADDRESS_TC": "荃灣 蕙荃路", "NAME_OF_DISTRICT_COUNCIL_DISTRICT_SC": "荃湾区", "LOCATION_SC": "绿杨新邨", "ADDRESS_SC": "荃湾 蕙荃路", "STANDARD_BS1363_no": "0", "MEDIUM_CCS_DC_COMBO_no": "0", "MEDIUM_IEC62196_no": "0", "MEDIUM_SAEJ1772_no": "0", "MEDIUM_GB_T20234_2_AC__no": "0", "MEDIUM_OTHERS_no": "0", "QUICK_CHAdeMO_no": "0", "QUICK_CCS_DC_COMBO_no": "0", "QUICK_IEC62196_no": "3", "QUICK_GB_T20234_3_DC__no": "0", "QUICK_OTHERS_no": "0", "FAST_CHAdeMO_no": "0", "FAST_CCS_DC_COMBO_no": "0", "FAST_GB_T20234_3_DC__no": "0", "FAST_OTHERS_no": "0", "REMARK_FOR__OTHERS_": "-", "DATA_PATH": "-", "OBJECTID": 332, "total_chargers": 3 }, "geometry": { "type": "Point", "coordinates": [ 114.120218, 22.373556 ] } },
{ "type": "Feature", "properties": { "GmlID": "geotagging.333", "NAME_OF_DISTRICT_COUNCIL_DISTRICT_EN": "Islands", "LOCATION_EN": "HK Disneyland Theme Park Hollywood Hotel (Building 645)", "ADDRESS_EN": "MAGIC ROAD, ISLANDS", "NAME_OF_DISTRICT_COUNCIL_DISTRICT_TC": "離島區", "LOCATION_TC": "香港迪士尼主題樂園好萊塢酒店", "ADDRESS_TC": "離島 神奇道", "NAME_OF_DISTRICT_COUNCIL_DISTRICT_SC": "离岛区", "LOCATION_SC": "香港迪士尼主题乐园好莱坞酒店", "ADDRESS_SC": "离岛 神奇道", "STANDARD_BS1363_no": "1", "MEDIUM_CCS_DC_COMBO_no": "0", "MEDIUM_IEC62196_no": "14", "MEDIUM_SAEJ1772_no": "0", "MEDIUM_GB_T20234_2_AC__no": "0", "MEDIUM_OTHERS_no": "0", "QUICK_CHAdeMO_no": "0", "QUICK_CCS_DC_COMBO_no": "0", "QUICK_IEC62196_no": "0", "QUICK_GB_T20234_3_DC__no": "0", "QUICK_OTHERS_no": "0", "FAST_CHAdeMO_no": "0", "FAST_CCS_DC_COMBO_no": "0", "FAST_GB_T20234_3_DC__no": "0", "FAST_OTHERS_no": "0", "REMARK_FOR__OTHERS_": "-", "DATA_PATH": "-", "OBJECTID": 333, "total_chargers": 15 }, "geometry": { "type": "Point", "coordinates": [ 114.037787, 22.309577 ] } },
{ "type": "Feature", "properties": { "GmlID": "geotagging.334", "NAME_OF_DISTRICT_COUNCIL_DISTRICT_EN": "Kwai Tsing", "LOCATION_EN": "Kowloon Commerce Centre", "ADDRESS_EN": "KWAI CHEONG ROAD, KWAI TSING", "NAME_OF_DISTRICT_COUNCIL_DISTRICT_TC": "葵青區", "LOCATION_TC": "九龍貿易中心", "ADDRESS_TC": "葵青 葵昌路", "NAME_OF_DISTRICT_COUNCIL_DISTRICT_SC": "葵青区", "LOCATION_SC": "九龙贸易中心", "ADDRESS_SC": "葵青 葵昌路", "STANDARD_BS1363_no": "0", "MEDIUM_CCS_DC_COMBO_no": "0", "MEDIUM_IEC62196_no": "4", "MEDIUM_SAEJ1772_no": "0", "MEDIUM_GB_T20234_2_AC__no": "0", "MEDIUM_OTHERS_no": "0", "QUICK_CHAdeMO_no": "0", "QUICK_CCS_DC_COMBO_no": "0", "QUICK_IEC62196_no": "0", "QUICK_GB_T20234_3_DC__no": "0", "QUICK_OTHERS_no": "0", "FAST_CHAdeMO_no": "0", "FAST_CCS_DC_COMBO_no": "0", "FAST_GB_T20234_3_DC__no": "0", "FAST_OTHERS_no": "0", "REMARK_FOR__OTHERS_": "-", "DATA_PATH": "-", "OBJECTID": 334, "total_chargers": 4 }, "geometry": { "type": "Point", "coordinates": [ 114.132575, 22.36168 ] } },
{ "type": "Feature", "properties": { "GmlID": "geotagging.335", "NAME_OF_DISTRICT_COUNCIL_DISTRICT_EN": "Central & Western", "LOCATION_EN": "NEW WORLD TOWER", "ADDRESS_EN": "QUEEN'S ROAD CENTRAL, CENTRAL & WESTERN", "NAME_OF_DISTRICT_COUNCIL_DISTRICT_TC": "中西區", "LOCATION_TC": "新世界大廈", "ADDRESS_TC": "中西區 皇后大道中", "NAME_OF_DISTRICT_COUNCIL_DISTRICT_SC": "中西区", "LOCATION_SC": "新世界大厦", "ADDRESS_SC": "中西区 皇后大道中", "STANDARD_BS1363_no": "0", "MEDIUM_CCS_DC_COMBO_no": "0", "MEDIUM_IEC62196_no": "0", "MEDIUM_SAEJ1772_no": "0", "MEDIUM_GB_T20234_2_AC__no": "0", "MEDIUM_OTHERS_no": "0", "QUICK_CHAdeMO_no": "0", "QUICK_CCS_DC_COMBO_no": "4", "QUICK_IEC62196_no": "8", "QUICK_GB_T20234_3_DC__no": "0", "QUICK_OTHERS_no": "0", "FAST_CHAdeMO_no": "0", "FAST_CCS_DC_COMBO_no": "0", "FAST_GB_T20234_3_DC__no": "0", "FAST_OTHERS_no": "0", "REMARK_FOR__OTHERS_": "-", "DATA_PATH": "-", "OBJECTID": 335, "total_chargers": 12 }, "geometry": { "type": "Point", "coordinates": [ 114.156934, 22.280323 ] } },
{ "type": "Feature", "properties": { "GmlID": "geotagging.336", "NAME_OF_DISTRICT_COUNCIL_DISTRICT_EN": "Central & Western", "LOCATION_EN": "THE CENTER", "ADDRESS_EN": "QUEEN'S ROAD CENTRAL, CENTRAL & WESTERN", "NAME_OF_DISTRICT_COUNCIL_DISTRICT_TC": "中西區", "LOCATION_TC": "中環中心", "ADDRESS_TC": "中西區 皇后大道中", "NAME_OF_DISTRICT_COUNCIL_DISTRICT_SC": "中西区", "LOCATION_SC": "中环中心", "ADDRESS_SC": "中西区 皇后大道中", "STANDARD_BS1363_no": "0", "MEDIUM_CCS_DC_COMBO_no": "0", "MEDIUM_IEC62196_no": "6", "MEDIUM_SAEJ1772_no": "0", "MEDIUM_GB_T20234_2_AC__no": "0", "MEDIUM_OTHERS_no": "0", "QUICK_CHAdeMO_no": "0", "QUICK_CCS_DC_COMBO_no": "0", "QUICK_IEC62196_no": "0", "QUICK_GB_T20234_3_DC__no": "0", "QUICK_OTHERS_no": "0", "FAST_CHAdeMO_no": "0", "FAST_CCS_DC_COMBO_no": "0", "FAST_GB_T20234_3_DC__no": "0", "FAST_OTHERS_no": "0", "REMARK_FOR__OTHERS_": "-", "DATA_PATH": "-", "OBJECTID": 336, "total_chargers": 6 }, "geometry": { "type": "Point", "coordinates": [ 114.154702, 22.284604 ] } },
{ "type": "Feature", "properties": { "GmlID": "geotagging.337", "NAME_OF_DISTRICT_COUNCIL_DISTRICT_EN": "Yau Tsim Mong", "LOCATION_EN": "ISLAND SHANGRI-LA HOTEL", "ADDRESS_EN": "QUEENSWAY, CENTRAL & WESTERN", "NAME_OF_DISTRICT_COUNCIL_DISTRICT_TC": "油尖旺區", "LOCATION_TC": "港島香格里拉大酒店", "ADDRESS_TC": "中西區 金鐘道", "NAME_OF_DISTRICT_COUNCIL_DISTRICT_SC": "油尖旺区", "LOCATION_SC": "港岛香格里拉大酒店", "ADDRESS_SC": "中西区 金钟道", "STANDARD_BS1363_no": "0", "MEDIUM_CCS_DC_COMBO_no": "0", "MEDIUM_IEC62196_no": "0", "MEDIUM_SAEJ1772_no": "0", "MEDIUM_GB_T20234_2_AC__no": "0", "MEDIUM_OTHERS_no": "0", "QUICK_CHAdeMO_no": "0", "QUICK_CCS_DC_COMBO_no": "1", "QUICK_IEC62196_no": "0", "QUICK_GB_T20234_3_DC__no": "0", "QUICK_OTHERS_no": "0", "FAST_CHAdeMO_no": "0", "FAST_CCS_DC_COMBO_no": "0", "FAST_GB_T20234_3_DC__no": "0", "FAST_OTHERS_no": "0", "REMARK_FOR__OTHERS_": "-", "DATA_PATH": "-", "OBJECTID": 337, "total_chargers": 1 }, "geometry": { "type": "Point", "coordinates": [ 114.164309, 22.277136 ] } },
{ "type": "Feature", "properties": { "GmlID": "geotagging.338", "NAME_OF_DISTRICT_COUNCIL_DISTRICT_EN": "Wan Chai", "LOCATION_EN": "THE PARK LANE", "ADDRESS_EN": "GLOUCESTER ROAD, WAN CHAI", "NAME_OF_DISTRICT_COUNCIL_DISTRICT_TC": "灣仔區", "LOCATION_TC": "柏寧酒店", "ADDRESS_TC": "灣仔 告士打道", "NAME_OF_DISTRICT_COUNCIL_DISTRICT_SC": "湾仔区", "LOCATION_SC": "柏宁酒店", "ADDRESS_SC": "湾仔 告士打道", "STANDARD_BS1363_no": "0", "MEDIUM_CCS_DC_COMBO_no": "0", "MEDIUM_IEC62196_no": "0", "MEDIUM_SAEJ1772_no": "0", "MEDIUM_GB_T20234_2_AC__no": "0", "MEDIUM_OTHERS_no": "0", "QUICK_CHAdeMO_no": "0", "QUICK_CCS_DC_COMBO_no": "2", "QUICK_IEC62196_no": "0", "QUICK_GB_T20234_3_DC__no": "0", "QUICK_OTHERS_no": "0", "FAST_CHAdeMO_no": "0", "FAST_CCS_DC_COMBO_no": "0", "FAST_GB_T20234_3_DC__no": "0", "FAST_OTHERS_no": "0", "REMARK_FOR__OTHERS_": "-", "DATA_PATH": "-", "OBJECTID": 338, "total_chargers": 2 }, "geometry": { "type": "Point", "coordinates": [ 114.186287, 22.281236 ] } },
{ "type": "Feature", "properties": { "GmlID": "geotagging.339", "NAME_OF_DISTRICT_COUNCIL_DISTRICT_EN": "Southern", "LOCATION_EN": "KAM FUNG BUILDING", "ADDRESS_EN": "ABERDEEN MAIN ROAD, SOUTHERN", "NAME_OF_DISTRICT_COUNCIL_DISTRICT_TC": "南區", "LOCATION_TC": "金豐大廈", "ADDRESS_TC": "南區 香港仔大道", "NAME_OF_DISTRICT_COUNCIL_DISTRICT_SC": "南区", "LOCATION_SC": "金丰大厦", "ADDRESS_SC": "南区 香港仔大道", "STANDARD_BS1363_no": "0", "MEDIUM_CCS_DC_COMBO_no": "0", "MEDIUM_IEC62196_no": "2", "MEDIUM_SAEJ1772_no": "0", "MEDIUM_GB_T20234_2_AC__no": "0", "MEDIUM_OTHERS_no": "0", "QUICK_CHAdeMO_no": "0", "QUICK_CCS_DC_COMBO_no": "0", "QUICK_IEC62196_no": "0", "QUICK_GB_T20234_3_DC__no": "0", "QUICK_OTHERS_no": "0", "FAST_CHAdeMO_no": "0", "FAST_CCS_DC_COMBO_no": "0", "FAST_GB_T20234_3_DC__no": "0", "FAST_OTHERS_no": "0", "REMARK_FOR__OTHERS_": "-", "DATA_PATH": "https://ev-charger.epd.gov.hk/resource/ev_charger_avail/evca_ver_1_0.json", "OBJECTID": 339, "total_chargers": 2 }, "geometry": { "type": "Point", "coordinates": [ 114.155435, 22.248662 ] } },
{ "type": "Feature", "properties": { "GmlID": "geotagging.340", "NAME_OF_DISTRICT_COUNCIL_DISTRICT_EN": "Tuen Mun", "LOCATION_EN": "Sun Tuen Mun Centre", "ADDRESS_EN": "LUNG MUN ROAD, TUEN MUN", "NAME_OF_DISTRICT_COUNCIL_DISTRICT_TC": "屯門區", "LOCATION_TC": "新屯門中心", "ADDRESS_TC": "屯門 龍門路", "NAME_OF_DISTRICT_COUNCIL_DISTRICT_SC": "屯门区", "LOCATION_SC": "新屯门中心", "ADDRESS_SC": "屯门 龙门路", "STANDARD_BS1363_no": "0", "MEDIUM_CCS_DC_COMBO_no": "0", "MEDIUM_IEC62196_no": "3", "MEDIUM_SAEJ1772_no": "0", "MEDIUM_GB_T20234_2_AC__no": "0", "MEDIUM_OTHERS_no": "0", "QUICK_CHAdeMO_no": "0", "QUICK_CCS_DC_COMBO_no": "0", "QUICK_IEC62196_no": "3", "QUICK_GB_T20234_3_DC__no": "0", "QUICK_OTHERS_no": "0", "FAST_CHAdeMO_no": "0", "FAST_CCS_DC_COMBO_no": "0", "FAST_GB_T20234_3_DC__no": "0", "FAST_OTHERS_no": "0", "REMARK_FOR__OTHERS_": "-", "DATA_PATH": "-", "OBJECTID": 340, "total_chargers": 6 }, "geometry": { "type": "Point", "coordinates": [ 113.964783, 22.38126 ] } },
{ "type": "Feature", "properties": { "GmlID": "geotagging.341", "NAME_OF_DISTRICT_COUNCIL_DISTRICT_EN": "Tsuen Wan", "LOCATION_EN": "KOLOUR • Tsuen Wan II (Tsuen Wan Town Square)", "ADDRESS_EN": "CASTLE PEAK ROAD, TSUEN WAN", "NAME_OF_DISTRICT_COUNCIL_DISTRICT_TC": "荃灣區", "LOCATION_TC": "荃灣千色匯 II (荃灣城市廣場)", "ADDRESS_TC": "荃灣 青山道", "NAME_OF_DISTRICT_COUNCIL_DISTRICT_SC": "荃湾区", "LOCATION_SC": "荃湾千色汇 II (荃湾城市广场)", "ADDRESS_SC": "荃湾 青山道", "STANDARD_BS1363_no": "1", "MEDIUM_CCS_DC_COMBO_no": "0", "MEDIUM_IEC62196_no": "0", "MEDIUM_SAEJ1772_no": "0", "MEDIUM_GB_T20234_2_AC__no": "0", "MEDIUM_OTHERS_no": "0", "QUICK_CHAdeMO_no": "0", "QUICK_CCS_DC_COMBO_no": "0", "QUICK_IEC62196_no": "0", "QUICK_GB_T20234_3_DC__no": "0", "QUICK_OTHERS_no": "0", "FAST_CHAdeMO_no": "0", "FAST_CCS_DC_COMBO_no": "0", "FAST_GB_T20234_3_DC__no": "0", "FAST_OTHERS_no": "0", "REMARK_FOR__OTHERS_": "-", "DATA_PATH": "-", "OBJECTID": 341, "total_chargers": 1 }, "geometry": { "type": "Point", "coordinates": [ 114.1185, 22.37139 ] } },
{ "type": "Feature", "properties": { "GmlID": "geotagging.342", "NAME_OF_DISTRICT_COUNCIL_DISTRICT_EN": "Yau Tsim Mong", "LOCATION_EN": "Prosperous Garden", "ADDRESS_EN": "PUBLIC SQUARE STREET, YAU TSIM MONG", "NAME_OF_DISTRICT_COUNCIL_DISTRICT_TC": "油尖旺區", "LOCATION_TC": "駿發花園", "ADDRESS_TC": "油尖旺 眾坊街", "NAME_OF_DISTRICT_COUNCIL_DISTRICT_SC": "油尖旺区", "LOCATION_SC": "骏发花园", "ADDRESS_SC": "油尖旺 众坊街", "STANDARD_BS1363_no": "1", "MEDIUM_CCS_DC_COMBO_no": "0", "MEDIUM_IEC62196_no": "1", "MEDIUM_SAEJ1772_no": "0", "MEDIUM_GB_T20234_2_AC__no": "0", "MEDIUM_OTHERS_no": "0", "QUICK_CHAdeMO_no": "0", "QUICK_CCS_DC_COMBO_no": "0", "QUICK_IEC62196_no": "0", "QUICK_GB_T20234_3_DC__no": "0", "QUICK_OTHERS_no": "0", "FAST_CHAdeMO_no": "0", "FAST_CCS_DC_COMBO_no": "0", "FAST_GB_T20234_3_DC__no": "0", "FAST_OTHERS_no": "0", "REMARK_FOR__OTHERS_": "-", "DATA_PATH": "-", "OBJECTID": 342, "total_chargers": 2 }, "geometry": { "type": "Point", "coordinates": [ 114.168372, 22.310062 ] } },
{ "type": "Feature", "properties": { "GmlID": "geotagging.343", "NAME_OF_DISTRICT_COUNCIL_DISTRICT_EN": "Central & Western", "LOCATION_EN": "CITIC TOWER", "ADDRESS_EN": "TIM MEI AVENUE, CENTRAL & WESTERN", "NAME_OF_DISTRICT_COUNCIL_DISTRICT_TC": "中西區", "LOCATION_TC": "中信大廈", "ADDRESS_TC": "中西區 添美道", "NAME_OF_DISTRICT_COUNCIL_DISTRICT_SC": "中西区", "LOCATION_SC": "中信大厦", "ADDRESS_SC": "中西区 添美道", "STANDARD_BS1363_no": "0", "MEDIUM_CCS_DC_COMBO_no": "0", "MEDIUM_IEC62196_no": "0", "MEDIUM_SAEJ1772_no": "0", "MEDIUM_GB_T20234_2_AC__no": "0", "MEDIUM_OTHERS_no": "0", "QUICK_CHAdeMO_no": "0", "QUICK_CCS_DC_COMBO_no": "3", "QUICK_IEC62196_no": "0", "QUICK_GB_T20234_3_DC__no": "0", "QUICK_OTHERS_no": "0", "FAST_CHAdeMO_no": "0", "FAST_CCS_DC_COMBO_no": "0", "FAST_GB_T20234_3_DC__no": "0", "FAST_OTHERS_no": "0", "REMARK_FOR__OTHERS_": "-", "DATA_PATH": "-", "OBJECTID": 343, "total_chargers": 3 }, "geometry": { "type": "Point", "coordinates": [ 114.167161, 22.280631 ] } },
{ "type": "Feature", "properties": { "GmlID": "geotagging.344", "NAME_OF_DISTRICT_COUNCIL_DISTRICT_EN": "Sai Kung", "LOCATION_EN": "SERENITY PLACE", "ADDRESS_EN": "PO HONG ROAD, SAI KUNG", "NAME_OF_DISTRICT_COUNCIL_DISTRICT_TC": "西貢區", "LOCATION_TC": "怡心園", "ADDRESS_TC": "西貢 寶康路", "NAME_OF_DISTRICT_COUNCIL_DISTRICT_SC": "西贡区", "LOCATION_SC": "怡心园", "ADDRESS_SC": "西贡 宝康路", "STANDARD_BS1363_no": "0", "MEDIUM_CCS_DC_COMBO_no": "0", "MEDIUM_IEC62196_no": "16", "MEDIUM_SAEJ1772_no": "0", "MEDIUM_GB_T20234_2_AC__no": "0", "MEDIUM_OTHERS_no": "0", "QUICK_CHAdeMO_no": "0", "QUICK_CCS_DC_COMBO_no": "0", "QUICK_IEC62196_no": "0", "QUICK_GB_T20234_3_DC__no": "0", "QUICK_OTHERS_no": "0", "FAST_CHAdeMO_no": "0", "FAST_CCS_DC_COMBO_no": "0", "FAST_GB_T20234_3_DC__no": "0", "FAST_OTHERS_no": "0", "REMARK_FOR__OTHERS_": "-", "DATA_PATH": "-", "OBJECTID": 344, "total_chargers": 16 }, "geometry": { "type": "Point", "coordinates": [ 114.25367, 22.322452 ] } },
{ "type": "Feature", "properties": { "GmlID": "geotagging.345", "NAME_OF_DISTRICT_COUNCIL_DISTRICT_EN": "Sha Tin", "LOCATION_EN": "Sunshine Grove", "ADDRESS_EN": "TAK YI STREET, SHATIN", "NAME_OF_DISTRICT_COUNCIL_DISTRICT_TC": "沙田區", "LOCATION_TC": "晴碧花園", "ADDRESS_TC": "沙田 得怡街", "NAME_OF_DISTRICT_COUNCIL_DISTRICT_SC": "沙田区", "LOCATION_SC": "晴碧花园", "ADDRESS_SC": "沙田 得怡街", "STANDARD_BS1363_no": "0", "MEDIUM_CCS_DC_COMBO_no": "0", "MEDIUM_IEC62196_no": "6", "MEDIUM_SAEJ1772_no": "0", "MEDIUM_GB_T20234_2_AC__no": "0", "MEDIUM_OTHERS_no": "0", "QUICK_CHAdeMO_no": "0", "QUICK_CCS_DC_COMBO_no": "0", "QUICK_IEC62196_no": "0", "QUICK_GB_T20234_3_DC__no": "0", "QUICK_OTHERS_no": "0", "FAST_CHAdeMO_no": "0", "FAST_CCS_DC_COMBO_no": "0", "FAST_GB_T20234_3_DC__no": "0", "FAST_OTHERS_no": "0", "REMARK_FOR__OTHERS_": "-", "DATA_PATH": "-", "OBJECTID": 345, "total_chargers": 6 }, "geometry": { "type": "Point", "coordinates": [ 114.203576, 22.384487 ] } },
{ "type": "Feature", "properties": { "GmlID": "geotagging.346", "NAME_OF_DISTRICT_COUNCIL_DISTRICT_EN": "Kwun Tong", "LOCATION_EN": "Entreport Centre", "ADDRESS_EN": "HOW MING STREET, KWUN TONG", "NAME_OF_DISTRICT_COUNCIL_DISTRICT_TC": "觀塘區", "LOCATION_TC": "港貿中心", "ADDRESS_TC": "觀塘 巧明街", "NAME_OF_DISTRICT_COUNCIL_DISTRICT_SC": "观塘区", "LOCATION_SC": "港贸中心", "ADDRESS_SC": "观塘 巧明街", "STANDARD_BS1363_no": "1", "MEDIUM_CCS_DC_COMBO_no": "0", "MEDIUM_IEC62196_no": "0", "MEDIUM_SAEJ1772_no": "0", "MEDIUM_GB_T20234_2_AC__no": "0", "MEDIUM_OTHERS_no": "0", "QUICK_CHAdeMO_no": "0", "QUICK_CCS_DC_COMBO_no": "0", "QUICK_IEC62196_no": "0", "QUICK_GB_T20234_3_DC__no": "0", "QUICK_OTHERS_no": "0", "FAST_CHAdeMO_no": "0", "FAST_CCS_DC_COMBO_no": "0", "FAST_GB_T20234_3_DC__no": "0", "FAST_OTHERS_no": "0", "REMARK_FOR__OTHERS_": "-", "DATA_PATH": "-", "OBJECTID": 346, "total_chargers": 1 }, "geometry": { "type": "Point", "coordinates": [ 114.224596, 22.311365 ] } },
{ "type": "Feature", "properties": { "GmlID": "geotagging.347", "NAME_OF_DISTRICT_COUNCIL_DISTRICT_EN": "Sham Shui Po", "LOCATION_EN": "Manhattan Hill", "ADDRESS_EN": "PO LUN STREET, SHAM SHUI PO", "NAME_OF_DISTRICT_COUNCIL_DISTRICT_TC": "深水埗區", "LOCATION_TC": "曼克頓山", "ADDRESS_TC": "深水埗寶輪街", "NAME_OF_DISTRICT_COUNCIL_DISTRICT_SC": "深水埗区", "LOCATION_SC": "曼克顿山", "ADDRESS_SC": "深水埗宝轮街", "STANDARD_BS1363_no": "0", "MEDIUM_CCS_DC_COMBO_no": "0", "MEDIUM_IEC62196_no": "0", "MEDIUM_SAEJ1772_no": "0", "MEDIUM_GB_T20234_2_AC__no": "0", "MEDIUM_OTHERS_no": "0", "QUICK_CHAdeMO_no": "0", "QUICK_CCS_DC_COMBO_no": "4", "QUICK_IEC62196_no": "0", "QUICK_GB_T20234_3_DC__no": "0", "QUICK_OTHERS_no": "0", "FAST_CHAdeMO_no": "0", "FAST_CCS_DC_COMBO_no": "0", "FAST_GB_T20234_3_DC__no": "0", "FAST_OTHERS_no": "0", "REMARK_FOR__OTHERS_": "-", "DATA_PATH": "-", "OBJECTID": 347, "total_chargers": 4 }, "geometry": { "type": "Point", "coordinates": [ 114.142212, 22.334297 ] } },
{ "type": "Feature", "properties": { "GmlID": "geotagging.348", "NAME_OF_DISTRICT_COUNCIL_DISTRICT_EN": "Sai Kung", "LOCATION_EN": "The Capitol, LOHAS Park 1 (comprising 5 towers)", "ADDRESS_EN": "WAN PO ROAD, SAI KUNG", "NAME_OF_DISTRICT_COUNCIL_DISTRICT_TC": "西貢區", "LOCATION_TC": "首都, 日出康城1期", "ADDRESS_TC": "西貢 環保大道", "NAME_OF_DISTRICT_COUNCIL_DISTRICT_SC": "西贡区", "LOCATION_SC": "首都, 日出康城1期", "ADDRESS_SC": "西贡 环保大道", "STANDARD_BS1363_no": "0", "MEDIUM_CCS_DC_COMBO_no": "0", "MEDIUM_IEC62196_no": "0", "MEDIUM_SAEJ1772_no": "0", "MEDIUM_GB_T20234_2_AC__no": "0", "MEDIUM_OTHERS_no": "0", "QUICK_CHAdeMO_no": "1", "QUICK_CCS_DC_COMBO_no": "1", "QUICK_IEC62196_no": "4", "QUICK_GB_T20234_3_DC__no": "0", "QUICK_OTHERS_no": "0", "FAST_CHAdeMO_no": "0", "FAST_CCS_DC_COMBO_no": "0", "FAST_GB_T20234_3_DC__no": "0", "FAST_OTHERS_no": "0", "REMARK_FOR__OTHERS_": "-", "DATA_PATH": "-", "OBJECTID": 348, "total_chargers": 6 }, "geometry": { "type": "Point", "coordinates": [ 114.272287, 22.296835 ] } },
{ "type": "Feature", "properties": { "GmlID": "geotagging.349", "NAME_OF_DISTRICT_COUNCIL_DISTRICT_EN": "Southern", "LOCATION_EN": "MARINA HABITAT", "ADDRESS_EN": "YUET HOI STREET, SOUTHERN", "NAME_OF_DISTRICT_COUNCIL_DISTRICT_TC": "南區", "LOCATION_TC": "悅海華庭", "ADDRESS_TC": "南區 悅海街", "NAME_OF_DISTRICT_COUNCIL_DISTRICT_SC": "南区", "LOCATION_SC": "悅海华庭", "ADDRESS_SC": "南区 悅海街", "STANDARD_BS1363_no": "0", "MEDIUM_CCS_DC_COMBO_no": "0", "MEDIUM_IEC62196_no": "8", "MEDIUM_SAEJ1772_no": "0", "MEDIUM_GB_T20234_2_AC__no": "0", "MEDIUM_OTHERS_no": "0", "QUICK_CHAdeMO_no": "0", "QUICK_CCS_DC_COMBO_no": "0", "QUICK_IEC62196_no": "0", "QUICK_GB_T20234_3_DC__no": "0", "QUICK_OTHERS_no": "0", "FAST_CHAdeMO_no": "0", "FAST_CCS_DC_COMBO_no": "0", "FAST_GB_T20234_3_DC__no": "0", "FAST_OTHERS_no": "0", "REMARK_FOR__OTHERS_": "-", "DATA_PATH": "-", "OBJECTID": 349, "total_chargers": 8 }, "geometry": { "type": "Point", "coordinates": [ 114.154689, 22.244336 ] } },
{ "type": "Feature", "properties": { "GmlID": "geotagging.350", "NAME_OF_DISTRICT_COUNCIL_DISTRICT_EN": "Southern", "LOCATION_EN": "One Island South", "ADDRESS_EN": "HEUNG YIP ROAD, SOUTHERN", "NAME_OF_DISTRICT_COUNCIL_DISTRICT_TC": "南區", "LOCATION_TC": "One Island South", "ADDRESS_TC": "南區 香葉道", "NAME_OF_DISTRICT_COUNCIL_DISTRICT_SC": "南区", "LOCATION_SC": "One Island South", "ADDRESS_SC": "南区 香叶道", "STANDARD_BS1363_no": "2", "MEDIUM_CCS_DC_COMBO_no": "0", "MEDIUM_IEC62196_no": "3", "MEDIUM_SAEJ1772_no": "0", "MEDIUM_GB_T20234_2_AC__no": "0", "MEDIUM_OTHERS_no": "0", "QUICK_CHAdeMO_no": "0", "QUICK_CCS_DC_COMBO_no": "8", "QUICK_IEC62196_no": "0", "QUICK_GB_T20234_3_DC__no": "0", "QUICK_OTHERS_no": "0", "FAST_CHAdeMO_no": "0", "FAST_CCS_DC_COMBO_no": "0", "FAST_GB_T20234_3_DC__no": "0", "FAST_OTHERS_no": "0", "REMARK_FOR__OTHERS_": "-", "DATA_PATH": "-", "OBJECTID": 350, "total_chargers": 13 }, "geometry": { "type": "Point", "coordinates": [ 114.168783, 22.248849 ] } },
{ "type": "Feature", "properties": { "GmlID": "geotagging.351", "NAME_OF_DISTRICT_COUNCIL_DISTRICT_EN": "Kowloon City", "LOCATION_EN": "Chatham Gate", "ADDRESS_EN": "CHATHAM ROAD NORTH, KOWLOON CITY", "NAME_OF_DISTRICT_COUNCIL_DISTRICT_TC": "九龍城區", "LOCATION_TC": "昇御門", "ADDRESS_TC": "九龍城 漆咸道北", "NAME_OF_DISTRICT_COUNCIL_DISTRICT_SC": "九龙城区", "LOCATION_SC": "昇御门", "ADDRESS_SC": "九龙城 漆咸道北", "STANDARD_BS1363_no": "0", "MEDIUM_CCS_DC_COMBO_no": "0", "MEDIUM_IEC62196_no": "0", "MEDIUM_SAEJ1772_no": "0", "MEDIUM_GB_T20234_2_AC__no": "0", "MEDIUM_OTHERS_no": "0", "QUICK_CHAdeMO_no": "0", "QUICK_CCS_DC_COMBO_no": "6", "QUICK_IEC62196_no": "0", "QUICK_GB_T20234_3_DC__no": "0", "QUICK_OTHERS_no": "0", "FAST_CHAdeMO_no": "0", "FAST_CCS_DC_COMBO_no": "0", "FAST_GB_T20234_3_DC__no": "0", "FAST_OTHERS_no": "0", "REMARK_FOR__OTHERS_": "-", "DATA_PATH": "-", "OBJECTID": 351, "total_chargers": 6 }, "geometry": { "type": "Point", "coordinates": [ 114.186206, 22.311194 ] } },
{ "type": "Feature", "properties": { "GmlID": "geotagging.352", "NAME_OF_DISTRICT_COUNCIL_DISTRICT_EN": "Kowloon City", "LOCATION_EN": "Harbour Place", "ADDRESS_EN": "OI KING STREET, KOWLOON CITY", "NAME_OF_DISTRICT_COUNCIL_DISTRICT_TC": "九龍城區", "LOCATION_TC": "海濱南岸", "ADDRESS_TC": "九龍城 愛景街", "NAME_OF_DISTRICT_COUNCIL_DISTRICT_SC": "九龙城区", "LOCATION_SC": "海滨南岸", "ADDRESS_SC": "九龙城 爱景街", "STANDARD_BS1363_no": "2", "MEDIUM_CCS_DC_COMBO_no": "0", "MEDIUM_IEC62196_no": "0", "MEDIUM_SAEJ1772_no": "0", "MEDIUM_GB_T20234_2_AC__no": "0", "MEDIUM_OTHERS_no": "0", "QUICK_CHAdeMO_no": "0", "QUICK_CCS_DC_COMBO_no": "2", "QUICK_IEC62196_no": "0", "QUICK_GB_T20234_3_DC__no": "0", "QUICK_OTHERS_no": "0", "FAST_CHAdeMO_no": "0", "FAST_CCS_DC_COMBO_no": "0", "FAST_GB_T20234_3_DC__no": "0", "FAST_OTHERS_no": "0", "REMARK_FOR__OTHERS_": "-", "DATA_PATH": "-", "OBJECTID": 352, "total_chargers": 4 }, "geometry": { "type": "Point", "coordinates": [ 114.187139, 22.302485 ] } },
{ "type": "Feature", "properties": { "GmlID": "geotagging.353", "NAME_OF_DISTRICT_COUNCIL_DISTRICT_EN": "Islands", "LOCATION_EN": "Ngan Ho Court", "ADDRESS_EN": "NGAN KWONG WAN ROAD", "NAME_OF_DISTRICT_COUNCIL_DISTRICT_TC": "離島區", "LOCATION_TC": "銀河苑", "ADDRESS_TC": "銀鑛灣路", "NAME_OF_DISTRICT_COUNCIL_DISTRICT_SC": "离岛区", "LOCATION_SC": "银河苑", "ADDRESS_SC": "银鑛湾路", "STANDARD_BS1363_no": "1", "MEDIUM_CCS_DC_COMBO_no": "0", "MEDIUM_IEC62196_no": "0", "MEDIUM_SAEJ1772_no": "0", "MEDIUM_GB_T20234_2_AC__no": "0", "MEDIUM_OTHERS_no": "0", "QUICK_CHAdeMO_no": "0", "QUICK_CCS_DC_COMBO_no": "0", "QUICK_IEC62196_no": "0", "QUICK_GB_T20234_3_DC__no": "0", "QUICK_OTHERS_no": "0", "FAST_CHAdeMO_no": "0", "FAST_CCS_DC_COMBO_no": "0", "FAST_GB_T20234_3_DC__no": "0", "FAST_OTHERS_no": "0", "REMARK_FOR__OTHERS_": "-", "DATA_PATH": "-", "OBJECTID": 353, "total_chargers": 1 }, "geometry": { "type": "Point", "coordinates": [ 113.99492, 22.265335 ] } },
{ "type": "Feature", "properties": { "GmlID": "geotagging.354", "NAME_OF_DISTRICT_COUNCIL_DISTRICT_EN": "Islands", "LOCATION_EN": "Ngan Wai Court", "ADDRESS_EN": "NGAN KWONG WAN ROAD", "NAME_OF_DISTRICT_COUNCIL_DISTRICT_TC": "離島區", "LOCATION_TC": "銀蔚苑", "ADDRESS_TC": "銀鑛灣路", "NAME_OF_DISTRICT_COUNCIL_DISTRICT_SC": "离岛区", "LOCATION_SC": "银蔚苑", "ADDRESS_SC": "银矿湾路", "STANDARD_BS1363_no": "1", "MEDIUM_CCS_DC_COMBO_no": "0", "MEDIUM_IEC62196_no": "0", "MEDIUM_SAEJ1772_no": "0", "MEDIUM_GB_T20234_2_AC__no": "0", "MEDIUM_OTHERS_no": "0", "QUICK_CHAdeMO_no": "0", "QUICK_CCS_DC_COMBO_no": "0", "QUICK_IEC62196_no": "0", "QUICK_GB_T20234_3_DC__no": "0", "QUICK_OTHERS_no": "0", "FAST_CHAdeMO_no": "0", "FAST_CCS_DC_COMBO_no": "0", "FAST_GB_T20234_3_DC__no": "0", "FAST_OTHERS_no": "0", "REMARK_FOR__OTHERS_": "-", "DATA_PATH": "-", "OBJECTID": 354, "total_chargers": 1 }, "geometry": { "type": "Point", "coordinates": [ 113.997984, 22.265651 ] } },
{ "type": "Feature", "properties": { "GmlID": "geotagging.355", "NAME_OF_DISTRICT_COUNCIL_DISTRICT_EN": "Islands", "LOCATION_EN": "Mun Tung Estate", "ADDRESS_EN": "CHUNG MUN ROAD", "NAME_OF_DISTRICT_COUNCIL_DISTRICT_TC": "離島區", "LOCATION_TC": "滿東邨", "ADDRESS_TC": "松滿路", "NAME_OF_DISTRICT_COUNCIL_DISTRICT_SC": "离岛区", "LOCATION_SC": "满东村", "ADDRESS_SC": "松满路", "STANDARD_BS1363_no": "8", "MEDIUM_CCS_DC_COMBO_no": "0", "MEDIUM_IEC62196_no": "0", "MEDIUM_SAEJ1772_no": "0", "MEDIUM_GB_T20234_2_AC__no": "0", "MEDIUM_OTHERS_no": "0", "QUICK_CHAdeMO_no": "0", "QUICK_CCS_DC_COMBO_no": "0", "QUICK_IEC62196_no": "0", "QUICK_GB_T20234_3_DC__no": "0", "QUICK_OTHERS_no": "0", "FAST_CHAdeMO_no": "0", "FAST_CCS_DC_COMBO_no": "0", "FAST_GB_T20234_3_DC__no": "0", "FAST_OTHERS_no": "0", "REMARK_FOR__OTHERS_": "-", "DATA_PATH": "-", "OBJECTID": 355, "total_chargers": 8 }, "geometry": { "type": "Point", "coordinates": [ 113.933861, 22.277479 ] } },
{ "type": "Feature", "properties": { "GmlID": "geotagging.356", "NAME_OF_DISTRICT_COUNCIL_DISTRICT_EN": "Kowloon City", "LOCATION_EN": "Hong Kong Children's Hospital", "ADDRESS_EN": "SHING CHEONG ROAD", "NAME_OF_DISTRICT_COUNCIL_DISTRICT_TC": "九龍城區", "LOCATION_TC": "香港兒童醫院", "ADDRESS_TC": "承昌道", "NAME_OF_DISTRICT_COUNCIL_DISTRICT_SC": "九龙城区", "LOCATION_SC": "香港儿童医院", "ADDRESS_SC": "承昌道", "STANDARD_BS1363_no": "22", "MEDIUM_CCS_DC_COMBO_no": "0", "MEDIUM_IEC62196_no": "0", "MEDIUM_SAEJ1772_no": "0", "MEDIUM_GB_T20234_2_AC__no": "0", "MEDIUM_OTHERS_no": "0", "QUICK_CHAdeMO_no": "0", "QUICK_CCS_DC_COMBO_no": "0", "QUICK_IEC62196_no": "0", "QUICK_GB_T20234_3_DC__no": "0", "QUICK_OTHERS_no": "0", "FAST_CHAdeMO_no": "0", "FAST_CCS_DC_COMBO_no": "0", "FAST_GB_T20234_3_DC__no": "0", "FAST_OTHERS_no": "0", "REMARK_FOR__OTHERS_": "-", "DATA_PATH": "-", "OBJECTID": 356, "total_chargers": 22 }, "geometry": { "type": "Point", "coordinates": [ 114.208797, 22.315725 ] } },
{ "type": "Feature", "properties": { "GmlID": "geotagging.357", "NAME_OF_DISTRICT_COUNCIL_DISTRICT_EN": "Kowloon City", "LOCATION_EN": "Kai Long Court", "ADDRESS_EN": "MUK ON STREET", "NAME_OF_DISTRICT_COUNCIL_DISTRICT_TC": "九龍城區", "LOCATION_TC": "啟朗苑", "ADDRESS_TC": "沐安街", "NAME_OF_DISTRICT_COUNCIL_DISTRICT_SC": "九龙城区", "LOCATION_SC": "启朗苑", "ADDRESS_SC": "沐安街", "STANDARD_BS1363_no": "4", "MEDIUM_CCS_DC_COMBO_no": "0", "MEDIUM_IEC62196_no": "2", "MEDIUM_SAEJ1772_no": "0", "MEDIUM_GB_T20234_2_AC__no": "0", "MEDIUM_OTHERS_no": "0", "QUICK_CHAdeMO_no": "0", "QUICK_CCS_DC_COMBO_no": "0", "QUICK_IEC62196_no": "0", "QUICK_GB_T20234_3_DC__no": "0", "QUICK_OTHERS_no": "0", "FAST_CHAdeMO_no": "0", "FAST_CCS_DC_COMBO_no": "0", "FAST_GB_T20234_3_DC__no": "0", "FAST_OTHERS_no": "0", "REMARK_FOR__OTHERS_": "-", "DATA_PATH": "-", "OBJECTID": 357, "total_chargers": 6 }, "geometry": { "type": "Point", "coordinates": [ 114.201378, 22.330264 ] } },
{ "type": "Feature", "properties": { "GmlID": "geotagging.358", "NAME_OF_DISTRICT_COUNCIL_DISTRICT_EN": "North", "LOCATION_EN": "Fai Ming Estate", "ADDRESS_EN": "FAI MING ROAD", "NAME_OF_DISTRICT_COUNCIL_DISTRICT_TC": "北區", "LOCATION_TC": "暉明邨", "ADDRESS_TC": "暉明路", "NAME_OF_DISTRICT_COUNCIL_DISTRICT_SC": "北区", "LOCATION_SC": "晖明邨", "ADDRESS_SC": "晖明路", "STANDARD_BS1363_no": "1", "MEDIUM_CCS_DC_COMBO_no": "0", "MEDIUM_IEC62196_no": "0", "MEDIUM_SAEJ1772_no": "0", "MEDIUM_GB_T20234_2_AC__no": "0", "MEDIUM_OTHERS_no": "0", "QUICK_CHAdeMO_no": "0", "QUICK_CCS_DC_COMBO_no": "0", "QUICK_IEC62196_no": "0", "QUICK_GB_T20234_3_DC__no": "0", "QUICK_OTHERS_no": "0", "FAST_CHAdeMO_no": "0", "FAST_CCS_DC_COMBO_no": "0", "FAST_GB_T20234_3_DC__no": "0", "FAST_OTHERS_no": "0", "REMARK_FOR__OTHERS_": "-", "DATA_PATH": "-", "OBJECTID": 358, "total_chargers": 1 }, "geometry": { "type": "Point", "coordinates": [ 114.136256, 22.481158 ] } },
{ "type": "Feature", "properties": { "GmlID": "geotagging.359", "NAME_OF_DISTRICT_COUNCIL_DISTRICT_EN": "Sai Kung", "LOCATION_EN": "WM Hotel", "ADDRESS_EN": "WAI MAN ROAD", "NAME_OF_DISTRICT_COUNCIL_DISTRICT_TC": "西貢區", "LOCATION_TC": "WM Hotel", "ADDRESS_TC": "惠民路", "NAME_OF_DISTRICT_COUNCIL_DISTRICT_SC": "西贡区", "LOCATION_SC": "WM Hotel", "ADDRESS_SC": "惠民路", "STANDARD_BS1363_no": "0", "MEDIUM_CCS_DC_COMBO_no": "0", "MEDIUM_IEC62196_no": "10", "MEDIUM_SAEJ1772_no": "0", "MEDIUM_GB_T20234_2_AC__no": "0", "MEDIUM_OTHERS_no": "0", "QUICK_CHAdeMO_no": "0", "QUICK_CCS_DC_COMBO_no": "3", "QUICK_IEC62196_no": "9", "QUICK_GB_T20234_3_DC__no": "0", "QUICK_OTHERS_no": "0", "FAST_CHAdeMO_no": "0", "FAST_CCS_DC_COMBO_no": "0", "FAST_GB_T20234_3_DC__no": "0", "FAST_OTHERS_no": "0", "REMARK_FOR__OTHERS_": "-", "DATA_PATH": "https://ev-charger.epd.gov.hk/resource/ev_charger_avail/evca_ver_1_0.json", "OBJECTID": 359, "total_chargers": 22 }, "geometry": { "type": "Point", "coordinates": [ 114.275922, 22.385943 ] } },
{ "type": "Feature", "properties": { "GmlID": "geotagging.360", "NAME_OF_DISTRICT_COUNCIL_DISTRICT_EN": "Sham Shui Po", "LOCATION_EN": "Hoi Lok Court", "ADDRESS_EN": "LAI YING STREET", "NAME_OF_DISTRICT_COUNCIL_DISTRICT_TC": "深水埗區", "LOCATION_TC": "凱樂苑", "ADDRESS_TC": "荔盈街", "NAME_OF_DISTRICT_COUNCIL_DISTRICT_SC": "深水埗区", "LOCATION_SC": "凯乐苑", "ADDRESS_SC": "荔盈街", "STANDARD_BS1363_no": "10", "MEDIUM_CCS_DC_COMBO_no": "0", "MEDIUM_IEC62196_no": "0", "MEDIUM_SAEJ1772_no": "0", "MEDIUM_GB_T20234_2_AC__no": "0", "MEDIUM_OTHERS_no": "0", "QUICK_CHAdeMO_no": "0", "QUICK_CCS_DC_COMBO_no": "0", "QUICK_IEC62196_no": "0", "QUICK_GB_T20234_3_DC__no": "0", "QUICK_OTHERS_no": "0", "FAST_CHAdeMO_no": "0", "FAST_CCS_DC_COMBO_no": "0", "FAST_GB_T20234_3_DC__no": "0", "FAST_OTHERS_no": "0", "REMARK_FOR__OTHERS_": "-", "DATA_PATH": "-", "OBJECTID": 360, "total_chargers": 10 }, "geometry": { "type": "Point", "coordinates": [ 114.149337, 22.327868 ] } },
{ "type": "Feature", "properties": { "GmlID": "geotagging.361", "NAME_OF_DISTRICT_COUNCIL_DISTRICT_EN": "Sham Shui Po", "LOCATION_EN": "Hoi Ying Estate", "ADDRESS_EN": "LAI YING STREET", "NAME_OF_DISTRICT_COUNCIL_DISTRICT_TC": "深水埗區", "LOCATION_TC": "海盈邨", "ADDRESS_TC": "荔盈街", "NAME_OF_DISTRICT_COUNCIL_DISTRICT_SC": "深水埗区", "LOCATION_SC": "海盈邨", "ADDRESS_SC": "荔盈街", "STANDARD_BS1363_no": "0", "MEDIUM_CCS_DC_COMBO_no": "0", "MEDIUM_IEC62196_no": "7", "MEDIUM_SAEJ1772_no": "0", "MEDIUM_GB_T20234_2_AC__no": "0", "MEDIUM_OTHERS_no": "0", "QUICK_CHAdeMO_no": "0", "QUICK_CCS_DC_COMBO_no": "0", "QUICK_IEC62196_no": "0", "QUICK_GB_T20234_3_DC__no": "0", "QUICK_OTHERS_no": "0", "FAST_CHAdeMO_no": "0", "FAST_CCS_DC_COMBO_no": "0", "FAST_GB_T20234_3_DC__no": "0", "FAST_OTHERS_no": "0", "REMARK_FOR__OTHERS_": "-", "DATA_PATH": "-", "OBJECTID": 361, "total_chargers": 7 }, "geometry": { "type": "Point", "coordinates": [ 114.14758, 22.328763 ] } },
{ "type": "Feature", "properties": { "GmlID": "geotagging.362", "NAME_OF_DISTRICT_COUNCIL_DISTRICT_EN": "Tsuen Wan", "LOCATION_EN": "Aurora", "ADDRESS_EN": "YEUNG UK ROAD", "NAME_OF_DISTRICT_COUNCIL_DISTRICT_TC": "荃灣區", "LOCATION_TC": "映日灣", "ADDRESS_TC": "楊屋道", "NAME_OF_DISTRICT_COUNCIL_DISTRICT_SC": "荃湾区", "LOCATION_SC": "映日湾", "ADDRESS_SC": "杨屋道", "STANDARD_BS1363_no": "0", "MEDIUM_CCS_DC_COMBO_no": "0", "MEDIUM_IEC62196_no": "0", "MEDIUM_SAEJ1772_no": "0", "MEDIUM_GB_T20234_2_AC__no": "0", "MEDIUM_OTHERS_no": "0", "QUICK_CHAdeMO_no": "0", "QUICK_CCS_DC_COMBO_no": "0", "QUICK_IEC62196_no": "2", "QUICK_GB_T20234_3_DC__no": "0", "QUICK_OTHERS_no": "0", "FAST_CHAdeMO_no": "0", "FAST_CCS_DC_COMBO_no": "0", "FAST_GB_T20234_3_DC__no": "0", "FAST_OTHERS_no": "0", "REMARK_FOR__OTHERS_": "-", "DATA_PATH": "https://ev-charger.epd.gov.hk/resource/ev_charger_avail/evca_ver_1_0.json", "OBJECTID": 362, "total_chargers": 2 }, "geometry": { "type": "Point", "coordinates": [ 114.114842, 22.367341 ] } },
{ "type": "Feature", "properties": { "GmlID": "geotagging.363", "NAME_OF_DISTRICT_COUNCIL_DISTRICT_EN": "Tsuen Wan", "LOCATION_EN": "The Mills", "ADDRESS_EN": "PAK TIN PAR STREET", "NAME_OF_DISTRICT_COUNCIL_DISTRICT_TC": "荃灣區", "LOCATION_TC": "南豐紗廠", "ADDRESS_TC": "白田壩街", "NAME_OF_DISTRICT_COUNCIL_DISTRICT_SC": "荃湾区", "LOCATION_SC": "南丰纱厂", "ADDRESS_SC": "白田坝街", "STANDARD_BS1363_no": "0", "MEDIUM_CCS_DC_COMBO_no": "0", "MEDIUM_IEC62196_no": "3", "MEDIUM_SAEJ1772_no": "0", "MEDIUM_GB_T20234_2_AC__no": "0", "MEDIUM_OTHERS_no": "0", "QUICK_CHAdeMO_no": "0", "QUICK_CCS_DC_COMBO_no": "0", "QUICK_IEC62196_no": "3", "QUICK_GB_T20234_3_DC__no": "0", "QUICK_OTHERS_no": "0", "FAST_CHAdeMO_no": "0", "FAST_CCS_DC_COMBO_no": "0", "FAST_GB_T20234_3_DC__no": "0", "FAST_OTHERS_no": "0", "REMARK_FOR__OTHERS_": "-", "DATA_PATH": "https://ev-charger.epd.gov.hk/resource/ev_charger_avail/evca_ver_1_0.json", "OBJECTID": 363, "total_chargers": 6 }, "geometry": { "type": "Point", "coordinates": [ 114.110168, 22.374816 ] } },
{ "type": "Feature", "properties": { "GmlID": "geotagging.364", "NAME_OF_DISTRICT_COUNCIL_DISTRICT_EN": "Tuen Mun", "LOCATION_EN": "Kingston Terrace", "ADDRESS_EN": "KING SAN PATH", "NAME_OF_DISTRICT_COUNCIL_DISTRICT_TC": "屯門區", "LOCATION_TC": "景新臺", "ADDRESS_TC": "景新徑", "NAME_OF_DISTRICT_COUNCIL_DISTRICT_SC": "屯门区", "LOCATION_SC": "景新台", "ADDRESS_SC": "景新径", "STANDARD_BS1363_no": "0", "MEDIUM_CCS_DC_COMBO_no": "0", "MEDIUM_IEC62196_no": "7", "MEDIUM_SAEJ1772_no": "0", "MEDIUM_GB_T20234_2_AC__no": "0", "MEDIUM_OTHERS_no": "0", "QUICK_CHAdeMO_no": "0", "QUICK_CCS_DC_COMBO_no": "0", "QUICK_IEC62196_no": "0", "QUICK_GB_T20234_3_DC__no": "0", "QUICK_OTHERS_no": "0", "FAST_CHAdeMO_no": "0", "FAST_CCS_DC_COMBO_no": "0", "FAST_GB_T20234_3_DC__no": "0", "FAST_OTHERS_no": "0", "REMARK_FOR__OTHERS_": "-", "DATA_PATH": "-", "OBJECTID": 364, "total_chargers": 7 }, "geometry": { "type": "Point", "coordinates": [ 113.980746, 22.402389 ] } },
{ "type": "Feature", "properties": { "GmlID": "geotagging.365", "NAME_OF_DISTRICT_COUNCIL_DISTRICT_EN": "Yuen Long", "LOCATION_EN": "Wetland Season Park", "ADDRESS_EN": "WETLAND PARK ROAD", "NAME_OF_DISTRICT_COUNCIL_DISTRICT_TC": "元朗區", "LOCATION_TC": "Wetland Seasons Park", "ADDRESS_TC": "濕地公園路", "NAME_OF_DISTRICT_COUNCIL_DISTRICT_SC": "元朗区", "LOCATION_SC": "Wetland Seasons Park", "ADDRESS_SC": "湿地公园路", "STANDARD_BS1363_no": "0", "MEDIUM_CCS_DC_COMBO_no": "0", "MEDIUM_IEC62196_no": "2", "MEDIUM_SAEJ1772_no": "0", "MEDIUM_GB_T20234_2_AC__no": "0", "MEDIUM_OTHERS_no": "0", "QUICK_CHAdeMO_no": "1", "QUICK_CCS_DC_COMBO_no": "1", "QUICK_IEC62196_no": "3", "QUICK_GB_T20234_3_DC__no": "0", "QUICK_OTHERS_no": "0", "FAST_CHAdeMO_no": "0", "FAST_CCS_DC_COMBO_no": "0", "FAST_GB_T20234_3_DC__no": "0", "FAST_OTHERS_no": "0", "REMARK_FOR__OTHERS_": "-", "DATA_PATH": "https://ev-charger.epd.gov.hk/resource/ev_charger_avail/evca_ver_1_0.json", "OBJECTID": 365, "total_chargers": 7 }, "geometry": { "type": "Point", "coordinates": [ 114.006112, 22.466805 ] } },
{ "type": "Feature", "properties": { "GmlID": "geotagging.366", "NAME_OF_DISTRICT_COUNCIL_DISTRICT_EN": "Wan Chai", "LOCATION_EN": "CHINA OVERSEAS BUILDING", "ADDRESS_EN": "HENNESSY ROAD, WAN CHAI", "NAME_OF_DISTRICT_COUNCIL_DISTRICT_TC": "灣仔區", "LOCATION_TC": "中國海外大廈", "ADDRESS_TC": "灣仔 軒尼詩道", "NAME_OF_DISTRICT_COUNCIL_DISTRICT_SC": "湾仔区", "LOCATION_SC": "中国海外大厦", "ADDRESS_SC": "湾仔 轩尼诗道", "STANDARD_BS1363_no": "0", "MEDIUM_CCS_DC_COMBO_no": "0", "MEDIUM_IEC62196_no": "13", "MEDIUM_SAEJ1772_no": "0", "MEDIUM_GB_T20234_2_AC__no": "0", "MEDIUM_OTHERS_no": "0", "QUICK_CHAdeMO_no": "0", "QUICK_CCS_DC_COMBO_no": "2", "QUICK_IEC62196_no": "0", "QUICK_GB_T20234_3_DC__no": "0", "QUICK_OTHERS_no": "0", "FAST_CHAdeMO_no": "0", "FAST_CCS_DC_COMBO_no": "0", "FAST_GB_T20234_3_DC__no": "0", "FAST_OTHERS_no": "0", "REMARK_FOR__OTHERS_": "-", "DATA_PATH": "-", "OBJECTID": 366, "total_chargers": 15 }, "geometry": { "type": "Point", "coordinates": [ 114.17281, 22.27789 ] } },
{ "type": "Feature", "properties": { "GmlID": "geotagging.367", "NAME_OF_DISTRICT_COUNCIL_DISTRICT_EN": "Tsuen Wan", "LOCATION_EN": "Sheung Chui Court", "ADDRESS_EN": "SHA TSUI ROAD, TSUEN WAN", "NAME_OF_DISTRICT_COUNCIL_DISTRICT_TC": "荃灣區", "LOCATION_TC": "尚翠苑", "ADDRESS_TC": "荃灣 沙咀道", "NAME_OF_DISTRICT_COUNCIL_DISTRICT_SC": "荃湾区", "LOCATION_SC": "尚翠苑", "ADDRESS_SC": "荃湾 沙咀道", "STANDARD_BS1363_no": "2", "MEDIUM_CCS_DC_COMBO_no": "0", "MEDIUM_IEC62196_no": "0", "MEDIUM_SAEJ1772_no": "0", "MEDIUM_GB_T20234_2_AC__no": "0", "MEDIUM_OTHERS_no": "0", "QUICK_CHAdeMO_no": "0", "QUICK_CCS_DC_COMBO_no": "0", "QUICK_IEC62196_no": "0", "QUICK_GB_T20234_3_DC__no": "0", "QUICK_OTHERS_no": "0", "FAST_CHAdeMO_no": "0", "FAST_CCS_DC_COMBO_no": "0", "FAST_GB_T20234_3_DC__no": "0", "FAST_OTHERS_no": "0", "REMARK_FOR__OTHERS_": "-", "DATA_PATH": "-", "OBJECTID": 367, "total_chargers": 2 }, "geometry": { "type": "Point", "coordinates": [ 114.12047, 22.3672 ] } },
{ "type": "Feature", "properties": { "GmlID": "geotagging.368", "NAME_OF_DISTRICT_COUNCIL_DISTRICT_EN": "Wan Chai", "LOCATION_EN": "ST. PAUL'S HOSPITAL", "ADDRESS_EN": "TUNG LO WAN ROAD, WAN CHAI", "NAME_OF_DISTRICT_COUNCIL_DISTRICT_TC": "灣仔區", "LOCATION_TC": "聖保祿醫院", "ADDRESS_TC": "灣仔 銅鑼灣道", "NAME_OF_DISTRICT_COUNCIL_DISTRICT_SC": "湾仔区", "LOCATION_SC": "圣保禄医院", "ADDRESS_SC": "湾仔 铜锣湾道", "STANDARD_BS1363_no": "0", "MEDIUM_CCS_DC_COMBO_no": "0", "MEDIUM_IEC62196_no": "1", "MEDIUM_SAEJ1772_no": "0", "MEDIUM_GB_T20234_2_AC__no": "0", "MEDIUM_OTHERS_no": "0", "QUICK_CHAdeMO_no": "0", "QUICK_CCS_DC_COMBO_no": "0", "QUICK_IEC62196_no": "2", "QUICK_GB_T20234_3_DC__no": "0", "QUICK_OTHERS_no": "0", "FAST_CHAdeMO_no": "0", "FAST_CCS_DC_COMBO_no": "0", "FAST_GB_T20234_3_DC__no": "0", "FAST_OTHERS_no": "0", "REMARK_FOR__OTHERS_": "-", "DATA_PATH": "https://ev-charger.epd.gov.hk/resource/ev_charger_avail/evca_ver_1_0.json", "OBJECTID": 368, "total_chargers": 3 }, "geometry": { "type": "Point", "coordinates": [ 114.188237, 22.278474 ] } },
{ "type": "Feature", "properties": { "GmlID": "geotagging.369", "NAME_OF_DISTRICT_COUNCIL_DISTRICT_EN": "Wan Chai", "LOCATION_EN": "WINDSOR HOUSE", "ADDRESS_EN": "GLOUCESTER ROAD, WAN CHAI", "NAME_OF_DISTRICT_COUNCIL_DISTRICT_TC": "灣仔區", "LOCATION_TC": "皇室大廈", "ADDRESS_TC": "灣仔 告士打道", "NAME_OF_DISTRICT_COUNCIL_DISTRICT_SC": "湾仔区", "LOCATION_SC": "皇室大厦", "ADDRESS_SC": "湾仔 告士打道", "STANDARD_BS1363_no": "12", "MEDIUM_CCS_DC_COMBO_no": "0", "MEDIUM_IEC62196_no": "18", "MEDIUM_SAEJ1772_no": "0", "MEDIUM_GB_T20234_2_AC__no": "0", "MEDIUM_OTHERS_no": "0", "QUICK_CHAdeMO_no": "0", "QUICK_CCS_DC_COMBO_no": "0", "QUICK_IEC62196_no": "0", "QUICK_GB_T20234_3_DC__no": "0", "QUICK_OTHERS_no": "0", "FAST_CHAdeMO_no": "0", "FAST_CCS_DC_COMBO_no": "0", "FAST_GB_T20234_3_DC__no": "0", "FAST_OTHERS_no": "0", "REMARK_FOR__OTHERS_": "-", "DATA_PATH": "https://ev-charger.epd.gov.hk/resource/ev_charger_avail/evca_ver_1_0.json", "OBJECTID": 369, "total_chargers": 30 }, "geometry": { "type": "Point", "coordinates": [ 114.186422, 22.280451 ] } },
{ "type": "Feature", "properties": { "GmlID": "geotagging.370", "NAME_OF_DISTRICT_COUNCIL_DISTRICT_EN": "Sai Kung", "LOCATION_EN": "Capri", "ADDRESS_EN": "TONG YIN STREET, SAI KUNG", "NAME_OF_DISTRICT_COUNCIL_DISTRICT_TC": "西貢區", "LOCATION_TC": "Capri", "ADDRESS_TC": "西貢 唐賢街", "NAME_OF_DISTRICT_COUNCIL_DISTRICT_SC": "西贡区", "LOCATION_SC": "Capri", "ADDRESS_SC": "西贡 唐贤街", "STANDARD_BS1363_no": "0", "MEDIUM_CCS_DC_COMBO_no": "0", "MEDIUM_IEC62196_no": "0", "MEDIUM_SAEJ1772_no": "0", "MEDIUM_GB_T20234_2_AC__no": "0", "MEDIUM_OTHERS_no": "0", "QUICK_CHAdeMO_no": "0", "QUICK_CCS_DC_COMBO_no": "0", "QUICK_IEC62196_no": "3", "QUICK_GB_T20234_3_DC__no": "0", "QUICK_OTHERS_no": "0", "FAST_CHAdeMO_no": "0", "FAST_CCS_DC_COMBO_no": "0", "FAST_GB_T20234_3_DC__no": "0", "FAST_OTHERS_no": "0", "REMARK_FOR__OTHERS_": "-", "DATA_PATH": "https://ev-charger.epd.gov.hk/resource/ev_charger_avail/evca_ver_1_0.json", "OBJECTID": 370, "total_chargers": 3 }, "geometry": { "type": "Point", "coordinates": [ 114.25724, 22.302681 ] } },
{ "type": "Feature", "properties": { "GmlID": "geotagging.371", "NAME_OF_DISTRICT_COUNCIL_DISTRICT_EN": "Sha Tin", "LOCATION_EN": "We Go Mall", "ADDRESS_EN": "PO TAI STREET, SHATIN", "NAME_OF_DISTRICT_COUNCIL_DISTRICT_TC": "沙田區", "LOCATION_TC": "We Go Mall", "ADDRESS_TC": "沙田 保泰街", "NAME_OF_DISTRICT_COUNCIL_DISTRICT_SC": "沙田区", "LOCATION_SC": "We Go Mall", "ADDRESS_SC": "沙田 保泰街", "STANDARD_BS1363_no": "0", "MEDIUM_CCS_DC_COMBO_no": "0", "MEDIUM_IEC62196_no": "0", "MEDIUM_SAEJ1772_no": "0", "MEDIUM_GB_T20234_2_AC__no": "0", "MEDIUM_OTHERS_no": "0", "QUICK_CHAdeMO_no": "0", "QUICK_CCS_DC_COMBO_no": "4", "QUICK_IEC62196_no": "0", "QUICK_GB_T20234_3_DC__no": "0", "QUICK_OTHERS_no": "0", "FAST_CHAdeMO_no": "0", "FAST_CCS_DC_COMBO_no": "0", "FAST_GB_T20234_3_DC__no": "0", "FAST_OTHERS_no": "0", "REMARK_FOR__OTHERS_": "-", "DATA_PATH": "-", "OBJECTID": 371, "total_chargers": 4 }, "geometry": { "type": "Point", "coordinates": [ 114.223916, 22.414075 ] } },
{ "type": "Feature", "properties": { "GmlID": "geotagging.372", "NAME_OF_DISTRICT_COUNCIL_DISTRICT_EN": "North", "LOCATION_EN": "Cheung Lung Wai Estate", "ADDRESS_EN": "Cheung Lung Wai Estate, North, New Territories", "NAME_OF_DISTRICT_COUNCIL_DISTRICT_TC": "北區", "LOCATION_TC": "祥龍圍邨", "ADDRESS_TC": "祥龍圍邨, 北區, 新界", "NAME_OF_DISTRICT_COUNCIL_DISTRICT_SC": "北区", "LOCATION_SC": "祥龙围邨", "ADDRESS_SC": "祥龙围邨, 北区, 新界", "STANDARD_BS1363_no": "0", "MEDIUM_CCS_DC_COMBO_no": "0", "MEDIUM_IEC62196_no": "1", "MEDIUM_SAEJ1772_no": "0", "MEDIUM_GB_T20234_2_AC__no": "0", "MEDIUM_OTHERS_no": "0", "QUICK_CHAdeMO_no": "0", "QUICK_CCS_DC_COMBO_no": "0", "QUICK_IEC62196_no": "0", "QUICK_GB_T20234_3_DC__no": "0", "QUICK_OTHERS_no": "0", "FAST_CHAdeMO_no": "0", "FAST_CCS_DC_COMBO_no": "0", "FAST_GB_T20234_3_DC__no": "0", "FAST_OTHERS_no": "0", "REMARK_FOR__OTHERS_": "-", "DATA_PATH": "-", "OBJECTID": 372, "total_chargers": 1 }, "geometry": { "type": "Point", "coordinates": [ 114.123436, 22.495129 ] } },
{ "type": "Feature", "properties": { "GmlID": "geotagging.373", "NAME_OF_DISTRICT_COUNCIL_DISTRICT_EN": "Central & Western", "LOCATION_EN": "SHUN TAK CENTRE", "ADDRESS_EN": "CONNAUGHT ROAD CENTRAL, CENTRAL & WESTERN", "NAME_OF_DISTRICT_COUNCIL_DISTRICT_TC": "中西區", "LOCATION_TC": "信德中心", "ADDRESS_TC": "中西區 干諾道中", "NAME_OF_DISTRICT_COUNCIL_DISTRICT_SC": "中西区", "LOCATION_SC": "信德中心", "ADDRESS_SC": "中西区 干诺道中", "STANDARD_BS1363_no": "0", "MEDIUM_CCS_DC_COMBO_no": "0", "MEDIUM_IEC62196_no": "6", "MEDIUM_SAEJ1772_no": "0", "MEDIUM_GB_T20234_2_AC__no": "0", "MEDIUM_OTHERS_no": "0", "QUICK_CHAdeMO_no": "0", "QUICK_CCS_DC_COMBO_no": "10", "QUICK_IEC62196_no": "0", "QUICK_GB_T20234_3_DC__no": "0", "QUICK_OTHERS_no": "0", "FAST_CHAdeMO_no": "0", "FAST_CCS_DC_COMBO_no": "0", "FAST_GB_T20234_3_DC__no": "0", "FAST_OTHERS_no": "0", "REMARK_FOR__OTHERS_": "-", "DATA_PATH": "-", "OBJECTID": 373, "total_chargers": 16 }, "geometry": { "type": "Point", "coordinates": [ 114.151829, 22.287936 ] } },
{ "type": "Feature", "properties": { "GmlID": "geotagging.374", "NAME_OF_DISTRICT_COUNCIL_DISTRICT_EN": "Tuen Mun", "LOCATION_EN": "LUNG YAT ESTATE", "ADDRESS_EN": "Lung Yat Estate, Tuen Mun, New Territories", "NAME_OF_DISTRICT_COUNCIL_DISTRICT_TC": "屯門區", "LOCATION_TC": "龍逸邨", "ADDRESS_TC": "龍逸邨, 屯門區, 新界", "NAME_OF_DISTRICT_COUNCIL_DISTRICT_SC": "屯门区", "LOCATION_SC": "龙逸邨", "ADDRESS_SC": "龙逸邨, 屯门区, 新界", "STANDARD_BS1363_no": "1", "MEDIUM_CCS_DC_COMBO_no": "0", "MEDIUM_IEC62196_no": "0", "MEDIUM_SAEJ1772_no": "0", "MEDIUM_GB_T20234_2_AC__no": "0", "MEDIUM_OTHERS_no": "0", "QUICK_CHAdeMO_no": "0", "QUICK_CCS_DC_COMBO_no": "0", "QUICK_IEC62196_no": "0", "QUICK_GB_T20234_3_DC__no": "0", "QUICK_OTHERS_no": "0", "FAST_CHAdeMO_no": "0", "FAST_CCS_DC_COMBO_no": "0", "FAST_GB_T20234_3_DC__no": "0", "FAST_OTHERS_no": "0", "REMARK_FOR__OTHERS_": "-", "DATA_PATH": "-", "OBJECTID": 374, "total_chargers": 1 }, "geometry": { "type": "Point", "coordinates": [ 113.967192, 22.386782 ] } },
{ "type": "Feature", "properties": { "GmlID": "geotagging.375", "NAME_OF_DISTRICT_COUNCIL_DISTRICT_EN": "Sha Tin", "LOCATION_EN": "KAM YING COURT", "ADDRESS_EN": "MA ON SHAN ROAD, SHATIN", "NAME_OF_DISTRICT_COUNCIL_DISTRICT_TC": "沙田區", "LOCATION_TC": "錦英苑", "ADDRESS_TC": "沙田 馬鞍山路", "NAME_OF_DISTRICT_COUNCIL_DISTRICT_SC": "沙田区", "LOCATION_SC": "锦英苑", "ADDRESS_SC": "沙田 马鞍山路", "STANDARD_BS1363_no": "0", "MEDIUM_CCS_DC_COMBO_no": "0", "MEDIUM_IEC62196_no": "0", "MEDIUM_SAEJ1772_no": "0", "MEDIUM_GB_T20234_2_AC__no": "0", "MEDIUM_OTHERS_no": "0", "QUICK_CHAdeMO_no": "0", "QUICK_CCS_DC_COMBO_no": "2", "QUICK_IEC62196_no": "0", "QUICK_GB_T20234_3_DC__no": "0", "QUICK_OTHERS_no": "0", "FAST_CHAdeMO_no": "0", "FAST_CCS_DC_COMBO_no": "0", "FAST_GB_T20234_3_DC__no": "0", "FAST_OTHERS_no": "0", "REMARK_FOR__OTHERS_": "-", "DATA_PATH": "https://ev-charger.epd.gov.hk/resource/ev_charger_avail/evca_ver_1_0.json", "OBJECTID": 375, "total_chargers": 2 }, "geometry": { "type": "Point", "coordinates": [ 114.235978, 22.422598 ] } },
{ "type": "Feature", "properties": { "GmlID": "geotagging.376", "NAME_OF_DISTRICT_COUNCIL_DISTRICT_EN": "Sha Tin", "LOCATION_EN": "Park Belvedere", "ADDRESS_EN": "MA ON SHAN ROAD, SHATIN", "NAME_OF_DISTRICT_COUNCIL_DISTRICT_TC": "沙田區", "LOCATION_TC": "雅景臺", "ADDRESS_TC": "沙田 馬鞍山路", "NAME_OF_DISTRICT_COUNCIL_DISTRICT_SC": "沙田区", "LOCATION_SC": "雅景台", "ADDRESS_SC": "沙田 马鞍山路", "STANDARD_BS1363_no": "0", "MEDIUM_CCS_DC_COMBO_no": "0", "MEDIUM_IEC62196_no": "7", "MEDIUM_SAEJ1772_no": "0", "MEDIUM_GB_T20234_2_AC__no": "0", "MEDIUM_OTHERS_no": "0", "QUICK_CHAdeMO_no": "0", "QUICK_CCS_DC_COMBO_no": "0", "QUICK_IEC62196_no": "0", "QUICK_GB_T20234_3_DC__no": "0", "QUICK_OTHERS_no": "0", "FAST_CHAdeMO_no": "0", "FAST_CCS_DC_COMBO_no": "0", "FAST_GB_T20234_3_DC__no": "0", "FAST_OTHERS_no": "0", "REMARK_FOR__OTHERS_": "-", "DATA_PATH": "-", "OBJECTID": 376, "total_chargers": 7 }, "geometry": { "type": "Point", "coordinates": [ 114.232751, 22.420225 ] } },
{ "type": "Feature", "properties": { "GmlID": "geotagging.377", "NAME_OF_DISTRICT_COUNCIL_DISTRICT_EN": "Kwun Tong", "LOCATION_EN": "Kwun Tong Garden Estate (Lotus Tower)", "ADDRESS_EN": "NGAU TAU KOK ROAD, KWUN TONG", "NAME_OF_DISTRICT_COUNCIL_DISTRICT_TC": "觀塘區", "LOCATION_TC": "觀塘花園大廈 (玉蓮臺)", "ADDRESS_TC": "觀塘 牛頭角道", "NAME_OF_DISTRICT_COUNCIL_DISTRICT_SC": "观塘区", "LOCATION_SC": "观塘花园大厦 (玉莲台)", "ADDRESS_SC": "观塘 牛头角道", "STANDARD_BS1363_no": "1", "MEDIUM_CCS_DC_COMBO_no": "0", "MEDIUM_IEC62196_no": "0", "MEDIUM_SAEJ1772_no": "0", "MEDIUM_GB_T20234_2_AC__no": "0", "MEDIUM_OTHERS_no": "0", "QUICK_CHAdeMO_no": "0", "QUICK_CCS_DC_COMBO_no": "0", "QUICK_IEC62196_no": "0", "QUICK_GB_T20234_3_DC__no": "0", "QUICK_OTHERS_no": "0", "FAST_CHAdeMO_no": "0", "FAST_CCS_DC_COMBO_no": "0", "FAST_GB_T20234_3_DC__no": "0", "FAST_OTHERS_no": "0", "REMARK_FOR__OTHERS_": "-", "DATA_PATH": "-", "OBJECTID": 377, "total_chargers": 1 }, "geometry": { "type": "Point", "coordinates": [ 114.220059, 22.315984 ] } },
{ "type": "Feature", "properties": { "GmlID": "geotagging.378", "NAME_OF_DISTRICT_COUNCIL_DISTRICT_EN": "Central & Western", "LOCATION_EN": "CENTRESTAGE", "ADDRESS_EN": "HOLLYWOOD ROAD, CENTRAL & WESTERN", "NAME_OF_DISTRICT_COUNCIL_DISTRICT_TC": "中西區", "LOCATION_TC": "聚賢居", "ADDRESS_TC": "中西區 荷李活道", "NAME_OF_DISTRICT_COUNCIL_DISTRICT_SC": "中西区", "LOCATION_SC": "聚贤居", "ADDRESS_SC": "中西区 荷李活道", "STANDARD_BS1363_no": "0", "MEDIUM_CCS_DC_COMBO_no": "0", "MEDIUM_IEC62196_no": "6", "MEDIUM_SAEJ1772_no": "0", "MEDIUM_GB_T20234_2_AC__no": "0", "MEDIUM_OTHERS_no": "0", "QUICK_CHAdeMO_no": "0", "QUICK_CCS_DC_COMBO_no": "4", "QUICK_IEC62196_no": "0", "QUICK_GB_T20234_3_DC__no": "0", "QUICK_OTHERS_no": "0", "FAST_CHAdeMO_no": "0", "FAST_CCS_DC_COMBO_no": "0", "FAST_GB_T20234_3_DC__no": "0", "FAST_OTHERS_no": "0", "REMARK_FOR__OTHERS_": "-", "DATA_PATH": "-", "OBJECTID": 378, "total_chargers": 10 }, "geometry": { "type": "Point", "coordinates": [ 114.150892, 22.28377 ] } },
{ "type": "Feature", "properties": { "GmlID": "geotagging.379", "NAME_OF_DISTRICT_COUNCIL_DISTRICT_EN": "Yau Tsim Mong", "LOCATION_EN": "8 OBSERVATORY ROAD", "ADDRESS_EN": "OBSERVATORY ROAD, YAU TSIM MONG", "NAME_OF_DISTRICT_COUNCIL_DISTRICT_TC": "油尖旺區", "LOCATION_TC": "天文臺道８號", "ADDRESS_TC": "油尖旺 天文臺道", "NAME_OF_DISTRICT_COUNCIL_DISTRICT_SC": "油尖旺区", "LOCATION_SC": "天文台道８号", "ADDRESS_SC": "油尖旺 天文台道", "STANDARD_BS1363_no": "0", "MEDIUM_CCS_DC_COMBO_no": "0", "MEDIUM_IEC62196_no": "3", "MEDIUM_SAEJ1772_no": "0", "MEDIUM_GB_T20234_2_AC__no": "0", "MEDIUM_OTHERS_no": "0", "QUICK_CHAdeMO_no": "0", "QUICK_CCS_DC_COMBO_no": "0", "QUICK_IEC62196_no": "0", "QUICK_GB_T20234_3_DC__no": "0", "QUICK_OTHERS_no": "0", "FAST_CHAdeMO_no": "0", "FAST_CCS_DC_COMBO_no": "0", "FAST_GB_T20234_3_DC__no": "0", "FAST_OTHERS_no": "0", "REMARK_FOR__OTHERS_": "-", "DATA_PATH": "-", "OBJECTID": 379, "total_chargers": 3 }, "geometry": { "type": "Point", "coordinates": [ 114.175806, 22.301143 ] } },
{ "type": "Feature", "properties": { "GmlID": "geotagging.380", "NAME_OF_DISTRICT_COUNCIL_DISTRICT_EN": "Southern", "LOCATION_EN": "RED HILL PLAZA", "ADDRESS_EN": "RED HILL ROAD, SOUTHERN", "NAME_OF_DISTRICT_COUNCIL_DISTRICT_TC": "南區", "LOCATION_TC": "紅山廣場", "ADDRESS_TC": "南區 紅山道", "NAME_OF_DISTRICT_COUNCIL_DISTRICT_SC": "南区", "LOCATION_SC": "红山广场", "ADDRESS_SC": "南区 红山道", "STANDARD_BS1363_no": "0", "MEDIUM_CCS_DC_COMBO_no": "0", "MEDIUM_IEC62196_no": "2", "MEDIUM_SAEJ1772_no": "0", "MEDIUM_GB_T20234_2_AC__no": "0", "MEDIUM_OTHERS_no": "0", "QUICK_CHAdeMO_no": "0", "QUICK_CCS_DC_COMBO_no": "0", "QUICK_IEC62196_no": "0", "QUICK_GB_T20234_3_DC__no": "0", "QUICK_OTHERS_no": "0", "FAST_CHAdeMO_no": "0", "FAST_CCS_DC_COMBO_no": "0", "FAST_GB_T20234_3_DC__no": "0", "FAST_OTHERS_no": "0", "REMARK_FOR__OTHERS_": "-", "DATA_PATH": "-", "OBJECTID": 380, "total_chargers": 2 }, "geometry": { "type": "Point", "coordinates": [ 114.223232, 22.236528 ] } },
{ "type": "Feature", "properties": { "GmlID": "geotagging.381", "NAME_OF_DISTRICT_COUNCIL_DISTRICT_EN": "Wan Chai", "LOCATION_EN": "Lai Tak Tsuen", "ADDRESS_EN": "LAI TAK TSUEN ROAD, EASTERN", "NAME_OF_DISTRICT_COUNCIL_DISTRICT_TC": "灣仔區", "LOCATION_TC": "勵德邨", "ADDRESS_TC": "東區 勵德邨道", "NAME_OF_DISTRICT_COUNCIL_DISTRICT_SC": "湾仔区", "LOCATION_SC": "励德邨", "ADDRESS_SC": "东区 励德邨道", "STANDARD_BS1363_no": "0", "MEDIUM_CCS_DC_COMBO_no": "0", "MEDIUM_IEC62196_no": "2", "MEDIUM_SAEJ1772_no": "0", "MEDIUM_GB_T20234_2_AC__no": "0", "MEDIUM_OTHERS_no": "0", "QUICK_CHAdeMO_no": "0", "QUICK_CCS_DC_COMBO_no": "0", "QUICK_IEC62196_no": "0", "QUICK_GB_T20234_3_DC__no": "0", "QUICK_OTHERS_no": "0", "FAST_CHAdeMO_no": "0", "FAST_CCS_DC_COMBO_no": "0", "FAST_GB_T20234_3_DC__no": "0", "FAST_OTHERS_no": "0", "REMARK_FOR__OTHERS_": "-", "DATA_PATH": "-", "OBJECTID": 381, "total_chargers": 2 }, "geometry": { "type": "Point", "coordinates": [ 114.193901, 22.279171 ] } },
{ "type": "Feature", "properties": { "GmlID": "geotagging.382", "NAME_OF_DISTRICT_COUNCIL_DISTRICT_EN": "Tai Po", "LOCATION_EN": "UPTOWN PLAZA BLOCK 1", "ADDRESS_EN": "NAM WAN ROAD, TAI PO", "NAME_OF_DISTRICT_COUNCIL_DISTRICT_TC": "大埔區", "LOCATION_TC": "新達廣場", "ADDRESS_TC": "大埔 南運路", "NAME_OF_DISTRICT_COUNCIL_DISTRICT_SC": "大埔区", "LOCATION_SC": "新达广场", "ADDRESS_SC": "大埔 南运路", "STANDARD_BS1363_no": "0", "MEDIUM_CCS_DC_COMBO_no": "0", "MEDIUM_IEC62196_no": "0", "MEDIUM_SAEJ1772_no": "0", "MEDIUM_GB_T20234_2_AC__no": "0", "MEDIUM_OTHERS_no": "0", "QUICK_CHAdeMO_no": "0", "QUICK_CCS_DC_COMBO_no": "2", "QUICK_IEC62196_no": "0", "QUICK_GB_T20234_3_DC__no": "0", "QUICK_OTHERS_no": "0", "FAST_CHAdeMO_no": "0", "FAST_CCS_DC_COMBO_no": "0", "FAST_GB_T20234_3_DC__no": "0", "FAST_OTHERS_no": "0", "REMARK_FOR__OTHERS_": "-", "DATA_PATH": "-", "OBJECTID": 382, "total_chargers": 2 }, "geometry": { "type": "Point", "coordinates": [ 114.168821, 22.44394 ] } },
{ "type": "Feature", "properties": { "GmlID": "geotagging.383", "NAME_OF_DISTRICT_COUNCIL_DISTRICT_EN": "Kwai Tsing", "LOCATION_EN": "TIVOLI GARDEN", "ADDRESS_EN": "TSING KING ROAD, KWAI TSING", "NAME_OF_DISTRICT_COUNCIL_DISTRICT_TC": "葵青區", "LOCATION_TC": "宏福花園", "ADDRESS_TC": "葵青 青敬路", "NAME_OF_DISTRICT_COUNCIL_DISTRICT_SC": "葵青区", "LOCATION_SC": "宏福花园", "ADDRESS_SC": "葵青 青敬路", "STANDARD_BS1363_no": "0", "MEDIUM_CCS_DC_COMBO_no": "0", "MEDIUM_IEC62196_no": "4", "MEDIUM_SAEJ1772_no": "0", "MEDIUM_GB_T20234_2_AC__no": "0", "MEDIUM_OTHERS_no": "0", "QUICK_CHAdeMO_no": "0", "QUICK_CCS_DC_COMBO_no": "0", "QUICK_IEC62196_no": "0", "QUICK_GB_T20234_3_DC__no": "0", "QUICK_OTHERS_no": "0", "FAST_CHAdeMO_no": "0", "FAST_CCS_DC_COMBO_no": "0", "FAST_GB_T20234_3_DC__no": "0", "FAST_OTHERS_no": "0", "REMARK_FOR__OTHERS_": "-", "DATA_PATH": "-", "OBJECTID": 383, "total_chargers": 4 }, "geometry": { "type": "Point", "coordinates": [ 114.107624, 22.354514 ] } },
{ "type": "Feature", "properties": { "GmlID": "geotagging.384", "NAME_OF_DISTRICT_COUNCIL_DISTRICT_EN": "Kowloon City", "LOCATION_EN": "Cascades (comprising 4 blocks)", "ADDRESS_EN": "CHUNG HAU STREET, KOWLOON CITY", "NAME_OF_DISTRICT_COUNCIL_DISTRICT_TC": "九龍城區", "LOCATION_TC": "欣圖軒", "ADDRESS_TC": "九龍城 忠孝街", "NAME_OF_DISTRICT_COUNCIL_DISTRICT_SC": "九龙城区", "LOCATION_SC": "欣图轩", "ADDRESS_SC": "九龙城 忠孝街", "STANDARD_BS1363_no": "0", "MEDIUM_CCS_DC_COMBO_no": "0", "MEDIUM_IEC62196_no": "2", "MEDIUM_SAEJ1772_no": "0", "MEDIUM_GB_T20234_2_AC__no": "0", "MEDIUM_OTHERS_no": "0", "QUICK_CHAdeMO_no": "0", "QUICK_CCS_DC_COMBO_no": "0", "QUICK_IEC62196_no": "0", "QUICK_GB_T20234_3_DC__no": "0", "QUICK_OTHERS_no": "0", "FAST_CHAdeMO_no": "0", "FAST_CCS_DC_COMBO_no": "0", "FAST_GB_T20234_3_DC__no": "0", "FAST_OTHERS_no": "0", "REMARK_FOR__OTHERS_": "-", "DATA_PATH": "-", "OBJECTID": 384, "total_chargers": 2 }, "geometry": { "type": "Point", "coordinates": [ 114.179708, 22.315987 ] } },
{ "type": "Feature", "properties": { "GmlID": "geotagging.385", "NAME_OF_DISTRICT_COUNCIL_DISTRICT_EN": "Wong Tai Sin", "LOCATION_EN": "Bel Air Heights", "ADDRESS_EN": "LUNG POON STREET, WONG TAI SIN", "NAME_OF_DISTRICT_COUNCIL_DISTRICT_TC": "黃大仙區", "LOCATION_TC": "悅庭軒", "ADDRESS_TC": "黃大仙 龍蟠街", "NAME_OF_DISTRICT_COUNCIL_DISTRICT_SC": "黄大仙区", "LOCATION_SC": "悅庭轩", "ADDRESS_SC": "黄大仙 龙蟠街", "STANDARD_BS1363_no": "0", "MEDIUM_CCS_DC_COMBO_no": "0", "MEDIUM_IEC62196_no": "1", "MEDIUM_SAEJ1772_no": "0", "MEDIUM_GB_T20234_2_AC__no": "0", "MEDIUM_OTHERS_no": "0", "QUICK_CHAdeMO_no": "0", "QUICK_CCS_DC_COMBO_no": "0", "QUICK_IEC62196_no": "0", "QUICK_GB_T20234_3_DC__no": "0", "QUICK_OTHERS_no": "0", "FAST_CHAdeMO_no": "0", "FAST_CCS_DC_COMBO_no": "0", "FAST_GB_T20234_3_DC__no": "0", "FAST_OTHERS_no": "0", "REMARK_FOR__OTHERS_": "-", "DATA_PATH": "-", "OBJECTID": 385, "total_chargers": 1 }, "geometry": { "type": "Point", "coordinates": [ 114.20196, 22.341824 ] } },
{ "type": "Feature", "properties": { "GmlID": "geotagging.386", "NAME_OF_DISTRICT_COUNCIL_DISTRICT_EN": "Kwun Tong", "LOCATION_EN": "LAGUNA COMMERCIAL PLAZA (PHASE 1)", "ADDRESS_EN": "CHA KWO LING ROAD, KWUN TONG", "NAME_OF_DISTRICT_COUNCIL_DISTRICT_TC": "觀塘區", "LOCATION_TC": "麗港城商場", "ADDRESS_TC": "觀塘 茶果嶺道", "NAME_OF_DISTRICT_COUNCIL_DISTRICT_SC": "观塘区", "LOCATION_SC": "丽港城商场", "ADDRESS_SC": "观塘 茶果岭道", "STANDARD_BS1363_no": "0", "MEDIUM_CCS_DC_COMBO_no": "0", "MEDIUM_IEC62196_no": "4", "MEDIUM_SAEJ1772_no": "0", "MEDIUM_GB_T20234_2_AC__no": "0", "MEDIUM_OTHERS_no": "0", "QUICK_CHAdeMO_no": "0", "QUICK_CCS_DC_COMBO_no": "4", "QUICK_IEC62196_no": "0", "QUICK_GB_T20234_3_DC__no": "0", "QUICK_OTHERS_no": "0", "FAST_CHAdeMO_no": "0", "FAST_CCS_DC_COMBO_no": "0", "FAST_GB_T20234_3_DC__no": "0", "FAST_OTHERS_no": "0", "REMARK_FOR__OTHERS_": "-", "DATA_PATH": "-", "OBJECTID": 386, "total_chargers": 8 }, "geometry": { "type": "Point", "coordinates": [ 114.228117, 22.307074 ] } },
{ "type": "Feature", "properties": { "GmlID": "geotagging.387", "NAME_OF_DISTRICT_COUNCIL_DISTRICT_EN": "Kowloon City", "LOCATION_EN": "WHAMPOA PLAZA/WHAMPOA GARDEN SITE 8", "ADDRESS_EN": "TAK ON STREET, KOWLOON CITY", "NAME_OF_DISTRICT_COUNCIL_DISTRICT_TC": "九龍城區", "LOCATION_TC": "黃埔花園黃埔廣場(8期)", "ADDRESS_TC": "九龍城 德安街", "NAME_OF_DISTRICT_COUNCIL_DISTRICT_SC": "九龙城区", "LOCATION_SC": "黄埔花园黄埔广场(8期)", "ADDRESS_SC": "九龙城 德安街", "STANDARD_BS1363_no": "1", "MEDIUM_CCS_DC_COMBO_no": "0", "MEDIUM_IEC62196_no": "0", "MEDIUM_SAEJ1772_no": "0", "MEDIUM_GB_T20234_2_AC__no": "0", "MEDIUM_OTHERS_no": "0", "QUICK_CHAdeMO_no": "0", "QUICK_CCS_DC_COMBO_no": "0", "QUICK_IEC62196_no": "4", "QUICK_GB_T20234_3_DC__no": "0", "QUICK_OTHERS_no": "0", "FAST_CHAdeMO_no": "0", "FAST_CCS_DC_COMBO_no": "0", "FAST_GB_T20234_3_DC__no": "0", "FAST_OTHERS_no": "0", "REMARK_FOR__OTHERS_": "-", "DATA_PATH": "https://ev-charger.epd.gov.hk/resource/ev_charger_avail/evca_ver_1_0.json", "OBJECTID": 387, "total_chargers": 5 }, "geometry": { "type": "Point", "coordinates": [ 114.190859, 22.305032 ] } },
{ "type": "Feature", "properties": { "GmlID": "geotagging.388", "NAME_OF_DISTRICT_COUNCIL_DISTRICT_EN": "Yuen Long", "LOCATION_EN": "Tin Shui Wai Hospital", "ADDRESS_EN": "TIN TAN STREET, YUEN LONG", "NAME_OF_DISTRICT_COUNCIL_DISTRICT_TC": "元朗區", "LOCATION_TC": "天水圍醫院", "ADDRESS_TC": "元朗 天壇街", "NAME_OF_DISTRICT_COUNCIL_DISTRICT_SC": "元朗区", "LOCATION_SC": "天水围医院", "ADDRESS_SC": "元朗 天坛街", "STANDARD_BS1363_no": "2", "MEDIUM_CCS_DC_COMBO_no": "0", "MEDIUM_IEC62196_no": "0", "MEDIUM_SAEJ1772_no": "0", "MEDIUM_GB_T20234_2_AC__no": "0", "MEDIUM_OTHERS_no": "0", "QUICK_CHAdeMO_no": "0", "QUICK_CCS_DC_COMBO_no": "0", "QUICK_IEC62196_no": "0", "QUICK_GB_T20234_3_DC__no": "0", "QUICK_OTHERS_no": "0", "FAST_CHAdeMO_no": "0", "FAST_CCS_DC_COMBO_no": "0", "FAST_GB_T20234_3_DC__no": "0", "FAST_OTHERS_no": "0", "REMARK_FOR__OTHERS_": "-", "DATA_PATH": "-", "OBJECTID": 388, "total_chargers": 2 }, "geometry": { "type": "Point", "coordinates": [ 113.995522, 22.458332 ] } },
{ "type": "Feature", "properties": { "GmlID": "geotagging.389", "NAME_OF_DISTRICT_COUNCIL_DISTRICT_EN": "Yuen Long", "LOCATION_EN": "Long Shin Estate", "ADDRESS_EN": "Long Shin Estate, Yuen Long, New Territories", "NAME_OF_DISTRICT_COUNCIL_DISTRICT_TC": "元朗區", "LOCATION_TC": "朗善邨", "ADDRESS_TC": "朗善邨, 元朗區, 新界", "NAME_OF_DISTRICT_COUNCIL_DISTRICT_SC": "元朗区", "LOCATION_SC": "朗善邨", "ADDRESS_SC": "朗善邨, 元朗区, 新界", "STANDARD_BS1363_no": "4", "MEDIUM_CCS_DC_COMBO_no": "0", "MEDIUM_IEC62196_no": "0", "MEDIUM_SAEJ1772_no": "0", "MEDIUM_GB_T20234_2_AC__no": "0", "MEDIUM_OTHERS_no": "0", "QUICK_CHAdeMO_no": "0", "QUICK_CCS_DC_COMBO_no": "0", "QUICK_IEC62196_no": "0", "QUICK_GB_T20234_3_DC__no": "0", "QUICK_OTHERS_no": "0", "FAST_CHAdeMO_no": "0", "FAST_CCS_DC_COMBO_no": "0", "FAST_GB_T20234_3_DC__no": "0", "FAST_OTHERS_no": "0", "REMARK_FOR__OTHERS_": "-", "DATA_PATH": "-", "OBJECTID": 389, "total_chargers": 4 }, "geometry": { "type": "Point", "coordinates": [ 114.04538, 22.442371 ] } },
{ "type": "Feature", "properties": { "GmlID": "geotagging.390", "NAME_OF_DISTRICT_COUNCIL_DISTRICT_EN": "Wan Chai", "LOCATION_EN": "CHINA RESOURCES BLDG", "ADDRESS_EN": "HARBOUR ROAD, WAN CHAI", "NAME_OF_DISTRICT_COUNCIL_DISTRICT_TC": "灣仔區", "LOCATION_TC": "華潤大廈", "ADDRESS_TC": "灣仔 港灣道", "NAME_OF_DISTRICT_COUNCIL_DISTRICT_SC": "湾仔区", "LOCATION_SC": "华润大厦", "ADDRESS_SC": "湾仔 港湾道", "STANDARD_BS1363_no": "0", "MEDIUM_CCS_DC_COMBO_no": "0", "MEDIUM_IEC62196_no": "9", "MEDIUM_SAEJ1772_no": "0", "MEDIUM_GB_T20234_2_AC__no": "0", "MEDIUM_OTHERS_no": "0", "QUICK_CHAdeMO_no": "0", "QUICK_CCS_DC_COMBO_no": "0", "QUICK_IEC62196_no": "0", "QUICK_GB_T20234_3_DC__no": "0", "QUICK_OTHERS_no": "0", "FAST_CHAdeMO_no": "0", "FAST_CCS_DC_COMBO_no": "6", "FAST_GB_T20234_3_DC__no": "0", "FAST_OTHERS_no": "0", "REMARK_FOR__OTHERS_": "-", "DATA_PATH": "-", "OBJECTID": 390, "total_chargers": 15 }, "geometry": { "type": "Point", "coordinates": [ 114.175801, 22.280117 ] } },
{ "type": "Feature", "properties": { "GmlID": "geotagging.391", "NAME_OF_DISTRICT_COUNCIL_DISTRICT_EN": "Wan Chai", "LOCATION_EN": "SUN HUNG KAI CENTRE", "ADDRESS_EN": "HARBOUR ROAD, WAN CHAI", "NAME_OF_DISTRICT_COUNCIL_DISTRICT_TC": "灣仔區", "LOCATION_TC": "新鴻基中心", "ADDRESS_TC": "灣仔 港灣道", "NAME_OF_DISTRICT_COUNCIL_DISTRICT_SC": "湾仔区", "LOCATION_SC": "新鸿基中心", "ADDRESS_SC": "湾仔 港湾道", "STANDARD_BS1363_no": "0", "MEDIUM_CCS_DC_COMBO_no": "0", "MEDIUM_IEC62196_no": "0", "MEDIUM_SAEJ1772_no": "0", "MEDIUM_GB_T20234_2_AC__no": "0", "MEDIUM_OTHERS_no": "0", "QUICK_CHAdeMO_no": "0", "QUICK_CCS_DC_COMBO_no": "3", "QUICK_IEC62196_no": "0", "QUICK_GB_T20234_3_DC__no": "0", "QUICK_OTHERS_no": "0", "FAST_CHAdeMO_no": "0", "FAST_CCS_DC_COMBO_no": "0", "FAST_GB_T20234_3_DC__no": "0", "FAST_OTHERS_no": "0", "REMARK_FOR__OTHERS_": "-", "DATA_PATH": "-", "OBJECTID": 391, "total_chargers": 3 }, "geometry": { "type": "Point", "coordinates": [ 114.176955, 22.280316 ] } },
{ "type": "Feature", "properties": { "GmlID": "geotagging.392", "NAME_OF_DISTRICT_COUNCIL_DISTRICT_EN": "North", "LOCATION_EN": "Queens Hill Shopping Centre", "ADDRESS_EN": "LUNG MA ROAD", "NAME_OF_DISTRICT_COUNCIL_DISTRICT_TC": "北區", "LOCATION_TC": "皇后山商場停車場", "ADDRESS_TC": "龍馬路", "NAME_OF_DISTRICT_COUNCIL_DISTRICT_SC": "北区", "LOCATION_SC": "皇后山商场停车场", "ADDRESS_SC": "龙马路", "STANDARD_BS1363_no": "0", "MEDIUM_CCS_DC_COMBO_no": "0", "MEDIUM_IEC62196_no": "33", "MEDIUM_SAEJ1772_no": "0", "MEDIUM_GB_T20234_2_AC__no": "0", "MEDIUM_OTHERS_no": "0", "QUICK_CHAdeMO_no": "0", "QUICK_CCS_DC_COMBO_no": "0", "QUICK_IEC62196_no": "0", "QUICK_GB_T20234_3_DC__no": "0", "QUICK_OTHERS_no": "0", "FAST_CHAdeMO_no": "0", "FAST_CCS_DC_COMBO_no": "0", "FAST_GB_T20234_3_DC__no": "0", "FAST_OTHERS_no": "0", "REMARK_FOR__OTHERS_": "-", "DATA_PATH": "-", "OBJECTID": 392, "total_chargers": 33 }, "geometry": { "type": "Point", "coordinates": [ 114.157815, 22.503601 ] } },
{ "type": "Feature", "properties": { "GmlID": "geotagging.393", "NAME_OF_DISTRICT_COUNCIL_DISTRICT_EN": "Yuen Long", "LOCATION_EN": "Wetland Seasons Bay Public Vehicle Park", "ADDRESS_EN": "WETLAND PARK ROAD", "NAME_OF_DISTRICT_COUNCIL_DISTRICT_TC": "元朗區", "LOCATION_TC": "Wetland Seasons Bay 公眾停車場", "ADDRESS_TC": "濕地公園路", "NAME_OF_DISTRICT_COUNCIL_DISTRICT_SC": "元朗区", "LOCATION_SC": "Wetland Seasons Bay 公众停车场", "ADDRESS_SC": "湿地公园路", "STANDARD_BS1363_no": "0", "MEDIUM_CCS_DC_COMBO_no": "0", "MEDIUM_IEC62196_no": "12", "MEDIUM_SAEJ1772_no": "0", "MEDIUM_GB_T20234_2_AC__no": "0", "MEDIUM_OTHERS_no": "0", "QUICK_CHAdeMO_no": "1", "QUICK_CCS_DC_COMBO_no": "1", "QUICK_IEC62196_no": "4", "QUICK_GB_T20234_3_DC__no": "0", "QUICK_OTHERS_no": "0", "FAST_CHAdeMO_no": "0", "FAST_CCS_DC_COMBO_no": "0", "FAST_GB_T20234_3_DC__no": "0", "FAST_OTHERS_no": "0", "REMARK_FOR__OTHERS_": "-", "DATA_PATH": "https://ev-charger.epd.gov.hk/resource/ev_charger_avail/evca_ver_1_0.json", "OBJECTID": 393, "total_chargers": 18 }, "geometry": { "type": "Point", "coordinates": [ 114.003166, 22.469208 ] } },
{ "type": "Feature", "properties": { "GmlID": "geotagging.394", "NAME_OF_DISTRICT_COUNCIL_DISTRICT_EN": "Islands", "LOCATION_EN": "AIRPORT CAR PARK 4", "ADDRESS_EN": "GF-L5, 11 CHEONG TAT ROAD, Hong Kong International Airport, Islands District, New Territories", "NAME_OF_DISTRICT_COUNCIL_DISTRICT_TC": "離島區", "LOCATION_TC": "機場四號停車場", "ADDRESS_TC": "大嶼山香港國際機場暢達路11號地下至五樓", "NAME_OF_DISTRICT_COUNCIL_DISTRICT_SC": "离岛区", "LOCATION_SC": "机场四号停车场", "ADDRESS_SC": "大屿山香港国际机场畅达路11号地下至五楼", "STANDARD_BS1363_no": "0", "MEDIUM_CCS_DC_COMBO_no": "0", "MEDIUM_IEC62196_no": "84", "MEDIUM_SAEJ1772_no": "0", "MEDIUM_GB_T20234_2_AC__no": "0", "MEDIUM_OTHERS_no": "0", "QUICK_CHAdeMO_no": "0", "QUICK_CCS_DC_COMBO_no": "8", "QUICK_IEC62196_no": "0", "QUICK_GB_T20234_3_DC__no": "8", "QUICK_OTHERS_no": "0", "FAST_CHAdeMO_no": "0", "FAST_CCS_DC_COMBO_no": "0", "FAST_GB_T20234_3_DC__no": "0", "FAST_OTHERS_no": "0", "REMARK_FOR__OTHERS_": "-", "DATA_PATH": "-", "OBJECTID": 394, "total_chargers": 100 }, "geometry": { "type": "Point", "coordinates": [ 113.934498, 22.317513 ] } },
{ "type": "Feature", "properties": { "GmlID": "geotagging.395", "NAME_OF_DISTRICT_COUNCIL_DISTRICT_EN": "Southern", "LOCATION_EN": "OCEAN PARK", "ADDRESS_EN": "180 WONG CHUK HANG ROAD, Southern District, Hong Kong", "NAME_OF_DISTRICT_COUNCIL_DISTRICT_TC": "南區", "LOCATION_TC": "香港海洋公園", "ADDRESS_TC": "香港 南區 黃竹坑道180號", "NAME_OF_DISTRICT_COUNCIL_DISTRICT_SC": "南区", "LOCATION_SC": "香港海洋公园", "ADDRESS_SC": "香港 南区 黄竹坑道180号", "STANDARD_BS1363_no": "0", "MEDIUM_CCS_DC_COMBO_no": "0", "MEDIUM_IEC62196_no": "10", "MEDIUM_SAEJ1772_no": "0", "MEDIUM_GB_T20234_2_AC__no": "0", "MEDIUM_OTHERS_no": "0", "QUICK_CHAdeMO_no": "0", "QUICK_CCS_DC_COMBO_no": "0", "QUICK_IEC62196_no": "0", "QUICK_GB_T20234_3_DC__no": "0", "QUICK_OTHERS_no": "0", "FAST_CHAdeMO_no": "0", "FAST_CCS_DC_COMBO_no": "0", "FAST_GB_T20234_3_DC__no": "0", "FAST_OTHERS_no": "0", "REMARK_FOR__OTHERS_": "-", "DATA_PATH": "-", "OBJECTID": 395, "total_chargers": 10 }, "geometry": { "type": "Point", "coordinates": [ 114.174682, 22.248215 ] } },
{ "type": "Feature", "properties": { "GmlID": "geotagging.396", "NAME_OF_DISTRICT_COUNCIL_DISTRICT_EN": "Wan Chai", "LOCATION_EN": "Lee Garden Two Car Park", "ADDRESS_EN": "28 YUN PING ROAD, Wan Chai District, Hong Kong", "NAME_OF_DISTRICT_COUNCIL_DISTRICT_TC": "灣仔區", "LOCATION_TC": "利園二期停車場", "ADDRESS_TC": "香港 灣仔區 恩平道28號", "NAME_OF_DISTRICT_COUNCIL_DISTRICT_SC": "湾仔区", "LOCATION_SC": "利园二期停车场", "ADDRESS_SC": "香港 湾仔区 恩平道28号", "STANDARD_BS1363_no": "0", "MEDIUM_CCS_DC_COMBO_no": "0", "MEDIUM_IEC62196_no": "12", "MEDIUM_SAEJ1772_no": "0", "MEDIUM_GB_T20234_2_AC__no": "0", "MEDIUM_OTHERS_no": "0", "QUICK_CHAdeMO_no": "0", "QUICK_CCS_DC_COMBO_no": "0", "QUICK_IEC62196_no": "0", "QUICK_GB_T20234_3_DC__no": "0", "QUICK_OTHERS_no": "0", "FAST_CHAdeMO_no": "0", "FAST_CCS_DC_COMBO_no": "0", "FAST_GB_T20234_3_DC__no": "0", "FAST_OTHERS_no": "0", "REMARK_FOR__OTHERS_": "-", "DATA_PATH": "-", "OBJECTID": 396, "total_chargers": 12 }, "geometry": { "type": "Point", "coordinates": [ 114.185944, 22.278252 ] } },
{ "type": "Feature", "properties": { "GmlID": "geotagging.397", "NAME_OF_DISTRICT_COUNCIL_DISTRICT_EN": "Wan Chai", "LOCATION_EN": "Wu Chung House", "ADDRESS_EN": "213 Queen's Road East, Wan Chai District, Hong Kong", "NAME_OF_DISTRICT_COUNCIL_DISTRICT_TC": "灣仔區", "LOCATION_TC": "胡忠大廈", "ADDRESS_TC": "香港 灣仔區 皇后大道東213號", "NAME_OF_DISTRICT_COUNCIL_DISTRICT_SC": "湾仔区", "LOCATION_SC": "胡忠大厦", "ADDRESS_SC": "香港 湾仔区 皇后大道东213号", "STANDARD_BS1363_no": "9", "MEDIUM_CCS_DC_COMBO_no": "0", "MEDIUM_IEC62196_no": "0", "MEDIUM_SAEJ1772_no": "0", "MEDIUM_GB_T20234_2_AC__no": "0", "MEDIUM_OTHERS_no": "0", "QUICK_CHAdeMO_no": "0", "QUICK_CCS_DC_COMBO_no": "0", "QUICK_IEC62196_no": "0", "QUICK_GB_T20234_3_DC__no": "0", "QUICK_OTHERS_no": "0", "FAST_CHAdeMO_no": "0", "FAST_CCS_DC_COMBO_no": "0", "FAST_GB_T20234_3_DC__no": "0", "FAST_OTHERS_no": "0", "REMARK_FOR__OTHERS_": "-", "DATA_PATH": "-", "OBJECTID": 397, "total_chargers": 9 }, "geometry": { "type": "Point", "coordinates": [ 114.172473, 22.274371 ] } },
{ "type": "Feature", "properties": { "GmlID": "geotagging.398", "NAME_OF_DISTRICT_COUNCIL_DISTRICT_EN": "Wan Chai", "LOCATION_EN": "EAGLE HARBOUR PUBLIC CARPARK", "ADDRESS_EN": "23 - 25 HARBOUR ROAD, Wan Chai District, Hong Kong", "NAME_OF_DISTRICT_COUNCIL_DISTRICT_TC": "灣仔區", "LOCATION_TC": "鷹港公眾停車埸", "ADDRESS_TC": "香港 灣仔區 港灣道23 - 25號", "NAME_OF_DISTRICT_COUNCIL_DISTRICT_SC": "湾仔区", "LOCATION_SC": "鹰港公众停车埸", "ADDRESS_SC": "香港 湾仔区 港湾道23 - 25号", "STANDARD_BS1363_no": "5", "MEDIUM_CCS_DC_COMBO_no": "0", "MEDIUM_IEC62196_no": "8", "MEDIUM_SAEJ1772_no": "0", "MEDIUM_GB_T20234_2_AC__no": "0", "MEDIUM_OTHERS_no": "0", "QUICK_CHAdeMO_no": "0", "QUICK_CCS_DC_COMBO_no": "2", "QUICK_IEC62196_no": "0", "QUICK_GB_T20234_3_DC__no": "0", "QUICK_OTHERS_no": "0", "FAST_CHAdeMO_no": "0", "FAST_CCS_DC_COMBO_no": "0", "FAST_GB_T20234_3_DC__no": "0", "FAST_OTHERS_no": "0", "REMARK_FOR__OTHERS_": "-", "DATA_PATH": "-", "OBJECTID": 398, "total_chargers": 15 }, "geometry": { "type": "Point", "coordinates": [ 114.175313, 22.280991 ] } },
{ "type": "Feature", "properties": { "GmlID": "geotagging.399", "NAME_OF_DISTRICT_COUNCIL_DISTRICT_EN": "Wan Chai", "LOCATION_EN": "Leighton Centre Car Park", "ADDRESS_EN": "77 LEIGHTON ROAD, Wan Chai District, Hong Kong", "NAME_OF_DISTRICT_COUNCIL_DISTRICT_TC": "灣仔區", "LOCATION_TC": "禮頓中心停車場", "ADDRESS_TC": "香港 灣仔區 禮頓道77號", "NAME_OF_DISTRICT_COUNCIL_DISTRICT_SC": "湾仔区", "LOCATION_SC": "礼顿中心停车场", "ADDRESS_SC": "香港 湾仔区 礼顿道77号", "STANDARD_BS1363_no": "0", "MEDIUM_CCS_DC_COMBO_no": "0", "MEDIUM_IEC62196_no": "30", "MEDIUM_SAEJ1772_no": "0", "MEDIUM_GB_T20234_2_AC__no": "0", "MEDIUM_OTHERS_no": "0", "QUICK_CHAdeMO_no": "0", "QUICK_CCS_DC_COMBO_no": "0", "QUICK_IEC62196_no": "1", "QUICK_GB_T20234_3_DC__no": "0", "QUICK_OTHERS_no": "0", "FAST_CHAdeMO_no": "0", "FAST_CCS_DC_COMBO_no": "0", "FAST_GB_T20234_3_DC__no": "0", "FAST_OTHERS_no": "0", "REMARK_FOR__OTHERS_": "-", "DATA_PATH": "-", "OBJECTID": 399, "total_chargers": 31 }, "geometry": { "type": "Point", "coordinates": [ 114.1831, 22.277768 ] } },
{ "type": "Feature", "properties": { "GmlID": "geotagging.400", "NAME_OF_DISTRICT_COUNCIL_DISTRICT_EN": "Kwun Tong", "LOCATION_EN": "MegaBox", "ADDRESS_EN": "Enterprise Square Five, 38 Wang Chiu Road, Kowloon Bay, Kowloon, Hong Kong", "NAME_OF_DISTRICT_COUNCIL_DISTRICT_TC": "觀塘區", "LOCATION_TC": "MegaBox", "ADDRESS_TC": "九龍九龍灣宏照道 38 號 企業廣場 5 期", "NAME_OF_DISTRICT_COUNCIL_DISTRICT_SC": "观塘区", "LOCATION_SC": "MegaBox", "ADDRESS_SC": "九龙九龙湾宏照道 38 号 企业广场 5 期", "STANDARD_BS1363_no": "0", "MEDIUM_CCS_DC_COMBO_no": "0", "MEDIUM_IEC62196_no": "0", "MEDIUM_SAEJ1772_no": "0", "MEDIUM_GB_T20234_2_AC__no": "0", "MEDIUM_OTHERS_no": "0", "QUICK_CHAdeMO_no": "0", "QUICK_CCS_DC_COMBO_no": "13", "QUICK_IEC62196_no": "12", "QUICK_GB_T20234_3_DC__no": "0", "QUICK_OTHERS_no": "0", "FAST_CHAdeMO_no": "0", "FAST_CCS_DC_COMBO_no": "0", "FAST_GB_T20234_3_DC__no": "0", "FAST_OTHERS_no": "0", "REMARK_FOR__OTHERS_": "-", "DATA_PATH": "-", "OBJECTID": 400, "total_chargers": 25 }, "geometry": { "type": "Point", "coordinates": [ 114.208545, 22.31974 ] } },
{ "type": "Feature", "properties": { "GmlID": "geotagging.401", "NAME_OF_DISTRICT_COUNCIL_DISTRICT_EN": "Central & Western", "LOCATION_EN": "City Hall Car Park", "ADDRESS_EN": "1 Edinburgh Place, Central, Hong Kong", "NAME_OF_DISTRICT_COUNCIL_DISTRICT_TC": "中西區", "LOCATION_TC": "大會堂停車場", "ADDRESS_TC": "香港中環愛丁堡廣場1號", "NAME_OF_DISTRICT_COUNCIL_DISTRICT_SC": "中西区", "LOCATION_SC": "大会堂停车场", "ADDRESS_SC": "香港中环爱丁堡广场1号", "STANDARD_BS1363_no": "0", "MEDIUM_CCS_DC_COMBO_no": "0", "MEDIUM_IEC62196_no": "30", "MEDIUM_SAEJ1772_no": "0", "MEDIUM_GB_T20234_2_AC__no": "0", "MEDIUM_OTHERS_no": "0", "QUICK_CHAdeMO_no": "0", "QUICK_CCS_DC_COMBO_no": "0", "QUICK_IEC62196_no": "0", "QUICK_GB_T20234_3_DC__no": "0", "QUICK_OTHERS_no": "0", "FAST_CHAdeMO_no": "0", "FAST_CCS_DC_COMBO_no": "0", "FAST_GB_T20234_3_DC__no": "0", "FAST_OTHERS_no": "0", "REMARK_FOR__OTHERS_": "-", "DATA_PATH": "https://ev-charger.epd.gov.hk/resource/ev_charger_avail/evca_ver_1_0.json", "OBJECTID": 401, "total_chargers": 30 }, "geometry": { "type": "Point", "coordinates": [ 114.16214, 22.281911 ] } },
{ "type": "Feature", "properties": { "GmlID": "geotagging.402", "NAME_OF_DISTRICT_COUNCIL_DISTRICT_EN": "Yuen Long", "LOCATION_EN": "Shui Lau Tin Village Office Charging Point", "ADDRESS_EN": "27B Shui Lau Tin, Yuen Long", "NAME_OF_DISTRICT_COUNCIL_DISTRICT_TC": "元朗區", "LOCATION_TC": "水流田村公所充電站", "ADDRESS_TC": "元朗八鄉水流田村村公所水流田27B號", "NAME_OF_DISTRICT_COUNCIL_DISTRICT_SC": "元朗区", "LOCATION_SC": "水流田村公所充电站", "ADDRESS_SC": "元朗八乡水流田村村公所水流田27B号", "STANDARD_BS1363_no": "0", "MEDIUM_CCS_DC_COMBO_no": "0", "MEDIUM_IEC62196_no": "0", "MEDIUM_SAEJ1772_no": "0", "MEDIUM_GB_T20234_2_AC__no": "0", "MEDIUM_OTHERS_no": "0", "QUICK_CHAdeMO_no": "0", "QUICK_CCS_DC_COMBO_no": "0", "QUICK_IEC62196_no": "2", "QUICK_GB_T20234_3_DC__no": "0", "QUICK_OTHERS_no": "0", "FAST_CHAdeMO_no": "0", "FAST_CCS_DC_COMBO_no": "0", "FAST_GB_T20234_3_DC__no": "0", "FAST_OTHERS_no": "0", "REMARK_FOR__OTHERS_": "-", "DATA_PATH": "-", "OBJECTID": 402, "total_chargers": 2 }, "geometry": { "type": "Point", "coordinates": [ 114.083381, 22.431211 ] } },
{ "type": "Feature", "properties": { "GmlID": "geotagging.403", "NAME_OF_DISTRICT_COUNCIL_DISTRICT_EN": "Yuen Long", "LOCATION_EN": "Wang Toi Shan Yau Uk Tsuen Charging Point", "ADDRESS_EN": "DD111 LOT 1545SBRP, 1546SBRP (part of),Wang Toi Shan Yau Uk Tsuen, Pat Heung, Yuen Long, NT", "NAME_OF_DISTRICT_COUNCIL_DISTRICT_TC": "元朗區", "LOCATION_TC": "橫台山邱屋村充電站", "ADDRESS_TC": "橫台山邱屋村 DD111 LOT 1545SBRP (部份), 1546SBRP (部份)", "NAME_OF_DISTRICT_COUNCIL_DISTRICT_SC": "元朗区", "LOCATION_SC": "横台山邱屋村充电站", "ADDRESS_SC": "横台山邱屋村 DD111 LOT 1545SBRP (部份), 1546SBRP (部份)", "STANDARD_BS1363_no": "0", "MEDIUM_CCS_DC_COMBO_no": "0", "MEDIUM_IEC62196_no": "0", "MEDIUM_SAEJ1772_no": "0", "MEDIUM_GB_T20234_2_AC__no": "0", "MEDIUM_OTHERS_no": "0", "QUICK_CHAdeMO_no": "0", "QUICK_CCS_DC_COMBO_no": "10", "QUICK_IEC62196_no": "0", "QUICK_GB_T20234_3_DC__no": "2", "QUICK_OTHERS_no": "0", "FAST_CHAdeMO_no": "0", "FAST_CCS_DC_COMBO_no": "0", "FAST_GB_T20234_3_DC__no": "0", "FAST_OTHERS_no": "0", "REMARK_FOR__OTHERS_": "-", "DATA_PATH": "-", "OBJECTID": 403, "total_chargers": 12 }, "geometry": { "type": "Point", "coordinates": [ 114.091051, 22.440641 ] } },
{ "type": "Feature", "properties": { "GmlID": "geotagging.404", "NAME_OF_DISTRICT_COUNCIL_DISTRICT_EN": "Yuen Long", "LOCATION_EN": "Tai Tong Organic EcoPark Charging Point", "ADDRESS_EN": "Tai Tong Organic Eco Park, 11 Tai Tong Shan Road, Yuen Long", "NAME_OF_DISTRICT_COUNCIL_DISTRICT_TC": "元朗區", "LOCATION_TC": "大棠有機生態園充電站", "ADDRESS_TC": "元朗大棠山道11號大棠有機生態園停車場", "NAME_OF_DISTRICT_COUNCIL_DISTRICT_SC": "元朗区", "LOCATION_SC": "大棠有机生态园充电站", "ADDRESS_SC": "元朗大棠山道11号大棠有机生态园停车场", "STANDARD_BS1363_no": "0", "MEDIUM_CCS_DC_COMBO_no": "0", "MEDIUM_IEC62196_no": "0", "MEDIUM_SAEJ1772_no": "0", "MEDIUM_GB_T20234_2_AC__no": "0", "MEDIUM_OTHERS_no": "0", "QUICK_CHAdeMO_no": "0", "QUICK_CCS_DC_COMBO_no": "4", "QUICK_IEC62196_no": "12", "QUICK_GB_T20234_3_DC__no": "0", "QUICK_OTHERS_no": "0", "FAST_CHAdeMO_no": "0", "FAST_CCS_DC_COMBO_no": "0", "FAST_GB_T20234_3_DC__no": "0", "FAST_OTHERS_no": "0", "REMARK_FOR__OTHERS_": "-", "DATA_PATH": "-", "OBJECTID": 404, "total_chargers": 16 }, "geometry": { "type": "Point", "coordinates": [ 114.02584, 22.410107 ] } },
{ "type": "Feature", "properties": { "GmlID": "geotagging.405", "NAME_OF_DISTRICT_COUNCIL_DISTRICT_EN": "Kwai Tsing", "LOCATION_EN": "Fung King Industrial Building", "ADDRESS_EN": "Fung King Industrial Building, 24-28 Lam Tin Street, Kwai Chung", "NAME_OF_DISTRICT_COUNCIL_DISTRICT_TC": "葵青區", "LOCATION_TC": "馮敬工業大廈", "ADDRESS_TC": "葵涌藍田街 24-28號", "NAME_OF_DISTRICT_COUNCIL_DISTRICT_SC": "葵青区", "LOCATION_SC": "冯敬工业大厦", "ADDRESS_SC": "葵涌蓝田街 24-28号", "STANDARD_BS1363_no": "0", "MEDIUM_CCS_DC_COMBO_no": "0", "MEDIUM_IEC62196_no": "0", "MEDIUM_SAEJ1772_no": "0", "MEDIUM_GB_T20234_2_AC__no": "0", "MEDIUM_OTHERS_no": "0", "QUICK_CHAdeMO_no": "0", "QUICK_CCS_DC_COMBO_no": "6", "QUICK_IEC62196_no": "0", "QUICK_GB_T20234_3_DC__no": "0", "QUICK_OTHERS_no": "0", "FAST_CHAdeMO_no": "0", "FAST_CCS_DC_COMBO_no": "0", "FAST_GB_T20234_3_DC__no": "0", "FAST_OTHERS_no": "0", "REMARK_FOR__OTHERS_": "-", "DATA_PATH": "-", "OBJECTID": 405, "total_chargers": 6 }, "geometry": { "type": "Point", "coordinates": [ 114.138107, 22.369124 ] } },
{ "type": "Feature", "properties": { "GmlID": "geotagging.406", "NAME_OF_DISTRICT_COUNCIL_DISTRICT_EN": "Sha Tin", "LOCATION_EN": "MOS Café", "ADDRESS_EN": "MOS Café, 23 Hang Tai Road, Ma On Shan", "NAME_OF_DISTRICT_COUNCIL_DISTRICT_TC": "沙田區", "LOCATION_TC": "鞍山茶座", "ADDRESS_TC": "新界馬鞍山恆泰路23號", "NAME_OF_DISTRICT_COUNCIL_DISTRICT_SC": "沙田区", "LOCATION_SC": "鞍山茶座", "ADDRESS_SC": "新界马鞍山恒泰路23号", "STANDARD_BS1363_no": "0", "MEDIUM_CCS_DC_COMBO_no": "0", "MEDIUM_IEC62196_no": "0", "MEDIUM_SAEJ1772_no": "0", "MEDIUM_GB_T20234_2_AC__no": "0", "MEDIUM_OTHERS_no": "0", "QUICK_CHAdeMO_no": "0", "QUICK_CCS_DC_COMBO_no": "8", "QUICK_IEC62196_no": "0", "QUICK_GB_T20234_3_DC__no": "0", "QUICK_OTHERS_no": "0", "FAST_CHAdeMO_no": "0", "FAST_CCS_DC_COMBO_no": "0", "FAST_GB_T20234_3_DC__no": "0", "FAST_OTHERS_no": "0", "REMARK_FOR__OTHERS_": "-", "DATA_PATH": "-", "OBJECTID": 406, "total_chargers": 8 }, "geometry": { "type": "Point", "coordinates": [ 114.222761, 22.409461 ] } },
{ "type": "Feature", "properties": { "GmlID": "geotagging.407", "NAME_OF_DISTRICT_COUNCIL_DISTRICT_EN": "Central & Western", "LOCATION_EN": "Kwun Lun Lau", "ADDRESS_EN": "20 Lung Wah St, Kennedy Town", "NAME_OF_DISTRICT_COUNCIL_DISTRICT_TC": "中西區", "LOCATION_TC": "觀龍樓", "ADDRESS_TC": "堅尼地城龍華街20號", "NAME_OF_DISTRICT_COUNCIL_DISTRICT_SC": "中西区", "LOCATION_SC": "观龙楼", "ADDRESS_SC": "坚尼地城龙华街20号", "STANDARD_BS1363_no": "0", "MEDIUM_CCS_DC_COMBO_no": "0", "MEDIUM_IEC62196_no": "1", "MEDIUM_SAEJ1772_no": "0", "MEDIUM_GB_T20234_2_AC__no": "0", "MEDIUM_OTHERS_no": "0", "QUICK_CHAdeMO_no": "0", "QUICK_CCS_DC_COMBO_no": "0", "QUICK_IEC62196_no": "0", "QUICK_GB_T20234_3_DC__no": "0", "QUICK_OTHERS_no": "0", "FAST_CHAdeMO_no": "0", "FAST_CCS_DC_COMBO_no": "0", "FAST_GB_T20234_3_DC__no": "0", "FAST_OTHERS_no": "0", "REMARK_FOR__OTHERS_": "-", "DATA_PATH": "-", "OBJECTID": 407, "total_chargers": 1 }, "geometry": { "type": "Point", "coordinates": [ 114.128503, 22.279898 ] } },
{ "type": "Feature", "properties": { "GmlID": "geotagging.408", "NAME_OF_DISTRICT_COUNCIL_DISTRICT_EN": "Eastern", "LOCATION_EN": "One Island East", "ADDRESS_EN": "18 Westlands Rd, Quarry Bay", "NAME_OF_DISTRICT_COUNCIL_DISTRICT_TC": "東區", "LOCATION_TC": "港島東中心", "ADDRESS_TC": "鰂魚涌華蘭路18號", "NAME_OF_DISTRICT_COUNCIL_DISTRICT_SC": "东区", "LOCATION_SC": "港岛东中心", "ADDRESS_SC": "鲗鱼涌华兰路18号", "STANDARD_BS1363_no": "1", "MEDIUM_CCS_DC_COMBO_no": "0", "MEDIUM_IEC62196_no": "0", "MEDIUM_SAEJ1772_no": "0", "MEDIUM_GB_T20234_2_AC__no": "0", "MEDIUM_OTHERS_no": "0", "QUICK_CHAdeMO_no": "0", "QUICK_CCS_DC_COMBO_no": "0", "QUICK_IEC62196_no": "0", "QUICK_GB_T20234_3_DC__no": "0", "QUICK_OTHERS_no": "0", "FAST_CHAdeMO_no": "0", "FAST_CCS_DC_COMBO_no": "0", "FAST_GB_T20234_3_DC__no": "0", "FAST_OTHERS_no": "0", "REMARK_FOR__OTHERS_": "-", "DATA_PATH": "-", "OBJECTID": 408, "total_chargers": 1 }, "geometry": { "type": "Point", "coordinates": [ 114.21356, 22.286422 ] } },
{ "type": "Feature", "properties": { "GmlID": "geotagging.409", "NAME_OF_DISTRICT_COUNCIL_DISTRICT_EN": "Eastern", "LOCATION_EN": "Two Taikoo Place", "ADDRESS_EN": "979 King's Rd, Quarry Bay", "NAME_OF_DISTRICT_COUNCIL_DISTRICT_TC": "東區", "LOCATION_TC": "太古坊二座", "ADDRESS_TC": "鰂魚涌英皇道979號", "NAME_OF_DISTRICT_COUNCIL_DISTRICT_SC": "东区", "LOCATION_SC": "太古坊二座", "ADDRESS_SC": "鲗鱼涌英皇道979号", "STANDARD_BS1363_no": "0", "MEDIUM_CCS_DC_COMBO_no": "0", "MEDIUM_IEC62196_no": "24", "MEDIUM_SAEJ1772_no": "0", "MEDIUM_GB_T20234_2_AC__no": "0", "MEDIUM_OTHERS_no": "0", "QUICK_CHAdeMO_no": "0", "QUICK_CCS_DC_COMBO_no": "3", "QUICK_IEC62196_no": "0", "QUICK_GB_T20234_3_DC__no": "0", "QUICK_OTHERS_no": "0", "FAST_CHAdeMO_no": "0", "FAST_CCS_DC_COMBO_no": "0", "FAST_GB_T20234_3_DC__no": "0", "FAST_OTHERS_no": "0", "REMARK_FOR__OTHERS_": "-", "DATA_PATH": "-", "OBJECTID": 409, "total_chargers": 27 }, "geometry": { "type": "Point", "coordinates": [ 114.211552, 22.286732 ] } },
{ "type": "Feature", "properties": { "GmlID": "geotagging.410", "NAME_OF_DISTRICT_COUNCIL_DISTRICT_EN": "Southern", "LOCATION_EN": "Bel-Air (Phase 1 & 2)", "ADDRESS_EN": "Residence Bel-air Club Bel-air (bay Wing), Bel-air Ave, Telegraph Bay", "NAME_OF_DISTRICT_COUNCIL_DISTRICT_TC": "南區", "LOCATION_TC": "貝沙灣1 & 2期", "ADDRESS_TC": "薄扶林貝沙灣道", "NAME_OF_DISTRICT_COUNCIL_DISTRICT_SC": "南区", "LOCATION_SC": "贝沙湾1 & 2期", "ADDRESS_SC": "薄扶林贝沙湾道", "STANDARD_BS1363_no": "0", "MEDIUM_CCS_DC_COMBO_no": "0", "MEDIUM_IEC62196_no": "2", "MEDIUM_SAEJ1772_no": "0", "MEDIUM_GB_T20234_2_AC__no": "0", "MEDIUM_OTHERS_no": "0", "QUICK_CHAdeMO_no": "0", "QUICK_CCS_DC_COMBO_no": "0", "QUICK_IEC62196_no": "0", "QUICK_GB_T20234_3_DC__no": "0", "QUICK_OTHERS_no": "0", "FAST_CHAdeMO_no": "0", "FAST_CCS_DC_COMBO_no": "0", "FAST_GB_T20234_3_DC__no": "0", "FAST_OTHERS_no": "0", "REMARK_FOR__OTHERS_": "-", "DATA_PATH": "-", "OBJECTID": 410, "total_chargers": 2 }, "geometry": { "type": "Point", "coordinates": [ 114.131965, 22.257882 ] } },
{ "type": "Feature", "properties": { "GmlID": "geotagging.411", "NAME_OF_DISTRICT_COUNCIL_DISTRICT_EN": "Southern", "LOCATION_EN": "Bel-Air (Phase 4)", "ADDRESS_EN": "8 Bel-air Peak Ave, Telegraph Bay", "NAME_OF_DISTRICT_COUNCIL_DISTRICT_TC": "南區", "LOCATION_TC": "貝沙灣4期", "ADDRESS_TC": "鋼綫灣貝沙山道8號", "NAME_OF_DISTRICT_COUNCIL_DISTRICT_SC": "南区", "LOCATION_SC": "贝沙湾4期", "ADDRESS_SC": "钢线湾贝沙山道8号", "STANDARD_BS1363_no": "0", "MEDIUM_CCS_DC_COMBO_no": "0", "MEDIUM_IEC62196_no": "2", "MEDIUM_SAEJ1772_no": "0", "MEDIUM_GB_T20234_2_AC__no": "0", "MEDIUM_OTHERS_no": "0", "QUICK_CHAdeMO_no": "0", "QUICK_CCS_DC_COMBO_no": "0", "QUICK_IEC62196_no": "0", "QUICK_GB_T20234_3_DC__no": "0", "QUICK_OTHERS_no": "0", "FAST_CHAdeMO_no": "0", "FAST_CCS_DC_COMBO_no": "0", "FAST_GB_T20234_3_DC__no": "0", "FAST_OTHERS_no": "0", "REMARK_FOR__OTHERS_": "-", "DATA_PATH": "-", "OBJECTID": 411, "total_chargers": 2 }, "geometry": { "type": "Point", "coordinates": [ 114.133691, 22.254329 ] } },
{ "type": "Feature", "properties": { "GmlID": "geotagging.412", "NAME_OF_DISTRICT_COUNCIL_DISTRICT_EN": "Southern", "LOCATION_EN": "Bel-Air (Phase 6)", "ADDRESS_EN": "8 Bel-air Peak Ave, Telegraph Bay", "NAME_OF_DISTRICT_COUNCIL_DISTRICT_TC": "南區", "LOCATION_TC": "貝沙灣6期", "ADDRESS_TC": "Bel-Air (Phase 6) 貝沙灣6期", "NAME_OF_DISTRICT_COUNCIL_DISTRICT_SC": "南区", "LOCATION_SC": "贝沙湾6期", "ADDRESS_SC": "Bel-Air (Phase 6) 贝沙湾6期", "STANDARD_BS1363_no": "0", "MEDIUM_CCS_DC_COMBO_no": "0", "MEDIUM_IEC62196_no": "2", "MEDIUM_SAEJ1772_no": "0", "MEDIUM_GB_T20234_2_AC__no": "0", "MEDIUM_OTHERS_no": "0", "QUICK_CHAdeMO_no": "0", "QUICK_CCS_DC_COMBO_no": "0", "QUICK_IEC62196_no": "0", "QUICK_GB_T20234_3_DC__no": "0", "QUICK_OTHERS_no": "0", "FAST_CHAdeMO_no": "0", "FAST_CCS_DC_COMBO_no": "0", "FAST_GB_T20234_3_DC__no": "0", "FAST_OTHERS_no": "0", "REMARK_FOR__OTHERS_": "-", "DATA_PATH": "-", "OBJECTID": 412, "total_chargers": 2 }, "geometry": { "type": "Point", "coordinates": [ 114.133691, 22.254329 ] } },
{ "type": "Feature", "properties": { "GmlID": "geotagging.413", "NAME_OF_DISTRICT_COUNCIL_DISTRICT_EN": "Wan Chai", "LOCATION_EN": "Regal Hong Kong Hotel", "ADDRESS_EN": "17, Irving Street, Causeway Bay", "NAME_OF_DISTRICT_COUNCIL_DISTRICT_TC": "灣仔區", "LOCATION_TC": "富豪香港酒店", "ADDRESS_TC": "銅鑼灣伊榮街17號", "NAME_OF_DISTRICT_COUNCIL_DISTRICT_SC": "湾仔区", "LOCATION_SC": "富豪香港酒店", "ADDRESS_SC": "铜锣湾伊荣街17号", "STANDARD_BS1363_no": "0", "MEDIUM_CCS_DC_COMBO_no": "0", "MEDIUM_IEC62196_no": "0", "MEDIUM_SAEJ1772_no": "0", "MEDIUM_GB_T20234_2_AC__no": "0", "MEDIUM_OTHERS_no": "0", "QUICK_CHAdeMO_no": "0", "QUICK_CCS_DC_COMBO_no": "1", "QUICK_IEC62196_no": "0", "QUICK_GB_T20234_3_DC__no": "0", "QUICK_OTHERS_no": "0", "FAST_CHAdeMO_no": "0", "FAST_CCS_DC_COMBO_no": "0", "FAST_GB_T20234_3_DC__no": "0", "FAST_OTHERS_no": "0", "REMARK_FOR__OTHERS_": "-", "DATA_PATH": "-", "OBJECTID": 413, "total_chargers": 1 }, "geometry": { "type": "Point", "coordinates": [ 114.186667, 22.279023 ] } },
{ "type": "Feature", "properties": { "GmlID": "geotagging.414", "NAME_OF_DISTRICT_COUNCIL_DISTRICT_EN": "Kowloon City", "LOCATION_EN": "Jubilant Place", "ADDRESS_EN": "20 San Shan Road", "NAME_OF_DISTRICT_COUNCIL_DISTRICT_TC": "九龍城區", "LOCATION_TC": "欣榮花園", "ADDRESS_TC": "土瓜灣新山道20號", "NAME_OF_DISTRICT_COUNCIL_DISTRICT_SC": "九龙城区", "LOCATION_SC": "欣荣花园", "ADDRESS_SC": "土瓜湾新山道20号", "STANDARD_BS1363_no": "0", "MEDIUM_CCS_DC_COMBO_no": "0", "MEDIUM_IEC62196_no": "4", "MEDIUM_SAEJ1772_no": "0", "MEDIUM_GB_T20234_2_AC__no": "0", "MEDIUM_OTHERS_no": "0", "QUICK_CHAdeMO_no": "0", "QUICK_CCS_DC_COMBO_no": "0", "QUICK_IEC62196_no": "0", "QUICK_GB_T20234_3_DC__no": "0", "QUICK_OTHERS_no": "0", "FAST_CHAdeMO_no": "0", "FAST_CCS_DC_COMBO_no": "0", "FAST_GB_T20234_3_DC__no": "0", "FAST_OTHERS_no": "0", "REMARK_FOR__OTHERS_": "-", "DATA_PATH": "-", "OBJECTID": 414, "total_chargers": 4 }, "geometry": { "type": "Point", "coordinates": [ 114.189235, 22.320961 ] } },
{ "type": "Feature", "properties": { "GmlID": "geotagging.415", "NAME_OF_DISTRICT_COUNCIL_DISTRICT_EN": "Kowloon City", "LOCATION_EN": "The Laguna Mall", "ADDRESS_EN": "8, LagunaVerde Ave", "NAME_OF_DISTRICT_COUNCIL_DISTRICT_TC": "九龍城區", "LOCATION_TC": "海逸坊", "ADDRESS_TC": "海逸豪園海逸道8號", "NAME_OF_DISTRICT_COUNCIL_DISTRICT_SC": "九龙城区", "LOCATION_SC": "海逸坊", "ADDRESS_SC": "海逸豪园海逸道8号", "STANDARD_BS1363_no": "0", "MEDIUM_CCS_DC_COMBO_no": "0", "MEDIUM_IEC62196_no": "1", "MEDIUM_SAEJ1772_no": "0", "MEDIUM_GB_T20234_2_AC__no": "0", "MEDIUM_OTHERS_no": "0", "QUICK_CHAdeMO_no": "0", "QUICK_CCS_DC_COMBO_no": "0", "QUICK_IEC62196_no": "0", "QUICK_GB_T20234_3_DC__no": "0", "QUICK_OTHERS_no": "0", "FAST_CHAdeMO_no": "0", "FAST_CCS_DC_COMBO_no": "0", "FAST_GB_T20234_3_DC__no": "0", "FAST_OTHERS_no": "0", "REMARK_FOR__OTHERS_": "-", "DATA_PATH": "-", "OBJECTID": 415, "total_chargers": 1 }, "geometry": { "type": "Point", "coordinates": [ 114.191623, 22.308582 ] } },
{ "type": "Feature", "properties": { "GmlID": "geotagging.416", "NAME_OF_DISTRICT_COUNCIL_DISTRICT_EN": "Kwun Tong", "LOCATION_EN": "Everest Industrial Centre", "ADDRESS_EN": "396 Kwun Tong Rd, Kwun Tong", "NAME_OF_DISTRICT_COUNCIL_DISTRICT_TC": "觀塘區", "LOCATION_TC": "毅力工業中心", "ADDRESS_TC": "觀塘觀塘道396號", "NAME_OF_DISTRICT_COUNCIL_DISTRICT_SC": "观塘区", "LOCATION_SC": "毅力工业中心", "ADDRESS_SC": "观塘观塘道396号", "STANDARD_BS1363_no": "1", "MEDIUM_CCS_DC_COMBO_no": "0", "MEDIUM_IEC62196_no": "0", "MEDIUM_SAEJ1772_no": "0", "MEDIUM_GB_T20234_2_AC__no": "0", "MEDIUM_OTHERS_no": "0", "QUICK_CHAdeMO_no": "0", "QUICK_CCS_DC_COMBO_no": "0", "QUICK_IEC62196_no": "0", "QUICK_GB_T20234_3_DC__no": "0", "QUICK_OTHERS_no": "0", "FAST_CHAdeMO_no": "0", "FAST_CCS_DC_COMBO_no": "0", "FAST_GB_T20234_3_DC__no": "0", "FAST_OTHERS_no": "0", "REMARK_FOR__OTHERS_": "-", "DATA_PATH": "-", "OBJECTID": 416, "total_chargers": 1 }, "geometry": { "type": "Point", "coordinates": [ 114.22223, 22.312922 ] } },
{ "type": "Feature", "properties": { "GmlID": "geotagging.417", "NAME_OF_DISTRICT_COUNCIL_DISTRICT_EN": "Kwun Tong", "LOCATION_EN": "Infotech Centre", "ADDRESS_EN": "18, Hung To Rd, Kwun Tong", "NAME_OF_DISTRICT_COUNCIL_DISTRICT_TC": "觀塘區", "LOCATION_TC": "訊科中心", "ADDRESS_TC": "觀塘鴻圖道18號", "NAME_OF_DISTRICT_COUNCIL_DISTRICT_SC": "观塘区", "LOCATION_SC": "讯科中心", "ADDRESS_SC": "观塘鸿图道18号", "STANDARD_BS1363_no": "1", "MEDIUM_CCS_DC_COMBO_no": "0", "MEDIUM_IEC62196_no": "0", "MEDIUM_SAEJ1772_no": "0", "MEDIUM_GB_T20234_2_AC__no": "0", "MEDIUM_OTHERS_no": "0", "QUICK_CHAdeMO_no": "0", "QUICK_CCS_DC_COMBO_no": "0", "QUICK_IEC62196_no": "0", "QUICK_GB_T20234_3_DC__no": "0", "QUICK_OTHERS_no": "0", "FAST_CHAdeMO_no": "0", "FAST_CCS_DC_COMBO_no": "0", "FAST_GB_T20234_3_DC__no": "0", "FAST_OTHERS_no": "0", "REMARK_FOR__OTHERS_": "-", "DATA_PATH": "-", "OBJECTID": 417, "total_chargers": 1 }, "geometry": { "type": "Point", "coordinates": [ 114.219658, 22.313318 ] } },
{ "type": "Feature", "properties": { "GmlID": "geotagging.418", "NAME_OF_DISTRICT_COUNCIL_DISTRICT_EN": "Kwun Tong", "LOCATION_EN": "Billion Trade Centre", "ADDRESS_EN": "31 Hung To Rd, Kwun Tong", "NAME_OF_DISTRICT_COUNCIL_DISTRICT_TC": "觀塘區", "LOCATION_TC": "鴻貿中心", "ADDRESS_TC": "觀塘鴻圖道31號", "NAME_OF_DISTRICT_COUNCIL_DISTRICT_SC": "观塘区", "LOCATION_SC": "鸿贸中心", "ADDRESS_SC": "观塘鸿图道31号", "STANDARD_BS1363_no": "1", "MEDIUM_CCS_DC_COMBO_no": "0", "MEDIUM_IEC62196_no": "0", "MEDIUM_SAEJ1772_no": "0", "MEDIUM_GB_T20234_2_AC__no": "0", "MEDIUM_OTHERS_no": "0", "QUICK_CHAdeMO_no": "0", "QUICK_CCS_DC_COMBO_no": "0", "QUICK_IEC62196_no": "0", "QUICK_GB_T20234_3_DC__no": "0", "QUICK_OTHERS_no": "0", "FAST_CHAdeMO_no": "0", "FAST_CCS_DC_COMBO_no": "0", "FAST_GB_T20234_3_DC__no": "0", "FAST_OTHERS_no": "0", "REMARK_FOR__OTHERS_": "-", "DATA_PATH": "-", "OBJECTID": 418, "total_chargers": 1 }, "geometry": { "type": "Point", "coordinates": [ 114.220339, 22.312592 ] } },
{ "type": "Feature", "properties": { "GmlID": "geotagging.419", "NAME_OF_DISTRICT_COUNCIL_DISTRICT_EN": "Kwun Tong", "LOCATION_EN": "Hoplite Industrial Centre", "ADDRESS_EN": "2, 3 Wang Tai Rd, Kowloon Bay", "NAME_OF_DISTRICT_COUNCIL_DISTRICT_TC": "觀塘區", "LOCATION_TC": "合力工業中心", "ADDRESS_TC": "九龍灣宏泰道2-3號", "NAME_OF_DISTRICT_COUNCIL_DISTRICT_SC": "观塘区", "LOCATION_SC": "合力工业中心", "ADDRESS_SC": "九龙湾宏泰道2-3号", "STANDARD_BS1363_no": "1", "MEDIUM_CCS_DC_COMBO_no": "0", "MEDIUM_IEC62196_no": "0", "MEDIUM_SAEJ1772_no": "0", "MEDIUM_GB_T20234_2_AC__no": "0", "MEDIUM_OTHERS_no": "0", "QUICK_CHAdeMO_no": "0", "QUICK_CCS_DC_COMBO_no": "0", "QUICK_IEC62196_no": "0", "QUICK_GB_T20234_3_DC__no": "0", "QUICK_OTHERS_no": "0", "FAST_CHAdeMO_no": "0", "FAST_CCS_DC_COMBO_no": "0", "FAST_GB_T20234_3_DC__no": "0", "FAST_OTHERS_no": "0", "REMARK_FOR__OTHERS_": "-", "DATA_PATH": "-", "OBJECTID": 419, "total_chargers": 1 }, "geometry": { "type": "Point", "coordinates": [ 114.209935, 22.323186 ] } },
{ "type": "Feature", "properties": { "GmlID": "geotagging.420", "NAME_OF_DISTRICT_COUNCIL_DISTRICT_EN": "Kwun Tong", "LOCATION_EN": "8 Yan Yue Wai Public Vehicle Park", "ADDRESS_EN": "8 Yan Yue Wai", "NAME_OF_DISTRICT_COUNCIL_DISTRICT_TC": "觀塘區", "LOCATION_TC": "仁宇圍8號公眾停車場", "ADDRESS_TC": "油塘仁宇圍8號", "NAME_OF_DISTRICT_COUNCIL_DISTRICT_SC": "观塘区", "LOCATION_SC": "仁宇围8号公众停车场", "ADDRESS_SC": "油塘仁宇围8号", "STANDARD_BS1363_no": "0", "MEDIUM_CCS_DC_COMBO_no": "0", "MEDIUM_IEC62196_no": "18", "MEDIUM_SAEJ1772_no": "0", "MEDIUM_GB_T20234_2_AC__no": "0", "MEDIUM_OTHERS_no": "0", "QUICK_CHAdeMO_no": "0", "QUICK_CCS_DC_COMBO_no": "2", "QUICK_IEC62196_no": "0", "QUICK_GB_T20234_3_DC__no": "0", "QUICK_OTHERS_no": "0", "FAST_CHAdeMO_no": "0", "FAST_CCS_DC_COMBO_no": "0", "FAST_GB_T20234_3_DC__no": "0", "FAST_OTHERS_no": "0", "REMARK_FOR__OTHERS_": "-", "DATA_PATH": "-", "OBJECTID": 420, "total_chargers": 20 }, "geometry": { "type": "Point", "coordinates": [ 114.236694, 22.29208 ] } },
{ "type": "Feature", "properties": { "GmlID": "geotagging.421", "NAME_OF_DISTRICT_COUNCIL_DISTRICT_EN": "Kwun Tong", "LOCATION_EN": "Eastcore", "ADDRESS_EN": "398 Kwun Tong Rd, Kwun Tong", "NAME_OF_DISTRICT_COUNCIL_DISTRICT_TC": "觀塘區", "LOCATION_TC": "嘉域大廈", "ADDRESS_TC": "觀塘觀塘道398號", "NAME_OF_DISTRICT_COUNCIL_DISTRICT_SC": "观塘区", "LOCATION_SC": "嘉域大厦", "ADDRESS_SC": "观塘观塘道398号", "STANDARD_BS1363_no": "0", "MEDIUM_CCS_DC_COMBO_no": "0", "MEDIUM_IEC62196_no": "4", "MEDIUM_SAEJ1772_no": "0", "MEDIUM_GB_T20234_2_AC__no": "0", "MEDIUM_OTHERS_no": "0", "QUICK_CHAdeMO_no": "0", "QUICK_CCS_DC_COMBO_no": "0", "QUICK_IEC62196_no": "0", "QUICK_GB_T20234_3_DC__no": "0", "QUICK_OTHERS_no": "0", "FAST_CHAdeMO_no": "0", "FAST_CCS_DC_COMBO_no": "0", "FAST_GB_T20234_3_DC__no": "0", "FAST_OTHERS_no": "0", "REMARK_FOR__OTHERS_": "-", "DATA_PATH": "-", "OBJECTID": 421, "total_chargers": 4 }, "geometry": { "type": "Point", "coordinates": [ 114.222837, 22.31334 ] } },
{ "type": "Feature", "properties": { "GmlID": "geotagging.422", "NAME_OF_DISTRICT_COUNCIL_DISTRICT_EN": "Kwun Tong", "LOCATION_EN": "Grand Central", "ADDRESS_EN": "33 Hip Wo St, Kwun Tong", "NAME_OF_DISTRICT_COUNCIL_DISTRICT_TC": "觀塘區", "LOCATION_TC": "凱滙", "ADDRESS_TC": "觀塘協和街33號", "NAME_OF_DISTRICT_COUNCIL_DISTRICT_SC": "观塘区", "LOCATION_SC": "凯汇", "ADDRESS_SC": "观塘协和街33号", "STANDARD_BS1363_no": "0", "MEDIUM_CCS_DC_COMBO_no": "0", "MEDIUM_IEC62196_no": "19", "MEDIUM_SAEJ1772_no": "0", "MEDIUM_GB_T20234_2_AC__no": "0", "MEDIUM_OTHERS_no": "0", "QUICK_CHAdeMO_no": "0", "QUICK_CCS_DC_COMBO_no": "0", "QUICK_IEC62196_no": "0", "QUICK_GB_T20234_3_DC__no": "0", "QUICK_OTHERS_no": "0", "FAST_CHAdeMO_no": "0", "FAST_CCS_DC_COMBO_no": "0", "FAST_GB_T20234_3_DC__no": "0", "FAST_OTHERS_no": "0", "REMARK_FOR__OTHERS_": "-", "DATA_PATH": "-", "OBJECTID": 422, "total_chargers": 19 }, "geometry": { "type": "Point", "coordinates": [ 114.225706, 22.314509 ] } },
{ "type": "Feature", "properties": { "GmlID": "geotagging.423", "NAME_OF_DISTRICT_COUNCIL_DISTRICT_EN": "Kwun Tong", "LOCATION_EN": "Boton Technology Innovation Tower Car Park", "ADDRESS_EN": "Chong Yip Street, Kwun Tong", "NAME_OF_DISTRICT_COUNCIL_DISTRICT_TC": "觀塘區", "LOCATION_TC": "波頓科創中心停車場", "ADDRESS_TC": "觀塘創業街", "NAME_OF_DISTRICT_COUNCIL_DISTRICT_SC": "观塘区", "LOCATION_SC": "波顿科创中心停车场", "ADDRESS_SC": "观塘创业街", "STANDARD_BS1363_no": "0", "MEDIUM_CCS_DC_COMBO_no": "0", "MEDIUM_IEC62196_no": "12", "MEDIUM_SAEJ1772_no": "0", "MEDIUM_GB_T20234_2_AC__no": "0", "MEDIUM_OTHERS_no": "0", "QUICK_CHAdeMO_no": "0", "QUICK_CCS_DC_COMBO_no": "0", "QUICK_IEC62196_no": "0", "QUICK_GB_T20234_3_DC__no": "0", "QUICK_OTHERS_no": "0", "FAST_CHAdeMO_no": "0", "FAST_CCS_DC_COMBO_no": "0", "FAST_GB_T20234_3_DC__no": "0", "FAST_OTHERS_no": "0", "REMARK_FOR__OTHERS_": "-", "DATA_PATH": "-", "OBJECTID": 423, "total_chargers": 12 }, "geometry": { "type": "Point", "coordinates": [ 114.219345, 22.314513 ] } },
{ "type": "Feature", "properties": { "GmlID": "geotagging.424", "NAME_OF_DISTRICT_COUNCIL_DISTRICT_EN": "Kwun Tong", "LOCATION_EN": "Gravity", "ADDRESS_EN": "20 Hing Yip St, Kwun Tong", "NAME_OF_DISTRICT_COUNCIL_DISTRICT_TC": "觀塘區", "LOCATION_TC": "萬有引力", "ADDRESS_TC": "觀塘興業街20號", "NAME_OF_DISTRICT_COUNCIL_DISTRICT_SC": "观塘区", "LOCATION_SC": "万有引力", "ADDRESS_SC": "观塘兴业街20号", "STANDARD_BS1363_no": "0", "MEDIUM_CCS_DC_COMBO_no": "0", "MEDIUM_IEC62196_no": "2", "MEDIUM_SAEJ1772_no": "0", "MEDIUM_GB_T20234_2_AC__no": "0", "MEDIUM_OTHERS_no": "0", "QUICK_CHAdeMO_no": "0", "QUICK_CCS_DC_COMBO_no": "0", "QUICK_IEC62196_no": "0", "QUICK_GB_T20234_3_DC__no": "0", "QUICK_OTHERS_no": "0", "FAST_CHAdeMO_no": "0", "FAST_CCS_DC_COMBO_no": "0", "FAST_GB_T20234_3_DC__no": "0", "FAST_OTHERS_no": "0", "REMARK_FOR__OTHERS_": "-", "DATA_PATH": "-", "OBJECTID": 424, "total_chargers": 2 }, "geometry": { "type": "Point", "coordinates": [ 114.225645, 22.308771 ] } },
{ "type": "Feature", "properties": { "GmlID": "geotagging.425", "NAME_OF_DISTRICT_COUNCIL_DISTRICT_EN": "Sham Shui Po", "LOCATION_EN": "CEO Tower", "ADDRESS_EN": "77 Wing Hong St, Cheung Sha Wan", "NAME_OF_DISTRICT_COUNCIL_DISTRICT_TC": "深水埗區", "LOCATION_TC": "環薈中心", "ADDRESS_TC": "長沙灣永康街77號", "NAME_OF_DISTRICT_COUNCIL_DISTRICT_SC": "深水埗区", "LOCATION_SC": "环荟中心", "ADDRESS_SC": "长沙湾永康街77号", "STANDARD_BS1363_no": "2", "MEDIUM_CCS_DC_COMBO_no": "0", "MEDIUM_IEC62196_no": "0", "MEDIUM_SAEJ1772_no": "0", "MEDIUM_GB_T20234_2_AC__no": "0", "MEDIUM_OTHERS_no": "0", "QUICK_CHAdeMO_no": "0", "QUICK_CCS_DC_COMBO_no": "0", "QUICK_IEC62196_no": "0", "QUICK_GB_T20234_3_DC__no": "0", "QUICK_OTHERS_no": "0", "FAST_CHAdeMO_no": "0", "FAST_CCS_DC_COMBO_no": "0", "FAST_GB_T20234_3_DC__no": "0", "FAST_OTHERS_no": "0", "REMARK_FOR__OTHERS_": "-", "DATA_PATH": "-", "OBJECTID": 425, "total_chargers": 2 }, "geometry": { "type": "Point", "coordinates": [ 114.149264, 22.33941 ] } },
{ "type": "Feature", "properties": { "GmlID": "geotagging.426", "NAME_OF_DISTRICT_COUNCIL_DISTRICT_EN": "Sham Shui Po", "LOCATION_EN": "Cronin Garden Carpark", "ADDRESS_EN": "2 Po On Rd, Cheung Sha Wan", "NAME_OF_DISTRICT_COUNCIL_DISTRICT_TC": "深水埗區", "LOCATION_TC": "樂年花園停車場", "ADDRESS_TC": "李鄭屋保安道2號", "NAME_OF_DISTRICT_COUNCIL_DISTRICT_SC": "深水埗区", "LOCATION_SC": "乐年花园停车场", "ADDRESS_SC": "李郑屋保安道2号", "STANDARD_BS1363_no": "0", "MEDIUM_CCS_DC_COMBO_no": "0", "MEDIUM_IEC62196_no": "2", "MEDIUM_SAEJ1772_no": "0", "MEDIUM_GB_T20234_2_AC__no": "0", "MEDIUM_OTHERS_no": "0", "QUICK_CHAdeMO_no": "0", "QUICK_CCS_DC_COMBO_no": "0", "QUICK_IEC62196_no": "0", "QUICK_GB_T20234_3_DC__no": "0", "QUICK_OTHERS_no": "0", "FAST_CHAdeMO_no": "0", "FAST_CCS_DC_COMBO_no": "0", "FAST_GB_T20234_3_DC__no": "0", "FAST_OTHERS_no": "0", "REMARK_FOR__OTHERS_": "-", "DATA_PATH": "-", "OBJECTID": 426, "total_chargers": 2 }, "geometry": { "type": "Point", "coordinates": [ 114.161076, 22.336297 ] } },
{ "type": "Feature", "properties": { "GmlID": "geotagging.427", "NAME_OF_DISTRICT_COUNCIL_DISTRICT_EN": "Sham Shui Po", "LOCATION_EN": "The Campton", "ADDRESS_EN": "208 Fuk Wa St, Un Chau", "NAME_OF_DISTRICT_COUNCIL_DISTRICT_TC": "深水埗區", "LOCATION_TC": "The Campton", "ADDRESS_TC": "福華街208號", "NAME_OF_DISTRICT_COUNCIL_DISTRICT_SC": "深水埗区", "LOCATION_SC": "The Campton", "ADDRESS_SC": "福华街208号", "STANDARD_BS1363_no": "0", "MEDIUM_CCS_DC_COMBO_no": "0", "MEDIUM_IEC62196_no": "14", "MEDIUM_SAEJ1772_no": "0", "MEDIUM_GB_T20234_2_AC__no": "0", "MEDIUM_OTHERS_no": "0", "QUICK_CHAdeMO_no": "0", "QUICK_CCS_DC_COMBO_no": "3", "QUICK_IEC62196_no": "0", "QUICK_GB_T20234_3_DC__no": "0", "QUICK_OTHERS_no": "0", "FAST_CHAdeMO_no": "0", "FAST_CCS_DC_COMBO_no": "0", "FAST_GB_T20234_3_DC__no": "0", "FAST_OTHERS_no": "0", "REMARK_FOR__OTHERS_": "-", "DATA_PATH": "-", "OBJECTID": 427, "total_chargers": 17 }, "geometry": { "type": "Point", "coordinates": [ 114.160184, 22.33328 ] } },
{ "type": "Feature", "properties": { "GmlID": "geotagging.428", "NAME_OF_DISTRICT_COUNCIL_DISTRICT_EN": "Yau Tsim Mong", "LOCATION_EN": "Canton Road Carpark", "ADDRESS_EN": "1112, 1120 Canton Rd, Mong Kok", "NAME_OF_DISTRICT_COUNCIL_DISTRICT_TC": "油尖旺區", "LOCATION_TC": "廣東道停車場", "ADDRESS_TC": "廣東道1112, 1120號", "NAME_OF_DISTRICT_COUNCIL_DISTRICT_SC": "油尖旺区", "LOCATION_SC": "广东道停车场", "ADDRESS_SC": "广东道1112, 1120号", "STANDARD_BS1363_no": "0", "MEDIUM_CCS_DC_COMBO_no": "0", "MEDIUM_IEC62196_no": "0", "MEDIUM_SAEJ1772_no": "0", "MEDIUM_GB_T20234_2_AC__no": "0", "MEDIUM_OTHERS_no": "0", "QUICK_CHAdeMO_no": "0", "QUICK_CCS_DC_COMBO_no": "4", "QUICK_IEC62196_no": "1", "QUICK_GB_T20234_3_DC__no": "0", "QUICK_OTHERS_no": "0", "FAST_CHAdeMO_no": "0", "FAST_CCS_DC_COMBO_no": "0", "FAST_GB_T20234_3_DC__no": "0", "FAST_OTHERS_no": "0", "REMARK_FOR__OTHERS_": "-", "DATA_PATH": "https://ev-charger.epd.gov.hk/resource/ev_charger_avail/evca_ver_1_0.json", "OBJECTID": 428, "total_chargers": 5 }, "geometry": { "type": "Point", "coordinates": [ 114.166823, 22.321085 ] } },
{ "type": "Feature", "properties": { "GmlID": "geotagging.429", "NAME_OF_DISTRICT_COUNCIL_DISTRICT_EN": "Wong Tai Sin", "LOCATION_EN": "Lions Rise", "ADDRESS_EN": "7 Muk Lun St, Chuk Un", "NAME_OF_DISTRICT_COUNCIL_DISTRICT_TC": "黃大仙區", "LOCATION_TC": "現崇山", "ADDRESS_TC": "竹園睦鄰街7號", "NAME_OF_DISTRICT_COUNCIL_DISTRICT_SC": "黄大仙区", "LOCATION_SC": "现崇山", "ADDRESS_SC": "竹园睦邻街7号", "STANDARD_BS1363_no": "2", "MEDIUM_CCS_DC_COMBO_no": "0", "MEDIUM_IEC62196_no": "2", "MEDIUM_SAEJ1772_no": "0", "MEDIUM_GB_T20234_2_AC__no": "0", "MEDIUM_OTHERS_no": "0", "QUICK_CHAdeMO_no": "0", "QUICK_CCS_DC_COMBO_no": "0", "QUICK_IEC62196_no": "0", "QUICK_GB_T20234_3_DC__no": "0", "QUICK_OTHERS_no": "0", "FAST_CHAdeMO_no": "0", "FAST_CCS_DC_COMBO_no": "0", "FAST_GB_T20234_3_DC__no": "0", "FAST_OTHERS_no": "0", "REMARK_FOR__OTHERS_": "-", "DATA_PATH": "-", "OBJECTID": 429, "total_chargers": 4 }, "geometry": { "type": "Point", "coordinates": [ 114.19647, 22.3409 ] } },
{ "type": "Feature", "properties": { "GmlID": "geotagging.430", "NAME_OF_DISTRICT_COUNCIL_DISTRICT_EN": "Wong Tai Sin", "LOCATION_EN": "Lions Rise Mall", "ADDRESS_EN": "5 Chun Yan St, Chuk Un", "NAME_OF_DISTRICT_COUNCIL_DISTRICT_TC": "黃大仙區", "LOCATION_TC": "現崇山商場", "ADDRESS_TC": "竹園親仁街5號", "NAME_OF_DISTRICT_COUNCIL_DISTRICT_SC": "黄大仙区", "LOCATION_SC": "现崇山商场", "ADDRESS_SC": "竹园亲仁街5号", "STANDARD_BS1363_no": "2", "MEDIUM_CCS_DC_COMBO_no": "0", "MEDIUM_IEC62196_no": "2", "MEDIUM_SAEJ1772_no": "0", "MEDIUM_GB_T20234_2_AC__no": "0", "MEDIUM_OTHERS_no": "0", "QUICK_CHAdeMO_no": "0", "QUICK_CCS_DC_COMBO_no": "2", "QUICK_IEC62196_no": "0", "QUICK_GB_T20234_3_DC__no": "0", "QUICK_OTHERS_no": "0", "FAST_CHAdeMO_no": "0", "FAST_CCS_DC_COMBO_no": "0", "FAST_GB_T20234_3_DC__no": "0", "FAST_OTHERS_no": "0", "REMARK_FOR__OTHERS_": "-", "DATA_PATH": "-", "OBJECTID": 430, "total_chargers": 6 }, "geometry": { "type": "Point", "coordinates": [ 114.197029, 22.339913 ] } },
{ "type": "Feature", "properties": { "GmlID": "geotagging.431", "NAME_OF_DISTRICT_COUNCIL_DISTRICT_EN": "Wong Tai Sin", "LOCATION_EN": "Kai Tak Garden Car Park", "ADDRESS_EN": "121 Choi Hung Rd, Chuk Un", "NAME_OF_DISTRICT_COUNCIL_DISTRICT_TC": "黃大仙區", "LOCATION_TC": "啟德花園停車場", "ADDRESS_TC": "竹園彩虹道121號", "NAME_OF_DISTRICT_COUNCIL_DISTRICT_SC": "黄大仙区", "LOCATION_SC": "启德花园停车场", "ADDRESS_SC": "竹园彩虹道121号", "STANDARD_BS1363_no": "0", "MEDIUM_CCS_DC_COMBO_no": "0", "MEDIUM_IEC62196_no": "4", "MEDIUM_SAEJ1772_no": "0", "MEDIUM_GB_T20234_2_AC__no": "0", "MEDIUM_OTHERS_no": "0", "QUICK_CHAdeMO_no": "0", "QUICK_CCS_DC_COMBO_no": "0", "QUICK_IEC62196_no": "0", "QUICK_GB_T20234_3_DC__no": "0", "QUICK_OTHERS_no": "0", "FAST_CHAdeMO_no": "0", "FAST_CCS_DC_COMBO_no": "0", "FAST_GB_T20234_3_DC__no": "0", "FAST_OTHERS_no": "0", "REMARK_FOR__OTHERS_": "-", "DATA_PATH": "-", "OBJECTID": 431, "total_chargers": 4 }, "geometry": { "type": "Point", "coordinates": [ 114.194317, 22.337464 ] } },
{ "type": "Feature", "properties": { "GmlID": "geotagging.432", "NAME_OF_DISTRICT_COUNCIL_DISTRICT_EN": "Yau Tsim Mong", "LOCATION_EN": "Royal Plaza Hotel", "ADDRESS_EN": "193 Prince Edward Rd W, Kadoorie Hill", "NAME_OF_DISTRICT_COUNCIL_DISTRICT_TC": "油尖旺區", "LOCATION_TC": "帝京酒店", "ADDRESS_TC": "加多利山太子道西193號", "NAME_OF_DISTRICT_COUNCIL_DISTRICT_SC": "油尖旺区", "LOCATION_SC": "帝京酒店", "ADDRESS_SC": "加多利山太子道西193号", "STANDARD_BS1363_no": "0", "MEDIUM_CCS_DC_COMBO_no": "0", "MEDIUM_IEC62196_no": "0", "MEDIUM_SAEJ1772_no": "0", "MEDIUM_GB_T20234_2_AC__no": "0", "MEDIUM_OTHERS_no": "0", "QUICK_CHAdeMO_no": "0", "QUICK_CCS_DC_COMBO_no": "2", "QUICK_IEC62196_no": "0", "QUICK_GB_T20234_3_DC__no": "0", "QUICK_OTHERS_no": "0", "FAST_CHAdeMO_no": "0", "FAST_CCS_DC_COMBO_no": "0", "FAST_GB_T20234_3_DC__no": "0", "FAST_OTHERS_no": "0", "REMARK_FOR__OTHERS_": "-", "DATA_PATH": "-", "OBJECTID": 432, "total_chargers": 2 }, "geometry": { "type": "Point", "coordinates": [ 114.173178, 22.324833 ] } },
{ "type": "Feature", "properties": { "GmlID": "geotagging.433", "NAME_OF_DISTRICT_COUNCIL_DISTRICT_EN": "Yau Tsim Mong", "LOCATION_EN": "W Hong Kong", "ADDRESS_EN": "1 Austin Road West Kowloon Station", "NAME_OF_DISTRICT_COUNCIL_DISTRICT_TC": "油尖旺區", "LOCATION_TC": "香港W酒店", "ADDRESS_TC": "柯士甸道西1號", "NAME_OF_DISTRICT_COUNCIL_DISTRICT_SC": "油尖旺区", "LOCATION_SC": "香港W酒店", "ADDRESS_SC": "柯士甸道西1号", "STANDARD_BS1363_no": "0", "MEDIUM_CCS_DC_COMBO_no": "0", "MEDIUM_IEC62196_no": "0", "MEDIUM_SAEJ1772_no": "0", "MEDIUM_GB_T20234_2_AC__no": "0", "MEDIUM_OTHERS_no": "0", "QUICK_CHAdeMO_no": "0", "QUICK_CCS_DC_COMBO_no": "2", "QUICK_IEC62196_no": "0", "QUICK_GB_T20234_3_DC__no": "0", "QUICK_OTHERS_no": "0", "FAST_CHAdeMO_no": "0", "FAST_CCS_DC_COMBO_no": "0", "FAST_GB_T20234_3_DC__no": "0", "FAST_OTHERS_no": "0", "REMARK_FOR__OTHERS_": "-", "DATA_PATH": "-", "OBJECTID": 433, "total_chargers": 2 }, "geometry": { "type": "Point", "coordinates": [ 114.160615, 22.305418 ] } },
{ "type": "Feature", "properties": { "GmlID": "geotagging.434", "NAME_OF_DISTRICT_COUNCIL_DISTRICT_EN": "Yau Tsim Mong", "LOCATION_EN": "Hotel ICON", "ADDRESS_EN": "17 Science Museum Rd, Tsim Sha Tsui", "NAME_OF_DISTRICT_COUNCIL_DISTRICT_TC": "油尖旺區", "LOCATION_TC": "唯港薈", "ADDRESS_TC": "尖沙咀科學館道17號", "NAME_OF_DISTRICT_COUNCIL_DISTRICT_SC": "油尖旺区", "LOCATION_SC": "唯港荟", "ADDRESS_SC": "尖沙咀科学馆道17号", "STANDARD_BS1363_no": "0", "MEDIUM_CCS_DC_COMBO_no": "0", "MEDIUM_IEC62196_no": "0", "MEDIUM_SAEJ1772_no": "0", "MEDIUM_GB_T20234_2_AC__no": "0", "MEDIUM_OTHERS_no": "0", "QUICK_CHAdeMO_no": "0", "QUICK_CCS_DC_COMBO_no": "6", "QUICK_IEC62196_no": "0", "QUICK_GB_T20234_3_DC__no": "0", "QUICK_OTHERS_no": "0", "FAST_CHAdeMO_no": "0", "FAST_CCS_DC_COMBO_no": "0", "FAST_GB_T20234_3_DC__no": "0", "FAST_OTHERS_no": "0", "REMARK_FOR__OTHERS_": "-", "DATA_PATH": "-", "OBJECTID": 434, "total_chargers": 6 }, "geometry": { "type": "Point", "coordinates": [ 114.17965, 22.30073 ] } },
{ "type": "Feature", "properties": { "GmlID": "geotagging.435", "NAME_OF_DISTRICT_COUNCIL_DISTRICT_EN": "Yau Tsim Mong", "LOCATION_EN": "International Commerce Centre", "ADDRESS_EN": "1 Austin Rd W, Tsim Sha Tsui", "NAME_OF_DISTRICT_COUNCIL_DISTRICT_TC": "油尖旺區", "LOCATION_TC": "環球貿易廣場", "ADDRESS_TC": "柯士甸道西1號", "NAME_OF_DISTRICT_COUNCIL_DISTRICT_SC": "油尖旺区", "LOCATION_SC": "环球贸易广场", "ADDRESS_SC": "柯士甸道西1号", "STANDARD_BS1363_no": "0", "MEDIUM_CCS_DC_COMBO_no": "0", "MEDIUM_IEC62196_no": "1", "MEDIUM_SAEJ1772_no": "0", "MEDIUM_GB_T20234_2_AC__no": "0", "MEDIUM_OTHERS_no": "0", "QUICK_CHAdeMO_no": "0", "QUICK_CCS_DC_COMBO_no": "0", "QUICK_IEC62196_no": "0", "QUICK_GB_T20234_3_DC__no": "0", "QUICK_OTHERS_no": "0", "FAST_CHAdeMO_no": "0", "FAST_CCS_DC_COMBO_no": "0", "FAST_GB_T20234_3_DC__no": "0", "FAST_OTHERS_no": "0", "REMARK_FOR__OTHERS_": "-", "DATA_PATH": "-", "OBJECTID": 435, "total_chargers": 1 }, "geometry": { "type": "Point", "coordinates": [ 114.161453, 22.303707 ] } },
{ "type": "Feature", "properties": { "GmlID": "geotagging.436", "NAME_OF_DISTRICT_COUNCIL_DISTRICT_EN": "Yau Tsim Mong", "LOCATION_EN": "The Ritz-Carlton Hong Kong", "ADDRESS_EN": "1 Austin Rd W, Tsim Sha Tsui", "NAME_OF_DISTRICT_COUNCIL_DISTRICT_TC": "油尖旺區", "LOCATION_TC": "香港麗思卡爾頓酒店", "ADDRESS_TC": "柯士甸道西1號", "NAME_OF_DISTRICT_COUNCIL_DISTRICT_SC": "油尖旺区", "LOCATION_SC": "香港丽思卡尔顿酒店", "ADDRESS_SC": "柯士甸道西1号", "STANDARD_BS1363_no": "0", "MEDIUM_CCS_DC_COMBO_no": "0", "MEDIUM_IEC62196_no": "0", "MEDIUM_SAEJ1772_no": "0", "MEDIUM_GB_T20234_2_AC__no": "0", "MEDIUM_OTHERS_no": "0", "QUICK_CHAdeMO_no": "0", "QUICK_CCS_DC_COMBO_no": "2", "QUICK_IEC62196_no": "0", "QUICK_GB_T20234_3_DC__no": "0", "QUICK_OTHERS_no": "0", "FAST_CHAdeMO_no": "0", "FAST_CCS_DC_COMBO_no": "0", "FAST_GB_T20234_3_DC__no": "0", "FAST_OTHERS_no": "0", "REMARK_FOR__OTHERS_": "-", "DATA_PATH": "-", "OBJECTID": 436, "total_chargers": 2 }, "geometry": { "type": "Point", "coordinates": [ 114.161453, 22.303707 ] } },
{ "type": "Feature", "properties": { "GmlID": "geotagging.437", "NAME_OF_DISTRICT_COUNCIL_DISTRICT_EN": "Islands", "LOCATION_EN": "Cathay Pacific City", "ADDRESS_EN": "International Airport, East Coast Rd, Lantau Island", "NAME_OF_DISTRICT_COUNCIL_DISTRICT_TC": "離島區", "LOCATION_TC": "國泰城", "ADDRESS_TC": "機場東岸路", "NAME_OF_DISTRICT_COUNCIL_DISTRICT_SC": "离岛区", "LOCATION_SC": "国泰城", "ADDRESS_SC": "机场东岸路", "STANDARD_BS1363_no": "0", "MEDIUM_CCS_DC_COMBO_no": "0", "MEDIUM_IEC62196_no": "4", "MEDIUM_SAEJ1772_no": "0", "MEDIUM_GB_T20234_2_AC__no": "0", "MEDIUM_OTHERS_no": "0", "QUICK_CHAdeMO_no": "0", "QUICK_CCS_DC_COMBO_no": "0", "QUICK_IEC62196_no": "0", "QUICK_GB_T20234_3_DC__no": "0", "QUICK_OTHERS_no": "0", "FAST_CHAdeMO_no": "0", "FAST_CCS_DC_COMBO_no": "0", "FAST_GB_T20234_3_DC__no": "0", "FAST_OTHERS_no": "0", "REMARK_FOR__OTHERS_": "-", "DATA_PATH": "-", "OBJECTID": 437, "total_chargers": 4 }, "geometry": { "type": "Point", "coordinates": [ 113.93475, 22.298179 ] } },
{ "type": "Feature", "properties": { "GmlID": "geotagging.438", "NAME_OF_DISTRICT_COUNCIL_DISTRICT_EN": "Kwai Tsing", "LOCATION_EN": "Shek Lei Shopping Centre II", "ADDRESS_EN": "8 Shek Lei St, Shek Lei", "NAME_OF_DISTRICT_COUNCIL_DISTRICT_TC": "葵青區", "LOCATION_TC": "石籬商場二期", "ADDRESS_TC": "石梨街8號", "NAME_OF_DISTRICT_COUNCIL_DISTRICT_SC": "葵青区", "LOCATION_SC": "石篱商场二期", "ADDRESS_SC": "石梨街8号", "STANDARD_BS1363_no": "0", "MEDIUM_CCS_DC_COMBO_no": "0", "MEDIUM_IEC62196_no": "3", "MEDIUM_SAEJ1772_no": "0", "MEDIUM_GB_T20234_2_AC__no": "0", "MEDIUM_OTHERS_no": "0", "QUICK_CHAdeMO_no": "0", "QUICK_CCS_DC_COMBO_no": "3", "QUICK_IEC62196_no": "3", "QUICK_GB_T20234_3_DC__no": "0", "QUICK_OTHERS_no": "0", "FAST_CHAdeMO_no": "0", "FAST_CCS_DC_COMBO_no": "0", "FAST_GB_T20234_3_DC__no": "0", "FAST_OTHERS_no": "0", "REMARK_FOR__OTHERS_": "-", "DATA_PATH": "-", "OBJECTID": 438, "total_chargers": 9 }, "geometry": { "type": "Point", "coordinates": [ 114.139362, 22.365336 ] } },
{ "type": "Feature", "properties": { "GmlID": "geotagging.439", "NAME_OF_DISTRICT_COUNCIL_DISTRICT_EN": "Kwai Tsing", "LOCATION_EN": "Magnet Place", "ADDRESS_EN": "49 Kwai Fung Cres, Kwai Chung", "NAME_OF_DISTRICT_COUNCIL_DISTRICT_TC": "葵青區", "LOCATION_TC": "Magnet Place", "ADDRESS_TC": "葵涌葵豐街49號", "NAME_OF_DISTRICT_COUNCIL_DISTRICT_SC": "葵青区", "LOCATION_SC": "Magnet Place", "ADDRESS_SC": "葵涌葵丰街49号", "STANDARD_BS1363_no": "0", "MEDIUM_CCS_DC_COMBO_no": "0", "MEDIUM_IEC62196_no": "4", "MEDIUM_SAEJ1772_no": "0", "MEDIUM_GB_T20234_2_AC__no": "0", "MEDIUM_OTHERS_no": "0", "QUICK_CHAdeMO_no": "0", "QUICK_CCS_DC_COMBO_no": "0", "QUICK_IEC62196_no": "0", "QUICK_GB_T20234_3_DC__no": "0", "QUICK_OTHERS_no": "0", "FAST_CHAdeMO_no": "0", "FAST_CCS_DC_COMBO_no": "0", "FAST_GB_T20234_3_DC__no": "0", "FAST_OTHERS_no": "0", "REMARK_FOR__OTHERS_": "-", "DATA_PATH": "-", "OBJECTID": 439, "total_chargers": 4 }, "geometry": { "type": "Point", "coordinates": [ 114.125641, 22.355555 ] } },
{ "type": "Feature", "properties": { "GmlID": "geotagging.440", "NAME_OF_DISTRICT_COUNCIL_DISTRICT_EN": "Kwai Tsing", "LOCATION_EN": "Riley House", "ADDRESS_EN": "79 Lei Muk Rd, Shek Yam", "NAME_OF_DISTRICT_COUNCIL_DISTRICT_TC": "葵青區", "LOCATION_TC": "達利中心", "ADDRESS_TC": "石蔭梨木道79號", "NAME_OF_DISTRICT_COUNCIL_DISTRICT_SC": "葵青区", "LOCATION_SC": "达利中心", "ADDRESS_SC": "石荫梨木道79号", "STANDARD_BS1363_no": "0", "MEDIUM_CCS_DC_COMBO_no": "0", "MEDIUM_IEC62196_no": "0", "MEDIUM_SAEJ1772_no": "0", "MEDIUM_GB_T20234_2_AC__no": "0", "MEDIUM_OTHERS_no": "0", "QUICK_CHAdeMO_no": "0", "QUICK_CCS_DC_COMBO_no": "5", "QUICK_IEC62196_no": "0", "QUICK_GB_T20234_3_DC__no": "0", "QUICK_OTHERS_no": "0", "FAST_CHAdeMO_no": "0", "FAST_CCS_DC_COMBO_no": "0", "FAST_GB_T20234_3_DC__no": "0", "FAST_OTHERS_no": "0", "REMARK_FOR__OTHERS_": "-", "DATA_PATH": "-", "OBJECTID": 440, "total_chargers": 5 }, "geometry": { "type": "Point", "coordinates": [ 114.137125, 22.37008 ] } },
{ "type": "Feature", "properties": { "GmlID": "geotagging.441", "NAME_OF_DISTRICT_COUNCIL_DISTRICT_EN": "Tsuen Wan", "LOCATION_EN": "City Landmark", "ADDRESS_EN": "68 Chung On St, Tsuen Wan", "NAME_OF_DISTRICT_COUNCIL_DISTRICT_TC": "荃灣區", "LOCATION_TC": "荃灣城市中心", "ADDRESS_TC": "荃灣眾安街68號", "NAME_OF_DISTRICT_COUNCIL_DISTRICT_SC": "荃湾区", "LOCATION_SC": "荃湾城市中心", "ADDRESS_SC": "荃湾众安街68号", "STANDARD_BS1363_no": "1", "MEDIUM_CCS_DC_COMBO_no": "0", "MEDIUM_IEC62196_no": "0", "MEDIUM_SAEJ1772_no": "0", "MEDIUM_GB_T20234_2_AC__no": "0", "MEDIUM_OTHERS_no": "0", "QUICK_CHAdeMO_no": "0", "QUICK_CCS_DC_COMBO_no": "0", "QUICK_IEC62196_no": "0", "QUICK_GB_T20234_3_DC__no": "0", "QUICK_OTHERS_no": "0", "FAST_CHAdeMO_no": "0", "FAST_CCS_DC_COMBO_no": "0", "FAST_GB_T20234_3_DC__no": "0", "FAST_OTHERS_no": "0", "REMARK_FOR__OTHERS_": "-", "DATA_PATH": "-", "OBJECTID": 441, "total_chargers": 1 }, "geometry": { "type": "Point", "coordinates": [ 114.117888, 22.370537 ] } },
{ "type": "Feature", "properties": { "GmlID": "geotagging.442", "NAME_OF_DISTRICT_COUNCIL_DISTRICT_EN": "Tsuen Wan", "LOCATION_EN": "Royal View Hotel", "ADDRESS_EN": "353 Castle Peak Rd - Ting Kau, Ting Kau", "NAME_OF_DISTRICT_COUNCIL_DISTRICT_TC": "荃灣區", "LOCATION_TC": "帝景酒店", "ADDRESS_TC": "汀九青山公路－汀九段353號", "NAME_OF_DISTRICT_COUNCIL_DISTRICT_SC": "荃湾区", "LOCATION_SC": "帝景酒店", "ADDRESS_SC": "汀九青山公路－汀九段353号", "STANDARD_BS1363_no": "0", "MEDIUM_CCS_DC_COMBO_no": "0", "MEDIUM_IEC62196_no": "0", "MEDIUM_SAEJ1772_no": "0", "MEDIUM_GB_T20234_2_AC__no": "0", "MEDIUM_OTHERS_no": "0", "QUICK_CHAdeMO_no": "0", "QUICK_CCS_DC_COMBO_no": "2", "QUICK_IEC62196_no": "0", "QUICK_GB_T20234_3_DC__no": "0", "QUICK_OTHERS_no": "0", "FAST_CHAdeMO_no": "0", "FAST_CCS_DC_COMBO_no": "0", "FAST_GB_T20234_3_DC__no": "0", "FAST_OTHERS_no": "0", "REMARK_FOR__OTHERS_": "-", "DATA_PATH": "-", "OBJECTID": 442, "total_chargers": 2 }, "geometry": { "type": "Point", "coordinates": [ 114.077624, 22.368945 ] } },
{ "type": "Feature", "properties": { "GmlID": "geotagging.443", "NAME_OF_DISTRICT_COUNCIL_DISTRICT_EN": "Tsuen Wan", "LOCATION_EN": "One Midtown", "ADDRESS_EN": "11 Hoi Shing Rd, Tsuen Wan", "NAME_OF_DISTRICT_COUNCIL_DISTRICT_TC": "荃灣區", "LOCATION_TC": "One Midtown", "ADDRESS_TC": "荃灣海盛路11號", "NAME_OF_DISTRICT_COUNCIL_DISTRICT_SC": "荃湾区", "LOCATION_SC": "One Midtown", "ADDRESS_SC": "荃湾海盛路11号", "STANDARD_BS1363_no": "2", "MEDIUM_CCS_DC_COMBO_no": "0", "MEDIUM_IEC62196_no": "0", "MEDIUM_SAEJ1772_no": "0", "MEDIUM_GB_T20234_2_AC__no": "0", "MEDIUM_OTHERS_no": "0", "QUICK_CHAdeMO_no": "0", "QUICK_CCS_DC_COMBO_no": "4", "QUICK_IEC62196_no": "0", "QUICK_GB_T20234_3_DC__no": "0", "QUICK_OTHERS_no": "0", "FAST_CHAdeMO_no": "0", "FAST_CCS_DC_COMBO_no": "0", "FAST_GB_T20234_3_DC__no": "0", "FAST_OTHERS_no": "0", "REMARK_FOR__OTHERS_": "-", "DATA_PATH": "-", "OBJECTID": 443, "total_chargers": 6 }, "geometry": { "type": "Point", "coordinates": [ 114.107995, 22.373212 ] } },
{ "type": "Feature", "properties": { "GmlID": "geotagging.444", "NAME_OF_DISTRICT_COUNCIL_DISTRICT_EN": "Tsuen Wan", "LOCATION_EN": "Sime Darby House", "ADDRESS_EN": "380 Castle Peak Rd - Tsuen Wan, Tsuen Wan", "NAME_OF_DISTRICT_COUNCIL_DISTRICT_TC": "荃灣區", "LOCATION_TC": "森那美集團大廈", "ADDRESS_TC": "荃灣青山公路 - 荃灣段380號", "NAME_OF_DISTRICT_COUNCIL_DISTRICT_SC": "荃湾区", "LOCATION_SC": "森那美集团大厦", "ADDRESS_SC": "荃湾青山公路 - 荃湾段380号", "STANDARD_BS1363_no": "0", "MEDIUM_CCS_DC_COMBO_no": "0", "MEDIUM_IEC62196_no": "0", "MEDIUM_SAEJ1772_no": "0", "MEDIUM_GB_T20234_2_AC__no": "0", "MEDIUM_OTHERS_no": "0", "QUICK_CHAdeMO_no": "0", "QUICK_CCS_DC_COMBO_no": "8", "QUICK_IEC62196_no": "0", "QUICK_GB_T20234_3_DC__no": "0", "QUICK_OTHERS_no": "0", "FAST_CHAdeMO_no": "0", "FAST_CCS_DC_COMBO_no": "0", "FAST_GB_T20234_3_DC__no": "0", "FAST_OTHERS_no": "0", "REMARK_FOR__OTHERS_": "-", "DATA_PATH": "-", "OBJECTID": 444, "total_chargers": 8 }, "geometry": { "type": "Point", "coordinates": [ 114.113347, 22.374827 ] } },
{ "type": "Feature", "properties": { "GmlID": "geotagging.445", "NAME_OF_DISTRICT_COUNCIL_DISTRICT_EN": "Tsuen Wan", "LOCATION_EN": "Plaza 88", "ADDRESS_EN": "88 Yeung Uk Rd, Tsuen Wan", "NAME_OF_DISTRICT_COUNCIL_DISTRICT_TC": "荃灣區", "LOCATION_TC": "Plaza 88", "ADDRESS_TC": "荃灣楊屋道88號", "NAME_OF_DISTRICT_COUNCIL_DISTRICT_SC": "荃湾区", "LOCATION_SC": "Plaza 88", "ADDRESS_SC": "荃湾杨屋道88号", "STANDARD_BS1363_no": "0", "MEDIUM_CCS_DC_COMBO_no": "0", "MEDIUM_IEC62196_no": "34", "MEDIUM_SAEJ1772_no": "0", "MEDIUM_GB_T20234_2_AC__no": "0", "MEDIUM_OTHERS_no": "0", "QUICK_CHAdeMO_no": "0", "QUICK_CCS_DC_COMBO_no": "8", "QUICK_IEC62196_no": "0", "QUICK_GB_T20234_3_DC__no": "0", "QUICK_OTHERS_no": "0", "FAST_CHAdeMO_no": "0", "FAST_CCS_DC_COMBO_no": "0", "FAST_GB_T20234_3_DC__no": "0", "FAST_OTHERS_no": "0", "REMARK_FOR__OTHERS_": "-", "DATA_PATH": "https://ev-charger.epd.gov.hk/resource/ev_charger_avail/evca_ver_1_0.json", "OBJECTID": 445, "total_chargers": 42 }, "geometry": { "type": "Point", "coordinates": [ 114.115178, 22.366831 ] } },
{ "type": "Feature", "properties": { "GmlID": "geotagging.446", "NAME_OF_DISTRICT_COUNCIL_DISTRICT_EN": "Sai Kung", "LOCATION_EN": "The Pier Hotel", "ADDRESS_EN": "9 Pak Shan Wan Street, Sai Kung", "NAME_OF_DISTRICT_COUNCIL_DISTRICT_TC": "西貢區", "LOCATION_TC": "The Pier Hotel", "ADDRESS_TC": "西貢白少灣街9號", "NAME_OF_DISTRICT_COUNCIL_DISTRICT_SC": "西贡区", "LOCATION_SC": "The Pier Hotel", "ADDRESS_SC": "西贡白少湾街9号", "STANDARD_BS1363_no": "0", "MEDIUM_CCS_DC_COMBO_no": "0", "MEDIUM_IEC62196_no": "3", "MEDIUM_SAEJ1772_no": "0", "MEDIUM_GB_T20234_2_AC__no": "0", "MEDIUM_OTHERS_no": "0", "QUICK_CHAdeMO_no": "0", "QUICK_CCS_DC_COMBO_no": "0", "QUICK_IEC62196_no": "0", "QUICK_GB_T20234_3_DC__no": "0", "QUICK_OTHERS_no": "0", "FAST_CHAdeMO_no": "0", "FAST_CCS_DC_COMBO_no": "0", "FAST_GB_T20234_3_DC__no": "0", "FAST_OTHERS_no": "0", "REMARK_FOR__OTHERS_": "-", "DATA_PATH": "-", "OBJECTID": 446, "total_chargers": 3 }, "geometry": { "type": "Point", "coordinates": [ 114.259372, 22.363462 ] } },
{ "type": "Feature", "properties": { "GmlID": "geotagging.447", "NAME_OF_DISTRICT_COUNCIL_DISTRICT_EN": "Sai Kung", "LOCATION_EN": "Verbena Heights", "ADDRESS_EN": "8 Mau Tai Road", "NAME_OF_DISTRICT_COUNCIL_DISTRICT_TC": "西貢區", "LOCATION_TC": "茵怡花園", "ADDRESS_TC": "將軍澳貿泰路8號", "NAME_OF_DISTRICT_COUNCIL_DISTRICT_SC": "西贡区", "LOCATION_SC": "茵怡花园", "ADDRESS_SC": "将军澳贸泰路8号", "STANDARD_BS1363_no": "0", "MEDIUM_CCS_DC_COMBO_no": "0", "MEDIUM_IEC62196_no": "3", "MEDIUM_SAEJ1772_no": "0", "MEDIUM_GB_T20234_2_AC__no": "0", "MEDIUM_OTHERS_no": "0", "QUICK_CHAdeMO_no": "0", "QUICK_CCS_DC_COMBO_no": "0", "QUICK_IEC62196_no": "0", "QUICK_GB_T20234_3_DC__no": "0", "QUICK_OTHERS_no": "0", "FAST_CHAdeMO_no": "0", "FAST_CCS_DC_COMBO_no": "0", "FAST_GB_T20234_3_DC__no": "0", "FAST_OTHERS_no": "0", "REMARK_FOR__OTHERS_": "-", "DATA_PATH": "-", "OBJECTID": 447, "total_chargers": 3 }, "geometry": { "type": "Point", "coordinates": [ 114.25641, 22.321948 ] } },
{ "type": "Feature", "properties": { "GmlID": "geotagging.448", "NAME_OF_DISTRICT_COUNCIL_DISTRICT_EN": "Sai Kung", "LOCATION_EN": "PopWalk", "ADDRESS_EN": "12 Tong Chun St, Tseung Kwan O", "NAME_OF_DISTRICT_COUNCIL_DISTRICT_TC": "西貢區", "LOCATION_TC": "天晉滙", "ADDRESS_TC": "將軍澳唐俊街12號", "NAME_OF_DISTRICT_COUNCIL_DISTRICT_SC": "西贡区", "LOCATION_SC": "天晋汇", "ADDRESS_SC": "将军澳唐俊街12号", "STANDARD_BS1363_no": "2", "MEDIUM_CCS_DC_COMBO_no": "0", "MEDIUM_IEC62196_no": "0", "MEDIUM_SAEJ1772_no": "0", "MEDIUM_GB_T20234_2_AC__no": "0", "MEDIUM_OTHERS_no": "0", "QUICK_CHAdeMO_no": "0", "QUICK_CCS_DC_COMBO_no": "2", "QUICK_IEC62196_no": "0", "QUICK_GB_T20234_3_DC__no": "0", "QUICK_OTHERS_no": "0", "FAST_CHAdeMO_no": "0", "FAST_CCS_DC_COMBO_no": "0", "FAST_GB_T20234_3_DC__no": "0", "FAST_OTHERS_no": "0", "REMARK_FOR__OTHERS_": "-", "DATA_PATH": "-", "OBJECTID": 448, "total_chargers": 4 }, "geometry": { "type": "Point", "coordinates": [ 114.261365, 22.3063 ] } },
{ "type": "Feature", "properties": { "GmlID": "geotagging.449", "NAME_OF_DISTRICT_COUNCIL_DISTRICT_EN": "Sai Kung", "LOCATION_EN": "Advanced Manufacturing Centre", "ADDRESS_EN": "18 Chun Cheong St, Tseung Kwan O Industrial Estate", "NAME_OF_DISTRICT_COUNCIL_DISTRICT_TC": "西貢區", "LOCATION_TC": "‎先進製造業中心", "ADDRESS_TC": "將軍澳工業邨駿昌街18號", "NAME_OF_DISTRICT_COUNCIL_DISTRICT_SC": "西贡区", "LOCATION_SC": "先进制造业中心", "ADDRESS_SC": "将军澳工业邨骏昌街18号", "STANDARD_BS1363_no": "0", "MEDIUM_CCS_DC_COMBO_no": "0", "MEDIUM_IEC62196_no": "10", "MEDIUM_SAEJ1772_no": "0", "MEDIUM_GB_T20234_2_AC__no": "0", "MEDIUM_OTHERS_no": "0", "QUICK_CHAdeMO_no": "0", "QUICK_CCS_DC_COMBO_no": "6", "QUICK_IEC62196_no": "0", "QUICK_GB_T20234_3_DC__no": "0", "QUICK_OTHERS_no": "0", "FAST_CHAdeMO_no": "0", "FAST_CCS_DC_COMBO_no": "0", "FAST_GB_T20234_3_DC__no": "0", "FAST_OTHERS_no": "0", "REMARK_FOR__OTHERS_": "-", "DATA_PATH": "-", "OBJECTID": 449, "total_chargers": 16 }, "geometry": { "type": "Point", "coordinates": [ 114.272802, 22.287959 ] } },
{ "type": "Feature", "properties": { "GmlID": "geotagging.450", "NAME_OF_DISTRICT_COUNCIL_DISTRICT_EN": "North", "LOCATION_EN": "Shan Lai Court", "ADDRESS_EN": "88 Lung Ma Rd, Kwan Tei", "NAME_OF_DISTRICT_COUNCIL_DISTRICT_TC": "北區", "LOCATION_TC": "山麗苑", "ADDRESS_TC": "軍地龍馬路88號", "NAME_OF_DISTRICT_COUNCIL_DISTRICT_SC": "北区", "LOCATION_SC": "山丽苑", "ADDRESS_SC": "军地龙马路88号", "STANDARD_BS1363_no": "18", "MEDIUM_CCS_DC_COMBO_no": "0", "MEDIUM_IEC62196_no": "0", "MEDIUM_SAEJ1772_no": "0", "MEDIUM_GB_T20234_2_AC__no": "0", "MEDIUM_OTHERS_no": "0", "QUICK_CHAdeMO_no": "0", "QUICK_CCS_DC_COMBO_no": "0", "QUICK_IEC62196_no": "0", "QUICK_GB_T20234_3_DC__no": "0", "QUICK_OTHERS_no": "0", "FAST_CHAdeMO_no": "0", "FAST_CCS_DC_COMBO_no": "0", "FAST_GB_T20234_3_DC__no": "0", "FAST_OTHERS_no": "0", "REMARK_FOR__OTHERS_": "-", "DATA_PATH": "-", "OBJECTID": 450, "total_chargers": 18 }, "geometry": { "type": "Point", "coordinates": [ 114.159789, 22.504008 ] } },
{ "type": "Feature", "properties": { "GmlID": "geotagging.451", "NAME_OF_DISTRICT_COUNCIL_DISTRICT_EN": "Central & Western", "LOCATION_EN": "Cloudlands", "ADDRESS_EN": "35-37 Plantation Rd, The Peak", "NAME_OF_DISTRICT_COUNCIL_DISTRICT_TC": "中西區", "LOCATION_TC": "雲嶺山莊", "ADDRESS_TC": "山頂種植道35-37號", "NAME_OF_DISTRICT_COUNCIL_DISTRICT_SC": "中西区", "LOCATION_SC": "云岭山庄", "ADDRESS_SC": "山顶种植道35-37号", "STANDARD_BS1363_no": "0", "MEDIUM_CCS_DC_COMBO_no": "0", "MEDIUM_IEC62196_no": "4", "MEDIUM_SAEJ1772_no": "0", "MEDIUM_GB_T20234_2_AC__no": "0", "MEDIUM_OTHERS_no": "0", "QUICK_CHAdeMO_no": "0", "QUICK_CCS_DC_COMBO_no": "0", "QUICK_IEC62196_no": "0", "QUICK_GB_T20234_3_DC__no": "0", "QUICK_OTHERS_no": "0", "FAST_CHAdeMO_no": "0", "FAST_CCS_DC_COMBO_no": "0", "FAST_GB_T20234_3_DC__no": "0", "FAST_OTHERS_no": "0", "REMARK_FOR__OTHERS_": "-", "DATA_PATH": "-", "OBJECTID": 451, "total_chargers": 4 }, "geometry": { "type": "Point", "coordinates": [ 114.153962, 22.26801 ] } },
{ "type": "Feature", "properties": { "GmlID": "geotagging.452", "NAME_OF_DISTRICT_COUNCIL_DISTRICT_EN": "Sha Tin", "LOCATION_EN": "Regal Riverside Hotel", "ADDRESS_EN": "1, Kong Pui Street", "NAME_OF_DISTRICT_COUNCIL_DISTRICT_TC": "沙田區", "LOCATION_TC": "麗豪酒店", "ADDRESS_TC": "沙田崗背街1號", "NAME_OF_DISTRICT_COUNCIL_DISTRICT_SC": "沙田区", "LOCATION_SC": "丽豪酒店", "ADDRESS_SC": "沙田岗背街1号", "STANDARD_BS1363_no": "0", "MEDIUM_CCS_DC_COMBO_no": "0", "MEDIUM_IEC62196_no": "3", "MEDIUM_SAEJ1772_no": "0", "MEDIUM_GB_T20234_2_AC__no": "0", "MEDIUM_OTHERS_no": "0", "QUICK_CHAdeMO_no": "0", "QUICK_CCS_DC_COMBO_no": "4", "QUICK_IEC62196_no": "0", "QUICK_GB_T20234_3_DC__no": "0", "QUICK_OTHERS_no": "0", "FAST_CHAdeMO_no": "0", "FAST_CCS_DC_COMBO_no": "0", "FAST_GB_T20234_3_DC__no": "0", "FAST_OTHERS_no": "0", "REMARK_FOR__OTHERS_": "-", "DATA_PATH": "-", "OBJECTID": 452, "total_chargers": 7 }, "geometry": { "type": "Point", "coordinates": [ 114.196645, 22.382003 ] } },
{ "type": "Feature", "properties": { "GmlID": "geotagging.453", "NAME_OF_DISTRICT_COUNCIL_DISTRICT_EN": "Sha Tin", "LOCATION_EN": "Heung Yee Kuk N.T.", "ADDRESS_EN": "30 On Muk St, Sha Tin", "NAME_OF_DISTRICT_COUNCIL_DISTRICT_TC": "沙田區", "LOCATION_TC": "新界鄉議局大樓", "ADDRESS_TC": "沙田安睦街30號", "NAME_OF_DISTRICT_COUNCIL_DISTRICT_SC": "沙田区", "LOCATION_SC": "新界乡议局大楼", "ADDRESS_SC": "沙田安睦街30号", "STANDARD_BS1363_no": "0", "MEDIUM_CCS_DC_COMBO_no": "0", "MEDIUM_IEC62196_no": "0", "MEDIUM_SAEJ1772_no": "0", "MEDIUM_GB_T20234_2_AC__no": "0", "MEDIUM_OTHERS_no": "0", "QUICK_CHAdeMO_no": "1", "QUICK_CCS_DC_COMBO_no": "1", "QUICK_IEC62196_no": "1", "QUICK_GB_T20234_3_DC__no": "0", "QUICK_OTHERS_no": "0", "FAST_CHAdeMO_no": "0", "FAST_CCS_DC_COMBO_no": "0", "FAST_GB_T20234_3_DC__no": "0", "FAST_OTHERS_no": "0", "REMARK_FOR__OTHERS_": "-", "DATA_PATH": "-", "OBJECTID": 453, "total_chargers": 3 }, "geometry": { "type": "Point", "coordinates": [ 114.206052, 22.390235 ] } },
{ "type": "Feature", "properties": { "GmlID": "geotagging.454", "NAME_OF_DISTRICT_COUNCIL_DISTRICT_EN": "Sha Tin", "LOCATION_EN": "Courtyard by Marriott Hong Kong ShaTin", "ADDRESS_EN": "1 On Ping Street", "NAME_OF_DISTRICT_COUNCIL_DISTRICT_TC": "沙田區", "LOCATION_TC": "香港沙田萬怡酒店", "ADDRESS_TC": "沙田安平街1號", "NAME_OF_DISTRICT_COUNCIL_DISTRICT_SC": "沙田区", "LOCATION_SC": "香港沙田万怡酒店", "ADDRESS_SC": "沙田安平街1号", "STANDARD_BS1363_no": "0", "MEDIUM_CCS_DC_COMBO_no": "0", "MEDIUM_IEC62196_no": "3", "MEDIUM_SAEJ1772_no": "0", "MEDIUM_GB_T20234_2_AC__no": "0", "MEDIUM_OTHERS_no": "0", "QUICK_CHAdeMO_no": "0", "QUICK_CCS_DC_COMBO_no": "0", "QUICK_IEC62196_no": "0", "QUICK_GB_T20234_3_DC__no": "0", "QUICK_OTHERS_no": "0", "FAST_CHAdeMO_no": "0", "FAST_CCS_DC_COMBO_no": "0", "FAST_GB_T20234_3_DC__no": "0", "FAST_OTHERS_no": "0", "REMARK_FOR__OTHERS_": "-", "DATA_PATH": "https://ev-charger.epd.gov.hk/resource/ev_charger_avail/evca_ver_1_0.json", "OBJECTID": 454, "total_chargers": 3 }, "geometry": { "type": "Point", "coordinates": [ 114.206555, 22.390389 ] } },
{ "type": "Feature", "properties": { "GmlID": "geotagging.455", "NAME_OF_DISTRICT_COUNCIL_DISTRICT_EN": "Tai Po", "LOCATION_EN": "St. Martin", "ADDRESS_EN": "12 Fo Chun Rd, Pak Shek Kok", "NAME_OF_DISTRICT_COUNCIL_DISTRICT_TC": "大埔區", "LOCATION_TC": "雲滙", "ADDRESS_TC": "天賦海灣科進路12號", "NAME_OF_DISTRICT_COUNCIL_DISTRICT_SC": "大埔区", "LOCATION_SC": "云汇", "ADDRESS_SC": "天赋海湾科进路12号", "STANDARD_BS1363_no": "0", "MEDIUM_CCS_DC_COMBO_no": "0", "MEDIUM_IEC62196_no": "0", "MEDIUM_SAEJ1772_no": "0", "MEDIUM_GB_T20234_2_AC__no": "0", "MEDIUM_OTHERS_no": "0", "QUICK_CHAdeMO_no": "0", "QUICK_CCS_DC_COMBO_no": "1", "QUICK_IEC62196_no": "4", "QUICK_GB_T20234_3_DC__no": "0", "QUICK_OTHERS_no": "0", "FAST_CHAdeMO_no": "0", "FAST_CCS_DC_COMBO_no": "0", "FAST_GB_T20234_3_DC__no": "0", "FAST_OTHERS_no": "0", "REMARK_FOR__OTHERS_": "-", "DATA_PATH": "https://ev-charger.epd.gov.hk/resource/ev_charger_avail/evca_ver_1_0.json", "OBJECTID": 455, "total_chargers": 5 }, "geometry": { "type": "Point", "coordinates": [ 114.204769, 22.430753 ] } },
{ "type": "Feature", "properties": { "GmlID": "geotagging.456", "NAME_OF_DISTRICT_COUNCIL_DISTRICT_EN": "Yuen Long", "LOCATION_EN": "Park Yoho Car Park Phase 1B", "ADDRESS_EN": "18 Castle Peak Rd - Tam Mei, Kam Tin", "NAME_OF_DISTRICT_COUNCIL_DISTRICT_TC": "元朗區", "LOCATION_TC": "Park Yoho Car Park Phase 1B", "ADDRESS_TC": "錦田青山公路 - 潭尾段18號", "NAME_OF_DISTRICT_COUNCIL_DISTRICT_SC": "元朗区", "LOCATION_SC": "Park Yoho Car Park Phase 1B", "ADDRESS_SC": "锦田青山公路 - 潭尾段18号", "STANDARD_BS1363_no": "0", "MEDIUM_CCS_DC_COMBO_no": "0", "MEDIUM_IEC62196_no": "0", "MEDIUM_SAEJ1772_no": "0", "MEDIUM_GB_T20234_2_AC__no": "0", "MEDIUM_OTHERS_no": "0", "QUICK_CHAdeMO_no": "0", "QUICK_CCS_DC_COMBO_no": "0", "QUICK_IEC62196_no": "2", "QUICK_GB_T20234_3_DC__no": "0", "QUICK_OTHERS_no": "0", "FAST_CHAdeMO_no": "0", "FAST_CCS_DC_COMBO_no": "0", "FAST_GB_T20234_3_DC__no": "0", "FAST_OTHERS_no": "0", "REMARK_FOR__OTHERS_": "-", "DATA_PATH": "https://ev-charger.epd.gov.hk/resource/ev_charger_avail/evca_ver_1_0.json", "OBJECTID": 456, "total_chargers": 2 }, "geometry": { "type": "Point", "coordinates": [ 114.052613, 22.451187 ] } },
{ "type": "Feature", "properties": { "GmlID": "geotagging.457", "NAME_OF_DISTRICT_COUNCIL_DISTRICT_EN": "Yuen Long", "LOCATION_EN": "Park Yoho Car Park Phase 2A", "ADDRESS_EN": "18 Castle Peak Rd - Tam Mei, Kam Tin", "NAME_OF_DISTRICT_COUNCIL_DISTRICT_TC": "元朗區", "LOCATION_TC": "Park Yoho Car Park Phase 2A", "ADDRESS_TC": "錦田青山公路 - 潭尾段18號", "NAME_OF_DISTRICT_COUNCIL_DISTRICT_SC": "元朗区", "LOCATION_SC": "Park Yoho Car Park Phase 2A", "ADDRESS_SC": "锦田青山公路 - 潭尾段18号", "STANDARD_BS1363_no": "0", "MEDIUM_CCS_DC_COMBO_no": "0", "MEDIUM_IEC62196_no": "0", "MEDIUM_SAEJ1772_no": "0", "MEDIUM_GB_T20234_2_AC__no": "0", "MEDIUM_OTHERS_no": "0", "QUICK_CHAdeMO_no": "0", "QUICK_CCS_DC_COMBO_no": "0", "QUICK_IEC62196_no": "2", "QUICK_GB_T20234_3_DC__no": "0", "QUICK_OTHERS_no": "0", "FAST_CHAdeMO_no": "0", "FAST_CCS_DC_COMBO_no": "0", "FAST_GB_T20234_3_DC__no": "0", "FAST_OTHERS_no": "0", "REMARK_FOR__OTHERS_": "-", "DATA_PATH": "https://ev-charger.epd.gov.hk/resource/ev_charger_avail/evca_ver_1_0.json", "OBJECTID": 457, "total_chargers": 2 }, "geometry": { "type": "Point", "coordinates": [ 114.053354, 22.450542 ] } },
{ "type": "Feature", "properties": { "GmlID": "geotagging.458", "NAME_OF_DISTRICT_COUNCIL_DISTRICT_EN": "Yuen Long", "LOCATION_EN": "Park Yoho Car Park Phase 2C", "ADDRESS_EN": "18 Castle Peak Rd - Tam Mei, Kam Tin", "NAME_OF_DISTRICT_COUNCIL_DISTRICT_TC": "元朗區", "LOCATION_TC": "Park Yoho Car Park Phase 2C", "ADDRESS_TC": "錦田青山公路 - 潭尾段18號", "NAME_OF_DISTRICT_COUNCIL_DISTRICT_SC": "元朗区", "LOCATION_SC": "Park Yoho Car Park Phase 2C", "ADDRESS_SC": "锦田青山公路 - 潭尾段18号", "STANDARD_BS1363_no": "0", "MEDIUM_CCS_DC_COMBO_no": "0", "MEDIUM_IEC62196_no": "0", "MEDIUM_SAEJ1772_no": "0", "MEDIUM_GB_T20234_2_AC__no": "0", "MEDIUM_OTHERS_no": "0", "QUICK_CHAdeMO_no": "0", "QUICK_CCS_DC_COMBO_no": "0", "QUICK_IEC62196_no": "1", "QUICK_GB_T20234_3_DC__no": "0", "QUICK_OTHERS_no": "0", "FAST_CHAdeMO_no": "0", "FAST_CCS_DC_COMBO_no": "0", "FAST_GB_T20234_3_DC__no": "0", "FAST_OTHERS_no": "0", "REMARK_FOR__OTHERS_": "-", "DATA_PATH": "https://ev-charger.epd.gov.hk/resource/ev_charger_avail/evca_ver_1_0.json", "OBJECTID": 458, "total_chargers": 1 }, "geometry": { "type": "Point", "coordinates": [ 114.056122, 22.451853 ] } },
{ "type": "Feature", "properties": { "GmlID": "geotagging.459", "NAME_OF_DISTRICT_COUNCIL_DISTRICT_EN": "Tuen Mun", "LOCATION_EN": "Hong Kong Gold Coast Hotel", "ADDRESS_EN": "Golden Beach Path", "NAME_OF_DISTRICT_COUNCIL_DISTRICT_TC": "屯門區", "LOCATION_TC": "香港黃金海岸酒店", "ADDRESS_TC": "屯門黃金泳灘徑", "NAME_OF_DISTRICT_COUNCIL_DISTRICT_SC": "屯门区", "LOCATION_SC": "香港黄金海岸酒店", "ADDRESS_SC": "屯门黄金泳滩径", "STANDARD_BS1363_no": "0", "MEDIUM_CCS_DC_COMBO_no": "0", "MEDIUM_IEC62196_no": "2", "MEDIUM_SAEJ1772_no": "0", "MEDIUM_GB_T20234_2_AC__no": "0", "MEDIUM_OTHERS_no": "0", "QUICK_CHAdeMO_no": "0", "QUICK_CCS_DC_COMBO_no": "0", "QUICK_IEC62196_no": "0", "QUICK_GB_T20234_3_DC__no": "0", "QUICK_OTHERS_no": "0", "FAST_CHAdeMO_no": "0", "FAST_CCS_DC_COMBO_no": "0", "FAST_GB_T20234_3_DC__no": "0", "FAST_OTHERS_no": "0", "REMARK_FOR__OTHERS_": "-", "DATA_PATH": "-", "OBJECTID": 459, "total_chargers": 2 }, "geometry": { "type": "Point", "coordinates": [ 113.989497, 22.372403 ] } },
{ "type": "Feature", "properties": { "GmlID": "geotagging.460", "NAME_OF_DISTRICT_COUNCIL_DISTRICT_EN": "Tuen Mun", "LOCATION_EN": "V City", "ADDRESS_EN": "9 Tuen Mun Heung Sze Wui Rd, Tuen Mun", "NAME_OF_DISTRICT_COUNCIL_DISTRICT_TC": "屯門區", "LOCATION_TC": "V City", "ADDRESS_TC": "9 屯門鄉事會路", "NAME_OF_DISTRICT_COUNCIL_DISTRICT_SC": "屯门区", "LOCATION_SC": "V City", "ADDRESS_SC": "9 屯门乡事会路", "STANDARD_BS1363_no": "0", "MEDIUM_CCS_DC_COMBO_no": "0", "MEDIUM_IEC62196_no": "0", "MEDIUM_SAEJ1772_no": "0", "MEDIUM_GB_T20234_2_AC__no": "0", "MEDIUM_OTHERS_no": "0", "QUICK_CHAdeMO_no": "0", "QUICK_CCS_DC_COMBO_no": "7", "QUICK_IEC62196_no": "0", "QUICK_GB_T20234_3_DC__no": "0", "QUICK_OTHERS_no": "0", "FAST_CHAdeMO_no": "0", "FAST_CCS_DC_COMBO_no": "0", "FAST_GB_T20234_3_DC__no": "0", "FAST_OTHERS_no": "0", "REMARK_FOR__OTHERS_": "-", "DATA_PATH": "-", "OBJECTID": 460, "total_chargers": 7 }, "geometry": { "type": "Point", "coordinates": [ 113.974368, 22.395897 ] } },
{ "type": "Feature", "properties": { "GmlID": "geotagging.461", "NAME_OF_DISTRICT_COUNCIL_DISTRICT_EN": "Tuen Mun", "LOCATION_EN": "99 Commons", "ADDRESS_EN": "99 Pui To Rd, Tuen Mun", "NAME_OF_DISTRICT_COUNCIL_DISTRICT_TC": "屯門區", "LOCATION_TC": "99 Commons", "ADDRESS_TC": "屯門杯渡路99號", "NAME_OF_DISTRICT_COUNCIL_DISTRICT_SC": "屯门区", "LOCATION_SC": "99 Commons", "ADDRESS_SC": "屯门杯渡路99号", "STANDARD_BS1363_no": "0", "MEDIUM_CCS_DC_COMBO_no": "0", "MEDIUM_IEC62196_no": "3", "MEDIUM_SAEJ1772_no": "0", "MEDIUM_GB_T20234_2_AC__no": "0", "MEDIUM_OTHERS_no": "0", "QUICK_CHAdeMO_no": "0", "QUICK_CCS_DC_COMBO_no": "4", "QUICK_IEC62196_no": "0", "QUICK_GB_T20234_3_DC__no": "0", "QUICK_OTHERS_no": "0", "FAST_CHAdeMO_no": "0", "FAST_CCS_DC_COMBO_no": "0", "FAST_GB_T20234_3_DC__no": "0", "FAST_OTHERS_no": "0", "REMARK_FOR__OTHERS_": "-", "DATA_PATH": "https://ev-charger.epd.gov.hk/resource/ev_charger_avail/evca_ver_1_0.json", "OBJECTID": 461, "total_chargers": 7 }, "geometry": { "type": "Point", "coordinates": [ 113.968287, 22.394835 ] } },
{ "type": "Feature", "properties": { "GmlID": "geotagging.462", "NAME_OF_DISTRICT_COUNCIL_DISTRICT_EN": "Tuen Mun", "LOCATION_EN": "No.4 Kin Fat Lane", "ADDRESS_EN": "4 Kin Fat Ln, Tuen Mun", "NAME_OF_DISTRICT_COUNCIL_DISTRICT_TC": "屯門區", "LOCATION_TC": "發里4 號", "ADDRESS_TC": "屯門建發里4號", "NAME_OF_DISTRICT_COUNCIL_DISTRICT_SC": "屯门区", "LOCATION_SC": "发里4 号", "ADDRESS_SC": "屯门建发里4号", "STANDARD_BS1363_no": "0", "MEDIUM_CCS_DC_COMBO_no": "0", "MEDIUM_IEC62196_no": "0", "MEDIUM_SAEJ1772_no": "0", "MEDIUM_GB_T20234_2_AC__no": "0", "MEDIUM_OTHERS_no": "0", "QUICK_CHAdeMO_no": "0", "QUICK_CCS_DC_COMBO_no": "6", "QUICK_IEC62196_no": "4", "QUICK_GB_T20234_3_DC__no": "0", "QUICK_OTHERS_no": "0", "FAST_CHAdeMO_no": "0", "FAST_CCS_DC_COMBO_no": "0", "FAST_GB_T20234_3_DC__no": "0", "FAST_OTHERS_no": "0", "REMARK_FOR__OTHERS_": "-", "DATA_PATH": "-", "OBJECTID": 462, "total_chargers": 10 }, "geometry": { "type": "Point", "coordinates": [ 113.968664, 22.396687 ] } },
{ "type": "Feature", "properties": { "GmlID": "geotagging.463", "NAME_OF_DISTRICT_COUNCIL_DISTRICT_EN": "Islands", "LOCATION_EN": "Hong Kong SkyCity Marriott Hotel", "ADDRESS_EN": "1 Sky City Rd E, Chek Lap Kok", "NAME_OF_DISTRICT_COUNCIL_DISTRICT_TC": "離島區", "LOCATION_TC": "香港天際萬豪酒店", "ADDRESS_TC": "赤鱲角航天城東路1號", "NAME_OF_DISTRICT_COUNCIL_DISTRICT_SC": "离岛区", "LOCATION_SC": "香港天际万豪酒店", "ADDRESS_SC": "赤鱲角航天城东路1号", "STANDARD_BS1363_no": "0", "MEDIUM_CCS_DC_COMBO_no": "0", "MEDIUM_IEC62196_no": "0", "MEDIUM_SAEJ1772_no": "0", "MEDIUM_GB_T20234_2_AC__no": "0", "MEDIUM_OTHERS_no": "0", "QUICK_CHAdeMO_no": "0", "QUICK_CCS_DC_COMBO_no": "4", "QUICK_IEC62196_no": "0", "QUICK_GB_T20234_3_DC__no": "0", "QUICK_OTHERS_no": "0", "FAST_CHAdeMO_no": "0", "FAST_CCS_DC_COMBO_no": "0", "FAST_GB_T20234_3_DC__no": "0", "FAST_OTHERS_no": "0", "REMARK_FOR__OTHERS_": "-", "DATA_PATH": "-", "OBJECTID": 463, "total_chargers": 4 }, "geometry": { "type": "Point", "coordinates": [ 113.943635, 22.319853 ] } },
{ "type": "Feature", "properties": { "GmlID": "geotagging.464", "NAME_OF_DISTRICT_COUNCIL_DISTRICT_EN": "Sai Kung", "LOCATION_EN": "Data Technology Hub", "ADDRESS_EN": "7 Chun Cheong St, Tseung Kwan O Industrial Estate", "NAME_OF_DISTRICT_COUNCIL_DISTRICT_TC": "西貢區", "LOCATION_TC": "數據技術中心", "ADDRESS_TC": "將軍澳工業邨駿昌街7", "NAME_OF_DISTRICT_COUNCIL_DISTRICT_SC": "西贡区", "LOCATION_SC": "数据技术中心", "ADDRESS_SC": "将军澳工业邨骏昌街7", "STANDARD_BS1363_no": "0", "MEDIUM_CCS_DC_COMBO_no": "0", "MEDIUM_IEC62196_no": "30", "MEDIUM_SAEJ1772_no": "0", "MEDIUM_GB_T20234_2_AC__no": "0", "MEDIUM_OTHERS_no": "0", "QUICK_CHAdeMO_no": "0", "QUICK_CCS_DC_COMBO_no": "6", "QUICK_IEC62196_no": "0", "QUICK_GB_T20234_3_DC__no": "0", "QUICK_OTHERS_no": "0", "FAST_CHAdeMO_no": "0", "FAST_CCS_DC_COMBO_no": "0", "FAST_GB_T20234_3_DC__no": "0", "FAST_OTHERS_no": "0", "REMARK_FOR__OTHERS_": "-", "DATA_PATH": "-", "OBJECTID": 464, "total_chargers": 36 }, "geometry": { "type": "Point", "coordinates": [ 114.272702, 22.287994 ] } },
{ "type": "Feature", "properties": { "GmlID": "geotagging.465", "NAME_OF_DISTRICT_COUNCIL_DISTRICT_EN": "Islands", "LOCATION_EN": "Disney Explorers Lodge", "ADDRESS_EN": "Magic Rd", "NAME_OF_DISTRICT_COUNCIL_DISTRICT_TC": "離島區", "LOCATION_TC": "迪士尼探索家度假酒店", "ADDRESS_TC": "神奇道", "NAME_OF_DISTRICT_COUNCIL_DISTRICT_SC": "离岛区", "LOCATION_SC": "迪士尼探索家度假酒店", "ADDRESS_SC": "神奇道", "STANDARD_BS1363_no": "1", "MEDIUM_CCS_DC_COMBO_no": "0", "MEDIUM_IEC62196_no": "0", "MEDIUM_SAEJ1772_no": "0", "MEDIUM_GB_T20234_2_AC__no": "0", "MEDIUM_OTHERS_no": "0", "QUICK_CHAdeMO_no": "0", "QUICK_CCS_DC_COMBO_no": "0", "QUICK_IEC62196_no": "0", "QUICK_GB_T20234_3_DC__no": "0", "QUICK_OTHERS_no": "0", "FAST_CHAdeMO_no": "0", "FAST_CCS_DC_COMBO_no": "0", "FAST_GB_T20234_3_DC__no": "0", "FAST_OTHERS_no": "0", "REMARK_FOR__OTHERS_": "-", "DATA_PATH": "-", "OBJECTID": 465, "total_chargers": 1 }, "geometry": { "type": "Point", "coordinates": [ 114.039116, 22.309346 ] } },
{ "type": "Feature", "properties": { "GmlID": "geotagging.466", "NAME_OF_DISTRICT_COUNCIL_DISTRICT_EN": "Islands", "LOCATION_EN": "Regal Airport Hotel", "ADDRESS_EN": "9 Cheong Tat Rd, Chek Lap Kok", "NAME_OF_DISTRICT_COUNCIL_DISTRICT_TC": "離島區", "LOCATION_TC": "富豪機場酒店", "ADDRESS_TC": "赤鱲角暢達路9號", "NAME_OF_DISTRICT_COUNCIL_DISTRICT_SC": "离岛区", "LOCATION_SC": "富豪机场酒店", "ADDRESS_SC": "赤鱲角畅达路9号", "STANDARD_BS1363_no": "0", "MEDIUM_CCS_DC_COMBO_no": "0", "MEDIUM_IEC62196_no": "0", "MEDIUM_SAEJ1772_no": "0", "MEDIUM_GB_T20234_2_AC__no": "0", "MEDIUM_OTHERS_no": "0", "QUICK_CHAdeMO_no": "0", "QUICK_CCS_DC_COMBO_no": "1", "QUICK_IEC62196_no": "0", "QUICK_GB_T20234_3_DC__no": "0", "QUICK_OTHERS_no": "0", "FAST_CHAdeMO_no": "0", "FAST_CCS_DC_COMBO_no": "0", "FAST_GB_T20234_3_DC__no": "0", "FAST_OTHERS_no": "0", "REMARK_FOR__OTHERS_": "-", "DATA_PATH": "-", "OBJECTID": 466, "total_chargers": 1 }, "geometry": { "type": "Point", "coordinates": [ 113.934511, 22.319443 ] } },
{ "type": "Feature", "properties": { "GmlID": "geotagging.467", "NAME_OF_DISTRICT_COUNCIL_DISTRICT_EN": "Yau Tsim Mong", "LOCATION_EN": "Eaton Hotel", "ADDRESS_EN": "380 Nathan Road, Jordan", "NAME_OF_DISTRICT_COUNCIL_DISTRICT_TC": "油尖旺區", "LOCATION_TC": "逸東酒店", "ADDRESS_TC": "佐敦彌敦道380號", "NAME_OF_DISTRICT_COUNCIL_DISTRICT_SC": "油尖旺区", "LOCATION_SC": "逸东酒店", "ADDRESS_SC": "佐敦弥敦道380号", "STANDARD_BS1363_no": "0", "MEDIUM_CCS_DC_COMBO_no": "0", "MEDIUM_IEC62196_no": "0", "MEDIUM_SAEJ1772_no": "0", "MEDIUM_GB_T20234_2_AC__no": "0", "MEDIUM_OTHERS_no": "0", "QUICK_CHAdeMO_no": "0", "QUICK_CCS_DC_COMBO_no": "0", "QUICK_IEC62196_no": "2", "QUICK_GB_T20234_3_DC__no": "0", "QUICK_OTHERS_no": "0", "FAST_CHAdeMO_no": "0", "FAST_CCS_DC_COMBO_no": "0", "FAST_GB_T20234_3_DC__no": "0", "FAST_OTHERS_no": "0", "REMARK_FOR__OTHERS_": "-", "DATA_PATH": "https://ev-charger.epd.gov.hk/resource/ev_charger_avail/evca_ver_1_0.json", "OBJECTID": 467, "total_chargers": 2 }, "geometry": { "type": "Point", "coordinates": [ 114.171855, 22.307891 ] } },
{ "type": "Feature", "properties": { "GmlID": "geotagging.468", "NAME_OF_DISTRICT_COUNCIL_DISTRICT_EN": "Yau Tsim Mong", "LOCATION_EN": "Hong Kong Red Cross Blood Transfusion Service", "ADDRESS_EN": "15 King's Park Rise, Yau Ma Tei", "NAME_OF_DISTRICT_COUNCIL_DISTRICT_TC": "油尖旺區", "LOCATION_TC": "香港紅十字會輸血服務中心", "ADDRESS_TC": "油麻地京士柏道15號", "NAME_OF_DISTRICT_COUNCIL_DISTRICT_SC": "油尖旺区", "LOCATION_SC": "香港红十字会输血服务中心", "ADDRESS_SC": "油麻地京士柏道15号", "STANDARD_BS1363_no": "0", "MEDIUM_CCS_DC_COMBO_no": "0", "MEDIUM_IEC62196_no": "0", "MEDIUM_SAEJ1772_no": "0", "MEDIUM_GB_T20234_2_AC__no": "0", "MEDIUM_OTHERS_no": "0", "QUICK_CHAdeMO_no": "0", "QUICK_CCS_DC_COMBO_no": "0", "QUICK_IEC62196_no": "8", "QUICK_GB_T20234_3_DC__no": "0", "QUICK_OTHERS_no": "0", "FAST_CHAdeMO_no": "0", "FAST_CCS_DC_COMBO_no": "0", "FAST_GB_T20234_3_DC__no": "0", "FAST_OTHERS_no": "0", "REMARK_FOR__OTHERS_": "-", "DATA_PATH": "-", "OBJECTID": 468, "total_chargers": 8 }, "geometry": { "type": "Point", "coordinates": [ 114.174645, 22.311014 ] } },
{ "type": "Feature", "properties": { "GmlID": "geotagging.469", "NAME_OF_DISTRICT_COUNCIL_DISTRICT_EN": "Eastern", "LOCATION_EN": "Island Place", "ADDRESS_EN": "51-61 Tanner Rd, North Point", "NAME_OF_DISTRICT_COUNCIL_DISTRICT_TC": "東區", "LOCATION_TC": "港運城", "ADDRESS_TC": "北角丹拿道51-61號", "NAME_OF_DISTRICT_COUNCIL_DISTRICT_SC": "东区", "LOCATION_SC": "港运城", "ADDRESS_SC": "北角丹拿道51-61号", "STANDARD_BS1363_no": "0", "MEDIUM_CCS_DC_COMBO_no": "0", "MEDIUM_IEC62196_no": "0", "MEDIUM_SAEJ1772_no": "0", "MEDIUM_GB_T20234_2_AC__no": "0", "MEDIUM_OTHERS_no": "0", "QUICK_CHAdeMO_no": "0", "QUICK_CCS_DC_COMBO_no": "0", "QUICK_IEC62196_no": "6", "QUICK_GB_T20234_3_DC__no": "0", "QUICK_OTHERS_no": "0", "FAST_CHAdeMO_no": "0", "FAST_CCS_DC_COMBO_no": "0", "FAST_GB_T20234_3_DC__no": "0", "FAST_OTHERS_no": "0", "REMARK_FOR__OTHERS_": "-", "DATA_PATH": "https://ev-charger.epd.gov.hk/resource/ev_charger_avail/evca_ver_1_0.json", "OBJECTID": 469, "total_chargers": 6 }, "geometry": { "type": "Point", "coordinates": [ 114.202805, 22.29091 ] } },
{ "type": "Feature", "properties": { "GmlID": "geotagging.470", "NAME_OF_DISTRICT_COUNCIL_DISTRICT_EN": "Sham Shui Po", "LOCATION_EN": "KMB Manhattan Hill Carpark", "ADDRESS_EN": "9 Po Lun St, Lai Chi Kok", "NAME_OF_DISTRICT_COUNCIL_DISTRICT_TC": "深水埗區", "LOCATION_TC": "曼克頓山(九巴總部)停車場", "ADDRESS_TC": "荔枝角寶輪街9號", "NAME_OF_DISTRICT_COUNCIL_DISTRICT_SC": "深水埗区", "LOCATION_SC": "曼克顿山(九巴总部)停车场", "ADDRESS_SC": "荔枝角宝轮街9号", "STANDARD_BS1363_no": "0", "MEDIUM_CCS_DC_COMBO_no": "0", "MEDIUM_IEC62196_no": "0", "MEDIUM_SAEJ1772_no": "0", "MEDIUM_GB_T20234_2_AC__no": "0", "MEDIUM_OTHERS_no": "0", "QUICK_CHAdeMO_no": "0", "QUICK_CCS_DC_COMBO_no": "0", "QUICK_IEC62196_no": "20", "QUICK_GB_T20234_3_DC__no": "0", "QUICK_OTHERS_no": "0", "FAST_CHAdeMO_no": "0", "FAST_CCS_DC_COMBO_no": "0", "FAST_GB_T20234_3_DC__no": "0", "FAST_OTHERS_no": "0", "REMARK_FOR__OTHERS_": "-", "DATA_PATH": "-", "OBJECTID": 470, "total_chargers": 20 }, "geometry": { "type": "Point", "coordinates": [ 114.14284, 22.336138 ] } },
{ "type": "Feature", "properties": { "GmlID": "geotagging.471", "NAME_OF_DISTRICT_COUNCIL_DISTRICT_EN": "North", "LOCATION_EN": "Ho Sheung Heung", "ADDRESS_EN": "D95 Lot HSHL1, 1080RP, Ho Sheung Heung Village", "NAME_OF_DISTRICT_COUNCIL_DISTRICT_TC": "北區", "LOCATION_TC": "河上鄉", "ADDRESS_TC": "河上鄉 DD95 Lot HSHL1, 1080RP (近美味棧對出)", "NAME_OF_DISTRICT_COUNCIL_DISTRICT_SC": "北区", "LOCATION_SC": "河上乡", "ADDRESS_SC": "河上乡 DD95 Lot HSHL1, 1080RP (近美味栈对出)", "STANDARD_BS1363_no": "0", "MEDIUM_CCS_DC_COMBO_no": "0", "MEDIUM_IEC62196_no": "0", "MEDIUM_SAEJ1772_no": "0", "MEDIUM_GB_T20234_2_AC__no": "0", "MEDIUM_OTHERS_no": "0", "QUICK_CHAdeMO_no": "0", "QUICK_CCS_DC_COMBO_no": "0", "QUICK_IEC62196_no": "1", "QUICK_GB_T20234_3_DC__no": "0", "QUICK_OTHERS_no": "0", "FAST_CHAdeMO_no": "0", "FAST_CCS_DC_COMBO_no": "0", "FAST_GB_T20234_3_DC__no": "0", "FAST_OTHERS_no": "0", "REMARK_FOR__OTHERS_": "-", "DATA_PATH": "-", "OBJECTID": 471, "total_chargers": 1 }, "geometry": { "type": "Point", "coordinates": [ 114.108366, 22.51188 ] } },
{ "type": "Feature", "properties": { "GmlID": "geotagging.472", "NAME_OF_DISTRICT_COUNCIL_DISTRICT_EN": "Islands", "LOCATION_EN": "Shell Airport Cargo Terminal", "ADDRESS_EN": "12 Chek Lap Kok S Rd, Chek Lap Kok", "NAME_OF_DISTRICT_COUNCIL_DISTRICT_TC": "離島區", "LOCATION_TC": "蜆殼機場貨運大樓", "ADDRESS_TC": "赤鱲角赤鱲角南路12號", "NAME_OF_DISTRICT_COUNCIL_DISTRICT_SC": "离岛区", "LOCATION_SC": "蚬壳机场货运大楼", "ADDRESS_SC": "赤鱲角赤鱲角南路12号", "STANDARD_BS1363_no": "0", "MEDIUM_CCS_DC_COMBO_no": "0", "MEDIUM_IEC62196_no": "2", "MEDIUM_SAEJ1772_no": "0", "MEDIUM_GB_T20234_2_AC__no": "0", "MEDIUM_OTHERS_no": "0", "QUICK_CHAdeMO_no": "0", "QUICK_CCS_DC_COMBO_no": "2", "QUICK_IEC62196_no": "0", "QUICK_GB_T20234_3_DC__no": "0", "QUICK_OTHERS_no": "0", "FAST_CHAdeMO_no": "0", "FAST_CCS_DC_COMBO_no": "0", "FAST_GB_T20234_3_DC__no": "0", "FAST_OTHERS_no": "0", "REMARK_FOR__OTHERS_": "-", "DATA_PATH": "-", "OBJECTID": 472, "total_chargers": 4 }, "geometry": { "type": "Point", "coordinates": [ 113.93108, 22.291797 ] } },
{ "type": "Feature", "properties": { "GmlID": "geotagging.473", "NAME_OF_DISTRICT_COUNCIL_DISTRICT_EN": "Eastern", "LOCATION_EN": "Smiling Shau Kei Wan Plaza", "ADDRESS_EN": "17, Nam Hong St, Shau Kei Wan", "NAME_OF_DISTRICT_COUNCIL_DISTRICT_TC": "東區", "LOCATION_TC": "天悅筲箕灣廣場", "ADDRESS_TC": "筲箕灣南康街17號", "NAME_OF_DISTRICT_COUNCIL_DISTRICT_SC": "东区", "LOCATION_SC": "天悦筲箕湾广场", "ADDRESS_SC": "筲箕湾南康街17号", "STANDARD_BS1363_no": "0", "MEDIUM_CCS_DC_COMBO_no": "0", "MEDIUM_IEC62196_no": "0", "MEDIUM_SAEJ1772_no": "0", "MEDIUM_GB_T20234_2_AC__no": "0", "MEDIUM_OTHERS_no": "0", "QUICK_CHAdeMO_no": "0", "QUICK_CCS_DC_COMBO_no": "6", "QUICK_IEC62196_no": "0", "QUICK_GB_T20234_3_DC__no": "0", "QUICK_OTHERS_no": "0", "FAST_CHAdeMO_no": "0", "FAST_CCS_DC_COMBO_no": "0", "FAST_GB_T20234_3_DC__no": "0", "FAST_OTHERS_no": "0", "REMARK_FOR__OTHERS_": "-", "DATA_PATH": "-", "OBJECTID": 473, "total_chargers": 6 }, "geometry": { "type": "Point", "coordinates": [ 114.226269, 22.278036 ] } },
{ "type": "Feature", "properties": { "GmlID": "geotagging.474", "NAME_OF_DISTRICT_COUNCIL_DISTRICT_EN": "Tsuen Wan", "LOCATION_EN": "The Octagon", "ADDRESS_EN": "The Octagon, 6 Sha Tsui Rd, Tsuen Wan", "NAME_OF_DISTRICT_COUNCIL_DISTRICT_TC": "荃灣區", "LOCATION_TC": "嘉達環球中心", "ADDRESS_TC": "荃灣沙咀道6號", "NAME_OF_DISTRICT_COUNCIL_DISTRICT_SC": "荃湾区", "LOCATION_SC": "嘉达环球中心", "ADDRESS_SC": "荃湾沙咀道6号", "STANDARD_BS1363_no": "0", "MEDIUM_CCS_DC_COMBO_no": "0", "MEDIUM_IEC62196_no": "13", "MEDIUM_SAEJ1772_no": "0", "MEDIUM_GB_T20234_2_AC__no": "0", "MEDIUM_OTHERS_no": "0", "QUICK_CHAdeMO_no": "0", "QUICK_CCS_DC_COMBO_no": "0", "QUICK_IEC62196_no": "0", "QUICK_GB_T20234_3_DC__no": "0", "QUICK_OTHERS_no": "0", "FAST_CHAdeMO_no": "0", "FAST_CCS_DC_COMBO_no": "0", "FAST_GB_T20234_3_DC__no": "0", "FAST_OTHERS_no": "0", "REMARK_FOR__OTHERS_": "-", "DATA_PATH": "https://ev-charger.epd.gov.hk/resource/ev_charger_avail/evca_ver_1_0.json", "OBJECTID": 474, "total_chargers": 13 }, "geometry": { "type": "Point", "coordinates": [ 114.10729, 22.374724 ] } },
{ "type": "Feature", "properties": { "GmlID": "geotagging.475", "NAME_OF_DISTRICT_COUNCIL_DISTRICT_EN": "Sai Kung", "LOCATION_EN": "Twin Peak", "ADDRESS_EN": "9 Chi Shin St, Tseung Kwan O", "NAME_OF_DISTRICT_COUNCIL_DISTRICT_TC": "西貢區", "LOCATION_TC": "嘉悅", "ADDRESS_TC": "將軍澳至善街9號", "NAME_OF_DISTRICT_COUNCIL_DISTRICT_SC": "西贡区", "LOCATION_SC": "嘉悦", "ADDRESS_SC": "将军澳至善街9号", "STANDARD_BS1363_no": "0", "MEDIUM_CCS_DC_COMBO_no": "0", "MEDIUM_IEC62196_no": "2", "MEDIUM_SAEJ1772_no": "0", "MEDIUM_GB_T20234_2_AC__no": "0", "MEDIUM_OTHERS_no": "0", "QUICK_CHAdeMO_no": "0", "QUICK_CCS_DC_COMBO_no": "0", "QUICK_IEC62196_no": "0", "QUICK_GB_T20234_3_DC__no": "0", "QUICK_OTHERS_no": "0", "FAST_CHAdeMO_no": "0", "FAST_CCS_DC_COMBO_no": "0", "FAST_GB_T20234_3_DC__no": "0", "FAST_OTHERS_no": "0", "REMARK_FOR__OTHERS_": "-", "DATA_PATH": "https://ev-charger.epd.gov.hk/resource/ev_charger_avail/evca_ver_1_0.json", "OBJECTID": 475, "total_chargers": 2 }, "geometry": { "type": "Point", "coordinates": [ 114.260858, 22.304794 ] } },
{ "type": "Feature", "properties": { "GmlID": "geotagging.476", "NAME_OF_DISTRICT_COUNCIL_DISTRICT_EN": "Southern", "LOCATION_EN": "Upper Baguio Villa", "ADDRESS_EN": "Victoria Rd, Pok Fu Lam", "NAME_OF_DISTRICT_COUNCIL_DISTRICT_TC": "南區", "LOCATION_TC": "上碧瑤灣", "ADDRESS_TC": "薄扶林域多利道", "NAME_OF_DISTRICT_COUNCIL_DISTRICT_SC": "南区", "LOCATION_SC": "上碧瑶湾", "ADDRESS_SC": "薄扶林域多利道", "STANDARD_BS1363_no": "0", "MEDIUM_CCS_DC_COMBO_no": "0", "MEDIUM_IEC62196_no": "2", "MEDIUM_SAEJ1772_no": "0", "MEDIUM_GB_T20234_2_AC__no": "0", "MEDIUM_OTHERS_no": "0", "QUICK_CHAdeMO_no": "0", "QUICK_CCS_DC_COMBO_no": "0", "QUICK_IEC62196_no": "0", "QUICK_GB_T20234_3_DC__no": "0", "QUICK_OTHERS_no": "0", "FAST_CHAdeMO_no": "0", "FAST_CCS_DC_COMBO_no": "0", "FAST_GB_T20234_3_DC__no": "0", "FAST_OTHERS_no": "0", "REMARK_FOR__OTHERS_": "-", "DATA_PATH": "-", "OBJECTID": 476, "total_chargers": 2 }, "geometry": { "type": "Point", "coordinates": [ 114.133453, 22.261979 ] } },
{ "type": "Feature", "properties": { "GmlID": "geotagging.477", "NAME_OF_DISTRICT_COUNCIL_DISTRICT_EN": "North", "LOCATION_EN": "Lung Fung Group Centre", "ADDRESS_EN": "No.23 Yip Cheong Street, Fanling", "NAME_OF_DISTRICT_COUNCIL_DISTRICT_TC": "北區", "LOCATION_TC": "龍豐集團中心", "ADDRESS_TC": "粉嶺業暢街23號", "NAME_OF_DISTRICT_COUNCIL_DISTRICT_SC": "北区", "LOCATION_SC": "龙丰集团中心", "ADDRESS_SC": "粉岭业畅街23号", "STANDARD_BS1363_no": "0", "MEDIUM_CCS_DC_COMBO_no": "0", "MEDIUM_IEC62196_no": "0", "MEDIUM_SAEJ1772_no": "0", "MEDIUM_GB_T20234_2_AC__no": "0", "MEDIUM_OTHERS_no": "0", "QUICK_CHAdeMO_no": "0", "QUICK_CCS_DC_COMBO_no": "4", "QUICK_IEC62196_no": "0", "QUICK_GB_T20234_3_DC__no": "0", "QUICK_OTHERS_no": "0", "FAST_CHAdeMO_no": "0", "FAST_CCS_DC_COMBO_no": "0", "FAST_GB_T20234_3_DC__no": "0", "FAST_OTHERS_no": "0", "REMARK_FOR__OTHERS_": "-", "DATA_PATH": "-", "OBJECTID": 477, "total_chargers": 4 }, "geometry": { "type": "Point", "coordinates": [ 114.144676, 22.49304 ] } },
{ "type": "Feature", "properties": { "GmlID": "geotagging.478", "NAME_OF_DISTRICT_COUNCIL_DISTRICT_EN": "Tai Po", "LOCATION_EN": "No.138, Ting Kok Village", "ADDRESS_EN": "No.138, Ting Kok Village", "NAME_OF_DISTRICT_COUNCIL_DISTRICT_TC": "大埔區", "LOCATION_TC": "汀角路138號", "ADDRESS_TC": "汀角路138號", "NAME_OF_DISTRICT_COUNCIL_DISTRICT_SC": "大埔区", "LOCATION_SC": "汀角路138号", "ADDRESS_SC": "汀角路138号", "STANDARD_BS1363_no": "0", "MEDIUM_CCS_DC_COMBO_no": "0", "MEDIUM_IEC62196_no": "0", "MEDIUM_SAEJ1772_no": "0", "MEDIUM_GB_T20234_2_AC__no": "0", "MEDIUM_OTHERS_no": "0", "QUICK_CHAdeMO_no": "0", "QUICK_CCS_DC_COMBO_no": "6", "QUICK_IEC62196_no": "0", "QUICK_GB_T20234_3_DC__no": "0", "QUICK_OTHERS_no": "0", "FAST_CHAdeMO_no": "0", "FAST_CCS_DC_COMBO_no": "0", "FAST_GB_T20234_3_DC__no": "0", "FAST_OTHERS_no": "0", "REMARK_FOR__OTHERS_": "-", "DATA_PATH": "-", "OBJECTID": 478, "total_chargers": 6 }, "geometry": { "type": "Point", "coordinates": [ 114.220091, 22.470054 ] } },
{ "type": "Feature", "properties": { "GmlID": "geotagging.479", "NAME_OF_DISTRICT_COUNCIL_DISTRICT_EN": "Tsuen Wan", "LOCATION_EN": "Shek Wai Kok Square", "ADDRESS_EN": "Shek Wai Kok Rd, Kwai Chung", "NAME_OF_DISTRICT_COUNCIL_DISTRICT_TC": "荃灣區", "LOCATION_TC": "石圍角新城", "ADDRESS_TC": "葵涌石圍角路", "NAME_OF_DISTRICT_COUNCIL_DISTRICT_SC": "荃湾区", "LOCATION_SC": "石围角新城", "ADDRESS_SC": "葵涌石围角路", "STANDARD_BS1363_no": "0", "MEDIUM_CCS_DC_COMBO_no": "0", "MEDIUM_IEC62196_no": "6", "MEDIUM_SAEJ1772_no": "0", "MEDIUM_GB_T20234_2_AC__no": "0", "MEDIUM_OTHERS_no": "0", "QUICK_CHAdeMO_no": "0", "QUICK_CCS_DC_COMBO_no": "6", "QUICK_IEC62196_no": "0", "QUICK_GB_T20234_3_DC__no": "0", "QUICK_OTHERS_no": "0", "FAST_CHAdeMO_no": "0", "FAST_CCS_DC_COMBO_no": "0", "FAST_GB_T20234_3_DC__no": "0", "FAST_OTHERS_no": "0", "REMARK_FOR__OTHERS_": "-", "DATA_PATH": "-", "OBJECTID": 479, "total_chargers": 12 }, "geometry": { "type": "Point", "coordinates": [ 114.124033, 22.374501 ] } },
{ "type": "Feature", "properties": { "GmlID": "geotagging.480", "NAME_OF_DISTRICT_COUNCIL_DISTRICT_EN": "Kwun Tong", "LOCATION_EN": "21 Tai Yip Street, Kwun Tong", "ADDRESS_EN": "21 Tai Yip Street, Kwun Tong", "NAME_OF_DISTRICT_COUNCIL_DISTRICT_TC": "觀塘區", "LOCATION_TC": "觀塘大業街21", "ADDRESS_TC": "觀塘大業街 21號嘉合發展中心地下", "NAME_OF_DISTRICT_COUNCIL_DISTRICT_SC": "观塘区", "LOCATION_SC": "观塘大业街21", "ADDRESS_SC": "观塘大业街 21号嘉合发展中心地下", "STANDARD_BS1363_no": "0", "MEDIUM_CCS_DC_COMBO_no": "0", "MEDIUM_IEC62196_no": "0", "MEDIUM_SAEJ1772_no": "0", "MEDIUM_GB_T20234_2_AC__no": "0", "MEDIUM_OTHERS_no": "0", "QUICK_CHAdeMO_no": "0", "QUICK_CCS_DC_COMBO_no": "2", "QUICK_IEC62196_no": "0", "QUICK_GB_T20234_3_DC__no": "0", "QUICK_OTHERS_no": "0", "FAST_CHAdeMO_no": "0", "FAST_CCS_DC_COMBO_no": "0", "FAST_GB_T20234_3_DC__no": "0", "FAST_OTHERS_no": "0", "REMARK_FOR__OTHERS_": "-", "DATA_PATH": "-", "OBJECTID": 480, "total_chargers": 2 }, "geometry": { "type": "Point", "coordinates": [ 114.21558, 22.31616 ] } },
{ "type": "Feature", "properties": { "GmlID": "geotagging.481", "NAME_OF_DISTRICT_COUNCIL_DISTRICT_EN": "Kwun Tong", "LOCATION_EN": "Peninsula East", "ADDRESS_EN": "9 Shung Yiu St, Yau Tong", "NAME_OF_DISTRICT_COUNCIL_DISTRICT_TC": "觀塘區", "LOCATION_TC": "Peninsula East", "ADDRESS_TC": "油塘崇耀街9號", "NAME_OF_DISTRICT_COUNCIL_DISTRICT_SC": "观塘区", "LOCATION_SC": "Peninsula East", "ADDRESS_SC": "油塘崇耀街9号", "STANDARD_BS1363_no": "0", "MEDIUM_CCS_DC_COMBO_no": "0", "MEDIUM_IEC62196_no": "3", "MEDIUM_SAEJ1772_no": "0", "MEDIUM_GB_T20234_2_AC__no": "0", "MEDIUM_OTHERS_no": "0", "QUICK_CHAdeMO_no": "0", "QUICK_CCS_DC_COMBO_no": "0", "QUICK_IEC62196_no": "0", "QUICK_GB_T20234_3_DC__no": "0", "QUICK_OTHERS_no": "0", "FAST_CHAdeMO_no": "0", "FAST_CCS_DC_COMBO_no": "0", "FAST_GB_T20234_3_DC__no": "0", "FAST_OTHERS_no": "0", "REMARK_FOR__OTHERS_": "-", "DATA_PATH": "https://ev-charger.epd.gov.hk/resource/ev_charger_avail/evca_ver_1_0.json", "OBJECTID": 481, "total_chargers": 3 }, "geometry": { "type": "Point", "coordinates": [ 114.23455, 22.294238 ] } },
{ "type": "Feature", "properties": { "GmlID": "geotagging.482", "NAME_OF_DISTRICT_COUNCIL_DISTRICT_EN": "Sham Shui Po", "LOCATION_EN": "ONE WEST KOWLOON", "ADDRESS_EN": "873 Lai Chi Kok Rd, Lai Chi Kok", "NAME_OF_DISTRICT_COUNCIL_DISTRICT_TC": "深水埗區", "LOCATION_TC": "一號．西九龍", "ADDRESS_TC": "荔枝角道873號", "NAME_OF_DISTRICT_COUNCIL_DISTRICT_SC": "深水埗区", "LOCATION_SC": "一号．西九龙", "ADDRESS_SC": "荔枝角道873号", "STANDARD_BS1363_no": "0", "MEDIUM_CCS_DC_COMBO_no": "0", "MEDIUM_IEC62196_no": "1", "MEDIUM_SAEJ1772_no": "0", "MEDIUM_GB_T20234_2_AC__no": "0", "MEDIUM_OTHERS_no": "0", "QUICK_CHAdeMO_no": "0", "QUICK_CCS_DC_COMBO_no": "0", "QUICK_IEC62196_no": "0", "QUICK_GB_T20234_3_DC__no": "0", "QUICK_OTHERS_no": "0", "FAST_CHAdeMO_no": "0", "FAST_CCS_DC_COMBO_no": "0", "FAST_GB_T20234_3_DC__no": "0", "FAST_OTHERS_no": "0", "REMARK_FOR__OTHERS_": "-", "DATA_PATH": "https://ev-charger.epd.gov.hk/resource/ev_charger_avail/evca_ver_1_0.json", "OBJECTID": 482, "total_chargers": 1 }, "geometry": { "type": "Point", "coordinates": [ 114.146952, 22.333614 ] } },
{ "type": "Feature", "properties": { "GmlID": "geotagging.483", "NAME_OF_DISTRICT_COUNCIL_DISTRICT_EN": "Tuen Mun", "LOCATION_EN": "Marina Garden", "ADDRESS_EN": "Marina Garden Block 4, 280 Wu Chui Rd, Tuen Mun", "NAME_OF_DISTRICT_COUNCIL_DISTRICT_TC": "屯門區", "LOCATION_TC": "慧豐園", "ADDRESS_TC": "屯門碼頭湖翠路280號", "NAME_OF_DISTRICT_COUNCIL_DISTRICT_SC": "屯门区", "LOCATION_SC": "慧丰园", "ADDRESS_SC": "屯门码头湖翠路280号", "STANDARD_BS1363_no": "0", "MEDIUM_CCS_DC_COMBO_no": "0", "MEDIUM_IEC62196_no": "2", "MEDIUM_SAEJ1772_no": "0", "MEDIUM_GB_T20234_2_AC__no": "0", "MEDIUM_OTHERS_no": "0", "QUICK_CHAdeMO_no": "0", "QUICK_CCS_DC_COMBO_no": "0", "QUICK_IEC62196_no": "0", "QUICK_GB_T20234_3_DC__no": "0", "QUICK_OTHERS_no": "0", "FAST_CHAdeMO_no": "0", "FAST_CCS_DC_COMBO_no": "0", "FAST_GB_T20234_3_DC__no": "0", "FAST_OTHERS_no": "0", "REMARK_FOR__OTHERS_": "-", "DATA_PATH": "https://ev-charger.epd.gov.hk/resource/ev_charger_avail/evca_ver_1_0.json", "OBJECTID": 483, "total_chargers": 2 }, "geometry": { "type": "Point", "coordinates": [ 113.970884, 22.372985 ] } },
{ "type": "Feature", "properties": { "GmlID": "geotagging.484", "NAME_OF_DISTRICT_COUNCIL_DISTRICT_EN": "Yuen Long", "LOCATION_EN": "Tin Yau Car Park", "ADDRESS_EN": "Tin Yau Court Car Park, 1 Tin Shing Road, Tin Shui Wai, Yuen Long, New Territories", "NAME_OF_DISTRICT_COUNCIL_DISTRICT_TC": "元朗區", "LOCATION_TC": "天祐停車場", "ADDRESS_TC": "新界元朗天水圍天城路1號天祐苑停車場", "NAME_OF_DISTRICT_COUNCIL_DISTRICT_SC": "元朗区", "LOCATION_SC": "天佑停车场", "ADDRESS_SC": "新界元朗天水围天城路1号天佑苑停车场", "STANDARD_BS1363_no": "0", "MEDIUM_CCS_DC_COMBO_no": "0", "MEDIUM_IEC62196_no": "9", "MEDIUM_SAEJ1772_no": "0", "MEDIUM_GB_T20234_2_AC__no": "0", "MEDIUM_OTHERS_no": "0", "QUICK_CHAdeMO_no": "0", "QUICK_CCS_DC_COMBO_no": "0", "QUICK_IEC62196_no": "0", "QUICK_GB_T20234_3_DC__no": "0", "QUICK_OTHERS_no": "0", "FAST_CHAdeMO_no": "0", "FAST_CCS_DC_COMBO_no": "0", "FAST_GB_T20234_3_DC__no": "0", "FAST_OTHERS_no": "0", "REMARK_FOR__OTHERS_": "-", "DATA_PATH": "https://ev-charger.epd.gov.hk/resource/ev_charger_avail/evca_ver_1_0.json", "OBJECTID": 484, "total_chargers": 9 }, "geometry": { "type": "Point", "coordinates": [ 114.006335, 22.451491 ] } },
{ "type": "Feature", "properties": { "GmlID": "geotagging.485", "NAME_OF_DISTRICT_COUNCIL_DISTRICT_EN": "Eastern", "LOCATION_EN": "Healthy Village I & II Charging Point", "ADDRESS_EN": "192 Tsat Tsz Mui Rd, Tsat Tsz Mui", "NAME_OF_DISTRICT_COUNCIL_DISTRICT_TC": "東區", "LOCATION_TC": "健康村 I & II", "ADDRESS_TC": "北角七姊妹道 192號", "NAME_OF_DISTRICT_COUNCIL_DISTRICT_SC": "东区", "LOCATION_SC": "健康村 I & II", "ADDRESS_SC": "北角七姊妹道 192号", "STANDARD_BS1363_no": "0", "MEDIUM_CCS_DC_COMBO_no": "0", "MEDIUM_IEC62196_no": "2", "MEDIUM_SAEJ1772_no": "0", "MEDIUM_GB_T20234_2_AC__no": "0", "MEDIUM_OTHERS_no": "0", "QUICK_CHAdeMO_no": "0", "QUICK_CCS_DC_COMBO_no": "0", "QUICK_IEC62196_no": "0", "QUICK_GB_T20234_3_DC__no": "0", "QUICK_OTHERS_no": "0", "FAST_CHAdeMO_no": "0", "FAST_CCS_DC_COMBO_no": "0", "FAST_GB_T20234_3_DC__no": "0", "FAST_OTHERS_no": "0", "REMARK_FOR__OTHERS_": "-", "DATA_PATH": "-", "OBJECTID": 485, "total_chargers": 2 }, "geometry": { "type": "Point", "coordinates": [ 114.206232, 22.291432 ] } },
{ "type": "Feature", "properties": { "GmlID": "geotagging.486", "NAME_OF_DISTRICT_COUNCIL_DISTRICT_EN": "Eastern", "LOCATION_EN": "Ming Wah Dai Ha", "ADDRESS_EN": "1 A Kung Ngam Rd, Shau Kei Wan", "NAME_OF_DISTRICT_COUNCIL_DISTRICT_TC": "東區", "LOCATION_TC": "明華大廈", "ADDRESS_TC": "筲箕灣阿公岩道1號", "NAME_OF_DISTRICT_COUNCIL_DISTRICT_SC": "东区", "LOCATION_SC": "明华大厦", "ADDRESS_SC": "筲箕湾阿公岩道1号", "STANDARD_BS1363_no": "0", "MEDIUM_CCS_DC_COMBO_no": "0", "MEDIUM_IEC62196_no": "21", "MEDIUM_SAEJ1772_no": "0", "MEDIUM_GB_T20234_2_AC__no": "0", "MEDIUM_OTHERS_no": "0", "QUICK_CHAdeMO_no": "0", "QUICK_CCS_DC_COMBO_no": "0", "QUICK_IEC62196_no": "0", "QUICK_GB_T20234_3_DC__no": "0", "QUICK_OTHERS_no": "0", "FAST_CHAdeMO_no": "0", "FAST_CCS_DC_COMBO_no": "0", "FAST_GB_T20234_3_DC__no": "0", "FAST_OTHERS_no": "0", "REMARK_FOR__OTHERS_": "-", "DATA_PATH": "-", "OBJECTID": 486, "total_chargers": 21 }, "geometry": { "type": "Point", "coordinates": [ 114.231109, 22.276227 ] } },
{ "type": "Feature", "properties": { "GmlID": "geotagging.487", "NAME_OF_DISTRICT_COUNCIL_DISTRICT_EN": "Southern", "LOCATION_EN": "S22", "ADDRESS_EN": "22 Heung Yip Rd", "NAME_OF_DISTRICT_COUNCIL_DISTRICT_TC": "南區", "LOCATION_TC": "S22", "ADDRESS_TC": "香葉道22號", "NAME_OF_DISTRICT_COUNCIL_DISTRICT_SC": "南区", "LOCATION_SC": "S22", "ADDRESS_SC": "香叶道22号", "STANDARD_BS1363_no": "0", "MEDIUM_CCS_DC_COMBO_no": "0", "MEDIUM_IEC62196_no": "85", "MEDIUM_SAEJ1772_no": "0", "MEDIUM_GB_T20234_2_AC__no": "0", "MEDIUM_OTHERS_no": "0", "QUICK_CHAdeMO_no": "0", "QUICK_CCS_DC_COMBO_no": "2", "QUICK_IEC62196_no": "0", "QUICK_GB_T20234_3_DC__no": "0", "QUICK_OTHERS_no": "0", "FAST_CHAdeMO_no": "0", "FAST_CCS_DC_COMBO_no": "0", "FAST_GB_T20234_3_DC__no": "0", "FAST_OTHERS_no": "0", "REMARK_FOR__OTHERS_": "-", "DATA_PATH": "-", "OBJECTID": 487, "total_chargers": 87 }, "geometry": { "type": "Point", "coordinates": [ 114.165783, 22.247795 ] } },
{ "type": "Feature", "properties": { "GmlID": "geotagging.488", "NAME_OF_DISTRICT_COUNCIL_DISTRICT_EN": "Kowloon City", "LOCATION_EN": "One Homantin", "ADDRESS_EN": "1 Sheung Foo St, Ho Man Tin", "NAME_OF_DISTRICT_COUNCIL_DISTRICT_TC": "九龍城區", "LOCATION_TC": "何文田1號", "ADDRESS_TC": "何文田常富街1號", "NAME_OF_DISTRICT_COUNCIL_DISTRICT_SC": "九龙城区", "LOCATION_SC": "何文田1号", "ADDRESS_SC": "何文田常富街1号", "STANDARD_BS1363_no": "0", "MEDIUM_CCS_DC_COMBO_no": "0", "MEDIUM_IEC62196_no": "0", "MEDIUM_SAEJ1772_no": "0", "MEDIUM_GB_T20234_2_AC__no": "0", "MEDIUM_OTHERS_no": "0", "QUICK_CHAdeMO_no": "0", "QUICK_CCS_DC_COMBO_no": "2", "QUICK_IEC62196_no": "0", "QUICK_GB_T20234_3_DC__no": "0", "QUICK_OTHERS_no": "0", "FAST_CHAdeMO_no": "0", "FAST_CCS_DC_COMBO_no": "0", "FAST_GB_T20234_3_DC__no": "0", "FAST_OTHERS_no": "0", "REMARK_FOR__OTHERS_": "-", "DATA_PATH": "-", "OBJECTID": 488, "total_chargers": 2 }, "geometry": { "type": "Point", "coordinates": [ 114.181727, 22.316727 ] } },
{ "type": "Feature", "properties": { "GmlID": "geotagging.489", "NAME_OF_DISTRICT_COUNCIL_DISTRICT_EN": "Kowloon City", "LOCATION_EN": "Blissful Place", "ADDRESS_EN": "8 Lee Kung St, Hung Hom", "NAME_OF_DISTRICT_COUNCIL_DISTRICT_TC": "九龍城區", "LOCATION_TC": "豐頤居", "ADDRESS_TC": "紅磡利工街8號", "NAME_OF_DISTRICT_COUNCIL_DISTRICT_SC": "九龙城区", "LOCATION_SC": "丰颐居", "ADDRESS_SC": "红磡利工街8号", "STANDARD_BS1363_no": "0", "MEDIUM_CCS_DC_COMBO_no": "0", "MEDIUM_IEC62196_no": "10", "MEDIUM_SAEJ1772_no": "0", "MEDIUM_GB_T20234_2_AC__no": "0", "MEDIUM_OTHERS_no": "0", "QUICK_CHAdeMO_no": "0", "QUICK_CCS_DC_COMBO_no": "0", "QUICK_IEC62196_no": "0", "QUICK_GB_T20234_3_DC__no": "0", "QUICK_OTHERS_no": "0", "FAST_CHAdeMO_no": "0", "FAST_CCS_DC_COMBO_no": "0", "FAST_GB_T20234_3_DC__no": "0", "FAST_OTHERS_no": "0", "REMARK_FOR__OTHERS_": "-", "DATA_PATH": "-", "OBJECTID": 489, "total_chargers": 10 }, "geometry": { "type": "Point", "coordinates": [ 114.186627, 22.309364 ] } },
{ "type": "Feature", "properties": { "GmlID": "geotagging.490", "NAME_OF_DISTRICT_COUNCIL_DISTRICT_EN": "Kwun Tong", "LOCATION_EN": "DCH Building", "ADDRESS_EN": "20 Kai Cheung Rd, Kowloon Bay", "NAME_OF_DISTRICT_COUNCIL_DISTRICT_TC": "觀塘區", "LOCATION_TC": "大昌行集團大廈", "ADDRESS_TC": "九龍灣啓祥道20號", "NAME_OF_DISTRICT_COUNCIL_DISTRICT_SC": "观塘区", "LOCATION_SC": "大昌行集团大厦", "ADDRESS_SC": "九龙湾启祥道20号", "STANDARD_BS1363_no": "0", "MEDIUM_CCS_DC_COMBO_no": "0", "MEDIUM_IEC62196_no": "0", "MEDIUM_SAEJ1772_no": "0", "MEDIUM_GB_T20234_2_AC__no": "0", "MEDIUM_OTHERS_no": "0", "QUICK_CHAdeMO_no": "0", "QUICK_CCS_DC_COMBO_no": "18", "QUICK_IEC62196_no": "0", "QUICK_GB_T20234_3_DC__no": "0", "QUICK_OTHERS_no": "0", "FAST_CHAdeMO_no": "0", "FAST_CCS_DC_COMBO_no": "0", "FAST_GB_T20234_3_DC__no": "0", "FAST_OTHERS_no": "0", "REMARK_FOR__OTHERS_": "-", "DATA_PATH": "-", "OBJECTID": 490, "total_chargers": 18 }, "geometry": { "type": "Point", "coordinates": [ 114.207565, 22.324621 ] } },
{ "type": "Feature", "properties": { "GmlID": "geotagging.491", "NAME_OF_DISTRICT_COUNCIL_DISTRICT_EN": "Kwun Tong", "LOCATION_EN": "Seaview Centre", "ADDRESS_EN": "139 Hoi Bun Road, Kwun Tong, KLN", "NAME_OF_DISTRICT_COUNCIL_DISTRICT_TC": "觀塘區", "LOCATION_TC": "海濱中心", "ADDRESS_TC": "觀塘海濱道139號", "NAME_OF_DISTRICT_COUNCIL_DISTRICT_SC": "观塘区", "LOCATION_SC": "海滨中心", "ADDRESS_SC": "观塘海滨道139号", "STANDARD_BS1363_no": "1", "MEDIUM_CCS_DC_COMBO_no": "0", "MEDIUM_IEC62196_no": "0", "MEDIUM_SAEJ1772_no": "0", "MEDIUM_GB_T20234_2_AC__no": "0", "MEDIUM_OTHERS_no": "0", "QUICK_CHAdeMO_no": "0", "QUICK_CCS_DC_COMBO_no": "0", "QUICK_IEC62196_no": "0", "QUICK_GB_T20234_3_DC__no": "0", "QUICK_OTHERS_no": "0", "FAST_CHAdeMO_no": "0", "FAST_CCS_DC_COMBO_no": "0", "FAST_GB_T20234_3_DC__no": "0", "FAST_OTHERS_no": "0", "REMARK_FOR__OTHERS_": "-", "DATA_PATH": "-", "OBJECTID": 491, "total_chargers": 1 }, "geometry": { "type": "Point", "coordinates": [ 114.217825, 22.312371 ] } },
{ "type": "Feature", "properties": { "GmlID": "geotagging.492", "NAME_OF_DISTRICT_COUNCIL_DISTRICT_EN": "Kwai Tsing", "LOCATION_EN": "Greenview Villa", "ADDRESS_EN": "18 Tsing Luk St, Tsing Yi", "NAME_OF_DISTRICT_COUNCIL_DISTRICT_TC": "葵青區", "LOCATION_TC": "綠悠雅苑", "ADDRESS_TC": "青衣青綠街18號", "NAME_OF_DISTRICT_COUNCIL_DISTRICT_SC": "葵青区", "LOCATION_SC": "绿悠雅苑", "ADDRESS_SC": "青衣青绿街18号", "STANDARD_BS1363_no": "52", "MEDIUM_CCS_DC_COMBO_no": "0", "MEDIUM_IEC62196_no": "0", "MEDIUM_SAEJ1772_no": "0", "MEDIUM_GB_T20234_2_AC__no": "0", "MEDIUM_OTHERS_no": "0", "QUICK_CHAdeMO_no": "0", "QUICK_CCS_DC_COMBO_no": "0", "QUICK_IEC62196_no": "0", "QUICK_GB_T20234_3_DC__no": "0", "QUICK_OTHERS_no": "0", "FAST_CHAdeMO_no": "0", "FAST_CCS_DC_COMBO_no": "0", "FAST_GB_T20234_3_DC__no": "0", "FAST_OTHERS_no": "0", "REMARK_FOR__OTHERS_": "-", "DATA_PATH": "-", "OBJECTID": 492, "total_chargers": 52 }, "geometry": { "type": "Point", "coordinates": [ 114.105069, 22.352927 ] } },
{ "type": "Feature", "properties": { "GmlID": "geotagging.493", "NAME_OF_DISTRICT_COUNCIL_DISTRICT_EN": "Kwai Tsing", "LOCATION_EN": "China Merchants Logistics Centre", "ADDRESS_EN": "38 Tsing Yi Hong Wan Rd, Tsing Yi", "NAME_OF_DISTRICT_COUNCIL_DISTRICT_TC": "葵青區", "LOCATION_TC": "中國招商局物流中心", "ADDRESS_TC": "青衣青衣航運路38 號", "NAME_OF_DISTRICT_COUNCIL_DISTRICT_SC": "葵青区", "LOCATION_SC": "中国招商局物流中心", "ADDRESS_SC": "青衣青衣航运路38 号", "STANDARD_BS1363_no": "0", "MEDIUM_CCS_DC_COMBO_no": "0", "MEDIUM_IEC62196_no": "6", "MEDIUM_SAEJ1772_no": "0", "MEDIUM_GB_T20234_2_AC__no": "0", "MEDIUM_OTHERS_no": "0", "QUICK_CHAdeMO_no": "1", "QUICK_CCS_DC_COMBO_no": "3", "QUICK_IEC62196_no": "1", "QUICK_GB_T20234_3_DC__no": "0", "QUICK_OTHERS_no": "0", "FAST_CHAdeMO_no": "0", "FAST_CCS_DC_COMBO_no": "0", "FAST_GB_T20234_3_DC__no": "0", "FAST_OTHERS_no": "0", "REMARK_FOR__OTHERS_": "-", "DATA_PATH": "-", "OBJECTID": 493, "total_chargers": 11 }, "geometry": { "type": "Point", "coordinates": [ 114.111605, 22.33395 ] } },
{ "type": "Feature", "properties": { "GmlID": "geotagging.494", "NAME_OF_DISTRICT_COUNCIL_DISTRICT_EN": "Sai Kung", "LOCATION_EN": "Mount Verdant", "ADDRESS_EN": "48 Chui Ling Road, Tseung Kwan O", "NAME_OF_DISTRICT_COUNCIL_DISTRICT_TC": "西貢區", "LOCATION_TC": "翠嶺峰", "ADDRESS_TC": "將軍澳翠嶺路48號", "NAME_OF_DISTRICT_COUNCIL_DISTRICT_SC": "西贡区", "LOCATION_SC": "翠岭峰", "ADDRESS_SC": "将军澳翠岭路48号", "STANDARD_BS1363_no": "42", "MEDIUM_CCS_DC_COMBO_no": "0", "MEDIUM_IEC62196_no": "0", "MEDIUM_SAEJ1772_no": "0", "MEDIUM_GB_T20234_2_AC__no": "0", "MEDIUM_OTHERS_no": "0", "QUICK_CHAdeMO_no": "0", "QUICK_CCS_DC_COMBO_no": "0", "QUICK_IEC62196_no": "0", "QUICK_GB_T20234_3_DC__no": "0", "QUICK_OTHERS_no": "0", "FAST_CHAdeMO_no": "0", "FAST_CCS_DC_COMBO_no": "0", "FAST_GB_T20234_3_DC__no": "0", "FAST_OTHERS_no": "0", "REMARK_FOR__OTHERS_": "-", "DATA_PATH": "-", "OBJECTID": 494, "total_chargers": 42 }, "geometry": { "type": "Point", "coordinates": [ 114.251219, 22.307652 ] } },
{ "type": "Feature", "properties": { "GmlID": "geotagging.495", "NAME_OF_DISTRICT_COUNCIL_DISTRICT_EN": "Sai Kung", "LOCATION_EN": "Radiant Towers", "ADDRESS_EN": "1 Yuk Nga Ln, Tseung Kwan O", "NAME_OF_DISTRICT_COUNCIL_DISTRICT_TC": "西貢區", "LOCATION_TC": "旭輝臺", "ADDRESS_TC": "將軍澳毓雅里1號", "NAME_OF_DISTRICT_COUNCIL_DISTRICT_SC": "西贡区", "LOCATION_SC": "旭辉台", "ADDRESS_SC": "将军澳毓雅里1号", "STANDARD_BS1363_no": "0", "MEDIUM_CCS_DC_COMBO_no": "0", "MEDIUM_IEC62196_no": "2", "MEDIUM_SAEJ1772_no": "0", "MEDIUM_GB_T20234_2_AC__no": "0", "MEDIUM_OTHERS_no": "0", "QUICK_CHAdeMO_no": "0", "QUICK_CCS_DC_COMBO_no": "0", "QUICK_IEC62196_no": "0", "QUICK_GB_T20234_3_DC__no": "0", "QUICK_OTHERS_no": "0", "FAST_CHAdeMO_no": "0", "FAST_CCS_DC_COMBO_no": "0", "FAST_GB_T20234_3_DC__no": "0", "FAST_OTHERS_no": "0", "REMARK_FOR__OTHERS_": "-", "DATA_PATH": "-", "OBJECTID": 495, "total_chargers": 2 }, "geometry": { "type": "Point", "coordinates": [ 114.254726, 22.323758 ] } },
{ "type": "Feature", "properties": { "GmlID": "geotagging.496", "NAME_OF_DISTRICT_COUNCIL_DISTRICT_EN": "Sha Tin", "LOCATION_EN": "Mountain Shore", "ADDRESS_EN": "8 Yuk Tai St, Ma On Shan", "NAME_OF_DISTRICT_COUNCIL_DISTRICT_TC": "沙田區", "LOCATION_TC": "曉峰灣畔", "ADDRESS_TC": "馬鞍山沃泰街8號", "NAME_OF_DISTRICT_COUNCIL_DISTRICT_SC": "沙田区", "LOCATION_SC": "晓峰湾畔", "ADDRESS_SC": "马鞍山沃泰街8号", "STANDARD_BS1363_no": "0", "MEDIUM_CCS_DC_COMBO_no": "0", "MEDIUM_IEC62196_no": "10", "MEDIUM_SAEJ1772_no": "0", "MEDIUM_GB_T20234_2_AC__no": "0", "MEDIUM_OTHERS_no": "0", "QUICK_CHAdeMO_no": "0", "QUICK_CCS_DC_COMBO_no": "0", "QUICK_IEC62196_no": "0", "QUICK_GB_T20234_3_DC__no": "0", "QUICK_OTHERS_no": "0", "FAST_CHAdeMO_no": "0", "FAST_CCS_DC_COMBO_no": "0", "FAST_GB_T20234_3_DC__no": "0", "FAST_OTHERS_no": "0", "REMARK_FOR__OTHERS_": "-", "DATA_PATH": "-", "OBJECTID": 496, "total_chargers": 10 }, "geometry": { "type": "Point", "coordinates": [ 114.222403, 22.411328 ] } },
{ "type": "Feature", "properties": { "GmlID": "geotagging.497", "NAME_OF_DISTRICT_COUNCIL_DISTRICT_EN": "Kwun Tong", "LOCATION_EN": "Kwun Tong Storefriendly Tower (Peninsula)", "ADDRESS_EN": "82 Hung To Road", "NAME_OF_DISTRICT_COUNCIL_DISTRICT_TC": "觀塘區", "LOCATION_TC": "觀塘儲存易集團中心 (東九龍)", "ADDRESS_TC": "觀塘鴻圖道82號", "NAME_OF_DISTRICT_COUNCIL_DISTRICT_SC": "观塘区", "LOCATION_SC": "观塘储存易集团中心 (东九龙)", "ADDRESS_SC": "观塘鸿图道82号", "STANDARD_BS1363_no": "0", "MEDIUM_CCS_DC_COMBO_no": "0", "MEDIUM_IEC62196_no": "0", "MEDIUM_SAEJ1772_no": "0", "MEDIUM_GB_T20234_2_AC__no": "0", "MEDIUM_OTHERS_no": "0", "QUICK_CHAdeMO_no": "0", "QUICK_CCS_DC_COMBO_no": "0", "QUICK_IEC62196_no": "15", "QUICK_GB_T20234_3_DC__no": "0", "QUICK_OTHERS_no": "0", "FAST_CHAdeMO_no": "0", "FAST_CCS_DC_COMBO_no": "0", "FAST_GB_T20234_3_DC__no": "0", "FAST_OTHERS_no": "0", "REMARK_FOR__OTHERS_": "-", "DATA_PATH": "https://ev-charger.epd.gov.hk/resource/ev_charger_avail/evca_ver_1_0.json", "OBJECTID": 497, "total_chargers": 15 }, "geometry": { "type": "Point", "coordinates": [ 114.22417, 22.30815 ] } },
{ "type": "Feature", "properties": { "GmlID": "geotagging.498", "NAME_OF_DISTRICT_COUNCIL_DISTRICT_EN": "Yau Tsim Mong", "LOCATION_EN": "Elements (South) Car Park", "ADDRESS_EN": "1, Tsim Sha Tsui, Austin Rd W", "NAME_OF_DISTRICT_COUNCIL_DISTRICT_TC": "油尖旺區", "LOCATION_TC": "圓方南停車場", "ADDRESS_TC": "柯士甸道一號", "NAME_OF_DISTRICT_COUNCIL_DISTRICT_SC": "油尖旺区", "LOCATION_SC": "圆方南停车场", "ADDRESS_SC": "柯士甸道一号", "STANDARD_BS1363_no": "0", "MEDIUM_CCS_DC_COMBO_no": "0", "MEDIUM_IEC62196_no": "0", "MEDIUM_SAEJ1772_no": "0", "MEDIUM_GB_T20234_2_AC__no": "0", "MEDIUM_OTHERS_no": "0", "QUICK_CHAdeMO_no": "0", "QUICK_CCS_DC_COMBO_no": "6", "QUICK_IEC62196_no": "16", "QUICK_GB_T20234_3_DC__no": "0", "QUICK_OTHERS_no": "0", "FAST_CHAdeMO_no": "0", "FAST_CCS_DC_COMBO_no": "0", "FAST_GB_T20234_3_DC__no": "0", "FAST_OTHERS_no": "0", "REMARK_FOR__OTHERS_": "-", "DATA_PATH": "-", "OBJECTID": 498, "total_chargers": 22 }, "geometry": { "type": "Point", "coordinates": [ 114.160137, 22.304218 ] } },
{ "type": "Feature", "properties": { "GmlID": "geotagging.499", "NAME_OF_DISTRICT_COUNCIL_DISTRICT_EN": "Sha Tin", "LOCATION_EN": "Greenhill Villa", "ADDRESS_EN": "63 Siu Lek Yuen Road, Siu Lek Yuen", "NAME_OF_DISTRICT_COUNCIL_DISTRICT_TC": "沙田區", "LOCATION_TC": "綠怡雅苑", "ADDRESS_TC": "小瀝源小瀝源路63號", "NAME_OF_DISTRICT_COUNCIL_DISTRICT_SC": "沙田区", "LOCATION_SC": "绿怡雅苑", "ADDRESS_SC": "小沥源小沥源路63号", "STANDARD_BS1363_no": "101", "MEDIUM_CCS_DC_COMBO_no": "0", "MEDIUM_IEC62196_no": "0", "MEDIUM_SAEJ1772_no": "0", "MEDIUM_GB_T20234_2_AC__no": "0", "MEDIUM_OTHERS_no": "0", "QUICK_CHAdeMO_no": "0", "QUICK_CCS_DC_COMBO_no": "0", "QUICK_IEC62196_no": "0", "QUICK_GB_T20234_3_DC__no": "0", "QUICK_OTHERS_no": "0", "FAST_CHAdeMO_no": "0", "FAST_CCS_DC_COMBO_no": "0", "FAST_GB_T20234_3_DC__no": "0", "FAST_OTHERS_no": "0", "REMARK_FOR__OTHERS_": "-", "DATA_PATH": "-", "OBJECTID": 499, "total_chargers": 101 }, "geometry": { "type": "Point", "coordinates": [ 114.21405, 22.384039 ] } },
{ "type": "Feature", "properties": { "GmlID": "geotagging.500", "NAME_OF_DISTRICT_COUNCIL_DISTRICT_EN": "Sha Tin", "LOCATION_EN": "Harry Industrial Building", "ADDRESS_EN": "49 Au Pui Wan Street Fo Tan", "NAME_OF_DISTRICT_COUNCIL_DISTRICT_TC": "沙田區", "LOCATION_TC": "火炭協力工業大廈", "ADDRESS_TC": "火炭坳背灣街49號協力工業大廈", "NAME_OF_DISTRICT_COUNCIL_DISTRICT_SC": "沙田区", "LOCATION_SC": "火炭协力工业大厦", "ADDRESS_SC": "火炭坳背湾街49号协力工业大厦", "STANDARD_BS1363_no": "0", "MEDIUM_CCS_DC_COMBO_no": "0", "MEDIUM_IEC62196_no": "3", "MEDIUM_SAEJ1772_no": "0", "MEDIUM_GB_T20234_2_AC__no": "0", "MEDIUM_OTHERS_no": "0", "QUICK_CHAdeMO_no": "0", "QUICK_CCS_DC_COMBO_no": "0", "QUICK_IEC62196_no": "0", "QUICK_GB_T20234_3_DC__no": "0", "QUICK_OTHERS_no": "0", "FAST_CHAdeMO_no": "0", "FAST_CCS_DC_COMBO_no": "0", "FAST_GB_T20234_3_DC__no": "0", "FAST_OTHERS_no": "0", "REMARK_FOR__OTHERS_": "-", "DATA_PATH": "-", "OBJECTID": 500, "total_chargers": 3 }, "geometry": { "type": "Point", "coordinates": [ 114.193691, 22.39844 ] } },
{ "type": "Feature", "properties": { "GmlID": "geotagging.501", "NAME_OF_DISTRICT_COUNCIL_DISTRICT_EN": "Yau Tsim Mong", "LOCATION_EN": "InterContinental Grand Stanford", "ADDRESS_EN": "70 Mody Rd", "NAME_OF_DISTRICT_COUNCIL_DISTRICT_TC": "油尖旺區", "LOCATION_TC": "海景嘉福洲際酒店", "ADDRESS_TC": "尖沙咀麼地道70號", "NAME_OF_DISTRICT_COUNCIL_DISTRICT_SC": "油尖旺区", "LOCATION_SC": "海景嘉福洲际酒店", "ADDRESS_SC": "尖沙咀么地道70号", "STANDARD_BS1363_no": "0", "MEDIUM_CCS_DC_COMBO_no": "0", "MEDIUM_IEC62196_no": "2", "MEDIUM_SAEJ1772_no": "0", "MEDIUM_GB_T20234_2_AC__no": "0", "MEDIUM_OTHERS_no": "0", "QUICK_CHAdeMO_no": "0", "QUICK_CCS_DC_COMBO_no": "0", "QUICK_IEC62196_no": "0", "QUICK_GB_T20234_3_DC__no": "0", "QUICK_OTHERS_no": "0", "FAST_CHAdeMO_no": "0", "FAST_CCS_DC_COMBO_no": "0", "FAST_GB_T20234_3_DC__no": "0", "FAST_OTHERS_no": "0", "REMARK_FOR__OTHERS_": "-", "DATA_PATH": "-", "OBJECTID": 501, "total_chargers": 2 }, "geometry": { "type": "Point", "coordinates": [ 114.17935, 22.29917 ] } },
{ "type": "Feature", "properties": { "GmlID": "geotagging.502", "NAME_OF_DISTRICT_COUNCIL_DISTRICT_EN": "Tsuen Wan", "LOCATION_EN": "BELLAHIO", "ADDRESS_EN": "CASTLE PEAK ROAD - SHAM TSENG, TSUEN WAN", "NAME_OF_DISTRICT_COUNCIL_DISTRICT_TC": "荃灣區", "LOCATION_TC": "碧堤半島", "ADDRESS_TC": "荃灣 青山公路　–　深井段", "NAME_OF_DISTRICT_COUNCIL_DISTRICT_SC": "荃湾区", "LOCATION_SC": "碧堤半岛", "ADDRESS_SC": "荃湾 青山公路　–　深井段", "STANDARD_BS1363_no": "0", "MEDIUM_CCS_DC_COMBO_no": "0", "MEDIUM_IEC62196_no": "3", "MEDIUM_SAEJ1772_no": "0", "MEDIUM_GB_T20234_2_AC__no": "0", "MEDIUM_OTHERS_no": "0", "QUICK_CHAdeMO_no": "0", "QUICK_CCS_DC_COMBO_no": "0", "QUICK_IEC62196_no": "0", "QUICK_GB_T20234_3_DC__no": "0", "QUICK_OTHERS_no": "0", "FAST_CHAdeMO_no": "0", "FAST_CCS_DC_COMBO_no": "0", "FAST_GB_T20234_3_DC__no": "0", "FAST_OTHERS_no": "0", "REMARK_FOR__OTHERS_": "-", "DATA_PATH": "-", "OBJECTID": 502, "total_chargers": 3 }, "geometry": { "type": "Point", "coordinates": [ 114.06064, 22.366492 ] } },
{ "type": "Feature", "properties": { "GmlID": "geotagging.503", "NAME_OF_DISTRICT_COUNCIL_DISTRICT_EN": "Wong Tai Sin", "LOCATION_EN": "TAK KEUNG COURT", "ADDRESS_EN": "FU KEUNG STREET, WONG TAI SIN", "NAME_OF_DISTRICT_COUNCIL_DISTRICT_TC": "黃大仙區", "LOCATION_TC": "德強苑", "ADDRESS_TC": "黃大仙 富強街", "NAME_OF_DISTRICT_COUNCIL_DISTRICT_SC": "黄大仙区", "LOCATION_SC": "德强苑", "ADDRESS_SC": "黄大仙 富强街", "STANDARD_BS1363_no": "0", "MEDIUM_CCS_DC_COMBO_no": "0", "MEDIUM_IEC62196_no": "6", "MEDIUM_SAEJ1772_no": "0", "MEDIUM_GB_T20234_2_AC__no": "0", "MEDIUM_OTHERS_no": "0", "QUICK_CHAdeMO_no": "0", "QUICK_CCS_DC_COMBO_no": "0", "QUICK_IEC62196_no": "0", "QUICK_GB_T20234_3_DC__no": "0", "QUICK_OTHERS_no": "0", "FAST_CHAdeMO_no": "0", "FAST_CCS_DC_COMBO_no": "0", "FAST_GB_T20234_3_DC__no": "0", "FAST_OTHERS_no": "0", "REMARK_FOR__OTHERS_": "-", "DATA_PATH": "-", "OBJECTID": 503, "total_chargers": 6 }, "geometry": { "type": "Point", "coordinates": [ 114.186209, 22.33917 ] } },
{ "type": "Feature", "properties": { "GmlID": "geotagging.504", "NAME_OF_DISTRICT_COUNCIL_DISTRICT_EN": "North", "LOCATION_EN": "Wah Sum Car Park", "ADDRESS_EN": "Wah Sum Shopping Centre, 18 Yat Ming Road, Fanling, New Territories", "NAME_OF_DISTRICT_COUNCIL_DISTRICT_TC": "北區", "LOCATION_TC": "華心停車場", "ADDRESS_TC": "新界粉嶺一鳴路18號華心商場", "NAME_OF_DISTRICT_COUNCIL_DISTRICT_SC": "北区", "LOCATION_SC": "华心停车场", "ADDRESS_SC": "新界粉岭一鸣路18号华心商场", "STANDARD_BS1363_no": "0", "MEDIUM_CCS_DC_COMBO_no": "0", "MEDIUM_IEC62196_no": "0", "MEDIUM_SAEJ1772_no": "0", "MEDIUM_GB_T20234_2_AC__no": "0", "MEDIUM_OTHERS_no": "0", "QUICK_CHAdeMO_no": "1", "QUICK_CCS_DC_COMBO_no": "1", "QUICK_IEC62196_no": "1", "QUICK_GB_T20234_3_DC__no": "0", "QUICK_OTHERS_no": "0", "FAST_CHAdeMO_no": "0", "FAST_CCS_DC_COMBO_no": "0", "FAST_GB_T20234_3_DC__no": "0", "FAST_OTHERS_no": "0", "REMARK_FOR__OTHERS_": "-", "DATA_PATH": "-", "OBJECTID": 504, "total_chargers": 3 }, "geometry": { "type": "Point", "coordinates": [ 114.142713, 22.486571 ] } },
{ "type": "Feature", "properties": { "GmlID": "geotagging.505", "NAME_OF_DISTRICT_COUNCIL_DISTRICT_EN": "Sha Tin", "LOCATION_EN": "ROYAL ASCOT PHASE 1 & 2", "ADDRESS_EN": "TSUN KING ROAD, SHATIN", "NAME_OF_DISTRICT_COUNCIL_DISTRICT_TC": "沙田區", "LOCATION_TC": "駿景園", "ADDRESS_TC": "沙田 駿景路", "NAME_OF_DISTRICT_COUNCIL_DISTRICT_SC": "沙田区", "LOCATION_SC": "骏景园", "ADDRESS_SC": "沙田 骏景路", "STANDARD_BS1363_no": "0", "MEDIUM_CCS_DC_COMBO_no": "0", "MEDIUM_IEC62196_no": "0", "MEDIUM_SAEJ1772_no": "0", "MEDIUM_GB_T20234_2_AC__no": "0", "MEDIUM_OTHERS_no": "0", "QUICK_CHAdeMO_no": "0", "QUICK_CCS_DC_COMBO_no": "2", "QUICK_IEC62196_no": "0", "QUICK_GB_T20234_3_DC__no": "0", "QUICK_OTHERS_no": "0", "FAST_CHAdeMO_no": "0", "FAST_CCS_DC_COMBO_no": "0", "FAST_GB_T20234_3_DC__no": "0", "FAST_OTHERS_no": "0", "REMARK_FOR__OTHERS_": "-", "DATA_PATH": "-", "OBJECTID": 505, "total_chargers": 2 }, "geometry": { "type": "Point", "coordinates": [ 114.203358, 22.401892 ] } },
{ "type": "Feature", "properties": { "GmlID": "geotagging.506", "NAME_OF_DISTRICT_COUNCIL_DISTRICT_EN": "Islands", "LOCATION_EN": "Caribbean Coast Phase 2 & 3", "ADDRESS_EN": "KIN TUNG ROAD, ISLANDS", "NAME_OF_DISTRICT_COUNCIL_DISTRICT_TC": "離島區", "LOCATION_TC": "映灣園二期及三期", "ADDRESS_TC": "離島 健東路", "NAME_OF_DISTRICT_COUNCIL_DISTRICT_SC": "离岛区", "LOCATION_SC": "映湾园二期及三期", "ADDRESS_SC": "离岛 健东路", "STANDARD_BS1363_no": "0", "MEDIUM_CCS_DC_COMBO_no": "0", "MEDIUM_IEC62196_no": "2", "MEDIUM_SAEJ1772_no": "0", "MEDIUM_GB_T20234_2_AC__no": "0", "MEDIUM_OTHERS_no": "0", "QUICK_CHAdeMO_no": "0", "QUICK_CCS_DC_COMBO_no": "2", "QUICK_IEC62196_no": "0", "QUICK_GB_T20234_3_DC__no": "0", "QUICK_OTHERS_no": "0", "FAST_CHAdeMO_no": "0", "FAST_CCS_DC_COMBO_no": "0", "FAST_GB_T20234_3_DC__no": "0", "FAST_OTHERS_no": "0", "REMARK_FOR__OTHERS_": "-", "DATA_PATH": "-", "OBJECTID": 506, "total_chargers": 4 }, "geometry": { "type": "Point", "coordinates": [ 113.94883, 22.291689 ] } },
{ "type": "Feature", "properties": { "GmlID": "geotagging.507", "NAME_OF_DISTRICT_COUNCIL_DISTRICT_EN": "Kowloon City", "LOCATION_EN": "Kowloon City Plaza Car Park", "ADDRESS_EN": "128 Carpenter Road, Kowloon City, Kowloon", "NAME_OF_DISTRICT_COUNCIL_DISTRICT_TC": "九龍城區", "LOCATION_TC": "九龍城廣場停車場", "ADDRESS_TC": "九龍城賈炳達道128號", "NAME_OF_DISTRICT_COUNCIL_DISTRICT_SC": "九龙城区", "LOCATION_SC": "九龙城广场停车场", "ADDRESS_SC": "九龙城贾炳达道128号", "STANDARD_BS1363_no": "0", "MEDIUM_CCS_DC_COMBO_no": "0", "MEDIUM_IEC62196_no": "5", "MEDIUM_SAEJ1772_no": "0", "MEDIUM_GB_T20234_2_AC__no": "0", "MEDIUM_OTHERS_no": "0", "QUICK_CHAdeMO_no": "0", "QUICK_CCS_DC_COMBO_no": "6", "QUICK_IEC62196_no": "0", "QUICK_GB_T20234_3_DC__no": "0", "QUICK_OTHERS_no": "0", "FAST_CHAdeMO_no": "0", "FAST_CCS_DC_COMBO_no": "0", "FAST_GB_T20234_3_DC__no": "0", "FAST_OTHERS_no": "0", "REMARK_FOR__OTHERS_": "-", "DATA_PATH": "-", "OBJECTID": 507, "total_chargers": 11 }, "geometry": { "type": "Point", "coordinates": [ 114.188153, 22.330925 ] } },
{ "type": "Feature", "properties": { "GmlID": "geotagging.508", "NAME_OF_DISTRICT_COUNCIL_DISTRICT_EN": "Tsuen Wan", "LOCATION_EN": "Tsuen Wan Plaza", "ADDRESS_EN": "TAI PA STREET, TSUEN WAN", "NAME_OF_DISTRICT_COUNCIL_DISTRICT_TC": "荃灣區", "LOCATION_TC": "荃灣廣場", "ADDRESS_TC": "荃灣 大壩街", "NAME_OF_DISTRICT_COUNCIL_DISTRICT_SC": "荃湾区", "LOCATION_SC": "荃湾广场", "ADDRESS_SC": "荃湾 大坝街", "STANDARD_BS1363_no": "0", "MEDIUM_CCS_DC_COMBO_no": "0", "MEDIUM_IEC62196_no": "0", "MEDIUM_SAEJ1772_no": "0", "MEDIUM_GB_T20234_2_AC__no": "0", "MEDIUM_OTHERS_no": "0", "QUICK_CHAdeMO_no": "0", "QUICK_CCS_DC_COMBO_no": "4", "QUICK_IEC62196_no": "0", "QUICK_GB_T20234_3_DC__no": "0", "QUICK_OTHERS_no": "0", "FAST_CHAdeMO_no": "0", "FAST_CCS_DC_COMBO_no": "0", "FAST_GB_T20234_3_DC__no": "0", "FAST_OTHERS_no": "0", "REMARK_FOR__OTHERS_": "-", "DATA_PATH": "-", "OBJECTID": 508, "total_chargers": 4 }, "geometry": { "type": "Point", "coordinates": [ 114.111221, 22.370762 ] } },
{ "type": "Feature", "properties": { "GmlID": "geotagging.509", "NAME_OF_DISTRICT_COUNCIL_DISTRICT_EN": "Sham Shui Po", "LOCATION_EN": "D2 Place one", "ADDRESS_EN": "CHEUNG YEE STREET, SHAM SHUI PO", "NAME_OF_DISTRICT_COUNCIL_DISTRICT_TC": "深水埗區", "LOCATION_TC": "D2 Place one", "ADDRESS_TC": "深水埗長義街", "NAME_OF_DISTRICT_COUNCIL_DISTRICT_SC": "深水埗区", "LOCATION_SC": "D2 Place one", "ADDRESS_SC": "深水埗长义街", "STANDARD_BS1363_no": "0", "MEDIUM_CCS_DC_COMBO_no": "0", "MEDIUM_IEC62196_no": "0", "MEDIUM_SAEJ1772_no": "0", "MEDIUM_GB_T20234_2_AC__no": "0", "MEDIUM_OTHERS_no": "0", "QUICK_CHAdeMO_no": "0", "QUICK_CCS_DC_COMBO_no": "2", "QUICK_IEC62196_no": "0", "QUICK_GB_T20234_3_DC__no": "0", "QUICK_OTHERS_no": "0", "FAST_CHAdeMO_no": "0", "FAST_CCS_DC_COMBO_no": "0", "FAST_GB_T20234_3_DC__no": "0", "FAST_OTHERS_no": "0", "REMARK_FOR__OTHERS_": "-", "DATA_PATH": "-", "OBJECTID": 509, "total_chargers": 2 }, "geometry": { "type": "Point", "coordinates": [ 114.148749, 22.336106 ] } },
{ "type": "Feature", "properties": { "GmlID": "geotagging.510", "NAME_OF_DISTRICT_COUNCIL_DISTRICT_EN": "Sham Shui Po", "LOCATION_EN": "CRE Centre", "ADDRESS_EN": "889 CHEUNG SHA WAN ROAD", "NAME_OF_DISTRICT_COUNCIL_DISTRICT_TC": "深水埗區", "LOCATION_TC": "華創中心", "ADDRESS_TC": "長沙灣長沙灣道889號", "NAME_OF_DISTRICT_COUNCIL_DISTRICT_SC": "深水埗区", "LOCATION_SC": "华创中心", "ADDRESS_SC": "长沙湾长沙湾道889号", "STANDARD_BS1363_no": "0", "MEDIUM_CCS_DC_COMBO_no": "0", "MEDIUM_IEC62196_no": "0", "MEDIUM_SAEJ1772_no": "0", "MEDIUM_GB_T20234_2_AC__no": "0", "MEDIUM_OTHERS_no": "0", "QUICK_CHAdeMO_no": "0", "QUICK_CCS_DC_COMBO_no": "3", "QUICK_IEC62196_no": "0", "QUICK_GB_T20234_3_DC__no": "0", "QUICK_OTHERS_no": "0", "FAST_CHAdeMO_no": "0", "FAST_CCS_DC_COMBO_no": "0", "FAST_GB_T20234_3_DC__no": "0", "FAST_OTHERS_no": "0", "REMARK_FOR__OTHERS_": "-", "DATA_PATH": "-", "OBJECTID": 510, "total_chargers": 3 }, "geometry": { "type": "Point", "coordinates": [ 114.147028, 22.336546 ] } },
{ "type": "Feature", "properties": { "GmlID": "geotagging.511", "NAME_OF_DISTRICT_COUNCIL_DISTRICT_EN": "Eastern", "LOCATION_EN": "HANG TSUI COURT", "ADDRESS_EN": "TSUI WAN STREET, EASTERN", "NAME_OF_DISTRICT_COUNCIL_DISTRICT_TC": "東區", "LOCATION_TC": "杏翠苑", "ADDRESS_TC": "東區 翠灣街", "NAME_OF_DISTRICT_COUNCIL_DISTRICT_SC": "东区", "LOCATION_SC": "杏翠苑", "ADDRESS_SC": "东区 翠湾街", "STANDARD_BS1363_no": "3", "MEDIUM_CCS_DC_COMBO_no": "0", "MEDIUM_IEC62196_no": "1", "MEDIUM_SAEJ1772_no": "0", "MEDIUM_GB_T20234_2_AC__no": "0", "MEDIUM_OTHERS_no": "0", "QUICK_CHAdeMO_no": "0", "QUICK_CCS_DC_COMBO_no": "0", "QUICK_IEC62196_no": "0", "QUICK_GB_T20234_3_DC__no": "0", "QUICK_OTHERS_no": "0", "FAST_CHAdeMO_no": "0", "FAST_CCS_DC_COMBO_no": "0", "FAST_GB_T20234_3_DC__no": "0", "FAST_OTHERS_no": "0", "REMARK_FOR__OTHERS_": "-", "DATA_PATH": "-", "OBJECTID": 511, "total_chargers": 4 }, "geometry": { "type": "Point", "coordinates": [ 114.241919, 22.267542 ] } },
{ "type": "Feature", "properties": { "GmlID": "geotagging.512", "NAME_OF_DISTRICT_COUNCIL_DISTRICT_EN": "Eastern", "LOCATION_EN": "YEE TSUI COURT", "ADDRESS_EN": "YEE SHUN STREET, EASTERN", "NAME_OF_DISTRICT_COUNCIL_DISTRICT_TC": "東區", "LOCATION_TC": "怡翠苑", "ADDRESS_TC": "東區 怡順街", "NAME_OF_DISTRICT_COUNCIL_DISTRICT_SC": "东区", "LOCATION_SC": "怡翠苑", "ADDRESS_SC": "东区 怡顺街", "STANDARD_BS1363_no": "1", "MEDIUM_CCS_DC_COMBO_no": "0", "MEDIUM_IEC62196_no": "1", "MEDIUM_SAEJ1772_no": "0", "MEDIUM_GB_T20234_2_AC__no": "0", "MEDIUM_OTHERS_no": "0", "QUICK_CHAdeMO_no": "0", "QUICK_CCS_DC_COMBO_no": "0", "QUICK_IEC62196_no": "0", "QUICK_GB_T20234_3_DC__no": "0", "QUICK_OTHERS_no": "0", "FAST_CHAdeMO_no": "0", "FAST_CCS_DC_COMBO_no": "0", "FAST_GB_T20234_3_DC__no": "0", "FAST_OTHERS_no": "0", "REMARK_FOR__OTHERS_": "-", "DATA_PATH": "-", "OBJECTID": 512, "total_chargers": 2 }, "geometry": { "type": "Point", "coordinates": [ 114.239183, 22.265112 ] } },
{ "type": "Feature", "properties": { "GmlID": "geotagging.513", "NAME_OF_DISTRICT_COUNCIL_DISTRICT_EN": "Yuen Long", "LOCATION_EN": "Yoho Mall I Zone A, B  I A, B", "ADDRESS_EN": "YUEN LUNG STREET, YUEN LONG", "NAME_OF_DISTRICT_COUNCIL_DISTRICT_TC": "元朗區", "LOCATION_TC": "形點 I (A, B區)", "ADDRESS_TC": "元朗 元龍街", "NAME_OF_DISTRICT_COUNCIL_DISTRICT_SC": "元朗区", "LOCATION_SC": "形点 I (A, B区)", "ADDRESS_SC": "元朗 元龙街", "STANDARD_BS1363_no": "0", "MEDIUM_CCS_DC_COMBO_no": "0", "MEDIUM_IEC62196_no": "0", "MEDIUM_SAEJ1772_no": "0", "MEDIUM_GB_T20234_2_AC__no": "0", "MEDIUM_OTHERS_no": "0", "QUICK_CHAdeMO_no": "0", "QUICK_CCS_DC_COMBO_no": "4", "QUICK_IEC62196_no": "0", "QUICK_GB_T20234_3_DC__no": "0", "QUICK_OTHERS_no": "0", "FAST_CHAdeMO_no": "0", "FAST_CCS_DC_COMBO_no": "0", "FAST_GB_T20234_3_DC__no": "0", "FAST_OTHERS_no": "0", "REMARK_FOR__OTHERS_": "-", "DATA_PATH": "-", "OBJECTID": 513, "total_chargers": 4 }, "geometry": { "type": "Point", "coordinates": [ 114.036636, 22.443572 ] } },
{ "type": "Feature", "properties": { "GmlID": "geotagging.514", "NAME_OF_DISTRICT_COUNCIL_DISTRICT_EN": "Kwun Tong", "LOCATION_EN": "CHEUNG WO COURT", "ADDRESS_EN": "WAN HON STREET, KWUN TONG", "NAME_OF_DISTRICT_COUNCIL_DISTRICT_TC": "觀塘區", "LOCATION_TC": "祥和苑", "ADDRESS_TC": "觀塘 雲漢街", "NAME_OF_DISTRICT_COUNCIL_DISTRICT_SC": "观塘区", "LOCATION_SC": "祥和苑", "ADDRESS_SC": "观塘 云汉街", "STANDARD_BS1363_no": "0", "MEDIUM_CCS_DC_COMBO_no": "0", "MEDIUM_IEC62196_no": "5", "MEDIUM_SAEJ1772_no": "0", "MEDIUM_GB_T20234_2_AC__no": "0", "MEDIUM_OTHERS_no": "0", "QUICK_CHAdeMO_no": "0", "QUICK_CCS_DC_COMBO_no": "0", "QUICK_IEC62196_no": "0", "QUICK_GB_T20234_3_DC__no": "0", "QUICK_OTHERS_no": "0", "FAST_CHAdeMO_no": "0", "FAST_CCS_DC_COMBO_no": "0", "FAST_GB_T20234_3_DC__no": "0", "FAST_OTHERS_no": "0", "REMARK_FOR__OTHERS_": "-", "DATA_PATH": "-", "OBJECTID": 514, "total_chargers": 5 }, "geometry": { "type": "Point", "coordinates": [ 114.227118, 22.319065 ] } },
{ "type": "Feature", "properties": { "GmlID": "geotagging.515", "NAME_OF_DISTRICT_COUNCIL_DISTRICT_EN": "Tsuen Wan", "LOCATION_EN": "BAYVIEW GARDEN CARPARK", "ADDRESS_EN": "CASTLE PEAK ROAD, TSUEN WAN", "NAME_OF_DISTRICT_COUNCIL_DISTRICT_TC": "荃灣區", "LOCATION_TC": "灣景花園停車場", "ADDRESS_TC": "荃灣 青山道", "NAME_OF_DISTRICT_COUNCIL_DISTRICT_SC": "荃湾区", "LOCATION_SC": "湾景花园停车场", "ADDRESS_SC": "荃湾 青山道", "STANDARD_BS1363_no": "0", "MEDIUM_CCS_DC_COMBO_no": "0", "MEDIUM_IEC62196_no": "7", "MEDIUM_SAEJ1772_no": "0", "MEDIUM_GB_T20234_2_AC__no": "0", "MEDIUM_OTHERS_no": "0", "QUICK_CHAdeMO_no": "0", "QUICK_CCS_DC_COMBO_no": "0", "QUICK_IEC62196_no": "0", "QUICK_GB_T20234_3_DC__no": "0", "QUICK_OTHERS_no": "0", "FAST_CHAdeMO_no": "0", "FAST_CCS_DC_COMBO_no": "1", "FAST_GB_T20234_3_DC__no": "0", "FAST_OTHERS_no": "0", "REMARK_FOR__OTHERS_": "-", "DATA_PATH": "https://ev-charger.epd.gov.hk/resource/ev_charger_avail/evca_ver_1_0.json", "OBJECTID": 515, "total_chargers": 8 }, "geometry": { "type": "Point", "coordinates": [ 114.099463, 22.369584 ] } },
{ "type": "Feature", "properties": { "GmlID": "geotagging.516", "NAME_OF_DISTRICT_COUNCIL_DISTRICT_EN": "Tsuen Wan", "LOCATION_EN": "Global Plaza", "ADDRESS_EN": "CASTLE PEAK ROAD - TSUEN WAN", "NAME_OF_DISTRICT_COUNCIL_DISTRICT_TC": "荃灣區", "LOCATION_TC": "環貿廣場", "ADDRESS_TC": "青山公路－荃灣段", "NAME_OF_DISTRICT_COUNCIL_DISTRICT_SC": "荃湾区", "LOCATION_SC": "环贸广场", "ADDRESS_SC": "青山公路－荃湾段", "STANDARD_BS1363_no": "0", "MEDIUM_CCS_DC_COMBO_no": "0", "MEDIUM_IEC62196_no": "36", "MEDIUM_SAEJ1772_no": "0", "MEDIUM_GB_T20234_2_AC__no": "0", "MEDIUM_OTHERS_no": "0", "QUICK_CHAdeMO_no": "0", "QUICK_CCS_DC_COMBO_no": "7", "QUICK_IEC62196_no": "0", "QUICK_GB_T20234_3_DC__no": "0", "QUICK_OTHERS_no": "0", "FAST_CHAdeMO_no": "0", "FAST_CCS_DC_COMBO_no": "0", "FAST_GB_T20234_3_DC__no": "0", "FAST_OTHERS_no": "0", "REMARK_FOR__OTHERS_": "-", "DATA_PATH": "https://ev-charger.epd.gov.hk/resource/ev_charger_avail/evca_ver_1_0.json", "OBJECTID": 516, "total_chargers": 43 }, "geometry": { "type": "Point", "coordinates": [ 114.1081, 22.375276 ] } },
{ "type": "Feature", "properties": { "GmlID": "geotagging.517", "NAME_OF_DISTRICT_COUNCIL_DISTRICT_EN": "Kwai Tsing", "LOCATION_EN": "Tsui Yiu Court", "ADDRESS_EN": "LAI CHI LING ROAD, KWAI TSING", "NAME_OF_DISTRICT_COUNCIL_DISTRICT_TC": "葵青區", "LOCATION_TC": "翠瑤苑", "ADDRESS_TC": "葵青 荔枝嶺路", "NAME_OF_DISTRICT_COUNCIL_DISTRICT_SC": "葵青区", "LOCATION_SC": "翠瑶苑", "ADDRESS_SC": "葵青 荔枝岭路", "STANDARD_BS1363_no": "0", "MEDIUM_CCS_DC_COMBO_no": "0", "MEDIUM_IEC62196_no": "2", "MEDIUM_SAEJ1772_no": "0", "MEDIUM_GB_T20234_2_AC__no": "0", "MEDIUM_OTHERS_no": "0", "QUICK_CHAdeMO_no": "0", "QUICK_CCS_DC_COMBO_no": "0", "QUICK_IEC62196_no": "0", "QUICK_GB_T20234_3_DC__no": "0", "QUICK_OTHERS_no": "0", "FAST_CHAdeMO_no": "0", "FAST_CCS_DC_COMBO_no": "0", "FAST_GB_T20234_3_DC__no": "0", "FAST_OTHERS_no": "0", "REMARK_FOR__OTHERS_": "-", "DATA_PATH": "-", "OBJECTID": 517, "total_chargers": 2 }, "geometry": { "type": "Point", "coordinates": [ 114.131664, 22.350667 ] } },
{ "type": "Feature", "properties": { "GmlID": "geotagging.518", "NAME_OF_DISTRICT_COUNCIL_DISTRICT_EN": "Kwai Tsing", "LOCATION_EN": "Yuet Lai Court", "ADDRESS_EN": "LAI CHO ROAD, KWAI TSING", "NAME_OF_DISTRICT_COUNCIL_DISTRICT_TC": "葵青區", "LOCATION_TC": "悅麗苑", "ADDRESS_TC": "葵青 麗祖路", "NAME_OF_DISTRICT_COUNCIL_DISTRICT_SC": "葵青区", "LOCATION_SC": "悅丽苑", "ADDRESS_SC": "葵青 丽祖路", "STANDARD_BS1363_no": "0", "MEDIUM_CCS_DC_COMBO_no": "0", "MEDIUM_IEC62196_no": "1", "MEDIUM_SAEJ1772_no": "0", "MEDIUM_GB_T20234_2_AC__no": "0", "MEDIUM_OTHERS_no": "0", "QUICK_CHAdeMO_no": "0", "QUICK_CCS_DC_COMBO_no": "0", "QUICK_IEC62196_no": "0", "QUICK_GB_T20234_3_DC__no": "0", "QUICK_OTHERS_no": "0", "FAST_CHAdeMO_no": "0", "FAST_CCS_DC_COMBO_no": "0", "FAST_GB_T20234_3_DC__no": "0", "FAST_OTHERS_no": "0", "REMARK_FOR__OTHERS_": "-", "DATA_PATH": "-", "OBJECTID": 518, "total_chargers": 1 }, "geometry": { "type": "Point", "coordinates": [ 114.127114, 22.348387 ] } },
{ "type": "Feature", "properties": { "GmlID": "geotagging.519", "NAME_OF_DISTRICT_COUNCIL_DISTRICT_EN": "Sham Shui Po", "LOCATION_EN": "LAW'S COMMERCIAL PLAZA", "ADDRESS_EN": "CHEUNG SHA WAN ROAD, SHAM SHUI PO", "NAME_OF_DISTRICT_COUNCIL_DISTRICT_TC": "深水埗區", "LOCATION_TC": "羅氏商業廣場", "ADDRESS_TC": "深水埗長沙灣道", "NAME_OF_DISTRICT_COUNCIL_DISTRICT_SC": "深水埗区", "LOCATION_SC": "罗氏商业广场", "ADDRESS_SC": "深水埗长沙湾道", "STANDARD_BS1363_no": "0", "MEDIUM_CCS_DC_COMBO_no": "0", "MEDIUM_IEC62196_no": "11", "MEDIUM_SAEJ1772_no": "0", "MEDIUM_GB_T20234_2_AC__no": "0", "MEDIUM_OTHERS_no": "0", "QUICK_CHAdeMO_no": "0", "QUICK_CCS_DC_COMBO_no": "4", "QUICK_IEC62196_no": "0", "QUICK_GB_T20234_3_DC__no": "0", "QUICK_OTHERS_no": "0", "FAST_CHAdeMO_no": "0", "FAST_CCS_DC_COMBO_no": "0", "FAST_GB_T20234_3_DC__no": "0", "FAST_OTHERS_no": "0", "REMARK_FOR__OTHERS_": "-", "DATA_PATH": "-", "OBJECTID": 519, "total_chargers": 15 }, "geometry": { "type": "Point", "coordinates": [ 114.149826, 22.338219 ] } },
{ "type": "Feature", "properties": { "GmlID": "geotagging.520", "NAME_OF_DISTRICT_COUNCIL_DISTRICT_EN": "Sham Shui Po", "LOCATION_EN": "D2 Place Two", "ADDRESS_EN": "CHEUNG SHUN STREET, SHAM SHUI PO", "NAME_OF_DISTRICT_COUNCIL_DISTRICT_TC": "深水埗區", "LOCATION_TC": "D2 Place Two", "ADDRESS_TC": "深水埗長順街", "NAME_OF_DISTRICT_COUNCIL_DISTRICT_SC": "深水埗区", "LOCATION_SC": "D2 Place Two", "ADDRESS_SC": "深水埗长顺街", "STANDARD_BS1363_no": "0", "MEDIUM_CCS_DC_COMBO_no": "0", "MEDIUM_IEC62196_no": "18", "MEDIUM_SAEJ1772_no": "0", "MEDIUM_GB_T20234_2_AC__no": "0", "MEDIUM_OTHERS_no": "0", "QUICK_CHAdeMO_no": "0", "QUICK_CCS_DC_COMBO_no": "0", "QUICK_IEC62196_no": "0", "QUICK_GB_T20234_3_DC__no": "0", "QUICK_OTHERS_no": "0", "FAST_CHAdeMO_no": "0", "FAST_CCS_DC_COMBO_no": "0", "FAST_GB_T20234_3_DC__no": "0", "FAST_OTHERS_no": "0", "REMARK_FOR__OTHERS_": "-", "DATA_PATH": "-", "OBJECTID": 520, "total_chargers": 18 }, "geometry": { "type": "Point", "coordinates": [ 114.147534, 22.336154 ] } },
{ "type": "Feature", "properties": { "GmlID": "geotagging.521", "NAME_OF_DISTRICT_COUNCIL_DISTRICT_EN": "Wan Chai", "LOCATION_EN": "68 Yee Wo Street", "ADDRESS_EN": "YEE WO STREET, WAN CHAI", "NAME_OF_DISTRICT_COUNCIL_DISTRICT_TC": "灣仔區", "LOCATION_TC": "怡和街68號", "ADDRESS_TC": "灣仔 怡和街", "NAME_OF_DISTRICT_COUNCIL_DISTRICT_SC": "湾仔区", "LOCATION_SC": "怡和街68号", "ADDRESS_SC": "湾仔 怡和街", "STANDARD_BS1363_no": "0", "MEDIUM_CCS_DC_COMBO_no": "0", "MEDIUM_IEC62196_no": "0", "MEDIUM_SAEJ1772_no": "0", "MEDIUM_GB_T20234_2_AC__no": "0", "MEDIUM_OTHERS_no": "0", "QUICK_CHAdeMO_no": "0", "QUICK_CCS_DC_COMBO_no": "6", "QUICK_IEC62196_no": "6", "QUICK_GB_T20234_3_DC__no": "0", "QUICK_OTHERS_no": "0", "FAST_CHAdeMO_no": "0", "FAST_CCS_DC_COMBO_no": "0", "FAST_GB_T20234_3_DC__no": "0", "FAST_OTHERS_no": "0", "REMARK_FOR__OTHERS_": "-", "DATA_PATH": "https://ev-charger.epd.gov.hk/resource/ev_charger_avail/evca_ver_1_0.json", "OBJECTID": 521, "total_chargers": 12 }, "geometry": { "type": "Point", "coordinates": [ 114.18646, 22.279233 ] } },
{ "type": "Feature", "properties": { "GmlID": "geotagging.522", "NAME_OF_DISTRICT_COUNCIL_DISTRICT_EN": "Southern", "LOCATION_EN": "STANLEY PLAZA & MA HANG ESTATE", "ADDRESS_EN": "CAPE ROAD, SOUTHERN", "NAME_OF_DISTRICT_COUNCIL_DISTRICT_TC": "南區", "LOCATION_TC": "赤柱廣場 & 馬坑邨", "ADDRESS_TC": "南區 環角道", "NAME_OF_DISTRICT_COUNCIL_DISTRICT_SC": "南区", "LOCATION_SC": "赤柱广场 & 马坑邨", "ADDRESS_SC": "南区 环角道", "STANDARD_BS1363_no": "0", "MEDIUM_CCS_DC_COMBO_no": "0", "MEDIUM_IEC62196_no": "3", "MEDIUM_SAEJ1772_no": "0", "MEDIUM_GB_T20234_2_AC__no": "0", "MEDIUM_OTHERS_no": "0", "QUICK_CHAdeMO_no": "0", "QUICK_CCS_DC_COMBO_no": "0", "QUICK_IEC62196_no": "0", "QUICK_GB_T20234_3_DC__no": "0", "QUICK_OTHERS_no": "0", "FAST_CHAdeMO_no": "0", "FAST_CCS_DC_COMBO_no": "0", "FAST_GB_T20234_3_DC__no": "0", "FAST_OTHERS_no": "0", "REMARK_FOR__OTHERS_": "-", "DATA_PATH": "-", "OBJECTID": 522, "total_chargers": 3 }, "geometry": { "type": "Point", "coordinates": [ 114.206263, 22.221216 ] } },
{ "type": "Feature", "properties": { "GmlID": "geotagging.523", "NAME_OF_DISTRICT_COUNCIL_DISTRICT_EN": "Kowloon City", "LOCATION_EN": "ZUNG FU CAR PARK BUILDING", "ADDRESS_EN": "PO LOI STREET, KOWLOON CITY", "NAME_OF_DISTRICT_COUNCIL_DISTRICT_TC": "九龍城區", "LOCATION_TC": "仁孚停車場", "ADDRESS_TC": "九龍城 寶來街", "NAME_OF_DISTRICT_COUNCIL_DISTRICT_SC": "九龙城区", "LOCATION_SC": "仁孚停车场", "ADDRESS_SC": "九龙城 宝来街", "STANDARD_BS1363_no": "0", "MEDIUM_CCS_DC_COMBO_no": "0", "MEDIUM_IEC62196_no": "0", "MEDIUM_SAEJ1772_no": "0", "MEDIUM_GB_T20234_2_AC__no": "0", "MEDIUM_OTHERS_no": "0", "QUICK_CHAdeMO_no": "0", "QUICK_CCS_DC_COMBO_no": "4", "QUICK_IEC62196_no": "26", "QUICK_GB_T20234_3_DC__no": "0", "QUICK_OTHERS_no": "0", "FAST_CHAdeMO_no": "0", "FAST_CCS_DC_COMBO_no": "0", "FAST_GB_T20234_3_DC__no": "0", "FAST_OTHERS_no": "0", "REMARK_FOR__OTHERS_": "-", "DATA_PATH": "-", "OBJECTID": 523, "total_chargers": 30 }, "geometry": { "type": "Point", "coordinates": [ 114.186919, 22.305818 ] } },
{ "type": "Feature", "properties": { "GmlID": "geotagging.524", "NAME_OF_DISTRICT_COUNCIL_DISTRICT_EN": "Kwun Tong", "LOCATION_EN": "SCENEWAY GARDEN", "ADDRESS_EN": "SCENEWAY ROAD, KWUN TONG", "NAME_OF_DISTRICT_COUNCIL_DISTRICT_TC": "觀塘區", "LOCATION_TC": "匯景花園", "ADDRESS_TC": "觀塘 匯景道", "NAME_OF_DISTRICT_COUNCIL_DISTRICT_SC": "观塘区", "LOCATION_SC": "汇景花园", "ADDRESS_SC": "观塘 汇景道", "STANDARD_BS1363_no": "0", "MEDIUM_CCS_DC_COMBO_no": "0", "MEDIUM_IEC62196_no": "0", "MEDIUM_SAEJ1772_no": "0", "MEDIUM_GB_T20234_2_AC__no": "0", "MEDIUM_OTHERS_no": "0", "QUICK_CHAdeMO_no": "0", "QUICK_CCS_DC_COMBO_no": "2", "QUICK_IEC62196_no": "0", "QUICK_GB_T20234_3_DC__no": "0", "QUICK_OTHERS_no": "0", "FAST_CHAdeMO_no": "0", "FAST_CCS_DC_COMBO_no": "0", "FAST_GB_T20234_3_DC__no": "0", "FAST_OTHERS_no": "0", "REMARK_FOR__OTHERS_": "-", "DATA_PATH": "-", "OBJECTID": 524, "total_chargers": 2 }, "geometry": { "type": "Point", "coordinates": [ 114.233329, 22.306883 ] } },
{ "type": "Feature", "properties": { "GmlID": "geotagging.525", "NAME_OF_DISTRICT_COUNCIL_DISTRICT_EN": "Eastern", "LOCATION_EN": "KODAK HOUSE 2", "ADDRESS_EN": "HEALTHY STREET EAST, EASTERN", "NAME_OF_DISTRICT_COUNCIL_DISTRICT_TC": "東區", "LOCATION_TC": "柯達大廈二座", "ADDRESS_TC": "東區 健康東街", "NAME_OF_DISTRICT_COUNCIL_DISTRICT_SC": "东区", "LOCATION_SC": "柯达大厦二座", "ADDRESS_SC": "东区 健康东街", "STANDARD_BS1363_no": "0", "MEDIUM_CCS_DC_COMBO_no": "0", "MEDIUM_IEC62196_no": "0", "MEDIUM_SAEJ1772_no": "0", "MEDIUM_GB_T20234_2_AC__no": "0", "MEDIUM_OTHERS_no": "0", "QUICK_CHAdeMO_no": "0", "QUICK_CCS_DC_COMBO_no": "2", "QUICK_IEC62196_no": "0", "QUICK_GB_T20234_3_DC__no": "0", "QUICK_OTHERS_no": "0", "FAST_CHAdeMO_no": "0", "FAST_CCS_DC_COMBO_no": "0", "FAST_GB_T20234_3_DC__no": "0", "FAST_OTHERS_no": "0", "REMARK_FOR__OTHERS_": "-", "DATA_PATH": "-", "OBJECTID": 525, "total_chargers": 2 }, "geometry": { "type": "Point", "coordinates": [ 114.206996, 22.292613 ] } },
{ "type": "Feature", "properties": { "GmlID": "geotagging.526", "NAME_OF_DISTRICT_COUNCIL_DISTRICT_EN": "Tai Po", "LOCATION_EN": "RICHWOOD PARK", "ADDRESS_EN": "LO FAI ROAD, TAI PO", "NAME_OF_DISTRICT_COUNCIL_DISTRICT_TC": "大埔區", "LOCATION_TC": "嘉豐花園", "ADDRESS_TC": "大埔 露輝路", "NAME_OF_DISTRICT_COUNCIL_DISTRICT_SC": "大埔区", "LOCATION_SC": "嘉丰花园", "ADDRESS_SC": "大埔 露辉路", "STANDARD_BS1363_no": "0", "MEDIUM_CCS_DC_COMBO_no": "0", "MEDIUM_IEC62196_no": "16", "MEDIUM_SAEJ1772_no": "0", "MEDIUM_GB_T20234_2_AC__no": "0", "MEDIUM_OTHERS_no": "0", "QUICK_CHAdeMO_no": "0", "QUICK_CCS_DC_COMBO_no": "2", "QUICK_IEC62196_no": "0", "QUICK_GB_T20234_3_DC__no": "0", "QUICK_OTHERS_no": "0", "FAST_CHAdeMO_no": "0", "FAST_CCS_DC_COMBO_no": "0", "FAST_GB_T20234_3_DC__no": "0", "FAST_OTHERS_no": "0", "REMARK_FOR__OTHERS_": "-", "DATA_PATH": "-", "OBJECTID": 526, "total_chargers": 18 }, "geometry": { "type": "Point", "coordinates": [ 114.19583, 22.463892 ] } },
{ "type": "Feature", "properties": { "GmlID": "geotagging.527", "NAME_OF_DISTRICT_COUNCIL_DISTRICT_EN": "Tai Po", "LOCATION_EN": "WAN TAU TONG ESTATE", "ADDRESS_EN": "TAT WAN ROAD, TAI PO", "NAME_OF_DISTRICT_COUNCIL_DISTRICT_TC": "大埔區", "LOCATION_TC": "運頭塘邨", "ADDRESS_TC": "大埔 達運道", "NAME_OF_DISTRICT_COUNCIL_DISTRICT_SC": "大埔区", "LOCATION_SC": "运头塘邨", "ADDRESS_SC": "大埔 达运道", "STANDARD_BS1363_no": "0", "MEDIUM_CCS_DC_COMBO_no": "0", "MEDIUM_IEC62196_no": "0", "MEDIUM_SAEJ1772_no": "0", "MEDIUM_GB_T20234_2_AC__no": "0", "MEDIUM_OTHERS_no": "0", "QUICK_CHAdeMO_no": "0", "QUICK_CCS_DC_COMBO_no": "2", "QUICK_IEC62196_no": "0", "QUICK_GB_T20234_3_DC__no": "0", "QUICK_OTHERS_no": "0", "FAST_CHAdeMO_no": "0", "FAST_CCS_DC_COMBO_no": "0", "FAST_GB_T20234_3_DC__no": "0", "FAST_OTHERS_no": "0", "REMARK_FOR__OTHERS_": "-", "DATA_PATH": "-", "OBJECTID": 527, "total_chargers": 2 }, "geometry": { "type": "Point", "coordinates": [ 114.167278, 22.442124 ] } },
{ "type": "Feature", "properties": { "GmlID": "geotagging.528", "NAME_OF_DISTRICT_COUNCIL_DISTRICT_EN": "Kowloon City", "LOCATION_EN": "CHUNG HWA BUILDING", "ADDRESS_EN": "MA HANG CHUNG ROAD, KOWLOON CITY", "NAME_OF_DISTRICT_COUNCIL_DISTRICT_TC": "九龍城區", "LOCATION_TC": "中華大廈", "ADDRESS_TC": "九龍城 馬坑涌道", "NAME_OF_DISTRICT_COUNCIL_DISTRICT_SC": "九龙城区", "LOCATION_SC": "中华大厦", "ADDRESS_SC": "九龙城 马坑涌道", "STANDARD_BS1363_no": "0", "MEDIUM_CCS_DC_COMBO_no": "0", "MEDIUM_IEC62196_no": "0", "MEDIUM_SAEJ1772_no": "0", "MEDIUM_GB_T20234_2_AC__no": "0", "MEDIUM_OTHERS_no": "0", "QUICK_CHAdeMO_no": "0", "QUICK_CCS_DC_COMBO_no": "0", "QUICK_IEC62196_no": "2", "QUICK_GB_T20234_3_DC__no": "0", "QUICK_OTHERS_no": "0", "FAST_CHAdeMO_no": "0", "FAST_CCS_DC_COMBO_no": "0", "FAST_GB_T20234_3_DC__no": "0", "FAST_OTHERS_no": "0", "REMARK_FOR__OTHERS_": "-", "DATA_PATH": "-", "OBJECTID": 528, "total_chargers": 2 }, "geometry": { "type": "Point", "coordinates": [ 114.18835, 22.320134 ] } },
{ "type": "Feature", "properties": { "GmlID": "geotagging.529", "NAME_OF_DISTRICT_COUNCIL_DISTRICT_EN": "Wan Chai", "LOCATION_EN": "The Zenith", "ADDRESS_EN": "QUEEN'S ROAD EAST, WAN CHAI", "NAME_OF_DISTRICT_COUNCIL_DISTRICT_TC": "灣仔區", "LOCATION_TC": "尚翹峰", "ADDRESS_TC": "灣仔 皇后大道東", "NAME_OF_DISTRICT_COUNCIL_DISTRICT_SC": "湾仔区", "LOCATION_SC": "尚翘峰", "ADDRESS_SC": "湾仔 皇后大道东", "STANDARD_BS1363_no": "0", "MEDIUM_CCS_DC_COMBO_no": "0", "MEDIUM_IEC62196_no": "9", "MEDIUM_SAEJ1772_no": "0", "MEDIUM_GB_T20234_2_AC__no": "0", "MEDIUM_OTHERS_no": "0", "QUICK_CHAdeMO_no": "0", "QUICK_CCS_DC_COMBO_no": "2", "QUICK_IEC62196_no": "0", "QUICK_GB_T20234_3_DC__no": "0", "QUICK_OTHERS_no": "0", "FAST_CHAdeMO_no": "0", "FAST_CCS_DC_COMBO_no": "0", "FAST_GB_T20234_3_DC__no": "0", "FAST_OTHERS_no": "0", "REMARK_FOR__OTHERS_": "-", "DATA_PATH": "https://ev-charger.epd.gov.hk/resource/ev_charger_avail/evca_ver_1_0.json", "OBJECTID": 529, "total_chargers": 11 }, "geometry": { "type": "Point", "coordinates": [ 114.173882, 22.274854 ] } },
{ "type": "Feature", "properties": { "GmlID": "geotagging.530", "NAME_OF_DISTRICT_COUNCIL_DISTRICT_EN": "Wan Chai", "LOCATION_EN": "COFCO Tower", "ADDRESS_EN": "GLOUCESTER ROAD, WAN CHAI", "NAME_OF_DISTRICT_COUNCIL_DISTRICT_TC": "灣仔區", "LOCATION_TC": "中糧大廈", "ADDRESS_TC": "灣仔 告士打道", "NAME_OF_DISTRICT_COUNCIL_DISTRICT_SC": "湾仔区", "LOCATION_SC": "中粮大厦", "ADDRESS_SC": "湾仔 告士打道", "STANDARD_BS1363_no": "0", "MEDIUM_CCS_DC_COMBO_no": "0", "MEDIUM_IEC62196_no": "0", "MEDIUM_SAEJ1772_no": "0", "MEDIUM_GB_T20234_2_AC__no": "0", "MEDIUM_OTHERS_no": "0", "QUICK_CHAdeMO_no": "0", "QUICK_CCS_DC_COMBO_no": "16", "QUICK_IEC62196_no": "0", "QUICK_GB_T20234_3_DC__no": "0", "QUICK_OTHERS_no": "0", "FAST_CHAdeMO_no": "0", "FAST_CCS_DC_COMBO_no": "0", "FAST_GB_T20234_3_DC__no": "0", "FAST_OTHERS_no": "0", "REMARK_FOR__OTHERS_": "-", "DATA_PATH": "-", "OBJECTID": 530, "total_chargers": 16 }, "geometry": { "type": "Point", "coordinates": [ 114.182813, 22.281616 ] } },
{ "type": "Feature", "properties": { "GmlID": "geotagging.531", "NAME_OF_DISTRICT_COUNCIL_DISTRICT_EN": "Kwun Tong", "LOCATION_EN": "Tsui Ping North Phase 2 Car Park", "ADDRESS_EN": "Tsui Ping Road, Kwun Tong", "NAME_OF_DISTRICT_COUNCIL_DISTRICT_TC": "觀塘區", "LOCATION_TC": "翠屏北2號停車場", "ADDRESS_TC": "觀塘 翠屏道", "NAME_OF_DISTRICT_COUNCIL_DISTRICT_SC": "观塘区", "LOCATION_SC": "翠屏北2号停车场", "ADDRESS_SC": "观塘 翠屏道", "STANDARD_BS1363_no": "0", "MEDIUM_CCS_DC_COMBO_no": "0", "MEDIUM_IEC62196_no": "0", "MEDIUM_SAEJ1772_no": "0", "MEDIUM_GB_T20234_2_AC__no": "0", "MEDIUM_OTHERS_no": "0", "QUICK_CHAdeMO_no": "0", "QUICK_CCS_DC_COMBO_no": "2", "QUICK_IEC62196_no": "0", "QUICK_GB_T20234_3_DC__no": "0", "QUICK_OTHERS_no": "0", "FAST_CHAdeMO_no": "0", "FAST_CCS_DC_COMBO_no": "0", "FAST_GB_T20234_3_DC__no": "0", "FAST_OTHERS_no": "0", "REMARK_FOR__OTHERS_": "-", "DATA_PATH": "-", "OBJECTID": 531, "total_chargers": 2 }, "geometry": { "type": "Point", "coordinates": [ 114.229521, 22.316666 ] } },
{ "type": "Feature", "properties": { "GmlID": "geotagging.532", "NAME_OF_DISTRICT_COUNCIL_DISTRICT_EN": "Kowloon City", "LOCATION_EN": "GRAND WATERFRONT", "ADDRESS_EN": "SAN MA TAU STREET, KOWLOON CITY", "NAME_OF_DISTRICT_COUNCIL_DISTRICT_TC": "九龍城區", "LOCATION_TC": "翔龍灣", "ADDRESS_TC": "九龍城 新碼頭街", "NAME_OF_DISTRICT_COUNCIL_DISTRICT_SC": "九龙城区", "LOCATION_SC": "翔龙湾", "ADDRESS_SC": "九龙城 新码头街", "STANDARD_BS1363_no": "0", "MEDIUM_CCS_DC_COMBO_no": "0", "MEDIUM_IEC62196_no": "3", "MEDIUM_SAEJ1772_no": "0", "MEDIUM_GB_T20234_2_AC__no": "0", "MEDIUM_OTHERS_no": "0", "QUICK_CHAdeMO_no": "0", "QUICK_CCS_DC_COMBO_no": "4", "QUICK_IEC62196_no": "0", "QUICK_GB_T20234_3_DC__no": "0", "QUICK_OTHERS_no": "0", "FAST_CHAdeMO_no": "0", "FAST_CCS_DC_COMBO_no": "0", "FAST_GB_T20234_3_DC__no": "0", "FAST_OTHERS_no": "0", "REMARK_FOR__OTHERS_": "-", "DATA_PATH": "-", "OBJECTID": 532, "total_chargers": 7 }, "geometry": { "type": "Point", "coordinates": [ 114.193373, 22.31929 ] } },
{ "type": "Feature", "properties": { "GmlID": "geotagging.533", "NAME_OF_DISTRICT_COUNCIL_DISTRICT_EN": "Yuen Long", "LOCATION_EN": "BEAUTY COURT", "ADDRESS_EN": "3 Hung Tai Road, Hung Shui Kiu, Yuen Long", "NAME_OF_DISTRICT_COUNCIL_DISTRICT_TC": "元朗區", "LOCATION_TC": "麗珊園", "ADDRESS_TC": "元朗洪水橋洪堤路3號", "NAME_OF_DISTRICT_COUNCIL_DISTRICT_SC": "元朗区", "LOCATION_SC": "丽珊园", "ADDRESS_SC": "元朗洪水桥洪堤路3号", "STANDARD_BS1363_no": "0", "MEDIUM_CCS_DC_COMBO_no": "0", "MEDIUM_IEC62196_no": "0", "MEDIUM_SAEJ1772_no": "0", "MEDIUM_GB_T20234_2_AC__no": "0", "MEDIUM_OTHERS_no": "0", "QUICK_CHAdeMO_no": "0", "QUICK_CCS_DC_COMBO_no": "2", "QUICK_IEC62196_no": "0", "QUICK_GB_T20234_3_DC__no": "0", "QUICK_OTHERS_no": "0", "FAST_CHAdeMO_no": "0", "FAST_CCS_DC_COMBO_no": "0", "FAST_GB_T20234_3_DC__no": "0", "FAST_OTHERS_no": "0", "REMARK_FOR__OTHERS_": "-", "DATA_PATH": "-", "OBJECTID": 533, "total_chargers": 2 }, "geometry": { "type": "Point", "coordinates": [ 113.996914, 22.433651 ] } },
{ "type": "Feature", "properties": { "GmlID": "geotagging.534", "NAME_OF_DISTRICT_COUNCIL_DISTRICT_EN": "Wan Chai", "LOCATION_EN": "DAH SING FINANCIAL CENTRE", "ADDRESS_EN": "QUEEN'S ROAD EAST, WAN CHAI", "NAME_OF_DISTRICT_COUNCIL_DISTRICT_TC": "灣仔區", "LOCATION_TC": "大新金融中心", "ADDRESS_TC": "灣仔 皇后大道東", "NAME_OF_DISTRICT_COUNCIL_DISTRICT_SC": "湾仔区", "LOCATION_SC": "大新金融中心", "ADDRESS_SC": "湾仔 皇后大道东", "STANDARD_BS1363_no": "0", "MEDIUM_CCS_DC_COMBO_no": "0", "MEDIUM_IEC62196_no": "1", "MEDIUM_SAEJ1772_no": "0", "MEDIUM_GB_T20234_2_AC__no": "0", "MEDIUM_OTHERS_no": "0", "QUICK_CHAdeMO_no": "0", "QUICK_CCS_DC_COMBO_no": "2", "QUICK_IEC62196_no": "0", "QUICK_GB_T20234_3_DC__no": "0", "QUICK_OTHERS_no": "0", "FAST_CHAdeMO_no": "0", "FAST_CCS_DC_COMBO_no": "0", "FAST_GB_T20234_3_DC__no": "0", "FAST_OTHERS_no": "0", "REMARK_FOR__OTHERS_": "-", "DATA_PATH": "https://ev-charger.epd.gov.hk/resource/ev_charger_avail/evca_ver_1_0.json", "OBJECTID": 534, "total_chargers": 3 }, "geometry": { "type": "Point", "coordinates": [ 114.173527, 22.274789 ] } },
{ "type": "Feature", "properties": { "GmlID": "geotagging.535", "NAME_OF_DISTRICT_COUNCIL_DISTRICT_EN": "Sha Tin", "LOCATION_EN": "Goldfield Industrial Centre", "ADDRESS_EN": "SUI WO ROAD, SHATIN", "NAME_OF_DISTRICT_COUNCIL_DISTRICT_TC": "沙田區", "LOCATION_TC": "豐利工業中心", "ADDRESS_TC": "沙田 穗禾路", "NAME_OF_DISTRICT_COUNCIL_DISTRICT_SC": "沙田区", "LOCATION_SC": "丰利工业中心", "ADDRESS_SC": "沙田 穗禾路", "STANDARD_BS1363_no": "0", "MEDIUM_CCS_DC_COMBO_no": "0", "MEDIUM_IEC62196_no": "0", "MEDIUM_SAEJ1772_no": "0", "MEDIUM_GB_T20234_2_AC__no": "0", "MEDIUM_OTHERS_no": "0", "QUICK_CHAdeMO_no": "0", "QUICK_CCS_DC_COMBO_no": "8", "QUICK_IEC62196_no": "0", "QUICK_GB_T20234_3_DC__no": "0", "QUICK_OTHERS_no": "0", "FAST_CHAdeMO_no": "0", "FAST_CCS_DC_COMBO_no": "0", "FAST_GB_T20234_3_DC__no": "0", "FAST_OTHERS_no": "0", "REMARK_FOR__OTHERS_": "-", "DATA_PATH": "-", "OBJECTID": 535, "total_chargers": 8 }, "geometry": { "type": "Point", "coordinates": [ 114.192238, 22.397514 ] } },
{ "type": "Feature", "properties": { "GmlID": "geotagging.536", "NAME_OF_DISTRICT_COUNCIL_DISTRICT_EN": "Kwai Tsing", "LOCATION_EN": "Regent Centre Tower B", "ADDRESS_EN": "TA CHUEN PING STREET, KWAI TSING", "NAME_OF_DISTRICT_COUNCIL_DISTRICT_TC": "葵青區", "LOCATION_TC": "麗晶中心Ｂ座", "ADDRESS_TC": "葵青 打磚坪街", "NAME_OF_DISTRICT_COUNCIL_DISTRICT_SC": "葵青区", "LOCATION_SC": "丽晶中心Ｂ座", "ADDRESS_SC": "葵青 打砖坪街", "STANDARD_BS1363_no": "0", "MEDIUM_CCS_DC_COMBO_no": "0", "MEDIUM_IEC62196_no": "8", "MEDIUM_SAEJ1772_no": "0", "MEDIUM_GB_T20234_2_AC__no": "0", "MEDIUM_OTHERS_no": "0", "QUICK_CHAdeMO_no": "0", "QUICK_CCS_DC_COMBO_no": "14", "QUICK_IEC62196_no": "0", "QUICK_GB_T20234_3_DC__no": "0", "QUICK_OTHERS_no": "0", "FAST_CHAdeMO_no": "0", "FAST_CCS_DC_COMBO_no": "0", "FAST_GB_T20234_3_DC__no": "0", "FAST_OTHERS_no": "0", "REMARK_FOR__OTHERS_": "-", "DATA_PATH": "-", "OBJECTID": 536, "total_chargers": 22 }, "geometry": { "type": "Point", "coordinates": [ 114.138122, 22.367922 ] } },
{ "type": "Feature", "properties": { "GmlID": "geotagging.537", "NAME_OF_DISTRICT_COUNCIL_DISTRICT_EN": "Sham Shui Po", "LOCATION_EN": "LIBERTE", "ADDRESS_EN": "LAI CHI KOK ROAD, SHAM SHUI PO", "NAME_OF_DISTRICT_COUNCIL_DISTRICT_TC": "深水埗區", "LOCATION_TC": "昇悅居", "ADDRESS_TC": "深水埗荔枝角道", "NAME_OF_DISTRICT_COUNCIL_DISTRICT_SC": "深水埗区", "LOCATION_SC": "昇悅居", "ADDRESS_SC": "深水埗荔枝角道", "STANDARD_BS1363_no": "0", "MEDIUM_CCS_DC_COMBO_no": "0", "MEDIUM_IEC62196_no": "6", "MEDIUM_SAEJ1772_no": "0", "MEDIUM_GB_T20234_2_AC__no": "0", "MEDIUM_OTHERS_no": "0", "QUICK_CHAdeMO_no": "0", "QUICK_CCS_DC_COMBO_no": "8", "QUICK_IEC62196_no": "0", "QUICK_GB_T20234_3_DC__no": "0", "QUICK_OTHERS_no": "0", "FAST_CHAdeMO_no": "0", "FAST_CCS_DC_COMBO_no": "0", "FAST_GB_T20234_3_DC__no": "0", "FAST_OTHERS_no": "0", "REMARK_FOR__OTHERS_": "-", "DATA_PATH": "-", "OBJECTID": 537, "total_chargers": 14 }, "geometry": { "type": "Point", "coordinates": [ 114.14921, 22.334341 ] } },
{ "type": "Feature", "properties": { "GmlID": "geotagging.538", "NAME_OF_DISTRICT_COUNCIL_DISTRICT_EN": "Sha Tin", "LOCATION_EN": "CCT TELECOM BUILDING", "ADDRESS_EN": "WO SHING STREET, SHATIN", "NAME_OF_DISTRICT_COUNCIL_DISTRICT_TC": "沙田區", "LOCATION_TC": "中建電訊大廈", "ADDRESS_TC": "沙田 禾盛街", "NAME_OF_DISTRICT_COUNCIL_DISTRICT_SC": "沙田区", "LOCATION_SC": "中建电讯大厦", "ADDRESS_SC": "沙田 禾盛街", "STANDARD_BS1363_no": "0", "MEDIUM_CCS_DC_COMBO_no": "0", "MEDIUM_IEC62196_no": "0", "MEDIUM_SAEJ1772_no": "0", "MEDIUM_GB_T20234_2_AC__no": "0", "MEDIUM_OTHERS_no": "0", "QUICK_CHAdeMO_no": "0", "QUICK_CCS_DC_COMBO_no": "2", "QUICK_IEC62196_no": "0", "QUICK_GB_T20234_3_DC__no": "0", "QUICK_OTHERS_no": "0", "FAST_CHAdeMO_no": "0", "FAST_CCS_DC_COMBO_no": "0", "FAST_GB_T20234_3_DC__no": "0", "FAST_OTHERS_no": "0", "REMARK_FOR__OTHERS_": "-", "DATA_PATH": "-", "OBJECTID": 538, "total_chargers": 2 }, "geometry": { "type": "Point", "coordinates": [ 114.19754, 22.397341 ] } },
{ "type": "Feature", "properties": { "GmlID": "geotagging.539", "NAME_OF_DISTRICT_COUNCIL_DISTRICT_EN": "Wan Chai", "LOCATION_EN": "C C WU BUILDING", "ADDRESS_EN": "HENNESSY ROAD, WAN CHAI", "NAME_OF_DISTRICT_COUNCIL_DISTRICT_TC": "灣仔區", "LOCATION_TC": "集成中心", "ADDRESS_TC": "灣仔 軒尼詩道", "NAME_OF_DISTRICT_COUNCIL_DISTRICT_SC": "湾仔区", "LOCATION_SC": "集成中心", "ADDRESS_SC": "湾仔 轩尼诗道", "STANDARD_BS1363_no": "0", "MEDIUM_CCS_DC_COMBO_no": "0", "MEDIUM_IEC62196_no": "12", "MEDIUM_SAEJ1772_no": "0", "MEDIUM_GB_T20234_2_AC__no": "0", "MEDIUM_OTHERS_no": "0", "QUICK_CHAdeMO_no": "0", "QUICK_CCS_DC_COMBO_no": "0", "QUICK_IEC62196_no": "0", "QUICK_GB_T20234_3_DC__no": "0", "QUICK_OTHERS_no": "0", "FAST_CHAdeMO_no": "0", "FAST_CCS_DC_COMBO_no": "0", "FAST_GB_T20234_3_DC__no": "0", "FAST_OTHERS_no": "0", "REMARK_FOR__OTHERS_": "-", "DATA_PATH": "-", "OBJECTID": 539, "total_chargers": 12 }, "geometry": { "type": "Point", "coordinates": [ 114.177845, 22.277787 ] } },
{ "type": "Feature", "properties": { "GmlID": "geotagging.540", "NAME_OF_DISTRICT_COUNCIL_DISTRICT_EN": "Tsuen Wan", "LOCATION_EN": "Ocean Pride", "ADDRESS_EN": "TAI HO ROAD, TSUEN WAN", "NAME_OF_DISTRICT_COUNCIL_DISTRICT_TC": "荃灣區", "LOCATION_TC": "海之戀", "ADDRESS_TC": "荃灣 大河道", "NAME_OF_DISTRICT_COUNCIL_DISTRICT_SC": "荃湾区", "LOCATION_SC": "海之恋", "ADDRESS_SC": "荃湾 大河道", "STANDARD_BS1363_no": "0", "MEDIUM_CCS_DC_COMBO_no": "0", "MEDIUM_IEC62196_no": "0", "MEDIUM_SAEJ1772_no": "0", "MEDIUM_GB_T20234_2_AC__no": "0", "MEDIUM_OTHERS_no": "0", "QUICK_CHAdeMO_no": "0", "QUICK_CCS_DC_COMBO_no": "0", "QUICK_IEC62196_no": "0", "QUICK_GB_T20234_3_DC__no": "0", "QUICK_OTHERS_no": "0", "FAST_CHAdeMO_no": "0", "FAST_CCS_DC_COMBO_no": "2", "FAST_GB_T20234_3_DC__no": "0", "FAST_OTHERS_no": "0", "REMARK_FOR__OTHERS_": "-", "DATA_PATH": "https://ev-charger.epd.gov.hk/resource/ev_charger_avail/evca_ver_1_0.json", "OBJECTID": 540, "total_chargers": 2 }, "geometry": { "type": "Point", "coordinates": [ 114.109419, 22.368029 ] } },
{ "type": "Feature", "properties": { "GmlID": "geotagging.541", "NAME_OF_DISTRICT_COUNCIL_DISTRICT_EN": "Sha Tin", "LOCATION_EN": "SUNSHINE CITY (THE TOLO PLACE PHASE 5)", "ADDRESS_EN": "SAI SHA ROAD, SHATIN", "NAME_OF_DISTRICT_COUNCIL_DISTRICT_TC": "沙田區", "LOCATION_TC": "新港城第5期", "ADDRESS_TC": "沙田 西沙路", "NAME_OF_DISTRICT_COUNCIL_DISTRICT_SC": "沙田区", "LOCATION_SC": "新港城第5期", "ADDRESS_SC": "沙田 西沙路", "STANDARD_BS1363_no": "0", "MEDIUM_CCS_DC_COMBO_no": "0", "MEDIUM_IEC62196_no": "5", "MEDIUM_SAEJ1772_no": "0", "MEDIUM_GB_T20234_2_AC__no": "0", "MEDIUM_OTHERS_no": "0", "QUICK_CHAdeMO_no": "0", "QUICK_CCS_DC_COMBO_no": "0", "QUICK_IEC62196_no": "0", "QUICK_GB_T20234_3_DC__no": "0", "QUICK_OTHERS_no": "0", "FAST_CHAdeMO_no": "0", "FAST_CCS_DC_COMBO_no": "0", "FAST_GB_T20234_3_DC__no": "0", "FAST_OTHERS_no": "0", "REMARK_FOR__OTHERS_": "-", "DATA_PATH": "-", "OBJECTID": 541, "total_chargers": 5 }, "geometry": { "type": "Point", "coordinates": [ 114.229761, 22.425125 ] } },
{ "type": "Feature", "properties": { "GmlID": "geotagging.542", "NAME_OF_DISTRICT_COUNCIL_DISTRICT_EN": "Southern", "LOCATION_EN": "THE REPULSE BAY", "ADDRESS_EN": "REPULSE BAY ROAD, SOUTHERN", "NAME_OF_DISTRICT_COUNCIL_DISTRICT_TC": "南區", "LOCATION_TC": "影灣園", "ADDRESS_TC": "南區 淺水灣道", "NAME_OF_DISTRICT_COUNCIL_DISTRICT_SC": "南区", "LOCATION_SC": "影湾园", "ADDRESS_SC": "南区 浅水湾道", "STANDARD_BS1363_no": "0", "MEDIUM_CCS_DC_COMBO_no": "0", "MEDIUM_IEC62196_no": "3", "MEDIUM_SAEJ1772_no": "0", "MEDIUM_GB_T20234_2_AC__no": "0", "MEDIUM_OTHERS_no": "0", "QUICK_CHAdeMO_no": "0", "QUICK_CCS_DC_COMBO_no": "1", "QUICK_IEC62196_no": "0", "QUICK_GB_T20234_3_DC__no": "0", "QUICK_OTHERS_no": "0", "FAST_CHAdeMO_no": "0", "FAST_CCS_DC_COMBO_no": "0", "FAST_GB_T20234_3_DC__no": "0", "FAST_OTHERS_no": "0", "REMARK_FOR__OTHERS_": "-", "DATA_PATH": "-", "OBJECTID": 542, "total_chargers": 4 }, "geometry": { "type": "Point", "coordinates": [ 114.195771, 22.238954 ] } },
{ "type": "Feature", "properties": { "GmlID": "geotagging.543", "NAME_OF_DISTRICT_COUNCIL_DISTRICT_EN": "Wan Chai", "LOCATION_EN": "CAPITAL CENTRE", "ADDRESS_EN": "GLOUCESTER ROAD, WAN CHAI", "NAME_OF_DISTRICT_COUNCIL_DISTRICT_TC": "灣仔區", "LOCATION_TC": "資本中心", "ADDRESS_TC": "灣仔 告士打道", "NAME_OF_DISTRICT_COUNCIL_DISTRICT_SC": "湾仔区", "LOCATION_SC": "资本中心", "ADDRESS_SC": "湾仔 告士打道", "STANDARD_BS1363_no": "0", "MEDIUM_CCS_DC_COMBO_no": "0", "MEDIUM_IEC62196_no": "0", "MEDIUM_SAEJ1772_no": "0", "MEDIUM_GB_T20234_2_AC__no": "0", "MEDIUM_OTHERS_no": "0", "QUICK_CHAdeMO_no": "0", "QUICK_CCS_DC_COMBO_no": "0", "QUICK_IEC62196_no": "2", "QUICK_GB_T20234_3_DC__no": "0", "QUICK_OTHERS_no": "0", "FAST_CHAdeMO_no": "0", "FAST_CCS_DC_COMBO_no": "0", "FAST_GB_T20234_3_DC__no": "0", "FAST_OTHERS_no": "0", "REMARK_FOR__OTHERS_": "-", "DATA_PATH": "https://ev-charger.epd.gov.hk/resource/ev_charger_avail/evca_ver_1_0.json", "OBJECTID": 543, "total_chargers": 2 }, "geometry": { "type": "Point", "coordinates": [ 114.1774, 22.279403 ] } },
{ "type": "Feature", "properties": { "GmlID": "geotagging.544", "NAME_OF_DISTRICT_COUNCIL_DISTRICT_EN": "Tuen Mun", "LOCATION_EN": "YUET WU VILLA", "ADDRESS_EN": "WU SAU STREET, TUEN MUN", "NAME_OF_DISTRICT_COUNCIL_DISTRICT_TC": "屯門區", "LOCATION_TC": "悅湖山莊", "ADDRESS_TC": "屯門 湖秀街", "NAME_OF_DISTRICT_COUNCIL_DISTRICT_SC": "屯门区", "LOCATION_SC": "悅湖山庄", "ADDRESS_SC": "屯门 湖秀街", "STANDARD_BS1363_no": "0", "MEDIUM_CCS_DC_COMBO_no": "0", "MEDIUM_IEC62196_no": "4", "MEDIUM_SAEJ1772_no": "0", "MEDIUM_GB_T20234_2_AC__no": "0", "MEDIUM_OTHERS_no": "0", "QUICK_CHAdeMO_no": "0", "QUICK_CCS_DC_COMBO_no": "0", "QUICK_IEC62196_no": "0", "QUICK_GB_T20234_3_DC__no": "0", "QUICK_OTHERS_no": "0", "FAST_CHAdeMO_no": "0", "FAST_CCS_DC_COMBO_no": "0", "FAST_GB_T20234_3_DC__no": "0", "FAST_OTHERS_no": "0", "REMARK_FOR__OTHERS_": "-", "DATA_PATH": "-", "OBJECTID": 544, "total_chargers": 4 }, "geometry": { "type": "Point", "coordinates": [ 113.969516, 22.373987 ] } },
{ "type": "Feature", "properties": { "GmlID": "geotagging.545", "NAME_OF_DISTRICT_COUNCIL_DISTRICT_EN": "Tsuen Wan", "LOCATION_EN": "CHAN KEE COMMERCIAL CENTRE", "ADDRESS_EN": "CASTLE PEAK ROAD, TSUEN WAN", "NAME_OF_DISTRICT_COUNCIL_DISTRICT_TC": "荃灣區", "LOCATION_TC": "陳記商業中心", "ADDRESS_TC": "荃灣 青山道", "NAME_OF_DISTRICT_COUNCIL_DISTRICT_SC": "荃湾区", "LOCATION_SC": "陈记商业中心", "ADDRESS_SC": "荃湾 青山道", "STANDARD_BS1363_no": "0", "MEDIUM_CCS_DC_COMBO_no": "0", "MEDIUM_IEC62196_no": "0", "MEDIUM_SAEJ1772_no": "0", "MEDIUM_GB_T20234_2_AC__no": "0", "MEDIUM_OTHERS_no": "0", "QUICK_CHAdeMO_no": "0", "QUICK_CCS_DC_COMBO_no": "0", "QUICK_IEC62196_no": "3", "QUICK_GB_T20234_3_DC__no": "0", "QUICK_OTHERS_no": "0", "FAST_CHAdeMO_no": "0", "FAST_CCS_DC_COMBO_no": "0", "FAST_GB_T20234_3_DC__no": "0", "FAST_OTHERS_no": "0", "REMARK_FOR__OTHERS_": "-", "DATA_PATH": "https://ev-charger.epd.gov.hk/resource/ev_charger_avail/evca_ver_1_0.json", "OBJECTID": 545, "total_chargers": 3 }, "geometry": { "type": "Point", "coordinates": [ 114.05991, 22.367874 ] } },
{ "type": "Feature", "properties": { "GmlID": "geotagging.546", "NAME_OF_DISTRICT_COUNCIL_DISTRICT_EN": "Wong Tai Sin", "LOCATION_EN": "TIN MA COURT", "ADDRESS_EN": "KAM CHUK LANE, WONG TAI SIN", "NAME_OF_DISTRICT_COUNCIL_DISTRICT_TC": "黃大仙區", "LOCATION_TC": "天馬苑", "ADDRESS_TC": "黃大仙 金竹里", "NAME_OF_DISTRICT_COUNCIL_DISTRICT_SC": "黄大仙区", "LOCATION_SC": "天马苑", "ADDRESS_SC": "黄大仙 金竹里", "STANDARD_BS1363_no": "0", "MEDIUM_CCS_DC_COMBO_no": "0", "MEDIUM_IEC62196_no": "0", "MEDIUM_SAEJ1772_no": "0", "MEDIUM_GB_T20234_2_AC__no": "0", "MEDIUM_OTHERS_no": "0", "QUICK_CHAdeMO_no": "0", "QUICK_CCS_DC_COMBO_no": "4", "QUICK_IEC62196_no": "0", "QUICK_GB_T20234_3_DC__no": "0", "QUICK_OTHERS_no": "0", "FAST_CHAdeMO_no": "0", "FAST_CCS_DC_COMBO_no": "0", "FAST_GB_T20234_3_DC__no": "0", "FAST_OTHERS_no": "0", "REMARK_FOR__OTHERS_": "-", "DATA_PATH": "https://ev-charger.epd.gov.hk/resource/ev_charger_avail/evca_ver_1_0.json", "OBJECTID": 546, "total_chargers": 4 }, "geometry": { "type": "Point", "coordinates": [ 114.185961, 22.342952 ] } },
{ "type": "Feature", "properties": { "GmlID": "geotagging.547", "NAME_OF_DISTRICT_COUNCIL_DISTRICT_EN": "Tsuen Wan", "LOCATION_EN": "INTERNATIONAL TRADE CENTRE", "ADDRESS_EN": "SHA TSUI ROAD, TSUEN WAN", "NAME_OF_DISTRICT_COUNCIL_DISTRICT_TC": "荃灣區", "LOCATION_TC": "達貿中心", "ADDRESS_TC": "荃灣 沙咀道", "NAME_OF_DISTRICT_COUNCIL_DISTRICT_SC": "荃湾区", "LOCATION_SC": "达贸中心", "ADDRESS_SC": "荃湾 沙咀道", "STANDARD_BS1363_no": "0", "MEDIUM_CCS_DC_COMBO_no": "0", "MEDIUM_IEC62196_no": "0", "MEDIUM_SAEJ1772_no": "0", "MEDIUM_GB_T20234_2_AC__no": "0", "MEDIUM_OTHERS_no": "0", "QUICK_CHAdeMO_no": "0", "QUICK_CCS_DC_COMBO_no": "2", "QUICK_IEC62196_no": "0", "QUICK_GB_T20234_3_DC__no": "0", "QUICK_OTHERS_no": "0", "FAST_CHAdeMO_no": "0", "FAST_CCS_DC_COMBO_no": "0", "FAST_GB_T20234_3_DC__no": "0", "FAST_OTHERS_no": "0", "REMARK_FOR__OTHERS_": "-", "DATA_PATH": "-", "OBJECTID": 547, "total_chargers": 2 }, "geometry": { "type": "Point", "coordinates": [ 114.10808, 22.374797 ] } },
{ "type": "Feature", "properties": { "GmlID": "geotagging.548", "NAME_OF_DISTRICT_COUNCIL_DISTRICT_EN": "Kwun Tong", "LOCATION_EN": "Capital Tower", "ADDRESS_EN": "Kowloon Bay 38 WAI YIP STREET", "NAME_OF_DISTRICT_COUNCIL_DISTRICT_TC": "觀塘區", "LOCATION_TC": "富臨中心", "ADDRESS_TC": "九龍灣偉業街38號", "NAME_OF_DISTRICT_COUNCIL_DISTRICT_SC": "观塘区", "LOCATION_SC": "富临中心", "ADDRESS_SC": "九龙湾伟业街38号", "STANDARD_BS1363_no": "0", "MEDIUM_CCS_DC_COMBO_no": "0", "MEDIUM_IEC62196_no": "12", "MEDIUM_SAEJ1772_no": "0", "MEDIUM_GB_T20234_2_AC__no": "0", "MEDIUM_OTHERS_no": "0", "QUICK_CHAdeMO_no": "0", "QUICK_CCS_DC_COMBO_no": "0", "QUICK_IEC62196_no": "0", "QUICK_GB_T20234_3_DC__no": "0", "QUICK_OTHERS_no": "0", "FAST_CHAdeMO_no": "0", "FAST_CCS_DC_COMBO_no": "0", "FAST_GB_T20234_3_DC__no": "0", "FAST_OTHERS_no": "0", "REMARK_FOR__OTHERS_": "-", "DATA_PATH": "-", "OBJECTID": 548, "total_chargers": 12 }, "geometry": { "type": "Point", "coordinates": [ 114.211665, 22.318861 ] } },
{ "type": "Feature", "properties": { "GmlID": "geotagging.549", "NAME_OF_DISTRICT_COUNCIL_DISTRICT_EN": "Tai Po", "LOCATION_EN": "Go Park Sai Sha", "ADDRESS_EN": "9 Hoi Ying Road, Tai Po, New Territories", "NAME_OF_DISTRICT_COUNCIL_DISTRICT_TC": "大埔區", "LOCATION_TC": "西沙Go Park", "ADDRESS_TC": "新界大埔海映路 9 號", "NAME_OF_DISTRICT_COUNCIL_DISTRICT_SC": "大埔区", "LOCATION_SC": "西沙Go Park", "ADDRESS_SC": "新界大埔海映路 9 号", "STANDARD_BS1363_no": "0", "MEDIUM_CCS_DC_COMBO_no": "0", "MEDIUM_IEC62196_no": "0", "MEDIUM_SAEJ1772_no": "0", "MEDIUM_GB_T20234_2_AC__no": "0", "MEDIUM_OTHERS_no": "0", "QUICK_CHAdeMO_no": "0", "QUICK_CCS_DC_COMBO_no": "4", "QUICK_IEC62196_no": "0", "QUICK_GB_T20234_3_DC__no": "0", "QUICK_OTHERS_no": "0", "FAST_CHAdeMO_no": "0", "FAST_CCS_DC_COMBO_no": "0", "FAST_GB_T20234_3_DC__no": "0", "FAST_OTHERS_no": "0", "REMARK_FOR__OTHERS_": "-", "DATA_PATH": "-", "OBJECTID": 549, "total_chargers": 4 }, "geometry": { "type": "Point", "coordinates": [ 114.26517, 22.427381 ] } },
{ "type": "Feature", "properties": { "GmlID": "geotagging.550", "NAME_OF_DISTRICT_COUNCIL_DISTRICT_EN": "Sham Shui Po", "LOCATION_EN": "V Walk", "ADDRESS_EN": "28 Sham Mong Road, Kowloon", "NAME_OF_DISTRICT_COUNCIL_DISTRICT_TC": "深水埗區", "LOCATION_TC": "V Walk", "ADDRESS_TC": "九龍深旺道28號", "NAME_OF_DISTRICT_COUNCIL_DISTRICT_SC": "深水埗区", "LOCATION_SC": "V Walk", "ADDRESS_SC": "九龙深旺道28号", "STANDARD_BS1363_no": "0", "MEDIUM_CCS_DC_COMBO_no": "0", "MEDIUM_IEC62196_no": "0", "MEDIUM_SAEJ1772_no": "0", "MEDIUM_GB_T20234_2_AC__no": "0", "MEDIUM_OTHERS_no": "0", "QUICK_CHAdeMO_no": "0", "QUICK_CCS_DC_COMBO_no": "7", "QUICK_IEC62196_no": "0", "QUICK_GB_T20234_3_DC__no": "0", "QUICK_OTHERS_no": "0", "FAST_CHAdeMO_no": "0", "FAST_CCS_DC_COMBO_no": "0", "FAST_GB_T20234_3_DC__no": "0", "FAST_OTHERS_no": "0", "REMARK_FOR__OTHERS_": "-", "DATA_PATH": "-", "OBJECTID": 550, "total_chargers": 7 }, "geometry": { "type": "Point", "coordinates": [ 114.153366, 22.327309 ] } },
{ "type": "Feature", "properties": { "GmlID": "geotagging.551", "NAME_OF_DISTRICT_COUNCIL_DISTRICT_EN": "Islands", "LOCATION_EN": "YU NGA COURT", "ADDRESS_EN": "8 YI TUNG ROAD", "NAME_OF_DISTRICT_COUNCIL_DISTRICT_TC": "離島區", "LOCATION_TC": "裕雅苑", "ADDRESS_TC": "怡東路8號", "NAME_OF_DISTRICT_COUNCIL_DISTRICT_SC": "离岛区", "LOCATION_SC": "裕雅苑", "ADDRESS_SC": "怡东路8号", "STANDARD_BS1363_no": "10", "MEDIUM_CCS_DC_COMBO_no": "0", "MEDIUM_IEC62196_no": "10", "MEDIUM_SAEJ1772_no": "0", "MEDIUM_GB_T20234_2_AC__no": "0", "MEDIUM_OTHERS_no": "0", "QUICK_CHAdeMO_no": "0", "QUICK_CCS_DC_COMBO_no": "0", "QUICK_IEC62196_no": "0", "QUICK_GB_T20234_3_DC__no": "0", "QUICK_OTHERS_no": "0", "FAST_CHAdeMO_no": "0", "FAST_CCS_DC_COMBO_no": "0", "FAST_GB_T20234_3_DC__no": "0", "FAST_OTHERS_no": "0", "REMARK_FOR__OTHERS_": "-", "DATA_PATH": "-", "OBJECTID": 551, "total_chargers": 20 }, "geometry": { "type": "Point", "coordinates": [ 113.947469, 22.294656 ] } },
{ "type": "Feature", "properties": { "GmlID": "geotagging.552", "NAME_OF_DISTRICT_COUNCIL_DISTRICT_EN": "Kwai Tsing", "LOCATION_EN": "Ching Fu Court", "ADDRESS_EN": "18 Tsing Yi Road, Tsing Yi, New Territories", "NAME_OF_DISTRICT_COUNCIL_DISTRICT_TC": "葵青區", "LOCATION_TC": "青富苑", "ADDRESS_TC": "新界青衣路18號", "NAME_OF_DISTRICT_COUNCIL_DISTRICT_SC": "葵青区", "LOCATION_SC": "青富苑", "ADDRESS_SC": "新界青衣路18号", "STANDARD_BS1363_no": "5", "MEDIUM_CCS_DC_COMBO_no": "0", "MEDIUM_IEC62196_no": "12", "MEDIUM_SAEJ1772_no": "0", "MEDIUM_GB_T20234_2_AC__no": "0", "MEDIUM_OTHERS_no": "0", "QUICK_CHAdeMO_no": "0", "QUICK_CCS_DC_COMBO_no": "0", "QUICK_IEC62196_no": "0", "QUICK_GB_T20234_3_DC__no": "0", "QUICK_OTHERS_no": "0", "FAST_CHAdeMO_no": "0", "FAST_CCS_DC_COMBO_no": "0", "FAST_GB_T20234_3_DC__no": "0", "FAST_OTHERS_no": "0", "REMARK_FOR__OTHERS_": "-", "DATA_PATH": "-", "OBJECTID": 552, "total_chargers": 17 }, "geometry": { "type": "Point", "coordinates": [ 114.10788, 22.342095 ] } },
{ "type": "Feature", "properties": { "GmlID": "geotagging.553", "NAME_OF_DISTRICT_COUNCIL_DISTRICT_EN": "Tuen Mun", "LOCATION_EN": "WO TIN ESTATE", "ADDRESS_EN": "35 HING KWAI STREET", "NAME_OF_DISTRICT_COUNCIL_DISTRICT_TC": "屯門區", "LOCATION_TC": "和田邨", "ADDRESS_TC": "興貴街35號", "NAME_OF_DISTRICT_COUNCIL_DISTRICT_SC": "屯门区", "LOCATION_SC": "和田邨", "ADDRESS_SC": "兴贵街35号", "STANDARD_BS1363_no": "0", "MEDIUM_CCS_DC_COMBO_no": "0", "MEDIUM_IEC62196_no": "4", "MEDIUM_SAEJ1772_no": "0", "MEDIUM_GB_T20234_2_AC__no": "0", "MEDIUM_OTHERS_no": "0", "QUICK_CHAdeMO_no": "0", "QUICK_CCS_DC_COMBO_no": "0", "QUICK_IEC62196_no": "0", "QUICK_GB_T20234_3_DC__no": "0", "QUICK_OTHERS_no": "0", "FAST_CHAdeMO_no": "0", "FAST_CCS_DC_COMBO_no": "0", "FAST_GB_T20234_3_DC__no": "0", "FAST_OTHERS_no": "0", "REMARK_FOR__OTHERS_": "-", "DATA_PATH": "-", "OBJECTID": 553, "total_chargers": 4 }, "geometry": { "type": "Point", "coordinates": [ 113.968512, 22.415174 ] } },
{ "type": "Feature", "properties": { "GmlID": "geotagging.554", "NAME_OF_DISTRICT_COUNCIL_DISTRICT_EN": "Kwun Tong", "LOCATION_EN": "CHING TIN ESTATE", "ADDRESS_EN": "10 YAN PO ROAD", "NAME_OF_DISTRICT_COUNCIL_DISTRICT_TC": "觀塘區", "LOCATION_TC": "菁田邨", "ADDRESS_TC": "屯門欣寶路10號", "NAME_OF_DISTRICT_COUNCIL_DISTRICT_SC": "观塘区", "LOCATION_SC": "菁田邨", "ADDRESS_SC": "屯门欣宝路10号", "STANDARD_BS1363_no": "0", "MEDIUM_CCS_DC_COMBO_no": "0", "MEDIUM_IEC62196_no": "4", "MEDIUM_SAEJ1772_no": "0", "MEDIUM_GB_T20234_2_AC__no": "0", "MEDIUM_OTHERS_no": "0", "QUICK_CHAdeMO_no": "0", "QUICK_CCS_DC_COMBO_no": "0", "QUICK_IEC62196_no": "0", "QUICK_GB_T20234_3_DC__no": "0", "QUICK_OTHERS_no": "0", "FAST_CHAdeMO_no": "0", "FAST_CCS_DC_COMBO_no": "0", "FAST_GB_T20234_3_DC__no": "0", "FAST_OTHERS_no": "0", "REMARK_FOR__OTHERS_": "-", "DATA_PATH": "-", "OBJECTID": 554, "total_chargers": 4 }, "geometry": { "type": "Point", "coordinates": [ 113.972264, 22.411411 ] } },
{ "type": "Feature", "properties": { "GmlID": "geotagging.555", "NAME_OF_DISTRICT_COUNCIL_DISTRICT_EN": "Kwai Tsing", "LOCATION_EN": "EDGE", "ADDRESS_EN": "30-34 KWAI WING ROAD, KWAI CHUNG, N.T.", "NAME_OF_DISTRICT_COUNCIL_DISTRICT_TC": "葵青區", "LOCATION_TC": "EDGE", "ADDRESS_TC": "葵涌葵榮路30-34號", "NAME_OF_DISTRICT_COUNCIL_DISTRICT_SC": "葵青区", "LOCATION_SC": "EDGE", "ADDRESS_SC": "葵涌葵荣路30-34号", "STANDARD_BS1363_no": "0", "MEDIUM_CCS_DC_COMBO_no": "0", "MEDIUM_IEC62196_no": "0", "MEDIUM_SAEJ1772_no": "0", "MEDIUM_GB_T20234_2_AC__no": "0", "MEDIUM_OTHERS_no": "0", "QUICK_CHAdeMO_no": "0", "QUICK_CCS_DC_COMBO_no": "0", "QUICK_IEC62196_no": "8", "QUICK_GB_T20234_3_DC__no": "0", "QUICK_OTHERS_no": "0", "FAST_CHAdeMO_no": "0", "FAST_CCS_DC_COMBO_no": "0", "FAST_GB_T20234_3_DC__no": "0", "FAST_OTHERS_no": "0", "REMARK_FOR__OTHERS_": "-", "DATA_PATH": "-", "OBJECTID": 555, "total_chargers": 8 }, "geometry": { "type": "Point", "coordinates": [ 114.134202, 22.366968 ] } },
{ "type": "Feature", "properties": { "GmlID": "geotagging.556", "NAME_OF_DISTRICT_COUNCIL_DISTRICT_EN": "Eastern", "LOCATION_EN": "DIP TSUI COURT", "ADDRESS_EN": "388 CHAI WAN ROAD", "NAME_OF_DISTRICT_COUNCIL_DISTRICT_TC": "東區", "LOCATION_TC": "蝶翠苑", "ADDRESS_TC": "柴灣柴灣道388號", "NAME_OF_DISTRICT_COUNCIL_DISTRICT_SC": "东区", "LOCATION_SC": "蝶翠苑", "ADDRESS_SC": "柴湾柴湾道388号", "STANDARD_BS1363_no": "3", "MEDIUM_CCS_DC_COMBO_no": "0", "MEDIUM_IEC62196_no": "0", "MEDIUM_SAEJ1772_no": "0", "MEDIUM_GB_T20234_2_AC__no": "0", "MEDIUM_OTHERS_no": "0", "QUICK_CHAdeMO_no": "0", "QUICK_CCS_DC_COMBO_no": "0", "QUICK_IEC62196_no": "0", "QUICK_GB_T20234_3_DC__no": "0", "QUICK_OTHERS_no": "0", "FAST_CHAdeMO_no": "0", "FAST_CCS_DC_COMBO_no": "0", "FAST_GB_T20234_3_DC__no": "0", "FAST_OTHERS_no": "0", "REMARK_FOR__OTHERS_": "-", "DATA_PATH": "-", "OBJECTID": 556, "total_chargers": 3 }, "geometry": { "type": "Point", "coordinates": [ 114.243771, 22.265284 ] } },
{ "type": "Feature", "properties": { "GmlID": "geotagging.557", "NAME_OF_DISTRICT_COUNCIL_DISTRICT_EN": "Sham Shui Po", "LOCATION_EN": "NCB INNOVATION CENTRE", "ADDRESS_EN": "888 LAI CHI KOK ROAD", "NAME_OF_DISTRICT_COUNCIL_DISTRICT_TC": "深水埗區", "LOCATION_TC": "南商金融創新中心", "ADDRESS_TC": "長沙灣荔枝角道888號", "NAME_OF_DISTRICT_COUNCIL_DISTRICT_SC": "深水埗区", "LOCATION_SC": "南商金融创新中心", "ADDRESS_SC": "长沙湾荔枝角道888号", "STANDARD_BS1363_no": "0", "MEDIUM_CCS_DC_COMBO_no": "0", "MEDIUM_IEC62196_no": "7", "MEDIUM_SAEJ1772_no": "0", "MEDIUM_GB_T20234_2_AC__no": "0", "MEDIUM_OTHERS_no": "0", "QUICK_CHAdeMO_no": "0", "QUICK_CCS_DC_COMBO_no": "0", "QUICK_IEC62196_no": "0", "QUICK_GB_T20234_3_DC__no": "0", "QUICK_OTHERS_no": "0", "FAST_CHAdeMO_no": "0", "FAST_CCS_DC_COMBO_no": "0", "FAST_GB_T20234_3_DC__no": "0", "FAST_OTHERS_no": "0", "REMARK_FOR__OTHERS_": "-", "DATA_PATH": "-", "OBJECTID": 557, "total_chargers": 7 }, "geometry": { "type": "Point", "coordinates": [ 114.14586, 22.335472 ] } },
{ "type": "Feature", "properties": { "GmlID": "geotagging.558", "NAME_OF_DISTRICT_COUNCIL_DISTRICT_EN": "Wong Tai Sin", "LOCATION_EN": "TUNG WUI ESTATE (II)", "ADDRESS_EN": "LOK SIN ROAD", "NAME_OF_DISTRICT_COUNCIL_DISTRICT_TC": "黃大仙區", "LOCATION_TC": "東匯邨", "ADDRESS_TC": "九龍城樂善道", "NAME_OF_DISTRICT_COUNCIL_DISTRICT_SC": "黄大仙区", "LOCATION_SC": "东汇村", "ADDRESS_SC": "九龙城乐善道", "STANDARD_BS1363_no": "1", "MEDIUM_CCS_DC_COMBO_no": "0", "MEDIUM_IEC62196_no": "2", "MEDIUM_SAEJ1772_no": "0", "MEDIUM_GB_T20234_2_AC__no": "0", "MEDIUM_OTHERS_no": "0", "QUICK_CHAdeMO_no": "0", "QUICK_CCS_DC_COMBO_no": "0", "QUICK_IEC62196_no": "0", "QUICK_GB_T20234_3_DC__no": "0", "QUICK_OTHERS_no": "0", "FAST_CHAdeMO_no": "0", "FAST_CCS_DC_COMBO_no": "0", "FAST_GB_T20234_3_DC__no": "0", "FAST_OTHERS_no": "0", "REMARK_FOR__OTHERS_": "-", "DATA_PATH": "-", "OBJECTID": 558, "total_chargers": 3 }, "geometry": { "type": "Point", "coordinates": [ 114.194349, 22.332279 ] } },
{ "type": "Feature", "properties": { "GmlID": "geotagging.559", "NAME_OF_DISTRICT_COUNCIL_DISTRICT_EN": "Kwai Tsing", "LOCATION_EN": "Shek Yam Shopping Centre", "ADDRESS_EN": "Lei Muk Road, Kwai Chung, NT.", "NAME_OF_DISTRICT_COUNCIL_DISTRICT_TC": "葵青區", "LOCATION_TC": "石蔭商場", "ADDRESS_TC": "葵涌梨木道", "NAME_OF_DISTRICT_COUNCIL_DISTRICT_SC": "葵青区", "LOCATION_SC": "石荫商场", "ADDRESS_SC": "葵涌梨木道", "STANDARD_BS1363_no": "0", "MEDIUM_CCS_DC_COMBO_no": "0", "MEDIUM_IEC62196_no": "8", "MEDIUM_SAEJ1772_no": "0", "MEDIUM_GB_T20234_2_AC__no": "0", "MEDIUM_OTHERS_no": "0", "QUICK_CHAdeMO_no": "2", "QUICK_CCS_DC_COMBO_no": "2", "QUICK_IEC62196_no": "0", "QUICK_GB_T20234_3_DC__no": "0", "QUICK_OTHERS_no": "0", "FAST_CHAdeMO_no": "0", "FAST_CCS_DC_COMBO_no": "0", "FAST_GB_T20234_3_DC__no": "0", "FAST_OTHERS_no": "0", "REMARK_FOR__OTHERS_": "-", "DATA_PATH": "https://ev-charger.epd.gov.hk/resource/ev_charger_avail/evca_ver_1_0.json", "OBJECTID": 559, "total_chargers": 12 }, "geometry": { "type": "Point", "coordinates": [ 114.13525, 22.369225 ] } },
{ "type": "Feature", "properties": { "GmlID": "geotagging.560", "NAME_OF_DISTRICT_COUNCIL_DISTRICT_EN": "Wong Tai Sin", "LOCATION_EN": "The Burrow", "ADDRESS_EN": "212 Choi Hung Rd, San Po Kong", "NAME_OF_DISTRICT_COUNCIL_DISTRICT_TC": "黃大仙區", "LOCATION_TC": "The Burrow", "ADDRESS_TC": "新蒲崗彩虹道212號", "NAME_OF_DISTRICT_COUNCIL_DISTRICT_SC": "黄大仙区", "LOCATION_SC": "The Burrow", "ADDRESS_SC": "新蒲岗彩虹道212号", "STANDARD_BS1363_no": "0", "MEDIUM_CCS_DC_COMBO_no": "0", "MEDIUM_IEC62196_no": "0", "MEDIUM_SAEJ1772_no": "0", "MEDIUM_GB_T20234_2_AC__no": "0", "MEDIUM_OTHERS_no": "0", "QUICK_CHAdeMO_no": "0", "QUICK_CCS_DC_COMBO_no": "73", "QUICK_IEC62196_no": "0", "QUICK_GB_T20234_3_DC__no": "0", "QUICK_OTHERS_no": "0", "FAST_CHAdeMO_no": "0", "FAST_CCS_DC_COMBO_no": "0", "FAST_GB_T20234_3_DC__no": "0", "FAST_OTHERS_no": "0", "REMARK_FOR__OTHERS_": "-", "DATA_PATH": "-", "OBJECTID": 560, "total_chargers": 73 }, "geometry": { "type": "Point", "coordinates": [ 114.2001, 22.338518 ] } },
{ "type": "Feature", "properties": { "GmlID": "geotagging.561", "NAME_OF_DISTRICT_COUNCIL_DISTRICT_EN": "Yuen Long", "LOCATION_EN": "Tin Ching Estate (Amenity & Community Building)", "ADDRESS_EN": "Tin Ching Estate (Amenity & Community Building), Yuen Long, New Territories", "NAME_OF_DISTRICT_COUNCIL_DISTRICT_TC": "元朗區", "LOCATION_TC": "天晴邨（服務設施大樓）", "ADDRESS_TC": "天晴邨（服務設施大樓）, 元朗區, 新界", "NAME_OF_DISTRICT_COUNCIL_DISTRICT_SC": "元朗区", "LOCATION_SC": "天晴邨（服务设施大楼）", "ADDRESS_SC": "天晴邨（服务设施大楼）, 元朗区, 新界", "STANDARD_BS1363_no": "5", "MEDIUM_CCS_DC_COMBO_no": "0", "MEDIUM_IEC62196_no": "0", "MEDIUM_SAEJ1772_no": "0", "MEDIUM_GB_T20234_2_AC__no": "0", "MEDIUM_OTHERS_no": "0", "QUICK_CHAdeMO_no": "0", "QUICK_CCS_DC_COMBO_no": "0", "QUICK_IEC62196_no": "0", "QUICK_GB_T20234_3_DC__no": "0", "QUICK_OTHERS_no": "0", "FAST_CHAdeMO_no": "0", "FAST_CCS_DC_COMBO_no": "0", "FAST_GB_T20234_3_DC__no": "0", "FAST_OTHERS_no": "0", "REMARK_FOR__OTHERS_": "-", "DATA_PATH": "-", "OBJECTID": 561, "total_chargers": 5 }, "geometry": { "type": "Point", "coordinates": [ 114.002365, 22.462992 ] } },
{ "type": "Feature", "properties": { "GmlID": "geotagging.562", "NAME_OF_DISTRICT_COUNCIL_DISTRICT_EN": "Islands", "LOCATION_EN": "Yu Tai Court", "ADDRESS_EN": "TUNG CHUNG ROAD", "NAME_OF_DISTRICT_COUNCIL_DISTRICT_TC": "離島區", "LOCATION_TC": "裕泰苑", "ADDRESS_TC": "東涌道", "NAME_OF_DISTRICT_COUNCIL_DISTRICT_SC": "离岛区", "LOCATION_SC": "裕泰苑", "ADDRESS_SC": "东涌道", "STANDARD_BS1363_no": "4", "MEDIUM_CCS_DC_COMBO_no": "0", "MEDIUM_IEC62196_no": "0", "MEDIUM_SAEJ1772_no": "0", "MEDIUM_GB_T20234_2_AC__no": "0", "MEDIUM_OTHERS_no": "0", "QUICK_CHAdeMO_no": "0", "QUICK_CCS_DC_COMBO_no": "0", "QUICK_IEC62196_no": "0", "QUICK_GB_T20234_3_DC__no": "0", "QUICK_OTHERS_no": "0", "FAST_CHAdeMO_no": "0", "FAST_CCS_DC_COMBO_no": "0", "FAST_GB_T20234_3_DC__no": "0", "FAST_OTHERS_no": "0", "REMARK_FOR__OTHERS_": "-", "DATA_PATH": "-", "OBJECTID": 562, "total_chargers": 4 }, "geometry": { "type": "Point", "coordinates": [ 113.940134, 22.280847 ] } },
{ "type": "Feature", "properties": { "GmlID": "geotagging.563", "NAME_OF_DISTRICT_COUNCIL_DISTRICT_EN": "Tsuen Wan", "LOCATION_EN": "FUK LOI ESTATE", "ADDRESS_EN": "Fuk Loi Estate, Tsuen Wan, New Territories", "NAME_OF_DISTRICT_COUNCIL_DISTRICT_TC": "荃灣區", "LOCATION_TC": "福來邨", "ADDRESS_TC": "福來邨, 荃灣區, 新界", "NAME_OF_DISTRICT_COUNCIL_DISTRICT_SC": "荃湾区", "LOCATION_SC": "福来邨", "ADDRESS_SC": "福来邨, 荃湾区, 新界", "STANDARD_BS1363_no": "0", "MEDIUM_CCS_DC_COMBO_no": "0", "MEDIUM_IEC62196_no": "3", "MEDIUM_SAEJ1772_no": "0", "MEDIUM_GB_T20234_2_AC__no": "0", "MEDIUM_OTHERS_no": "0", "QUICK_CHAdeMO_no": "0", "QUICK_CCS_DC_COMBO_no": "0", "QUICK_IEC62196_no": "0", "QUICK_GB_T20234_3_DC__no": "0", "QUICK_OTHERS_no": "0", "FAST_CHAdeMO_no": "0", "FAST_CCS_DC_COMBO_no": "0", "FAST_GB_T20234_3_DC__no": "0", "FAST_OTHERS_no": "0", "REMARK_FOR__OTHERS_": "-", "DATA_PATH": "-", "OBJECTID": 563, "total_chargers": 3 }, "geometry": { "type": "Point", "coordinates": [ 114.113832, 22.373792 ] } },
{ "type": "Feature", "properties": { "GmlID": "geotagging.564", "NAME_OF_DISTRICT_COUNCIL_DISTRICT_EN": "Sham Shui Po", "LOCATION_EN": "Excel Centre", "ADDRESS_EN": "CASTLE PEAK ROAD", "NAME_OF_DISTRICT_COUNCIL_DISTRICT_TC": "深水埗區", "LOCATION_TC": "卓匯中心", "ADDRESS_TC": "青山道", "NAME_OF_DISTRICT_COUNCIL_DISTRICT_SC": "深水埗区", "LOCATION_SC": "卓汇中心", "ADDRESS_SC": "青山道", "STANDARD_BS1363_no": "1", "MEDIUM_CCS_DC_COMBO_no": "0", "MEDIUM_IEC62196_no": "0", "MEDIUM_SAEJ1772_no": "0", "MEDIUM_GB_T20234_2_AC__no": "0", "MEDIUM_OTHERS_no": "0", "QUICK_CHAdeMO_no": "0", "QUICK_CCS_DC_COMBO_no": "0", "QUICK_IEC62196_no": "0", "QUICK_GB_T20234_3_DC__no": "0", "QUICK_OTHERS_no": "0", "FAST_CHAdeMO_no": "0", "FAST_CCS_DC_COMBO_no": "0", "FAST_GB_T20234_3_DC__no": "0", "FAST_OTHERS_no": "0", "REMARK_FOR__OTHERS_": "-", "DATA_PATH": "-", "OBJECTID": 564, "total_chargers": 1 }, "geometry": { "type": "Point", "coordinates": [ 114.150086, 22.338766 ] } },
{ "type": "Feature", "properties": { "GmlID": "geotagging.565", "NAME_OF_DISTRICT_COUNCIL_DISTRICT_EN": "Kowloon City", "LOCATION_EN": "HUNG HOM ESTATE", "ADDRESS_EN": "Hung Hom Estate, Kowloon City, Kowloon", "NAME_OF_DISTRICT_COUNCIL_DISTRICT_TC": "九龍城區", "LOCATION_TC": "紅磡邨", "ADDRESS_TC": "紅磡邨, 九龍城區, 九龍", "NAME_OF_DISTRICT_COUNCIL_DISTRICT_SC": "九龙城区", "LOCATION_SC": "红磡邨", "ADDRESS_SC": "红磡邨, 九龙城区, 九龙", "STANDARD_BS1363_no": "0", "MEDIUM_CCS_DC_COMBO_no": "0", "MEDIUM_IEC62196_no": "6", "MEDIUM_SAEJ1772_no": "0", "MEDIUM_GB_T20234_2_AC__no": "0", "MEDIUM_OTHERS_no": "0", "QUICK_CHAdeMO_no": "0", "QUICK_CCS_DC_COMBO_no": "0", "QUICK_IEC62196_no": "0", "QUICK_GB_T20234_3_DC__no": "0", "QUICK_OTHERS_no": "0", "FAST_CHAdeMO_no": "0", "FAST_CCS_DC_COMBO_no": "0", "FAST_GB_T20234_3_DC__no": "0", "FAST_OTHERS_no": "0", "REMARK_FOR__OTHERS_": "-", "DATA_PATH": "-", "OBJECTID": 565, "total_chargers": 6 }, "geometry": { "type": "Point", "coordinates": [ 114.189468, 22.308373 ] } },
{ "type": "Feature", "properties": { "GmlID": "geotagging.566", "NAME_OF_DISTRICT_COUNCIL_DISTRICT_EN": "Kowloon City", "LOCATION_EN": "China Life Centre", "ADDRESS_EN": "HUNG LUEN ROAD", "NAME_OF_DISTRICT_COUNCIL_DISTRICT_TC": "九龍城區", "LOCATION_TC": "中國人壽中心", "ADDRESS_TC": "紅鸞道", "NAME_OF_DISTRICT_COUNCIL_DISTRICT_SC": "九龙城区", "LOCATION_SC": "中国人壽中心", "ADDRESS_SC": "红鸞道", "STANDARD_BS1363_no": "0", "MEDIUM_CCS_DC_COMBO_no": "0", "MEDIUM_IEC62196_no": "8", "MEDIUM_SAEJ1772_no": "0", "MEDIUM_GB_T20234_2_AC__no": "0", "MEDIUM_OTHERS_no": "0", "QUICK_CHAdeMO_no": "0", "QUICK_CCS_DC_COMBO_no": "2", "QUICK_IEC62196_no": "0", "QUICK_GB_T20234_3_DC__no": "0", "QUICK_OTHERS_no": "0", "FAST_CHAdeMO_no": "0", "FAST_CCS_DC_COMBO_no": "0", "FAST_GB_T20234_3_DC__no": "0", "FAST_OTHERS_no": "0", "REMARK_FOR__OTHERS_": "-", "DATA_PATH": "https://ev-charger.epd.gov.hk/resource/ev_charger_avail/evca_ver_1_0.json", "OBJECTID": 566, "total_chargers": 10 }, "geometry": { "type": "Point", "coordinates": [ 114.186994, 22.300698 ] } },
{ "type": "Feature", "properties": { "GmlID": "geotagging.567", "NAME_OF_DISTRICT_COUNCIL_DISTRICT_EN": "Sai Kung", "LOCATION_EN": "TSUI LAM ESTATE", "ADDRESS_EN": "TSUI KING STREET, SAI KUNG", "NAME_OF_DISTRICT_COUNCIL_DISTRICT_TC": "西貢區", "LOCATION_TC": "翠林邨", "ADDRESS_TC": "西貢 翠景街", "NAME_OF_DISTRICT_COUNCIL_DISTRICT_SC": "西贡区", "LOCATION_SC": "翠林邨", "ADDRESS_SC": "西贡 翠景街", "STANDARD_BS1363_no": "0", "MEDIUM_CCS_DC_COMBO_no": "0", "MEDIUM_IEC62196_no": "0", "MEDIUM_SAEJ1772_no": "0", "MEDIUM_GB_T20234_2_AC__no": "0", "MEDIUM_OTHERS_no": "0", "QUICK_CHAdeMO_no": "0", "QUICK_CCS_DC_COMBO_no": "6", "QUICK_IEC62196_no": "6", "QUICK_GB_T20234_3_DC__no": "0", "QUICK_OTHERS_no": "0", "FAST_CHAdeMO_no": "0", "FAST_CCS_DC_COMBO_no": "0", "FAST_GB_T20234_3_DC__no": "0", "FAST_OTHERS_no": "0", "REMARK_FOR__OTHERS_": "-", "DATA_PATH": "-", "OBJECTID": 567, "total_chargers": 12 }, "geometry": { "type": "Point", "coordinates": [ 114.248824, 22.324169 ] } },
{ "type": "Feature", "properties": { "GmlID": "geotagging.568", "NAME_OF_DISTRICT_COUNCIL_DISTRICT_EN": "Yau Tsim Mong", "LOCATION_EN": "Lodgewood", "ADDRESS_EN": "CANTON ROAD", "NAME_OF_DISTRICT_COUNCIL_DISTRICT_TC": "油尖旺區", "LOCATION_TC": "薈賢居", "ADDRESS_TC": "廣東道", "NAME_OF_DISTRICT_COUNCIL_DISTRICT_SC": "油尖旺区", "LOCATION_SC": "荟贤居", "ADDRESS_SC": "广东道", "STANDARD_BS1363_no": "0", "MEDIUM_CCS_DC_COMBO_no": "0", "MEDIUM_IEC62196_no": "1", "MEDIUM_SAEJ1772_no": "0", "MEDIUM_GB_T20234_2_AC__no": "0", "MEDIUM_OTHERS_no": "0", "QUICK_CHAdeMO_no": "0", "QUICK_CCS_DC_COMBO_no": "0", "QUICK_IEC62196_no": "0", "QUICK_GB_T20234_3_DC__no": "0", "QUICK_OTHERS_no": "0", "FAST_CHAdeMO_no": "0", "FAST_CCS_DC_COMBO_no": "0", "FAST_GB_T20234_3_DC__no": "0", "FAST_OTHERS_no": "0", "REMARK_FOR__OTHERS_": "-", "DATA_PATH": "-", "OBJECTID": 568, "total_chargers": 1 }, "geometry": { "type": "Point", "coordinates": [ 114.1665, 22.32123 ] } },
{ "type": "Feature", "properties": { "GmlID": "geotagging.569", "NAME_OF_DISTRICT_COUNCIL_DISTRICT_EN": "Eastern", "LOCATION_EN": "1063 KING'S ROAD", "ADDRESS_EN": "1063 King's Road, Quarry Bay, Hong Kong", "NAME_OF_DISTRICT_COUNCIL_DISTRICT_TC": "東區", "LOCATION_TC": "英皇道1063號", "ADDRESS_TC": "香港鰂魚涌英皇道1063號", "NAME_OF_DISTRICT_COUNCIL_DISTRICT_SC": "东区", "LOCATION_SC": "英皇道1063号", "ADDRESS_SC": "香港鲗鱼涌英皇道1063号", "STANDARD_BS1363_no": "0", "MEDIUM_CCS_DC_COMBO_no": "0", "MEDIUM_IEC62196_no": "3", "MEDIUM_SAEJ1772_no": "0", "MEDIUM_GB_T20234_2_AC__no": "0", "MEDIUM_OTHERS_no": "0", "QUICK_CHAdeMO_no": "0", "QUICK_CCS_DC_COMBO_no": "0", "QUICK_IEC62196_no": "0", "QUICK_GB_T20234_3_DC__no": "0", "QUICK_OTHERS_no": "0", "FAST_CHAdeMO_no": "0", "FAST_CCS_DC_COMBO_no": "0", "FAST_GB_T20234_3_DC__no": "0", "FAST_OTHERS_no": "0", "REMARK_FOR__OTHERS_": "-", "DATA_PATH": "-", "OBJECTID": 569, "total_chargers": 3 }, "geometry": { "type": "Point", "coordinates": [ 114.213687, 22.284978 ] } },
{ "type": "Feature", "properties": { "GmlID": "geotagging.570", "NAME_OF_DISTRICT_COUNCIL_DISTRICT_EN": "Wan Chai", "LOCATION_EN": "The St. Regis Hong Kong", "ADDRESS_EN": "HARBOUR DRIVE", "NAME_OF_DISTRICT_COUNCIL_DISTRICT_TC": "灣仔區", "LOCATION_TC": "香港瑞吉酒店", "ADDRESS_TC": "港灣徑", "NAME_OF_DISTRICT_COUNCIL_DISTRICT_SC": "湾仔区", "LOCATION_SC": "香港瑞吉酒店", "ADDRESS_SC": "港湾径", "STANDARD_BS1363_no": "0", "MEDIUM_CCS_DC_COMBO_no": "0", "MEDIUM_IEC62196_no": "4", "MEDIUM_SAEJ1772_no": "0", "MEDIUM_GB_T20234_2_AC__no": "0", "MEDIUM_OTHERS_no": "0", "QUICK_CHAdeMO_no": "0", "QUICK_CCS_DC_COMBO_no": "0", "QUICK_IEC62196_no": "0", "QUICK_GB_T20234_3_DC__no": "0", "QUICK_OTHERS_no": "0", "FAST_CHAdeMO_no": "0", "FAST_CCS_DC_COMBO_no": "0", "FAST_GB_T20234_3_DC__no": "0", "FAST_OTHERS_no": "0", "REMARK_FOR__OTHERS_": "-", "DATA_PATH": "-", "OBJECTID": 570, "total_chargers": 4 }, "geometry": { "type": "Point", "coordinates": [ 114.17512, 22.279928 ] } },
{ "type": "Feature", "properties": { "GmlID": "geotagging.571", "NAME_OF_DISTRICT_COUNCIL_DISTRICT_EN": "Tai Po", "LOCATION_EN": "Solaria", "ADDRESS_EN": "FO CHUN ROAD", "NAME_OF_DISTRICT_COUNCIL_DISTRICT_TC": "大埔區", "LOCATION_TC": "嘉熙", "ADDRESS_TC": "科進路", "NAME_OF_DISTRICT_COUNCIL_DISTRICT_SC": "大埔区", "LOCATION_SC": "嘉熙", "ADDRESS_SC": "科进路", "STANDARD_BS1363_no": "0", "MEDIUM_CCS_DC_COMBO_no": "0", "MEDIUM_IEC62196_no": "4", "MEDIUM_SAEJ1772_no": "0", "MEDIUM_GB_T20234_2_AC__no": "0", "MEDIUM_OTHERS_no": "0", "QUICK_CHAdeMO_no": "0", "QUICK_CCS_DC_COMBO_no": "0", "QUICK_IEC62196_no": "0", "QUICK_GB_T20234_3_DC__no": "0", "QUICK_OTHERS_no": "0", "FAST_CHAdeMO_no": "0", "FAST_CCS_DC_COMBO_no": "0", "FAST_GB_T20234_3_DC__no": "0", "FAST_OTHERS_no": "0", "REMARK_FOR__OTHERS_": "-", "DATA_PATH": "-", "OBJECTID": 571, "total_chargers": 4 }, "geometry": { "type": "Point", "coordinates": [ 114.205772, 22.429696 ] } },
{ "type": "Feature", "properties": { "GmlID": "geotagging.572", "NAME_OF_DISTRICT_COUNCIL_DISTRICT_EN": "Sha Tin", "LOCATION_EN": "Kam Fai Court", "ADDRESS_EN": "HANG KIN STREET", "NAME_OF_DISTRICT_COUNCIL_DISTRICT_TC": "沙田區", "LOCATION_TC": "錦暉苑", "ADDRESS_TC": "恆健街", "NAME_OF_DISTRICT_COUNCIL_DISTRICT_SC": "沙田区", "LOCATION_SC": "锦晖苑", "ADDRESS_SC": "恒健街", "STANDARD_BS1363_no": "2", "MEDIUM_CCS_DC_COMBO_no": "0", "MEDIUM_IEC62196_no": "0", "MEDIUM_SAEJ1772_no": "0", "MEDIUM_GB_T20234_2_AC__no": "0", "MEDIUM_OTHERS_no": "0", "QUICK_CHAdeMO_no": "0", "QUICK_CCS_DC_COMBO_no": "0", "QUICK_IEC62196_no": "0", "QUICK_GB_T20234_3_DC__no": "0", "QUICK_OTHERS_no": "0", "FAST_CHAdeMO_no": "0", "FAST_CCS_DC_COMBO_no": "0", "FAST_GB_T20234_3_DC__no": "0", "FAST_OTHERS_no": "0", "REMARK_FOR__OTHERS_": "-", "DATA_PATH": "-", "OBJECTID": 572, "total_chargers": 2 }, "geometry": { "type": "Point", "coordinates": [ 114.224511, 22.416513 ] } },
{ "type": "Feature", "properties": { "GmlID": "geotagging.573", "NAME_OF_DISTRICT_COUNCIL_DISTRICT_EN": "Sha Tin", "LOCATION_EN": "CUHK Medical Centre", "ADDRESS_EN": "9 CHAK CHEUNG STREET", "NAME_OF_DISTRICT_COUNCIL_DISTRICT_TC": "沙田區", "LOCATION_TC": "香港中文大學醫院", "ADDRESS_TC": "香港新界沙田澤祥街 9 號", "NAME_OF_DISTRICT_COUNCIL_DISTRICT_SC": "沙田区", "LOCATION_SC": "香港中文大学医院", "ADDRESS_SC": "香港新界沙田泽祥街 9 号", "STANDARD_BS1363_no": "0", "MEDIUM_CCS_DC_COMBO_no": "0", "MEDIUM_IEC62196_no": "143", "MEDIUM_SAEJ1772_no": "0", "MEDIUM_GB_T20234_2_AC__no": "0", "MEDIUM_OTHERS_no": "0", "QUICK_CHAdeMO_no": "0", "QUICK_CCS_DC_COMBO_no": "0", "QUICK_IEC62196_no": "0", "QUICK_GB_T20234_3_DC__no": "0", "QUICK_OTHERS_no": "0", "FAST_CHAdeMO_no": "0", "FAST_CCS_DC_COMBO_no": "0", "FAST_GB_T20234_3_DC__no": "0", "FAST_OTHERS_no": "0", "REMARK_FOR__OTHERS_": "-", "DATA_PATH": "https://ev-charger.epd.gov.hk/resource/ev_charger_avail/evca_ver_1_0.json", "OBJECTID": 573, "total_chargers": 143 }, "geometry": { "type": "Point", "coordinates": [ 114.211339, 22.41352 ] } },
{ "type": "Feature", "properties": { "GmlID": "geotagging.574", "NAME_OF_DISTRICT_COUNCIL_DISTRICT_EN": "Kwun Tong", "LOCATION_EN": "Two Sky Parc (Wilson Parking)", "ADDRESS_EN": "HUNG TO ROAD", "NAME_OF_DISTRICT_COUNCIL_DISTRICT_TC": "觀塘區", "LOCATION_TC": "Two Sky Parc (威信停車場)", "ADDRESS_TC": "鴻圖道", "NAME_OF_DISTRICT_COUNCIL_DISTRICT_SC": "观塘区", "LOCATION_SC": "Two Sky Parc (威信停车场)", "ADDRESS_SC": "鸿图道", "STANDARD_BS1363_no": "0", "MEDIUM_CCS_DC_COMBO_no": "0", "MEDIUM_IEC62196_no": "0", "MEDIUM_SAEJ1772_no": "0", "MEDIUM_GB_T20234_2_AC__no": "0", "MEDIUM_OTHERS_no": "0", "QUICK_CHAdeMO_no": "0", "QUICK_CCS_DC_COMBO_no": "4", "QUICK_IEC62196_no": "0", "QUICK_GB_T20234_3_DC__no": "0", "QUICK_OTHERS_no": "0", "FAST_CHAdeMO_no": "0", "FAST_CCS_DC_COMBO_no": "0", "FAST_GB_T20234_3_DC__no": "0", "FAST_OTHERS_no": "0", "REMARK_FOR__OTHERS_": "-", "DATA_PATH": "-", "OBJECTID": 574, "total_chargers": 4 }, "geometry": { "type": "Point", "coordinates": [ 114.221966, 22.311329 ] } },
{ "type": "Feature", "properties": { "GmlID": "geotagging.575", "NAME_OF_DISTRICT_COUNCIL_DISTRICT_EN": "Kwun Tong", "LOCATION_EN": "Landmark East Carpark", "ADDRESS_EN": "Landmark East, 100 How Ming Street, Kwun Tong, KLN", "NAME_OF_DISTRICT_COUNCIL_DISTRICT_TC": "觀塘區", "LOCATION_TC": "Landmark East 停車場", "ADDRESS_TC": "九龍觀塘巧明街100號Landmark East", "NAME_OF_DISTRICT_COUNCIL_DISTRICT_SC": "观塘区", "LOCATION_SC": "Landmark East 停车场", "ADDRESS_SC": "九龙观塘巧明街100号Landmark East", "STANDARD_BS1363_no": "0", "MEDIUM_CCS_DC_COMBO_no": "0", "MEDIUM_IEC62196_no": "4", "MEDIUM_SAEJ1772_no": "0", "MEDIUM_GB_T20234_2_AC__no": "0", "MEDIUM_OTHERS_no": "0", "QUICK_CHAdeMO_no": "0", "QUICK_CCS_DC_COMBO_no": "3", "QUICK_IEC62196_no": "0", "QUICK_GB_T20234_3_DC__no": "0", "QUICK_OTHERS_no": "0", "FAST_CHAdeMO_no": "0", "FAST_CCS_DC_COMBO_no": "0", "FAST_GB_T20234_3_DC__no": "0", "FAST_OTHERS_no": "0", "REMARK_FOR__OTHERS_": "-", "DATA_PATH": "-", "OBJECTID": 575, "total_chargers": 7 }, "geometry": { "type": "Point", "coordinates": [ 114.222723, 22.312404 ] } },
{ "type": "Feature", "properties": { "GmlID": "geotagging.576", "NAME_OF_DISTRICT_COUNCIL_DISTRICT_EN": "Sha Tin", "LOCATION_EN": "Pok Hong Estate", "ADDRESS_EN": "Sha Kok Street, Shatin, New Territories", "NAME_OF_DISTRICT_COUNCIL_DISTRICT_TC": "沙田區", "LOCATION_TC": "博康邨", "ADDRESS_TC": "新界沙田沙角街", "NAME_OF_DISTRICT_COUNCIL_DISTRICT_SC": "沙田区", "LOCATION_SC": "博康邨", "ADDRESS_SC": "新界沙田沙角街", "STANDARD_BS1363_no": "0", "MEDIUM_CCS_DC_COMBO_no": "0", "MEDIUM_IEC62196_no": "3", "MEDIUM_SAEJ1772_no": "0", "MEDIUM_GB_T20234_2_AC__no": "0", "MEDIUM_OTHERS_no": "0", "QUICK_CHAdeMO_no": "0", "QUICK_CCS_DC_COMBO_no": "0", "QUICK_IEC62196_no": "0", "QUICK_GB_T20234_3_DC__no": "0", "QUICK_OTHERS_no": "0", "FAST_CHAdeMO_no": "0", "FAST_CCS_DC_COMBO_no": "0", "FAST_GB_T20234_3_DC__no": "0", "FAST_OTHERS_no": "0", "REMARK_FOR__OTHERS_": "-", "DATA_PATH": "-", "OBJECTID": 576, "total_chargers": 3 }, "geometry": { "type": "Point", "coordinates": [ 114.193167, 22.375397 ] } },
{ "type": "Feature", "properties": { "GmlID": "geotagging.577", "NAME_OF_DISTRICT_COUNCIL_DISTRICT_EN": "Sham Shui Po", "LOCATION_EN": "Un Chau Car Park", "ADDRESS_EN": "Un Chau Shopping Centre, 303 Un Chau Street, Cheung Sha Wan,  Kowloon", "NAME_OF_DISTRICT_COUNCIL_DISTRICT_TC": "深水埗區", "LOCATION_TC": "元州停車場", "ADDRESS_TC": "九龍長沙灣元州街303號元州商場", "NAME_OF_DISTRICT_COUNCIL_DISTRICT_SC": "深水埗区", "LOCATION_SC": "元州停车场", "ADDRESS_SC": "九龙长沙湾元州街303号元州商场", "STANDARD_BS1363_no": "0", "MEDIUM_CCS_DC_COMBO_no": "0", "MEDIUM_IEC62196_no": "0", "MEDIUM_SAEJ1772_no": "0", "MEDIUM_GB_T20234_2_AC__no": "0", "MEDIUM_OTHERS_no": "0", "QUICK_CHAdeMO_no": "0", "QUICK_CCS_DC_COMBO_no": "6", "QUICK_IEC62196_no": "0", "QUICK_GB_T20234_3_DC__no": "0", "QUICK_OTHERS_no": "0", "FAST_CHAdeMO_no": "0", "FAST_CCS_DC_COMBO_no": "0", "FAST_GB_T20234_3_DC__no": "0", "FAST_OTHERS_no": "0", "REMARK_FOR__OTHERS_": "-", "DATA_PATH": "-", "OBJECTID": 577, "total_chargers": 6 }, "geometry": { "type": "Point", "coordinates": [ 114.155146, 22.338187 ] } },
{ "type": "Feature", "properties": { "GmlID": "geotagging.578", "NAME_OF_DISTRICT_COUNCIL_DISTRICT_EN": "Eastern", "LOCATION_EN": "Yue Wan Estate Car Park", "ADDRESS_EN": "1/F, Yue Wan Estate Carpark, Yee Fung Street, Chai Wan, Hong Kong", "NAME_OF_DISTRICT_COUNCIL_DISTRICT_TC": "東區", "LOCATION_TC": "漁灣邨停車場", "ADDRESS_TC": "香港柴灣怡豐街漁灣邨停車場1樓", "NAME_OF_DISTRICT_COUNCIL_DISTRICT_SC": "东区", "LOCATION_SC": "渔湾邨停车场", "ADDRESS_SC": "香港柴湾怡丰街渔湾邨停车场1楼", "STANDARD_BS1363_no": "0", "MEDIUM_CCS_DC_COMBO_no": "0", "MEDIUM_IEC62196_no": "2", "MEDIUM_SAEJ1772_no": "0", "MEDIUM_GB_T20234_2_AC__no": "0", "MEDIUM_OTHERS_no": "0", "QUICK_CHAdeMO_no": "0", "QUICK_CCS_DC_COMBO_no": "0", "QUICK_IEC62196_no": "0", "QUICK_GB_T20234_3_DC__no": "0", "QUICK_OTHERS_no": "0", "FAST_CHAdeMO_no": "0", "FAST_CCS_DC_COMBO_no": "0", "FAST_GB_T20234_3_DC__no": "0", "FAST_OTHERS_no": "0", "REMARK_FOR__OTHERS_": "-", "DATA_PATH": "-", "OBJECTID": 578, "total_chargers": 2 }, "geometry": { "type": "Point", "coordinates": [ 114.240219, 22.265087 ] } },
{ "type": "Feature", "properties": { "GmlID": "geotagging.579", "NAME_OF_DISTRICT_COUNCIL_DISTRICT_EN": "Wong Tai Sin", "LOCATION_EN": "Tsz Man Car Park", "ADDRESS_EN": "Tsz Man Estate Car Park, 55 Tsz Wan Shan Road, Tsz Wan Shan,  Kowloon", "NAME_OF_DISTRICT_COUNCIL_DISTRICT_TC": "黃大仙區", "LOCATION_TC": "慈民停車場", "ADDRESS_TC": "九龍慈雲山慈雲山道55號慈民邨停車場", "NAME_OF_DISTRICT_COUNCIL_DISTRICT_SC": "黄大仙区", "LOCATION_SC": "慈民停车场", "ADDRESS_SC": "九龙慈云山慈云山道55号慈民邨停车场", "STANDARD_BS1363_no": "0", "MEDIUM_CCS_DC_COMBO_no": "0", "MEDIUM_IEC62196_no": "17", "MEDIUM_SAEJ1772_no": "0", "MEDIUM_GB_T20234_2_AC__no": "0", "MEDIUM_OTHERS_no": "0", "QUICK_CHAdeMO_no": "0", "QUICK_CCS_DC_COMBO_no": "0", "QUICK_IEC62196_no": "0", "QUICK_GB_T20234_3_DC__no": "0", "QUICK_OTHERS_no": "0", "FAST_CHAdeMO_no": "0", "FAST_CCS_DC_COMBO_no": "0", "FAST_GB_T20234_3_DC__no": "0", "FAST_OTHERS_no": "0", "REMARK_FOR__OTHERS_": "-", "DATA_PATH": "-", "OBJECTID": 579, "total_chargers": 17 }, "geometry": { "type": "Point", "coordinates": [ 114.202835, 22.34816 ] } },
{ "type": "Feature", "properties": { "GmlID": "geotagging.580", "NAME_OF_DISTRICT_COUNCIL_DISTRICT_EN": "Wong Tai Sin", "LOCATION_EN": "Choi Hung Estate Car Park", "ADDRESS_EN": "2 Tse Wai Avenue, Choi Hung Estate. K.L.", "NAME_OF_DISTRICT_COUNCIL_DISTRICT_TC": "黃大仙區", "LOCATION_TC": "彩虹邨停車場", "ADDRESS_TC": "九龍彩虹邨紫葳路2號", "NAME_OF_DISTRICT_COUNCIL_DISTRICT_SC": "黄大仙区", "LOCATION_SC": "彩虹邨停车场", "ADDRESS_SC": "九龙彩虹邨紫葳路2号", "STANDARD_BS1363_no": "0", "MEDIUM_CCS_DC_COMBO_no": "0", "MEDIUM_IEC62196_no": "3", "MEDIUM_SAEJ1772_no": "0", "MEDIUM_GB_T20234_2_AC__no": "0", "MEDIUM_OTHERS_no": "0", "QUICK_CHAdeMO_no": "0", "QUICK_CCS_DC_COMBO_no": "0", "QUICK_IEC62196_no": "0", "QUICK_GB_T20234_3_DC__no": "0", "QUICK_OTHERS_no": "0", "FAST_CHAdeMO_no": "0", "FAST_CCS_DC_COMBO_no": "0", "FAST_GB_T20234_3_DC__no": "0", "FAST_OTHERS_no": "0", "REMARK_FOR__OTHERS_": "-", "DATA_PATH": "-", "OBJECTID": 580, "total_chargers": 3 }, "geometry": { "type": "Point", "coordinates": [ 114.20723, 22.334633 ] } },
{ "type": "Feature", "properties": { "GmlID": "geotagging.581", "NAME_OF_DISTRICT_COUNCIL_DISTRICT_EN": "Eastern", "LOCATION_EN": "Oi Tung Car Park", "ADDRESS_EN": "Oi Tung Shopping Centre, 18 Oi Yin Street, Shau Kei Wan, Hong Kong", "NAME_OF_DISTRICT_COUNCIL_DISTRICT_TC": "東區", "LOCATION_TC": "愛東停車場", "ADDRESS_TC": "香港筲箕灣愛賢街18號愛東商場", "NAME_OF_DISTRICT_COUNCIL_DISTRICT_SC": "东区", "LOCATION_SC": "爱东停车场", "ADDRESS_SC": "香港筲箕湾爱贤街18号爱东商场", "STANDARD_BS1363_no": "0", "MEDIUM_CCS_DC_COMBO_no": "0", "MEDIUM_IEC62196_no": "24", "MEDIUM_SAEJ1772_no": "0", "MEDIUM_GB_T20234_2_AC__no": "0", "MEDIUM_OTHERS_no": "0", "QUICK_CHAdeMO_no": "0", "QUICK_CCS_DC_COMBO_no": "4", "QUICK_IEC62196_no": "0", "QUICK_GB_T20234_3_DC__no": "0", "QUICK_OTHERS_no": "0", "FAST_CHAdeMO_no": "0", "FAST_CCS_DC_COMBO_no": "0", "FAST_GB_T20234_3_DC__no": "0", "FAST_OTHERS_no": "0", "REMARK_FOR__OTHERS_": "-", "DATA_PATH": "https://ev-charger.epd.gov.hk/resource/ev_charger_avail/evca_ver_1_0.json", "OBJECTID": 581, "total_chargers": 28 }, "geometry": { "type": "Point", "coordinates": [ 114.22719, 22.280511 ] } },
{ "type": "Feature", "properties": { "GmlID": "geotagging.582", "NAME_OF_DISTRICT_COUNCIL_DISTRICT_EN": "Eastern", "LOCATION_EN": "Yiu Tung Car Park 1", "ADDRESS_EN": "Yiu Tung Shopping Centre, 12 Yiu Hing Road, Shau Kei Wan, Hong Kong", "NAME_OF_DISTRICT_COUNCIL_DISTRICT_TC": "東區", "LOCATION_TC": "耀東1停車場", "ADDRESS_TC": "香港筲箕灣耀興道12號耀東商場", "NAME_OF_DISTRICT_COUNCIL_DISTRICT_SC": "东区", "LOCATION_SC": "耀东1停车场", "ADDRESS_SC": "香港筲箕湾耀兴道12号耀东商场", "STANDARD_BS1363_no": "0", "MEDIUM_CCS_DC_COMBO_no": "0", "MEDIUM_IEC62196_no": "10", "MEDIUM_SAEJ1772_no": "0", "MEDIUM_GB_T20234_2_AC__no": "0", "MEDIUM_OTHERS_no": "0", "QUICK_CHAdeMO_no": "0", "QUICK_CCS_DC_COMBO_no": "2", "QUICK_IEC62196_no": "0", "QUICK_GB_T20234_3_DC__no": "0", "QUICK_OTHERS_no": "0", "FAST_CHAdeMO_no": "0", "FAST_CCS_DC_COMBO_no": "0", "FAST_GB_T20234_3_DC__no": "0", "FAST_OTHERS_no": "0", "REMARK_FOR__OTHERS_": "-", "DATA_PATH": "https://ev-charger.epd.gov.hk/resource/ev_charger_avail/evca_ver_1_0.json", "OBJECTID": 582, "total_chargers": 12 }, "geometry": { "type": "Point", "coordinates": [ 114.222414, 22.278218 ] } },
{ "type": "Feature", "properties": { "GmlID": "geotagging.583", "NAME_OF_DISTRICT_COUNCIL_DISTRICT_EN": "Eastern", "LOCATION_EN": "Siu Sai Wan Phase 1 Car Park", "ADDRESS_EN": "Siu Sai Wan Plaza, 10 Siu Sai Wan Road, Siu Sai Wan, Hong Kong", "NAME_OF_DISTRICT_COUNCIL_DISTRICT_TC": "東區", "LOCATION_TC": "小西灣一期停車場", "ADDRESS_TC": "香港小西灣小西灣道10號小西灣廣場", "NAME_OF_DISTRICT_COUNCIL_DISTRICT_SC": "东区", "LOCATION_SC": "小西湾一期停车场", "ADDRESS_SC": "香港小西湾小西湾道10号小西湾广场", "STANDARD_BS1363_no": "0", "MEDIUM_CCS_DC_COMBO_no": "0", "MEDIUM_IEC62196_no": "12", "MEDIUM_SAEJ1772_no": "0", "MEDIUM_GB_T20234_2_AC__no": "0", "MEDIUM_OTHERS_no": "0", "QUICK_CHAdeMO_no": "0", "QUICK_CCS_DC_COMBO_no": "0", "QUICK_IEC62196_no": "0", "QUICK_GB_T20234_3_DC__no": "0", "QUICK_OTHERS_no": "0", "FAST_CHAdeMO_no": "0", "FAST_CCS_DC_COMBO_no": "0", "FAST_GB_T20234_3_DC__no": "0", "FAST_OTHERS_no": "0", "REMARK_FOR__OTHERS_": "-", "DATA_PATH": "https://ev-charger.epd.gov.hk/resource/ev_charger_avail/evca_ver_1_0.json", "OBJECTID": 583, "total_chargers": 12 }, "geometry": { "type": "Point", "coordinates": [ 114.248621, 22.262853 ] } },
{ "type": "Feature", "properties": { "GmlID": "geotagging.584", "NAME_OF_DISTRICT_COUNCIL_DISTRICT_EN": "Eastern", "LOCATION_EN": "Tsui Wan Car Park", "ADDRESS_EN": "Tsui Wan Estate Retail and Car Park, 3 Tsui Wan Street, Chai Wan, Hong Kong", "NAME_OF_DISTRICT_COUNCIL_DISTRICT_TC": "東區", "LOCATION_TC": "翠灣停車場", "ADDRESS_TC": "香港柴灣翠灣街3號翠灣邨商舖及停車場", "NAME_OF_DISTRICT_COUNCIL_DISTRICT_SC": "东区", "LOCATION_SC": "翠湾停车场", "ADDRESS_SC": "香港柴湾翠湾街3号翠湾邨商舖及停车场", "STANDARD_BS1363_no": "0", "MEDIUM_CCS_DC_COMBO_no": "0", "MEDIUM_IEC62196_no": "18", "MEDIUM_SAEJ1772_no": "0", "MEDIUM_GB_T20234_2_AC__no": "0", "MEDIUM_OTHERS_no": "0", "QUICK_CHAdeMO_no": "0", "QUICK_CCS_DC_COMBO_no": "0", "QUICK_IEC62196_no": "0", "QUICK_GB_T20234_3_DC__no": "0", "QUICK_OTHERS_no": "0", "FAST_CHAdeMO_no": "0", "FAST_CCS_DC_COMBO_no": "0", "FAST_GB_T20234_3_DC__no": "0", "FAST_OTHERS_no": "0", "REMARK_FOR__OTHERS_": "-", "DATA_PATH": "https://ev-charger.epd.gov.hk/resource/ev_charger_avail/evca_ver_1_0.json", "OBJECTID": 584, "total_chargers": 18 }, "geometry": { "type": "Point", "coordinates": [ 114.24, 22.26733 ] } },
{ "type": "Feature", "properties": { "GmlID": "geotagging.585", "NAME_OF_DISTRICT_COUNCIL_DISTRICT_EN": "Eastern", "LOCATION_EN": "Hing Wah Car Park B", "ADDRESS_EN": "Hing Wah Plaza, 11 Wan Tsui Road, Chai Wan, Hong Kong", "NAME_OF_DISTRICT_COUNCIL_DISTRICT_TC": "東區", "LOCATION_TC": "興華B停車場", "ADDRESS_TC": "香港柴灣環翠道11號興華廣場", "NAME_OF_DISTRICT_COUNCIL_DISTRICT_SC": "东区", "LOCATION_SC": "兴华B停车场", "ADDRESS_SC": "香港柴湾环翠道11号兴华广场", "STANDARD_BS1363_no": "0", "MEDIUM_CCS_DC_COMBO_no": "0", "MEDIUM_IEC62196_no": "12", "MEDIUM_SAEJ1772_no": "0", "MEDIUM_GB_T20234_2_AC__no": "0", "MEDIUM_OTHERS_no": "0", "QUICK_CHAdeMO_no": "0", "QUICK_CCS_DC_COMBO_no": "8", "QUICK_IEC62196_no": "0", "QUICK_GB_T20234_3_DC__no": "0", "QUICK_OTHERS_no": "0", "FAST_CHAdeMO_no": "0", "FAST_CCS_DC_COMBO_no": "0", "FAST_GB_T20234_3_DC__no": "0", "FAST_OTHERS_no": "0", "REMARK_FOR__OTHERS_": "-", "DATA_PATH": "-", "OBJECTID": 585, "total_chargers": 20 }, "geometry": { "type": "Point", "coordinates": [ 114.2351, 22.26303 ] } },
{ "type": "Feature", "properties": { "GmlID": "geotagging.586", "NAME_OF_DISTRICT_COUNCIL_DISTRICT_EN": "Sha Tin", "LOCATION_EN": "Chung On Car Park", "ADDRESS_EN": "Chung On Shopping Centre, 632 Sai Sha Road, Ma On Shan, Sha Tin, New Territories", "NAME_OF_DISTRICT_COUNCIL_DISTRICT_TC": "沙田區", "LOCATION_TC": "頌安停車場", "ADDRESS_TC": "新界沙田馬鞍山西沙路632號頌安商場", "NAME_OF_DISTRICT_COUNCIL_DISTRICT_SC": "沙田区", "LOCATION_SC": "颂安停车场", "ADDRESS_SC": "新界沙田马鞍山西沙路632号颂安商场", "STANDARD_BS1363_no": "0", "MEDIUM_CCS_DC_COMBO_no": "0", "MEDIUM_IEC62196_no": "54", "MEDIUM_SAEJ1772_no": "0", "MEDIUM_GB_T20234_2_AC__no": "0", "MEDIUM_OTHERS_no": "0", "QUICK_CHAdeMO_no": "0", "QUICK_CCS_DC_COMBO_no": "22", "QUICK_IEC62196_no": "0", "QUICK_GB_T20234_3_DC__no": "0", "QUICK_OTHERS_no": "0", "FAST_CHAdeMO_no": "0", "FAST_CCS_DC_COMBO_no": "0", "FAST_GB_T20234_3_DC__no": "0", "FAST_OTHERS_no": "0", "REMARK_FOR__OTHERS_": "-", "DATA_PATH": "https://ev-charger.epd.gov.hk/resource/ev_charger_avail/evca_ver_1_0.json", "OBJECTID": 586, "total_chargers": 76 }, "geometry": { "type": "Point", "coordinates": [ 114.226755, 22.42166 ] } },
{ "type": "Feature", "properties": { "GmlID": "geotagging.587", "NAME_OF_DISTRICT_COUNCIL_DISTRICT_EN": "Sha Tin", "LOCATION_EN": "Yiu On Car Park", "ADDRESS_EN": "Yiu On Shopping Centre, 2 Hang Hong Street, Ma On Shan, Sha Tin, New Territories", "NAME_OF_DISTRICT_COUNCIL_DISTRICT_TC": "沙田區", "LOCATION_TC": "耀安停車場", "ADDRESS_TC": "新界沙田馬鞍山恆康街2號耀安商場", "NAME_OF_DISTRICT_COUNCIL_DISTRICT_SC": "沙田区", "LOCATION_SC": "耀安停车场", "ADDRESS_SC": "新界沙田马鞍山恒康街2号耀安商场", "STANDARD_BS1363_no": "0", "MEDIUM_CCS_DC_COMBO_no": "0", "MEDIUM_IEC62196_no": "9", "MEDIUM_SAEJ1772_no": "0", "MEDIUM_GB_T20234_2_AC__no": "0", "MEDIUM_OTHERS_no": "0", "QUICK_CHAdeMO_no": "0", "QUICK_CCS_DC_COMBO_no": "6", "QUICK_IEC62196_no": "0", "QUICK_GB_T20234_3_DC__no": "0", "QUICK_OTHERS_no": "0", "FAST_CHAdeMO_no": "0", "FAST_CCS_DC_COMBO_no": "0", "FAST_GB_T20234_3_DC__no": "0", "FAST_OTHERS_no": "0", "REMARK_FOR__OTHERS_": "-", "DATA_PATH": "-", "OBJECTID": 587, "total_chargers": 15 }, "geometry": { "type": "Point", "coordinates": [ 114.230566, 22.420482 ] } },
{ "type": "Feature", "properties": { "GmlID": "geotagging.588", "NAME_OF_DISTRICT_COUNCIL_DISTRICT_EN": "North", "LOCATION_EN": "Choi Yuen Car Park B", "ADDRESS_EN": "Choi Yuen Plaza, 8 Choi Yuen Road, Sheung Shui, New Territories", "NAME_OF_DISTRICT_COUNCIL_DISTRICT_TC": "北區", "LOCATION_TC": "彩園B停車場", "ADDRESS_TC": "新界上水彩園路8號彩園廣場", "NAME_OF_DISTRICT_COUNCIL_DISTRICT_SC": "北区", "LOCATION_SC": "彩园B停车场", "ADDRESS_SC": "新界上水彩园路8号彩园广场", "STANDARD_BS1363_no": "0", "MEDIUM_CCS_DC_COMBO_no": "0", "MEDIUM_IEC62196_no": "39", "MEDIUM_SAEJ1772_no": "0", "MEDIUM_GB_T20234_2_AC__no": "0", "MEDIUM_OTHERS_no": "0", "QUICK_CHAdeMO_no": "0", "QUICK_CCS_DC_COMBO_no": "0", "QUICK_IEC62196_no": "0", "QUICK_GB_T20234_3_DC__no": "0", "QUICK_OTHERS_no": "0", "FAST_CHAdeMO_no": "0", "FAST_CCS_DC_COMBO_no": "0", "FAST_GB_T20234_3_DC__no": "0", "FAST_OTHERS_no": "0", "REMARK_FOR__OTHERS_": "-", "DATA_PATH": "-", "OBJECTID": 588, "total_chargers": 39 }, "geometry": { "type": "Point", "coordinates": [ 114.127127, 22.500256 ] } },
{ "type": "Feature", "properties": { "GmlID": "geotagging.589", "NAME_OF_DISTRICT_COUNCIL_DISTRICT_EN": "Sha Tin", "LOCATION_EN": "Lung Hang A Car Park", "ADDRESS_EN": "Lung Hang Commercial Centre, 1 Tin Sam Street, Tai Wai, Sha Tin, New Territories", "NAME_OF_DISTRICT_COUNCIL_DISTRICT_TC": "沙田區", "LOCATION_TC": "隆亨A停車場", "ADDRESS_TC": "新界沙田大圍田心街1號隆亨商場", "NAME_OF_DISTRICT_COUNCIL_DISTRICT_SC": "沙田区", "LOCATION_SC": "隆亨A停车场", "ADDRESS_SC": "新界沙田大围田心街1号隆亨商场", "STANDARD_BS1363_no": "0", "MEDIUM_CCS_DC_COMBO_no": "0", "MEDIUM_IEC62196_no": "3", "MEDIUM_SAEJ1772_no": "0", "MEDIUM_GB_T20234_2_AC__no": "0", "MEDIUM_OTHERS_no": "0", "QUICK_CHAdeMO_no": "0", "QUICK_CCS_DC_COMBO_no": "0", "QUICK_IEC62196_no": "0", "QUICK_GB_T20234_3_DC__no": "0", "QUICK_OTHERS_no": "0", "FAST_CHAdeMO_no": "0", "FAST_CCS_DC_COMBO_no": "0", "FAST_GB_T20234_3_DC__no": "0", "FAST_OTHERS_no": "0", "REMARK_FOR__OTHERS_": "-", "DATA_PATH": "-", "OBJECTID": 589, "total_chargers": 3 }, "geometry": { "type": "Point", "coordinates": [ 114.179282, 22.368072 ] } },
{ "type": "Feature", "properties": { "GmlID": "geotagging.590", "NAME_OF_DISTRICT_COUNCIL_DISTRICT_EN": "Sha Tin", "LOCATION_EN": "Sun Chui Car Park B", "ADDRESS_EN": "Sun Chui Shopping Centre, 2 Chui Tin Street, Tai Wai, Sha Tin, New Territories", "NAME_OF_DISTRICT_COUNCIL_DISTRICT_TC": "沙田區", "LOCATION_TC": "新翠B停車場", "ADDRESS_TC": "新界沙田大圍翠田街2號新翠商場", "NAME_OF_DISTRICT_COUNCIL_DISTRICT_SC": "沙田区", "LOCATION_SC": "新翠B停车场", "ADDRESS_SC": "新界沙田大围翠田街2号新翠商场", "STANDARD_BS1363_no": "0", "MEDIUM_CCS_DC_COMBO_no": "0", "MEDIUM_IEC62196_no": "18", "MEDIUM_SAEJ1772_no": "0", "MEDIUM_GB_T20234_2_AC__no": "0", "MEDIUM_OTHERS_no": "0", "QUICK_CHAdeMO_no": "0", "QUICK_CCS_DC_COMBO_no": "0", "QUICK_IEC62196_no": "0", "QUICK_GB_T20234_3_DC__no": "0", "QUICK_OTHERS_no": "0", "FAST_CHAdeMO_no": "0", "FAST_CCS_DC_COMBO_no": "0", "FAST_GB_T20234_3_DC__no": "0", "FAST_OTHERS_no": "0", "REMARK_FOR__OTHERS_": "-", "DATA_PATH": "https://ev-charger.epd.gov.hk/resource/ev_charger_avail/evca_ver_1_0.json", "OBJECTID": 590, "total_chargers": 18 }, "geometry": { "type": "Point", "coordinates": [ 114.182174, 22.370135 ] } },
{ "type": "Feature", "properties": { "GmlID": "geotagging.591", "NAME_OF_DISTRICT_COUNCIL_DISTRICT_EN": "Sha Tin", "LOCATION_EN": "Mei Lam Car Park", "ADDRESS_EN": "Mei Lam Commercial Centre, 30 Mei Tin Road, Tai Wai, Sha Tin, New Territories", "NAME_OF_DISTRICT_COUNCIL_DISTRICT_TC": "沙田區", "LOCATION_TC": "美林停車場", "ADDRESS_TC": "新界沙田大圍美田路30號美林商場", "NAME_OF_DISTRICT_COUNCIL_DISTRICT_SC": "沙田区", "LOCATION_SC": "美林停车场", "ADDRESS_SC": "新界沙田大围美田路30号美林商场", "STANDARD_BS1363_no": "0", "MEDIUM_CCS_DC_COMBO_no": "0", "MEDIUM_IEC62196_no": "18", "MEDIUM_SAEJ1772_no": "0", "MEDIUM_GB_T20234_2_AC__no": "0", "MEDIUM_OTHERS_no": "0", "QUICK_CHAdeMO_no": "0", "QUICK_CCS_DC_COMBO_no": "0", "QUICK_IEC62196_no": "0", "QUICK_GB_T20234_3_DC__no": "0", "QUICK_OTHERS_no": "0", "FAST_CHAdeMO_no": "0", "FAST_CCS_DC_COMBO_no": "0", "FAST_GB_T20234_3_DC__no": "0", "FAST_OTHERS_no": "0", "REMARK_FOR__OTHERS_": "-", "DATA_PATH": "https://ev-charger.epd.gov.hk/resource/ev_charger_avail/evca_ver_1_0.json", "OBJECTID": 591, "total_chargers": 18 }, "geometry": { "type": "Point", "coordinates": [ 114.175472, 22.37805 ] } },
{ "type": "Feature", "properties": { "GmlID": "geotagging.592", "NAME_OF_DISTRICT_COUNCIL_DISTRICT_EN": "Yuen Long", "LOCATION_EN": "Tin Wah Car Park", "ADDRESS_EN": "Tin Wah Estate Retail and Car Park, 21 Tin Tan Street, Tin Shui Wai, Yuen Long, New Territories", "NAME_OF_DISTRICT_COUNCIL_DISTRICT_TC": "元朗區", "LOCATION_TC": "天華停車場", "ADDRESS_TC": "新界元朗天水圍天壇街21號天華邨商舖及停車場", "NAME_OF_DISTRICT_COUNCIL_DISTRICT_SC": "元朗区", "LOCATION_SC": "天华停车场", "ADDRESS_SC": "新界元朗天水围天坛街21号天华邨商舖及停车场", "STANDARD_BS1363_no": "0", "MEDIUM_CCS_DC_COMBO_no": "0", "MEDIUM_IEC62196_no": "12", "MEDIUM_SAEJ1772_no": "0", "MEDIUM_GB_T20234_2_AC__no": "0", "MEDIUM_OTHERS_no": "0", "QUICK_CHAdeMO_no": "0", "QUICK_CCS_DC_COMBO_no": "0", "QUICK_IEC62196_no": "0", "QUICK_GB_T20234_3_DC__no": "0", "QUICK_OTHERS_no": "0", "FAST_CHAdeMO_no": "0", "FAST_CCS_DC_COMBO_no": "0", "FAST_GB_T20234_3_DC__no": "0", "FAST_OTHERS_no": "0", "REMARK_FOR__OTHERS_": "-", "DATA_PATH": "-", "OBJECTID": 592, "total_chargers": 12 }, "geometry": { "type": "Point", "coordinates": [ 113.996161, 22.46133 ] } },
{ "type": "Feature", "properties": { "GmlID": "geotagging.593", "NAME_OF_DISTRICT_COUNCIL_DISTRICT_EN": "Yuen Long", "LOCATION_EN": "T Town North Car Park", "ADDRESS_EN": "Tin Yuet Estate Car Park, 33 & 39 Tin Wah Road, Tin Shui Wai, Yuen Long, New Territories", "NAME_OF_DISTRICT_COUNCIL_DISTRICT_TC": "元朗區", "LOCATION_TC": "T Town North 停車場", "ADDRESS_TC": "新界元朗天水圍天華路33及39號天悅邨停車場", "NAME_OF_DISTRICT_COUNCIL_DISTRICT_SC": "元朗区", "LOCATION_SC": "T Town North 停车场", "ADDRESS_SC": "新界元朗天水围天华路33及39号天悅邨停车场", "STANDARD_BS1363_no": "0", "MEDIUM_CCS_DC_COMBO_no": "0", "MEDIUM_IEC62196_no": "27", "MEDIUM_SAEJ1772_no": "0", "MEDIUM_GB_T20234_2_AC__no": "0", "MEDIUM_OTHERS_no": "0", "QUICK_CHAdeMO_no": "0", "QUICK_CCS_DC_COMBO_no": "6", "QUICK_IEC62196_no": "0", "QUICK_GB_T20234_3_DC__no": "0", "QUICK_OTHERS_no": "0", "FAST_CHAdeMO_no": "0", "FAST_CCS_DC_COMBO_no": "0", "FAST_GB_T20234_3_DC__no": "0", "FAST_OTHERS_no": "0", "REMARK_FOR__OTHERS_": "-", "DATA_PATH": "-", "OBJECTID": 593, "total_chargers": 33 }, "geometry": { "type": "Point", "coordinates": [ 113.999379, 22.462297 ] } },
{ "type": "Feature", "properties": { "GmlID": "geotagging.594", "NAME_OF_DISTRICT_COUNCIL_DISTRICT_EN": "Yuen Long", "LOCATION_EN": "Tin Yat Car Park", "ADDRESS_EN": "Tin Yat Estate Retail and Car Park, 76 Tin Shui Road, Tin Shui Wai, Yuen Long, New Territories", "NAME_OF_DISTRICT_COUNCIL_DISTRICT_TC": "元朗區", "LOCATION_TC": "天逸停車場", "ADDRESS_TC": "新界元朗天水圍天瑞路76號天逸邨商舖及停車場", "NAME_OF_DISTRICT_COUNCIL_DISTRICT_SC": "元朗区", "LOCATION_SC": "天逸停车场", "ADDRESS_SC": "新界元朗天水围天瑞路76号天逸邨商舖及停车场", "STANDARD_BS1363_no": "0", "MEDIUM_CCS_DC_COMBO_no": "0", "MEDIUM_IEC62196_no": "13", "MEDIUM_SAEJ1772_no": "0", "MEDIUM_GB_T20234_2_AC__no": "0", "MEDIUM_OTHERS_no": "0", "QUICK_CHAdeMO_no": "0", "QUICK_CCS_DC_COMBO_no": "0", "QUICK_IEC62196_no": "0", "QUICK_GB_T20234_3_DC__no": "0", "QUICK_OTHERS_no": "0", "FAST_CHAdeMO_no": "0", "FAST_CCS_DC_COMBO_no": "0", "FAST_GB_T20234_3_DC__no": "0", "FAST_OTHERS_no": "0", "REMARK_FOR__OTHERS_": "-", "DATA_PATH": "-", "OBJECTID": 594, "total_chargers": 13 }, "geometry": { "type": "Point", "coordinates": [ 113.999802, 22.467847 ] } },
{ "type": "Feature", "properties": { "GmlID": "geotagging.595", "NAME_OF_DISTRICT_COUNCIL_DISTRICT_EN": "Kwun Tong", "LOCATION_EN": "Tak Tin Car Park A", "ADDRESS_EN": "Tak Tin Plaza, 223 Pik Wan Road, Lam Tin, Kwun Tong, Kowloon", "NAME_OF_DISTRICT_COUNCIL_DISTRICT_TC": "觀塘區", "LOCATION_TC": "德田A停車場", "ADDRESS_TC": "九龍觀塘藍田碧雲道223號德田廣場", "NAME_OF_DISTRICT_COUNCIL_DISTRICT_SC": "观塘区", "LOCATION_SC": "德田A停车场", "ADDRESS_SC": "九龙观塘蓝田碧云道223号德田广场", "STANDARD_BS1363_no": "0", "MEDIUM_CCS_DC_COMBO_no": "0", "MEDIUM_IEC62196_no": "17", "MEDIUM_SAEJ1772_no": "0", "MEDIUM_GB_T20234_2_AC__no": "0", "MEDIUM_OTHERS_no": "0", "QUICK_CHAdeMO_no": "0", "QUICK_CCS_DC_COMBO_no": "0", "QUICK_IEC62196_no": "0", "QUICK_GB_T20234_3_DC__no": "0", "QUICK_OTHERS_no": "0", "FAST_CHAdeMO_no": "0", "FAST_CCS_DC_COMBO_no": "0", "FAST_GB_T20234_3_DC__no": "0", "FAST_OTHERS_no": "0", "REMARK_FOR__OTHERS_": "-", "DATA_PATH": "https://ev-charger.epd.gov.hk/resource/ev_charger_avail/evca_ver_1_0.json", "OBJECTID": 595, "total_chargers": 17 }, "geometry": { "type": "Point", "coordinates": [ 114.238594, 22.309386 ] } },
{ "type": "Feature", "properties": { "GmlID": "geotagging.596", "NAME_OF_DISTRICT_COUNCIL_DISTRICT_EN": "Kwun Tong", "LOCATION_EN": "Tak Tin Car Park B", "ADDRESS_EN": "Tak Tin Plaza, 223 Pik Wan Road, Lam Tin, Kwun Tong, Kowloon", "NAME_OF_DISTRICT_COUNCIL_DISTRICT_TC": "觀塘區", "LOCATION_TC": "德田B停車場", "ADDRESS_TC": "九龍觀塘藍田碧雲道223號德田廣場", "NAME_OF_DISTRICT_COUNCIL_DISTRICT_SC": "观塘区", "LOCATION_SC": "德田B停车场", "ADDRESS_SC": "九龙观塘蓝田碧云道223号德田广场", "STANDARD_BS1363_no": "0", "MEDIUM_CCS_DC_COMBO_no": "0", "MEDIUM_IEC62196_no": "13", "MEDIUM_SAEJ1772_no": "0", "MEDIUM_GB_T20234_2_AC__no": "0", "MEDIUM_OTHERS_no": "0", "QUICK_CHAdeMO_no": "0", "QUICK_CCS_DC_COMBO_no": "0", "QUICK_IEC62196_no": "0", "QUICK_GB_T20234_3_DC__no": "0", "QUICK_OTHERS_no": "0", "FAST_CHAdeMO_no": "0", "FAST_CCS_DC_COMBO_no": "0", "FAST_GB_T20234_3_DC__no": "0", "FAST_OTHERS_no": "0", "REMARK_FOR__OTHERS_": "-", "DATA_PATH": "-", "OBJECTID": 596, "total_chargers": 13 }, "geometry": { "type": "Point", "coordinates": [ 114.238587, 22.306549 ] } },
{ "type": "Feature", "properties": { "GmlID": "geotagging.597", "NAME_OF_DISTRICT_COUNCIL_DISTRICT_EN": "Kwun Tong", "LOCATION_EN": "Ping Tin Phase 4 Car Park", "ADDRESS_EN": "Ping Tin Shopping Centre, 23 On Tin Street, Lam Tin, Kwun Tong, Kowloon", "NAME_OF_DISTRICT_COUNCIL_DISTRICT_TC": "觀塘區", "LOCATION_TC": "平田4期停車場", "ADDRESS_TC": "九龍觀塘藍田安田街23號平田商場", "NAME_OF_DISTRICT_COUNCIL_DISTRICT_SC": "观塘区", "LOCATION_SC": "平田4期停车场", "ADDRESS_SC": "九龙观塘蓝田安田街23号平田商场", "STANDARD_BS1363_no": "0", "MEDIUM_CCS_DC_COMBO_no": "0", "MEDIUM_IEC62196_no": "13", "MEDIUM_SAEJ1772_no": "0", "MEDIUM_GB_T20234_2_AC__no": "0", "MEDIUM_OTHERS_no": "0", "QUICK_CHAdeMO_no": "0", "QUICK_CCS_DC_COMBO_no": "0", "QUICK_IEC62196_no": "0", "QUICK_GB_T20234_3_DC__no": "0", "QUICK_OTHERS_no": "0", "FAST_CHAdeMO_no": "0", "FAST_CCS_DC_COMBO_no": "0", "FAST_GB_T20234_3_DC__no": "0", "FAST_OTHERS_no": "0", "REMARK_FOR__OTHERS_": "-", "DATA_PATH": "-", "OBJECTID": 597, "total_chargers": 13 }, "geometry": { "type": "Point", "coordinates": [ 114.23645, 22.308318 ] } },
{ "type": "Feature", "properties": { "GmlID": "geotagging.598", "NAME_OF_DISTRICT_COUNCIL_DISTRICT_EN": "Tuen Mun", "LOCATION_EN": "Kin Sang Car Park", "ADDRESS_EN": "Kin Sang Shopping Centre, 3 Leung Wan Street, Tuen Mun, New Territories", "NAME_OF_DISTRICT_COUNCIL_DISTRICT_TC": "屯門區", "LOCATION_TC": "建生停車場", "ADDRESS_TC": "新界屯門良運街3號建生商場", "NAME_OF_DISTRICT_COUNCIL_DISTRICT_SC": "屯门区", "LOCATION_SC": "建生停车场", "ADDRESS_SC": "新界屯门良运街3号建生商场", "STANDARD_BS1363_no": "0", "MEDIUM_CCS_DC_COMBO_no": "0", "MEDIUM_IEC62196_no": "9", "MEDIUM_SAEJ1772_no": "0", "MEDIUM_GB_T20234_2_AC__no": "0", "MEDIUM_OTHERS_no": "0", "QUICK_CHAdeMO_no": "0", "QUICK_CCS_DC_COMBO_no": "0", "QUICK_IEC62196_no": "0", "QUICK_GB_T20234_3_DC__no": "0", "QUICK_OTHERS_no": "0", "FAST_CHAdeMO_no": "0", "FAST_CCS_DC_COMBO_no": "0", "FAST_GB_T20234_3_DC__no": "0", "FAST_OTHERS_no": "0", "REMARK_FOR__OTHERS_": "-", "DATA_PATH": "https://ev-charger.epd.gov.hk/resource/ev_charger_avail/evca_ver_1_0.json", "OBJECTID": 598, "total_chargers": 9 }, "geometry": { "type": "Point", "coordinates": [ 113.969919, 22.407139 ] } },
{ "type": "Feature", "properties": { "GmlID": "geotagging.599", "NAME_OF_DISTRICT_COUNCIL_DISTRICT_EN": "Sha Tin", "LOCATION_EN": "Yu Chui Car Park A", "ADDRESS_EN": "Yu Chui Shopping Centre, 2 Ngau Pei Sha Street, Siu Lek Yuen, Sha Tin, New Territories", "NAME_OF_DISTRICT_COUNCIL_DISTRICT_TC": "沙田區", "LOCATION_TC": "愉翠A停車場", "ADDRESS_TC": "新界沙田小瀝源牛皮沙街2號愉翠商場", "NAME_OF_DISTRICT_COUNCIL_DISTRICT_SC": "沙田区", "LOCATION_SC": "愉翠A停车场", "ADDRESS_SC": "新界沙田小沥源牛皮沙街2号愉翠商场", "STANDARD_BS1363_no": "0", "MEDIUM_CCS_DC_COMBO_no": "0", "MEDIUM_IEC62196_no": "22", "MEDIUM_SAEJ1772_no": "0", "MEDIUM_GB_T20234_2_AC__no": "0", "MEDIUM_OTHERS_no": "0", "QUICK_CHAdeMO_no": "0", "QUICK_CCS_DC_COMBO_no": "14", "QUICK_IEC62196_no": "0", "QUICK_GB_T20234_3_DC__no": "0", "QUICK_OTHERS_no": "0", "FAST_CHAdeMO_no": "0", "FAST_CCS_DC_COMBO_no": "0", "FAST_GB_T20234_3_DC__no": "0", "FAST_OTHERS_no": "0", "REMARK_FOR__OTHERS_": "-", "DATA_PATH": "-", "OBJECTID": 599, "total_chargers": 36 }, "geometry": { "type": "Point", "coordinates": [ 114.205714, 22.381515 ] } },
{ "type": "Feature", "properties": { "GmlID": "geotagging.600", "NAME_OF_DISTRICT_COUNCIL_DISTRICT_EN": "Sha Tin", "LOCATION_EN": "Yu Chui Car Park B", "ADDRESS_EN": "Yu Chui Shopping Centre, 2 Ngau Pei Sha Street, Siu Lek Yuen, Sha Tin, New Territories", "NAME_OF_DISTRICT_COUNCIL_DISTRICT_TC": "沙田區", "LOCATION_TC": "愉翠B停車場", "ADDRESS_TC": "新界沙田小瀝源牛皮沙街2號愉翠商場", "NAME_OF_DISTRICT_COUNCIL_DISTRICT_SC": "沙田区", "LOCATION_SC": "愉翠B停车场", "ADDRESS_SC": "新界沙田小沥源牛皮沙街2号愉翠商场", "STANDARD_BS1363_no": "0", "MEDIUM_CCS_DC_COMBO_no": "0", "MEDIUM_IEC62196_no": "22", "MEDIUM_SAEJ1772_no": "0", "MEDIUM_GB_T20234_2_AC__no": "0", "MEDIUM_OTHERS_no": "0", "QUICK_CHAdeMO_no": "0", "QUICK_CCS_DC_COMBO_no": "12", "QUICK_IEC62196_no": "0", "QUICK_GB_T20234_3_DC__no": "0", "QUICK_OTHERS_no": "0", "FAST_CHAdeMO_no": "0", "FAST_CCS_DC_COMBO_no": "0", "FAST_GB_T20234_3_DC__no": "0", "FAST_OTHERS_no": "0", "REMARK_FOR__OTHERS_": "-", "DATA_PATH": "-", "OBJECTID": 600, "total_chargers": 34 }, "geometry": { "type": "Point", "coordinates": [ 114.205263, 22.379993 ] } },
{ "type": "Feature", "properties": { "GmlID": "geotagging.601", "NAME_OF_DISTRICT_COUNCIL_DISTRICT_EN": "Sha Tin", "LOCATION_EN": "Kwong Yuen Car Park A", "ADDRESS_EN": "Kwong Yuen Shopping Centre, 68 Siu Lek Yuen Road, Sha Tin, New Territories", "NAME_OF_DISTRICT_COUNCIL_DISTRICT_TC": "沙田區", "LOCATION_TC": "廣源A停車場", "ADDRESS_TC": "新界沙田小瀝源路68號廣源商場", "NAME_OF_DISTRICT_COUNCIL_DISTRICT_SC": "沙田区", "LOCATION_SC": "广源A停车场", "ADDRESS_SC": "新界沙田小沥源路68号广源商场", "STANDARD_BS1363_no": "0", "MEDIUM_CCS_DC_COMBO_no": "0", "MEDIUM_IEC62196_no": "57", "MEDIUM_SAEJ1772_no": "0", "MEDIUM_GB_T20234_2_AC__no": "0", "MEDIUM_OTHERS_no": "0", "QUICK_CHAdeMO_no": "0", "QUICK_CCS_DC_COMBO_no": "0", "QUICK_IEC62196_no": "0", "QUICK_GB_T20234_3_DC__no": "0", "QUICK_OTHERS_no": "0", "FAST_CHAdeMO_no": "0", "FAST_CCS_DC_COMBO_no": "0", "FAST_GB_T20234_3_DC__no": "0", "FAST_OTHERS_no": "0", "REMARK_FOR__OTHERS_": "-", "DATA_PATH": "https://ev-charger.epd.gov.hk/resource/ev_charger_avail/evca_ver_1_0.json", "OBJECTID": 601, "total_chargers": 57 }, "geometry": { "type": "Point", "coordinates": [ 114.215424, 22.381504 ] } },
{ "type": "Feature", "properties": { "GmlID": "geotagging.602", "NAME_OF_DISTRICT_COUNCIL_DISTRICT_EN": "Sha Tin", "LOCATION_EN": "Wo Che Car Park S", "ADDRESS_EN": "Wo Che Plaza, 3 Tak Hau Street, Sha Tin, New Territories", "NAME_OF_DISTRICT_COUNCIL_DISTRICT_TC": "沙田區", "LOCATION_TC": "禾輋S停車場", "ADDRESS_TC": "新界沙田德厚街3號禾輋廣場", "NAME_OF_DISTRICT_COUNCIL_DISTRICT_SC": "沙田区", "LOCATION_SC": "禾輋S停车场", "ADDRESS_SC": "新界沙田德厚街3号禾輋广场", "STANDARD_BS1363_no": "0", "MEDIUM_CCS_DC_COMBO_no": "0", "MEDIUM_IEC62196_no": "17", "MEDIUM_SAEJ1772_no": "0", "MEDIUM_GB_T20234_2_AC__no": "0", "MEDIUM_OTHERS_no": "0", "QUICK_CHAdeMO_no": "0", "QUICK_CCS_DC_COMBO_no": "0", "QUICK_IEC62196_no": "0", "QUICK_GB_T20234_3_DC__no": "0", "QUICK_OTHERS_no": "0", "FAST_CHAdeMO_no": "0", "FAST_CCS_DC_COMBO_no": "0", "FAST_GB_T20234_3_DC__no": "0", "FAST_OTHERS_no": "0", "REMARK_FOR__OTHERS_": "-", "DATA_PATH": "https://ev-charger.epd.gov.hk/resource/ev_charger_avail/evca_ver_1_0.json", "OBJECTID": 602, "total_chargers": 17 }, "geometry": { "type": "Point", "coordinates": [ 114.196595, 22.388753 ] } },
{ "type": "Feature", "properties": { "GmlID": "geotagging.603", "NAME_OF_DISTRICT_COUNCIL_DISTRICT_EN": "Yuen Long", "LOCATION_EN": "Long Ping Car Park B", "ADDRESS_EN": "Long Ping Commercial Centre, 1 Long Ping Road, Yuen Long, New Territories", "NAME_OF_DISTRICT_COUNCIL_DISTRICT_TC": "元朗區", "LOCATION_TC": "朗屏B停車場", "ADDRESS_TC": "新界元朗朗屏路1號朗屏商場", "NAME_OF_DISTRICT_COUNCIL_DISTRICT_SC": "元朗区", "LOCATION_SC": "朗屏B停车场", "ADDRESS_SC": "新界元朗朗屏路1号朗屏商场", "STANDARD_BS1363_no": "0", "MEDIUM_CCS_DC_COMBO_no": "0", "MEDIUM_IEC62196_no": "20", "MEDIUM_SAEJ1772_no": "0", "MEDIUM_GB_T20234_2_AC__no": "0", "MEDIUM_OTHERS_no": "0", "QUICK_CHAdeMO_no": "0", "QUICK_CCS_DC_COMBO_no": "0", "QUICK_IEC62196_no": "0", "QUICK_GB_T20234_3_DC__no": "0", "QUICK_OTHERS_no": "0", "FAST_CHAdeMO_no": "0", "FAST_CCS_DC_COMBO_no": "0", "FAST_GB_T20234_3_DC__no": "0", "FAST_OTHERS_no": "0", "REMARK_FOR__OTHERS_": "-", "DATA_PATH": "https://ev-charger.epd.gov.hk/resource/ev_charger_avail/evca_ver_1_0.json", "OBJECTID": 603, "total_chargers": 20 }, "geometry": { "type": "Point", "coordinates": [ 114.023061, 22.450374 ] } },
{ "type": "Feature", "properties": { "GmlID": "geotagging.604", "NAME_OF_DISTRICT_COUNCIL_DISTRICT_EN": "Yuen Long", "LOCATION_EN": "Long Ping Car Park D", "ADDRESS_EN": "Long Ping Commercial Centre, 1 Long Ping Road, Yuen Long, New Territories", "NAME_OF_DISTRICT_COUNCIL_DISTRICT_TC": "元朗區", "LOCATION_TC": "朗屏D停車場", "ADDRESS_TC": "新界元朗朗屏路1號朗屏商場", "NAME_OF_DISTRICT_COUNCIL_DISTRICT_SC": "元朗区", "LOCATION_SC": "朗屏D停车场", "ADDRESS_SC": "新界元朗朗屏路1号朗屏商场", "STANDARD_BS1363_no": "0", "MEDIUM_CCS_DC_COMBO_no": "0", "MEDIUM_IEC62196_no": "27", "MEDIUM_SAEJ1772_no": "0", "MEDIUM_GB_T20234_2_AC__no": "0", "MEDIUM_OTHERS_no": "0", "QUICK_CHAdeMO_no": "0", "QUICK_CCS_DC_COMBO_no": "0", "QUICK_IEC62196_no": "0", "QUICK_GB_T20234_3_DC__no": "0", "QUICK_OTHERS_no": "0", "FAST_CHAdeMO_no": "0", "FAST_CCS_DC_COMBO_no": "0", "FAST_GB_T20234_3_DC__no": "0", "FAST_OTHERS_no": "0", "REMARK_FOR__OTHERS_": "-", "DATA_PATH": "https://ev-charger.epd.gov.hk/resource/ev_charger_avail/evca_ver_1_0.json", "OBJECTID": 604, "total_chargers": 27 }, "geometry": { "type": "Point", "coordinates": [ 114.023311, 22.448501 ] } },
{ "type": "Feature", "properties": { "GmlID": "geotagging.605", "NAME_OF_DISTRICT_COUNCIL_DISTRICT_EN": "Yuen Long", "LOCATION_EN": "Tin Yiu Car Park", "ADDRESS_EN": "Tin Yiu Plaza, 2 Tin Wu Road, Tin Shui Wai, Yuen Long, New Territories", "NAME_OF_DISTRICT_COUNCIL_DISTRICT_TC": "元朗區", "LOCATION_TC": "天耀停車場", "ADDRESS_TC": "新界元朗天水圍天湖路2號天耀廣場", "NAME_OF_DISTRICT_COUNCIL_DISTRICT_SC": "元朗区", "LOCATION_SC": "天耀停车场", "ADDRESS_SC": "新界元朗天水围天湖路2号天耀广场", "STANDARD_BS1363_no": "0", "MEDIUM_CCS_DC_COMBO_no": "0", "MEDIUM_IEC62196_no": "18", "MEDIUM_SAEJ1772_no": "0", "MEDIUM_GB_T20234_2_AC__no": "0", "MEDIUM_OTHERS_no": "0", "QUICK_CHAdeMO_no": "0", "QUICK_CCS_DC_COMBO_no": "0", "QUICK_IEC62196_no": "0", "QUICK_GB_T20234_3_DC__no": "0", "QUICK_OTHERS_no": "0", "FAST_CHAdeMO_no": "0", "FAST_CCS_DC_COMBO_no": "0", "FAST_GB_T20234_3_DC__no": "0", "FAST_OTHERS_no": "0", "REMARK_FOR__OTHERS_": "-", "DATA_PATH": "https://ev-charger.epd.gov.hk/resource/ev_charger_avail/evca_ver_1_0.json", "OBJECTID": 605, "total_chargers": 18 }, "geometry": { "type": "Point", "coordinates": [ 114.002753, 22.45135 ] } },
{ "type": "Feature", "properties": { "GmlID": "geotagging.606", "NAME_OF_DISTRICT_COUNCIL_DISTRICT_EN": "Yuen Long", "LOCATION_EN": "Tin Tsz Car Park", "ADDRESS_EN": "Tin Tsz Shopping Centre, 9 Tin Hei Street, Tin Shui Wai, Yuen Long, New Territories", "NAME_OF_DISTRICT_COUNCIL_DISTRICT_TC": "元朗區", "LOCATION_TC": "天慈停車場", "ADDRESS_TC": "新界元朗天水圍天喜街9號天慈商場", "NAME_OF_DISTRICT_COUNCIL_DISTRICT_SC": "元朗区", "LOCATION_SC": "天慈停车场", "ADDRESS_SC": "新界元朗天水围天喜街9号天慈商场", "STANDARD_BS1363_no": "0", "MEDIUM_CCS_DC_COMBO_no": "0", "MEDIUM_IEC62196_no": "18", "MEDIUM_SAEJ1772_no": "0", "MEDIUM_GB_T20234_2_AC__no": "0", "MEDIUM_OTHERS_no": "0", "QUICK_CHAdeMO_no": "0", "QUICK_CCS_DC_COMBO_no": "0", "QUICK_IEC62196_no": "0", "QUICK_GB_T20234_3_DC__no": "0", "QUICK_OTHERS_no": "0", "FAST_CHAdeMO_no": "0", "FAST_CCS_DC_COMBO_no": "0", "FAST_GB_T20234_3_DC__no": "0", "FAST_OTHERS_no": "0", "REMARK_FOR__OTHERS_": "-", "DATA_PATH": "https://ev-charger.epd.gov.hk/resource/ev_charger_avail/evca_ver_1_0.json", "OBJECTID": 606, "total_chargers": 18 }, "geometry": { "type": "Point", "coordinates": [ 114.008088, 22.453857 ] } },
{ "type": "Feature", "properties": { "GmlID": "geotagging.607", "NAME_OF_DISTRICT_COUNCIL_DISTRICT_EN": "Tai Po", "LOCATION_EN": "Kwong Fuk Car Park", "ADDRESS_EN": "Kwong Fuk Commercial Centre, 28 Plover Cove Road, Tai Po, New Territories", "NAME_OF_DISTRICT_COUNCIL_DISTRICT_TC": "大埔區", "LOCATION_TC": "廣褔停車場", "ADDRESS_TC": "新界大埔寶湖道28號廣福商場", "NAME_OF_DISTRICT_COUNCIL_DISTRICT_SC": "大埔区", "LOCATION_SC": "广褔停车场", "ADDRESS_SC": "新界大埔宝湖道28号广福商场", "STANDARD_BS1363_no": "0", "MEDIUM_CCS_DC_COMBO_no": "0", "MEDIUM_IEC62196_no": "18", "MEDIUM_SAEJ1772_no": "0", "MEDIUM_GB_T20234_2_AC__no": "0", "MEDIUM_OTHERS_no": "0", "QUICK_CHAdeMO_no": "0", "QUICK_CCS_DC_COMBO_no": "0", "QUICK_IEC62196_no": "0", "QUICK_GB_T20234_3_DC__no": "0", "QUICK_OTHERS_no": "0", "FAST_CHAdeMO_no": "0", "FAST_CCS_DC_COMBO_no": "0", "FAST_GB_T20234_3_DC__no": "0", "FAST_OTHERS_no": "0", "REMARK_FOR__OTHERS_": "-", "DATA_PATH": "https://ev-charger.epd.gov.hk/resource/ev_charger_avail/evca_ver_1_0.json", "OBJECTID": 607, "total_chargers": 18 }, "geometry": { "type": "Point", "coordinates": [ 114.173875, 22.448533 ] } },
{ "type": "Feature", "properties": { "GmlID": "geotagging.608", "NAME_OF_DISTRICT_COUNCIL_DISTRICT_EN": "Tai Po", "LOCATION_EN": "Tai Yuen Car Park A", "ADDRESS_EN": "Tai Yuen Commercial Centre, 10 Ting Kok Road, Tai Po, New Territories", "NAME_OF_DISTRICT_COUNCIL_DISTRICT_TC": "大埔區", "LOCATION_TC": "大元A停車場", "ADDRESS_TC": "新界大埔汀角路10號大元商場", "NAME_OF_DISTRICT_COUNCIL_DISTRICT_SC": "大埔区", "LOCATION_SC": "大元A停车场", "ADDRESS_SC": "新界大埔汀角路10号大元商场", "STANDARD_BS1363_no": "0", "MEDIUM_CCS_DC_COMBO_no": "0", "MEDIUM_IEC62196_no": "10", "MEDIUM_SAEJ1772_no": "0", "MEDIUM_GB_T20234_2_AC__no": "0", "MEDIUM_OTHERS_no": "0", "QUICK_CHAdeMO_no": "0", "QUICK_CCS_DC_COMBO_no": "2", "QUICK_IEC62196_no": "0", "QUICK_GB_T20234_3_DC__no": "0", "QUICK_OTHERS_no": "0", "FAST_CHAdeMO_no": "0", "FAST_CCS_DC_COMBO_no": "0", "FAST_GB_T20234_3_DC__no": "0", "FAST_OTHERS_no": "0", "REMARK_FOR__OTHERS_": "-", "DATA_PATH": "-", "OBJECTID": 608, "total_chargers": 12 }, "geometry": { "type": "Point", "coordinates": [ 114.169807, 22.455049 ] } },
{ "type": "Feature", "properties": { "GmlID": "geotagging.609", "NAME_OF_DISTRICT_COUNCIL_DISTRICT_EN": "Wong Tai Sin", "LOCATION_EN": "Lok Fu UNY Car Park", "ADDRESS_EN": "Lok Fu Place, 198 Junction Road, Wang Tau Hom, Kowloon", "NAME_OF_DISTRICT_COUNCIL_DISTRICT_TC": "黃大仙區", "LOCATION_TC": "樂富生活創庫停車場", "ADDRESS_TC": "九龍橫頭磡聯合道198號樂富廣場", "NAME_OF_DISTRICT_COUNCIL_DISTRICT_SC": "黄大仙区", "LOCATION_SC": "乐富生活创库停车场", "ADDRESS_SC": "九龙横头磡联合道198号乐富广场", "STANDARD_BS1363_no": "0", "MEDIUM_CCS_DC_COMBO_no": "0", "MEDIUM_IEC62196_no": "12", "MEDIUM_SAEJ1772_no": "0", "MEDIUM_GB_T20234_2_AC__no": "0", "MEDIUM_OTHERS_no": "0", "QUICK_CHAdeMO_no": "0", "QUICK_CCS_DC_COMBO_no": "8", "QUICK_IEC62196_no": "0", "QUICK_GB_T20234_3_DC__no": "0", "QUICK_OTHERS_no": "0", "FAST_CHAdeMO_no": "0", "FAST_CCS_DC_COMBO_no": "0", "FAST_GB_T20234_3_DC__no": "0", "FAST_OTHERS_no": "0", "REMARK_FOR__OTHERS_": "-", "DATA_PATH": "-", "OBJECTID": 609, "total_chargers": 20 }, "geometry": { "type": "Point", "coordinates": [ 114.185872, 22.338482 ] } },
{ "type": "Feature", "properties": { "GmlID": "geotagging.610", "NAME_OF_DISTRICT_COUNCIL_DISTRICT_EN": "Wong Tai Sin", "LOCATION_EN": "Lok Fu Estate Car Park", "ADDRESS_EN": "Lok Fu Place, 198 Junction Road, Wang Tau Hom, Kowloon", "NAME_OF_DISTRICT_COUNCIL_DISTRICT_TC": "黃大仙區", "LOCATION_TC": "樂富邨停車場", "ADDRESS_TC": "九龍橫頭磡聯合道198號樂富廣場", "NAME_OF_DISTRICT_COUNCIL_DISTRICT_SC": "黄大仙区", "LOCATION_SC": "乐富邨停车场", "ADDRESS_SC": "九龙横头磡联合道198号乐富广场", "STANDARD_BS1363_no": "0", "MEDIUM_CCS_DC_COMBO_no": "0", "MEDIUM_IEC62196_no": "9", "MEDIUM_SAEJ1772_no": "0", "MEDIUM_GB_T20234_2_AC__no": "0", "MEDIUM_OTHERS_no": "0", "QUICK_CHAdeMO_no": "0", "QUICK_CCS_DC_COMBO_no": "0", "QUICK_IEC62196_no": "0", "QUICK_GB_T20234_3_DC__no": "0", "QUICK_OTHERS_no": "0", "FAST_CHAdeMO_no": "0", "FAST_CCS_DC_COMBO_no": "0", "FAST_GB_T20234_3_DC__no": "0", "FAST_OTHERS_no": "0", "REMARK_FOR__OTHERS_": "-", "DATA_PATH": "-", "OBJECTID": 610, "total_chargers": 9 }, "geometry": { "type": "Point", "coordinates": [ 114.186961, 22.335232 ] } },
{ "type": "Feature", "properties": { "GmlID": "geotagging.611", "NAME_OF_DISTRICT_COUNCIL_DISTRICT_EN": "Sham Shui Po", "LOCATION_EN": "Nam Cheong Place Car Park", "ADDRESS_EN": "Nam Cheong Place, 19 Sai Chuen Road, Sham Shui Po, Kowloon", "NAME_OF_DISTRICT_COUNCIL_DISTRICT_TC": "深水埗區", "LOCATION_TC": "南昌薈停車場", "ADDRESS_TC": "九龍深水埗西邨路19號南昌薈", "NAME_OF_DISTRICT_COUNCIL_DISTRICT_SC": "深水埗区", "LOCATION_SC": "南昌荟停车场", "ADDRESS_SC": "九龙深水埗西邨路19号南昌荟", "STANDARD_BS1363_no": "0", "MEDIUM_CCS_DC_COMBO_no": "0", "MEDIUM_IEC62196_no": "18", "MEDIUM_SAEJ1772_no": "0", "MEDIUM_GB_T20234_2_AC__no": "0", "MEDIUM_OTHERS_no": "0", "QUICK_CHAdeMO_no": "0", "QUICK_CCS_DC_COMBO_no": "6", "QUICK_IEC62196_no": "0", "QUICK_GB_T20234_3_DC__no": "0", "QUICK_OTHERS_no": "0", "FAST_CHAdeMO_no": "0", "FAST_CCS_DC_COMBO_no": "0", "FAST_GB_T20234_3_DC__no": "0", "FAST_OTHERS_no": "0", "REMARK_FOR__OTHERS_": "-", "DATA_PATH": "-", "OBJECTID": 611, "total_chargers": 24 }, "geometry": { "type": "Point", "coordinates": [ 114.153289, 22.328977 ] } },
{ "type": "Feature", "properties": { "GmlID": "geotagging.612", "NAME_OF_DISTRICT_COUNCIL_DISTRICT_EN": "Sham Shui Po", "LOCATION_EN": "Nam Cheong Car Park", "ADDRESS_EN": "Nam Cheong Estate Retail and Car Park, 3 Cheong San Lane, Sham Shui Po, Kowloon", "NAME_OF_DISTRICT_COUNCIL_DISTRICT_TC": "深水埗區", "LOCATION_TC": "南昌停車場", "ADDRESS_TC": "九龍深水埗昌新里3號南昌邨商舖及停車場", "NAME_OF_DISTRICT_COUNCIL_DISTRICT_SC": "深水埗区", "LOCATION_SC": "南昌停车场", "ADDRESS_SC": "九龙深水埗昌新里3号南昌邨商舖及停车场", "STANDARD_BS1363_no": "0", "MEDIUM_CCS_DC_COMBO_no": "0", "MEDIUM_IEC62196_no": "3", "MEDIUM_SAEJ1772_no": "0", "MEDIUM_GB_T20234_2_AC__no": "0", "MEDIUM_OTHERS_no": "0", "QUICK_CHAdeMO_no": "0", "QUICK_CCS_DC_COMBO_no": "0", "QUICK_IEC62196_no": "0", "QUICK_GB_T20234_3_DC__no": "0", "QUICK_OTHERS_no": "0", "FAST_CHAdeMO_no": "0", "FAST_CCS_DC_COMBO_no": "0", "FAST_GB_T20234_3_DC__no": "0", "FAST_OTHERS_no": "0", "REMARK_FOR__OTHERS_": "-", "DATA_PATH": "https://ev-charger.epd.gov.hk/resource/ev_charger_avail/evca_ver_1_0.json", "OBJECTID": 612, "total_chargers": 3 }, "geometry": { "type": "Point", "coordinates": [ 114.157698, 22.326358 ] } },
{ "type": "Feature", "properties": { "GmlID": "geotagging.613", "NAME_OF_DISTRICT_COUNCIL_DISTRICT_EN": "Wong Tai Sin", "LOCATION_EN": "Ying Fuk Car Park", "ADDRESS_EN": "Ying Fuk Court Retail and Car Park, 17 Wing Chuk Street, Wong Tai Sin, Kowloon", "NAME_OF_DISTRICT_COUNCIL_DISTRICT_TC": "黃大仙區", "LOCATION_TC": "盈福停車場", "ADDRESS_TC": "九龍黃大仙穎竹街17號盈福苑商舖及停車場", "NAME_OF_DISTRICT_COUNCIL_DISTRICT_SC": "黄大仙区", "LOCATION_SC": "盈福停车场", "ADDRESS_SC": "九龙黄大仙颖竹街17号盈福苑商舖及停车场", "STANDARD_BS1363_no": "0", "MEDIUM_CCS_DC_COMBO_no": "0", "MEDIUM_IEC62196_no": "9", "MEDIUM_SAEJ1772_no": "0", "MEDIUM_GB_T20234_2_AC__no": "0", "MEDIUM_OTHERS_no": "0", "QUICK_CHAdeMO_no": "0", "QUICK_CCS_DC_COMBO_no": "0", "QUICK_IEC62196_no": "0", "QUICK_GB_T20234_3_DC__no": "0", "QUICK_OTHERS_no": "0", "FAST_CHAdeMO_no": "0", "FAST_CCS_DC_COMBO_no": "0", "FAST_GB_T20234_3_DC__no": "0", "FAST_OTHERS_no": "0", "REMARK_FOR__OTHERS_": "-", "DATA_PATH": "https://ev-charger.epd.gov.hk/resource/ev_charger_avail/evca_ver_1_0.json", "OBJECTID": 613, "total_chargers": 9 }, "geometry": { "type": "Point", "coordinates": [ 114.195506, 22.346504 ] } },
{ "type": "Feature", "properties": { "GmlID": "geotagging.614", "NAME_OF_DISTRICT_COUNCIL_DISTRICT_EN": "Kwun Tong", "LOCATION_EN": "Sau Mau Ping Phase 15 Car Park", "ADDRESS_EN": "Sau Mau Ping Shopping Centre, 101 Sau Ming Road, Sau Mau Ping, Kwun Tong, Kowloon", "NAME_OF_DISTRICT_COUNCIL_DISTRICT_TC": "觀塘區", "LOCATION_TC": "秀茂坪15期停車場", "ADDRESS_TC": "九龍觀塘秀茂坪秀明道101號秀茂坪商場", "NAME_OF_DISTRICT_COUNCIL_DISTRICT_SC": "观塘区", "LOCATION_SC": "秀茂坪15期停车场", "ADDRESS_SC": "九龙观塘秀茂坪秀明道101号秀茂坪商场", "STANDARD_BS1363_no": "0", "MEDIUM_CCS_DC_COMBO_no": "0", "MEDIUM_IEC62196_no": "27", "MEDIUM_SAEJ1772_no": "0", "MEDIUM_GB_T20234_2_AC__no": "0", "MEDIUM_OTHERS_no": "0", "QUICK_CHAdeMO_no": "0", "QUICK_CCS_DC_COMBO_no": "0", "QUICK_IEC62196_no": "0", "QUICK_GB_T20234_3_DC__no": "0", "QUICK_OTHERS_no": "0", "FAST_CHAdeMO_no": "0", "FAST_CCS_DC_COMBO_no": "0", "FAST_GB_T20234_3_DC__no": "0", "FAST_OTHERS_no": "0", "REMARK_FOR__OTHERS_": "-", "DATA_PATH": "https://ev-charger.epd.gov.hk/resource/ev_charger_avail/evca_ver_1_0.json", "OBJECTID": 614, "total_chargers": 27 }, "geometry": { "type": "Point", "coordinates": [ 114.234771, 22.317989 ] } },
{ "type": "Feature", "properties": { "GmlID": "geotagging.615", "NAME_OF_DISTRICT_COUNCIL_DISTRICT_EN": "Kwun Tong", "LOCATION_EN": "Po Tat Car Park A", "ADDRESS_EN": "Po Tat Shopping Centre, 2 Po Lam Road, Sau Mau Ping, Kwun Tong, Kowloon", "NAME_OF_DISTRICT_COUNCIL_DISTRICT_TC": "觀塘區", "LOCATION_TC": "寶達 A停車場", "ADDRESS_TC": "九龍觀塘秀茂坪寶琳路2號寶達商場", "NAME_OF_DISTRICT_COUNCIL_DISTRICT_SC": "观塘区", "LOCATION_SC": "宝达 A停车场", "ADDRESS_SC": "九龙观塘秀茂坪宝琳路2号宝达商场", "STANDARD_BS1363_no": "0", "MEDIUM_CCS_DC_COMBO_no": "0", "MEDIUM_IEC62196_no": "51", "MEDIUM_SAEJ1772_no": "0", "MEDIUM_GB_T20234_2_AC__no": "0", "MEDIUM_OTHERS_no": "0", "QUICK_CHAdeMO_no": "0", "QUICK_CCS_DC_COMBO_no": "2", "QUICK_IEC62196_no": "0", "QUICK_GB_T20234_3_DC__no": "0", "QUICK_OTHERS_no": "0", "FAST_CHAdeMO_no": "0", "FAST_CCS_DC_COMBO_no": "0", "FAST_GB_T20234_3_DC__no": "0", "FAST_OTHERS_no": "0", "REMARK_FOR__OTHERS_": "-", "DATA_PATH": "-", "OBJECTID": 615, "total_chargers": 53 }, "geometry": { "type": "Point", "coordinates": [ 114.236143, 22.317872 ] } },
{ "type": "Feature", "properties": { "GmlID": "geotagging.616", "NAME_OF_DISTRICT_COUNCIL_DISTRICT_EN": "Kwai Tsing", "LOCATION_EN": "Cheung On Phase 1 Car Park", "ADDRESS_EN": "Cheung On Estate Retail and Car Park, 1 Tam Kon Shan Road, Tsing Yi, New Territories", "NAME_OF_DISTRICT_COUNCIL_DISTRICT_TC": "葵青區", "LOCATION_TC": "長安1期停車場", "ADDRESS_TC": "新界青衣擔桿山路1號長安邨商舖及停車場", "NAME_OF_DISTRICT_COUNCIL_DISTRICT_SC": "葵青区", "LOCATION_SC": "长安1期停车场", "ADDRESS_SC": "新界青衣担杆山路1号长安邨商舖及停车场", "STANDARD_BS1363_no": "0", "MEDIUM_CCS_DC_COMBO_no": "0", "MEDIUM_IEC62196_no": "6", "MEDIUM_SAEJ1772_no": "0", "MEDIUM_GB_T20234_2_AC__no": "0", "MEDIUM_OTHERS_no": "0", "QUICK_CHAdeMO_no": "0", "QUICK_CCS_DC_COMBO_no": "0", "QUICK_IEC62196_no": "0", "QUICK_GB_T20234_3_DC__no": "0", "QUICK_OTHERS_no": "0", "FAST_CHAdeMO_no": "0", "FAST_CCS_DC_COMBO_no": "0", "FAST_GB_T20234_3_DC__no": "0", "FAST_OTHERS_no": "0", "REMARK_FOR__OTHERS_": "-", "DATA_PATH": "-", "OBJECTID": 616, "total_chargers": 6 }, "geometry": { "type": "Point", "coordinates": [ 114.101831, 22.361 ] } },
{ "type": "Feature", "properties": { "GmlID": "geotagging.617", "NAME_OF_DISTRICT_COUNCIL_DISTRICT_EN": "Kwun Tong", "LOCATION_EN": "Lok Wah South Car Park", "ADDRESS_EN": "Lok Wah (South) Estate Retail and Car Park, 70 Chun Wah Road, Ngau Tau Kwok, Kwun Tong, Kowloon", "NAME_OF_DISTRICT_COUNCIL_DISTRICT_TC": "觀塘區", "LOCATION_TC": "樂華南停車場", "ADDRESS_TC": "九龍觀塘牛頭角振華道70號樂華南邨商舖及停車場", "NAME_OF_DISTRICT_COUNCIL_DISTRICT_SC": "观塘区", "LOCATION_SC": "乐华南停车场", "ADDRESS_SC": "九龙观塘牛头角振华道70号乐华南邨商舖及停车场", "STANDARD_BS1363_no": "0", "MEDIUM_CCS_DC_COMBO_no": "0", "MEDIUM_IEC62196_no": "18", "MEDIUM_SAEJ1772_no": "0", "MEDIUM_GB_T20234_2_AC__no": "0", "MEDIUM_OTHERS_no": "0", "QUICK_CHAdeMO_no": "0", "QUICK_CCS_DC_COMBO_no": "0", "QUICK_IEC62196_no": "0", "QUICK_GB_T20234_3_DC__no": "0", "QUICK_OTHERS_no": "0", "FAST_CHAdeMO_no": "0", "FAST_CCS_DC_COMBO_no": "0", "FAST_GB_T20234_3_DC__no": "0", "FAST_OTHERS_no": "0", "REMARK_FOR__OTHERS_": "-", "DATA_PATH": "https://ev-charger.epd.gov.hk/resource/ev_charger_avail/evca_ver_1_0.json", "OBJECTID": 617, "total_chargers": 18 }, "geometry": { "type": "Point", "coordinates": [ 114.220744, 22.320473 ] } },
{ "type": "Feature", "properties": { "GmlID": "geotagging.618", "NAME_OF_DISTRICT_COUNCIL_DISTRICT_EN": "Kwun Tong", "LOCATION_EN": "Lok Wah North Car Park A", "ADDRESS_EN": "Lok Wah Commercial Centre, 70 Chun Wah Road, Ngau Tau Kwok, Kwun Tong, Kowloon", "NAME_OF_DISTRICT_COUNCIL_DISTRICT_TC": "觀塘區", "LOCATION_TC": "樂華北A停車場", "ADDRESS_TC": "九龍觀塘牛頭角振華道70號樂華商場", "NAME_OF_DISTRICT_COUNCIL_DISTRICT_SC": "观塘区", "LOCATION_SC": "乐华北A停车场", "ADDRESS_SC": "九龙观塘牛头角振华道70号乐华商场", "STANDARD_BS1363_no": "0", "MEDIUM_CCS_DC_COMBO_no": "0", "MEDIUM_IEC62196_no": "9", "MEDIUM_SAEJ1772_no": "0", "MEDIUM_GB_T20234_2_AC__no": "0", "MEDIUM_OTHERS_no": "0", "QUICK_CHAdeMO_no": "1", "QUICK_CCS_DC_COMBO_no": "1", "QUICK_IEC62196_no": "0", "QUICK_GB_T20234_3_DC__no": "0", "QUICK_OTHERS_no": "0", "FAST_CHAdeMO_no": "0", "FAST_CCS_DC_COMBO_no": "0", "FAST_GB_T20234_3_DC__no": "0", "FAST_OTHERS_no": "0", "REMARK_FOR__OTHERS_": "-", "DATA_PATH": "https://ev-charger.epd.gov.hk/resource/ev_charger_avail/evca_ver_1_0.json", "OBJECTID": 618, "total_chargers": 11 }, "geometry": { "type": "Point", "coordinates": [ 114.219897, 22.321666 ] } },
{ "type": "Feature", "properties": { "GmlID": "geotagging.619", "NAME_OF_DISTRICT_COUNCIL_DISTRICT_EN": "Kwun Tong", "LOCATION_EN": "Lok Wah North Car Park B", "ADDRESS_EN": "Lok Wah Commercial Centre, 70 Chun Wah Road, Ngau Tau Kwok, Kwun Tong, Kowloon", "NAME_OF_DISTRICT_COUNCIL_DISTRICT_TC": "觀塘區", "LOCATION_TC": "樂華北B停車場", "ADDRESS_TC": "九龍觀塘牛頭角振華道70號樂華商場", "NAME_OF_DISTRICT_COUNCIL_DISTRICT_SC": "观塘区", "LOCATION_SC": "乐华北B停车场", "ADDRESS_SC": "九龙观塘牛头角振华道70号乐华商场", "STANDARD_BS1363_no": "0", "MEDIUM_CCS_DC_COMBO_no": "0", "MEDIUM_IEC62196_no": "16", "MEDIUM_SAEJ1772_no": "0", "MEDIUM_GB_T20234_2_AC__no": "0", "MEDIUM_OTHERS_no": "0", "QUICK_CHAdeMO_no": "0", "QUICK_CCS_DC_COMBO_no": "0", "QUICK_IEC62196_no": "0", "QUICK_GB_T20234_3_DC__no": "0", "QUICK_OTHERS_no": "0", "FAST_CHAdeMO_no": "0", "FAST_CCS_DC_COMBO_no": "0", "FAST_GB_T20234_3_DC__no": "0", "FAST_OTHERS_no": "0", "REMARK_FOR__OTHERS_": "-", "DATA_PATH": "https://ev-charger.epd.gov.hk/resource/ev_charger_avail/evca_ver_1_0.json", "OBJECTID": 619, "total_chargers": 16 }, "geometry": { "type": "Point", "coordinates": [ 114.219932, 22.322173 ] } },
{ "type": "Feature", "properties": { "GmlID": "geotagging.620", "NAME_OF_DISTRICT_COUNCIL_DISTRICT_EN": "Kwun Tong", "LOCATION_EN": "Tsui Ping North Car Park 1", "ADDRESS_EN": "Tsui Ping North Shopping Circuit, 18 Tsui Ping Road, Kwun Tong, Kowloon", "NAME_OF_DISTRICT_COUNCIL_DISTRICT_TC": "觀塘區", "LOCATION_TC": "翠屏北 1 號停車場", "ADDRESS_TC": "九龍觀塘翠屏道18號翠屏(北)商場", "NAME_OF_DISTRICT_COUNCIL_DISTRICT_SC": "观塘区", "LOCATION_SC": "翠屏北 1 号停车场", "ADDRESS_SC": "九龙观塘翠屏道18号翠屏(北)商场", "STANDARD_BS1363_no": "0", "MEDIUM_CCS_DC_COMBO_no": "0", "MEDIUM_IEC62196_no": "9", "MEDIUM_SAEJ1772_no": "0", "MEDIUM_GB_T20234_2_AC__no": "0", "MEDIUM_OTHERS_no": "0", "QUICK_CHAdeMO_no": "0", "QUICK_CCS_DC_COMBO_no": "0", "QUICK_IEC62196_no": "0", "QUICK_GB_T20234_3_DC__no": "0", "QUICK_OTHERS_no": "0", "FAST_CHAdeMO_no": "0", "FAST_CCS_DC_COMBO_no": "0", "FAST_GB_T20234_3_DC__no": "0", "FAST_OTHERS_no": "0", "REMARK_FOR__OTHERS_": "-", "DATA_PATH": "https://ev-charger.epd.gov.hk/resource/ev_charger_avail/evca_ver_1_0.json", "OBJECTID": 620, "total_chargers": 9 }, "geometry": { "type": "Point", "coordinates": [ 114.229106, 22.313236 ] } },
{ "type": "Feature", "properties": { "GmlID": "geotagging.621", "NAME_OF_DISTRICT_COUNCIL_DISTRICT_EN": "Wong Tai Sin", "LOCATION_EN": "Tsz Wan Shan SC Car Park A", "ADDRESS_EN": "Tsz Wan Shan Shopping Centre, 23 Yuk Wah Street, Tsz Wan Shan, Kowloon", "NAME_OF_DISTRICT_COUNCIL_DISTRICT_TC": "黃大仙區", "LOCATION_TC": "慈雲山中心A停車場", "ADDRESS_TC": "九龍慈雲山毓華街23號慈雲山中心", "NAME_OF_DISTRICT_COUNCIL_DISTRICT_SC": "黄大仙区", "LOCATION_SC": "慈云山中心A停车场", "ADDRESS_SC": "九龙慈云山毓华街23号慈云山中心", "STANDARD_BS1363_no": "0", "MEDIUM_CCS_DC_COMBO_no": "0", "MEDIUM_IEC62196_no": "38", "MEDIUM_SAEJ1772_no": "0", "MEDIUM_GB_T20234_2_AC__no": "0", "MEDIUM_OTHERS_no": "0", "QUICK_CHAdeMO_no": "1", "QUICK_CCS_DC_COMBO_no": "1", "QUICK_IEC62196_no": "0", "QUICK_GB_T20234_3_DC__no": "0", "QUICK_OTHERS_no": "0", "FAST_CHAdeMO_no": "0", "FAST_CCS_DC_COMBO_no": "0", "FAST_GB_T20234_3_DC__no": "0", "FAST_OTHERS_no": "0", "REMARK_FOR__OTHERS_": "-", "DATA_PATH": "https://ev-charger.epd.gov.hk/resource/ev_charger_avail/evca_ver_1_0.json", "OBJECTID": 621, "total_chargers": 40 }, "geometry": { "type": "Point", "coordinates": [ 114.20095, 22.347704 ] } },
{ "type": "Feature", "properties": { "GmlID": "geotagging.622", "NAME_OF_DISTRICT_COUNCIL_DISTRICT_EN": "Wong Tai Sin", "LOCATION_EN": "Tsz Oi Car Park", "ADDRESS_EN": "Tsz Oi Court Retail and Car Park, 2 Wan Wah Street, Tsz Wan Shan, Kowloon", "NAME_OF_DISTRICT_COUNCIL_DISTRICT_TC": "黃大仙區", "LOCATION_TC": "慈愛停車場", "ADDRESS_TC": "九龍慈雲山雲華街2號慈愛苑商舖及停車場", "NAME_OF_DISTRICT_COUNCIL_DISTRICT_SC": "黄大仙区", "LOCATION_SC": "慈爱停车场", "ADDRESS_SC": "九龙慈云山云华街2号慈爱苑商舖及停车场", "STANDARD_BS1363_no": "0", "MEDIUM_CCS_DC_COMBO_no": "0", "MEDIUM_IEC62196_no": "9", "MEDIUM_SAEJ1772_no": "0", "MEDIUM_GB_T20234_2_AC__no": "0", "MEDIUM_OTHERS_no": "0", "QUICK_CHAdeMO_no": "0", "QUICK_CCS_DC_COMBO_no": "0", "QUICK_IEC62196_no": "0", "QUICK_GB_T20234_3_DC__no": "0", "QUICK_OTHERS_no": "0", "FAST_CHAdeMO_no": "0", "FAST_CCS_DC_COMBO_no": "0", "FAST_GB_T20234_3_DC__no": "0", "FAST_OTHERS_no": "0", "REMARK_FOR__OTHERS_": "-", "DATA_PATH": "https://ev-charger.epd.gov.hk/resource/ev_charger_avail/evca_ver_1_0.json", "OBJECTID": 622, "total_chargers": 9 }, "geometry": { "type": "Point", "coordinates": [ 114.199616, 22.349401 ] } },
{ "type": "Feature", "properties": { "GmlID": "geotagging.623", "NAME_OF_DISTRICT_COUNCIL_DISTRICT_EN": "Wong Tai Sin", "LOCATION_EN": "Fung Tak Car Park A", "ADDRESS_EN": "Fung Tak Shopping Centre, 111 Fung Tak Road, Diamond Hill, Kowloon", "NAME_OF_DISTRICT_COUNCIL_DISTRICT_TC": "黃大仙區", "LOCATION_TC": "鳳德停車場", "ADDRESS_TC": "九龍鑽石山鳳德道111號鳳德商場", "NAME_OF_DISTRICT_COUNCIL_DISTRICT_SC": "黄大仙区", "LOCATION_SC": "凤德停车场", "ADDRESS_SC": "九龙钻石山凤德道111号凤德商场", "STANDARD_BS1363_no": "0", "MEDIUM_CCS_DC_COMBO_no": "0", "MEDIUM_IEC62196_no": "20", "MEDIUM_SAEJ1772_no": "0", "MEDIUM_GB_T20234_2_AC__no": "0", "MEDIUM_OTHERS_no": "0", "QUICK_CHAdeMO_no": "0", "QUICK_CCS_DC_COMBO_no": "6", "QUICK_IEC62196_no": "0", "QUICK_GB_T20234_3_DC__no": "0", "QUICK_OTHERS_no": "0", "FAST_CHAdeMO_no": "0", "FAST_CCS_DC_COMBO_no": "0", "FAST_GB_T20234_3_DC__no": "0", "FAST_OTHERS_no": "0", "REMARK_FOR__OTHERS_": "-", "DATA_PATH": "https://ev-charger.epd.gov.hk/resource/ev_charger_avail/evca_ver_1_0.json", "OBJECTID": 623, "total_chargers": 26 }, "geometry": { "type": "Point", "coordinates": [ 114.201173, 22.34429 ] } },
{ "type": "Feature", "properties": { "GmlID": "geotagging.624", "NAME_OF_DISTRICT_COUNCIL_DISTRICT_EN": "Wong Tai Sin", "LOCATION_EN": "Tsz Wan Shan SC Car Park D", "ADDRESS_EN": "Tsz Wan Shan Shopping Centre, 23 Yuk Wah Street, Tsz Wan Shan, Kowloon", "NAME_OF_DISTRICT_COUNCIL_DISTRICT_TC": "黃大仙區", "LOCATION_TC": "慈雲山中心D停車場", "ADDRESS_TC": "九龍慈雲山毓華街23號慈雲山中心", "NAME_OF_DISTRICT_COUNCIL_DISTRICT_SC": "黄大仙区", "LOCATION_SC": "慈云山中心D停车场", "ADDRESS_SC": "九龙慈云山毓华街23号慈云山中心", "STANDARD_BS1363_no": "0", "MEDIUM_CCS_DC_COMBO_no": "0", "MEDIUM_IEC62196_no": "9", "MEDIUM_SAEJ1772_no": "0", "MEDIUM_GB_T20234_2_AC__no": "0", "MEDIUM_OTHERS_no": "0", "QUICK_CHAdeMO_no": "0", "QUICK_CCS_DC_COMBO_no": "0", "QUICK_IEC62196_no": "0", "QUICK_GB_T20234_3_DC__no": "0", "QUICK_OTHERS_no": "0", "FAST_CHAdeMO_no": "0", "FAST_CCS_DC_COMBO_no": "0", "FAST_GB_T20234_3_DC__no": "0", "FAST_OTHERS_no": "0", "REMARK_FOR__OTHERS_": "-", "DATA_PATH": "-", "OBJECTID": 624, "total_chargers": 9 }, "geometry": { "type": "Point", "coordinates": [ 114.199753, 22.346302 ] } },
{ "type": "Feature", "properties": { "GmlID": "geotagging.625", "NAME_OF_DISTRICT_COUNCIL_DISTRICT_EN": "Wong Tai Sin", "LOCATION_EN": "Choi Wan Car Park B & C", "ADDRESS_EN": "Choi Wan Commercial Complex, 45 Clear Water Bay Road, Ngau Chi Wan, Kowloon", "NAME_OF_DISTRICT_COUNCIL_DISTRICT_TC": "黃大仙區", "LOCATION_TC": "彩雲B,C停車場", "ADDRESS_TC": "九龍牛池灣清水灣道45號彩雲商場", "NAME_OF_DISTRICT_COUNCIL_DISTRICT_SC": "黄大仙区", "LOCATION_SC": "彩云B,C停车场", "ADDRESS_SC": "九龙牛池湾清水湾道45号彩云商场", "STANDARD_BS1363_no": "0", "MEDIUM_CCS_DC_COMBO_no": "0", "MEDIUM_IEC62196_no": "30", "MEDIUM_SAEJ1772_no": "0", "MEDIUM_GB_T20234_2_AC__no": "0", "MEDIUM_OTHERS_no": "0", "QUICK_CHAdeMO_no": "0", "QUICK_CCS_DC_COMBO_no": "0", "QUICK_IEC62196_no": "0", "QUICK_GB_T20234_3_DC__no": "0", "QUICK_OTHERS_no": "0", "FAST_CHAdeMO_no": "0", "FAST_CCS_DC_COMBO_no": "0", "FAST_GB_T20234_3_DC__no": "0", "FAST_OTHERS_no": "0", "REMARK_FOR__OTHERS_": "-", "DATA_PATH": "-", "OBJECTID": 625, "total_chargers": 30 }, "geometry": { "type": "Point", "coordinates": [ 114.214223, 22.334345 ] } },
{ "type": "Feature", "properties": { "GmlID": "geotagging.626", "NAME_OF_DISTRICT_COUNCIL_DISTRICT_EN": "Kwun Tong", "LOCATION_EN": "Shun Lee (Jordan Valley Park) Car Park", "ADDRESS_EN": "Shun Lee Commercial Centre, 15 Lee On Road, Kwun Tong, Kowloon", "NAME_OF_DISTRICT_COUNCIL_DISTRICT_TC": "觀塘區", "LOCATION_TC": "順利 (佐敦谷公園) 停車場", "ADDRESS_TC": "九龍觀塘利安道15號順利商場", "NAME_OF_DISTRICT_COUNCIL_DISTRICT_SC": "观塘区", "LOCATION_SC": "顺利 (佐敦谷公园) 停车场", "ADDRESS_SC": "九龙观塘利安道15号顺利商场", "STANDARD_BS1363_no": "0", "MEDIUM_CCS_DC_COMBO_no": "0", "MEDIUM_IEC62196_no": "9", "MEDIUM_SAEJ1772_no": "0", "MEDIUM_GB_T20234_2_AC__no": "0", "MEDIUM_OTHERS_no": "0", "QUICK_CHAdeMO_no": "0", "QUICK_CCS_DC_COMBO_no": "0", "QUICK_IEC62196_no": "0", "QUICK_GB_T20234_3_DC__no": "0", "QUICK_OTHERS_no": "0", "FAST_CHAdeMO_no": "0", "FAST_CCS_DC_COMBO_no": "0", "FAST_GB_T20234_3_DC__no": "0", "FAST_OTHERS_no": "0", "REMARK_FOR__OTHERS_": "-", "DATA_PATH": "https://ev-charger.epd.gov.hk/resource/ev_charger_avail/evca_ver_1_0.json", "OBJECTID": 626, "total_chargers": 9 }, "geometry": { "type": "Point", "coordinates": [ 114.224626, 22.333161 ] } },
{ "type": "Feature", "properties": { "GmlID": "geotagging.627", "NAME_OF_DISTRICT_COUNCIL_DISTRICT_EN": "Kwun Tong", "LOCATION_EN": "Shun Lee Fresh Market Car Park", "ADDRESS_EN": "Shun Lee Commercial Centre, 15 Lee On Road, Kwun Tong, Kowloon", "NAME_OF_DISTRICT_COUNCIL_DISTRICT_TC": "觀塘區", "LOCATION_TC": "順利街市停車場", "ADDRESS_TC": "九龍觀塘利安道15號順利商場", "NAME_OF_DISTRICT_COUNCIL_DISTRICT_SC": "观塘区", "LOCATION_SC": "顺利街市停车场", "ADDRESS_SC": "九龙观塘利安道15号顺利商场", "STANDARD_BS1363_no": "0", "MEDIUM_CCS_DC_COMBO_no": "0", "MEDIUM_IEC62196_no": "6", "MEDIUM_SAEJ1772_no": "0", "MEDIUM_GB_T20234_2_AC__no": "0", "MEDIUM_OTHERS_no": "0", "QUICK_CHAdeMO_no": "0", "QUICK_CCS_DC_COMBO_no": "10", "QUICK_IEC62196_no": "0", "QUICK_GB_T20234_3_DC__no": "0", "QUICK_OTHERS_no": "0", "FAST_CHAdeMO_no": "0", "FAST_CCS_DC_COMBO_no": "0", "FAST_GB_T20234_3_DC__no": "0", "FAST_OTHERS_no": "0", "REMARK_FOR__OTHERS_": "-", "DATA_PATH": "-", "OBJECTID": 627, "total_chargers": 16 }, "geometry": { "type": "Point", "coordinates": [ 114.225355, 22.331751 ] } },
{ "type": "Feature", "properties": { "GmlID": "geotagging.628", "NAME_OF_DISTRICT_COUNCIL_DISTRICT_EN": "Kwun Tong", "LOCATION_EN": "Shun On Car Park", "ADDRESS_EN": "Shun On Commercial Centre, 1 Lee On Road, Kwun Tong, Kowloon", "NAME_OF_DISTRICT_COUNCIL_DISTRICT_TC": "觀塘區", "LOCATION_TC": "順安停車場", "ADDRESS_TC": "九龍觀塘利安道1號順安商場", "NAME_OF_DISTRICT_COUNCIL_DISTRICT_SC": "观塘区", "LOCATION_SC": "顺安停车场", "ADDRESS_SC": "九龙观塘利安道1号顺安商场", "STANDARD_BS1363_no": "0", "MEDIUM_CCS_DC_COMBO_no": "0", "MEDIUM_IEC62196_no": "4", "MEDIUM_SAEJ1772_no": "0", "MEDIUM_GB_T20234_2_AC__no": "0", "MEDIUM_OTHERS_no": "0", "QUICK_CHAdeMO_no": "0", "QUICK_CCS_DC_COMBO_no": "0", "QUICK_IEC62196_no": "0", "QUICK_GB_T20234_3_DC__no": "0", "QUICK_OTHERS_no": "0", "FAST_CHAdeMO_no": "0", "FAST_CCS_DC_COMBO_no": "0", "FAST_GB_T20234_3_DC__no": "0", "FAST_OTHERS_no": "0", "REMARK_FOR__OTHERS_": "-", "DATA_PATH": "https://ev-charger.epd.gov.hk/resource/ev_charger_avail/evca_ver_1_0.json", "OBJECTID": 628, "total_chargers": 4 }, "geometry": { "type": "Point", "coordinates": [ 114.22652, 22.328343 ] } },
{ "type": "Feature", "properties": { "GmlID": "geotagging.629", "NAME_OF_DISTRICT_COUNCIL_DISTRICT_EN": "Kowloon City", "LOCATION_EN": "Homantin Car Park", "ADDRESS_EN": "Homantin Plaza, 80 Fat Kwong Street, Ho Man Tin, Kowloon", "NAME_OF_DISTRICT_COUNCIL_DISTRICT_TC": "九龍城區", "LOCATION_TC": "何文田停車場", "ADDRESS_TC": "九龍何文田佛光街80號何文田廣場", "NAME_OF_DISTRICT_COUNCIL_DISTRICT_SC": "九龙城区", "LOCATION_SC": "何文田停车场", "ADDRESS_SC": "九龙何文田佛光街80号何文田广场", "STANDARD_BS1363_no": "0", "MEDIUM_CCS_DC_COMBO_no": "0", "MEDIUM_IEC62196_no": "15", "MEDIUM_SAEJ1772_no": "0", "MEDIUM_GB_T20234_2_AC__no": "0", "MEDIUM_OTHERS_no": "0", "QUICK_CHAdeMO_no": "0", "QUICK_CCS_DC_COMBO_no": "0", "QUICK_IEC62196_no": "0", "QUICK_GB_T20234_3_DC__no": "0", "QUICK_OTHERS_no": "0", "FAST_CHAdeMO_no": "0", "FAST_CCS_DC_COMBO_no": "0", "FAST_GB_T20234_3_DC__no": "0", "FAST_OTHERS_no": "0", "REMARK_FOR__OTHERS_": "-", "DATA_PATH": "https://ev-charger.epd.gov.hk/resource/ev_charger_avail/evca_ver_1_0.json", "OBJECTID": 629, "total_chargers": 15 }, "geometry": { "type": "Point", "coordinates": [ 114.181846, 22.315203 ] } },
{ "type": "Feature", "properties": { "GmlID": "geotagging.630", "NAME_OF_DISTRICT_COUNCIL_DISTRICT_EN": "Tuen Mun", "LOCATION_EN": "Butterfly Car Park", "ADDRESS_EN": "Butterfly Plaza, 1 Wu Chui Road, Tuen Mun, New Territories", "NAME_OF_DISTRICT_COUNCIL_DISTRICT_TC": "屯門區", "LOCATION_TC": "蝴蝶停車場", "ADDRESS_TC": "新界屯門湖翠路1號蝴蝶廣場", "NAME_OF_DISTRICT_COUNCIL_DISTRICT_SC": "屯门区", "LOCATION_SC": "蝴蝶停车场", "ADDRESS_SC": "新界屯门湖翠路1号蝴蝶广场", "STANDARD_BS1363_no": "0", "MEDIUM_CCS_DC_COMBO_no": "0", "MEDIUM_IEC62196_no": "27", "MEDIUM_SAEJ1772_no": "0", "MEDIUM_GB_T20234_2_AC__no": "0", "MEDIUM_OTHERS_no": "0", "QUICK_CHAdeMO_no": "0", "QUICK_CCS_DC_COMBO_no": "0", "QUICK_IEC62196_no": "0", "QUICK_GB_T20234_3_DC__no": "0", "QUICK_OTHERS_no": "0", "FAST_CHAdeMO_no": "0", "FAST_CCS_DC_COMBO_no": "0", "FAST_GB_T20234_3_DC__no": "0", "FAST_OTHERS_no": "0", "REMARK_FOR__OTHERS_": "-", "DATA_PATH": "https://ev-charger.epd.gov.hk/resource/ev_charger_avail/evca_ver_1_0.json", "OBJECTID": 630, "total_chargers": 27 }, "geometry": { "type": "Point", "coordinates": [ 113.963193, 22.37568 ] } },
{ "type": "Feature", "properties": { "GmlID": "geotagging.631", "NAME_OF_DISTRICT_COUNCIL_DISTRICT_EN": "Tuen Mun", "LOCATION_EN": "Sam Shing Car Park", "ADDRESS_EN": "Sam Shing Commercial Centre, 6 Sam Shing Street, Tuen Mun,  New Territories", "NAME_OF_DISTRICT_COUNCIL_DISTRICT_TC": "屯門區", "LOCATION_TC": "三聖停車場", "ADDRESS_TC": "新界屯門三聖街6號三聖商場", "NAME_OF_DISTRICT_COUNCIL_DISTRICT_SC": "屯门区", "LOCATION_SC": "三圣停车场", "ADDRESS_SC": "新界屯门三圣街6号三圣商场", "STANDARD_BS1363_no": "0", "MEDIUM_CCS_DC_COMBO_no": "0", "MEDIUM_IEC62196_no": "12", "MEDIUM_SAEJ1772_no": "0", "MEDIUM_GB_T20234_2_AC__no": "0", "MEDIUM_OTHERS_no": "0", "QUICK_CHAdeMO_no": "0", "QUICK_CCS_DC_COMBO_no": "0", "QUICK_IEC62196_no": "0", "QUICK_GB_T20234_3_DC__no": "0", "QUICK_OTHERS_no": "0", "FAST_CHAdeMO_no": "0", "FAST_CCS_DC_COMBO_no": "0", "FAST_GB_T20234_3_DC__no": "0", "FAST_OTHERS_no": "0", "REMARK_FOR__OTHERS_": "-", "DATA_PATH": "https://ev-charger.epd.gov.hk/resource/ev_charger_avail/evca_ver_1_0.json", "OBJECTID": 631, "total_chargers": 12 }, "geometry": { "type": "Point", "coordinates": [ 113.978527, 22.380657 ] } },
{ "type": "Feature", "properties": { "GmlID": "geotagging.632", "NAME_OF_DISTRICT_COUNCIL_DISTRICT_EN": "Sham Shui Po", "LOCATION_EN": "Peninsula Tower", "ADDRESS_EN": "538 Castle Peak Road, Cheung Sha Wan", "NAME_OF_DISTRICT_COUNCIL_DISTRICT_TC": "深水埗區", "LOCATION_TC": "半島大廈", "ADDRESS_TC": "長沙灣青山道538號", "NAME_OF_DISTRICT_COUNCIL_DISTRICT_SC": "深水埗区", "LOCATION_SC": "半岛大厦", "ADDRESS_SC": "长沙湾青山道538号", "STANDARD_BS1363_no": "0", "MEDIUM_CCS_DC_COMBO_no": "0", "MEDIUM_IEC62196_no": "0", "MEDIUM_SAEJ1772_no": "0", "MEDIUM_GB_T20234_2_AC__no": "0", "MEDIUM_OTHERS_no": "0", "QUICK_CHAdeMO_no": "0", "QUICK_CCS_DC_COMBO_no": "2", "QUICK_IEC62196_no": "0", "QUICK_GB_T20234_3_DC__no": "0", "QUICK_OTHERS_no": "0", "FAST_CHAdeMO_no": "0", "FAST_CCS_DC_COMBO_no": "0", "FAST_GB_T20234_3_DC__no": "0", "FAST_OTHERS_no": "0", "REMARK_FOR__OTHERS_": "-", "DATA_PATH": "-", "OBJECTID": 632, "total_chargers": 2 }, "geometry": { "type": "Point", "coordinates": [ 114.150743, 22.339688 ] } },
{ "type": "Feature", "properties": { "GmlID": "geotagging.633", "NAME_OF_DISTRICT_COUNCIL_DISTRICT_EN": "Wong Tai Sin", "LOCATION_EN": "New Tech Plaza", "ADDRESS_EN": "34 Tai Yau Street, San Po Kong", "NAME_OF_DISTRICT_COUNCIL_DISTRICT_TC": "黃大仙區", "LOCATION_TC": "新科技廣場", "ADDRESS_TC": "新蒲崗大有街34號", "NAME_OF_DISTRICT_COUNCIL_DISTRICT_SC": "黄大仙区", "LOCATION_SC": "新科技广场", "ADDRESS_SC": "新蒲岗大有街34号", "STANDARD_BS1363_no": "0", "MEDIUM_CCS_DC_COMBO_no": "0", "MEDIUM_IEC62196_no": "0", "MEDIUM_SAEJ1772_no": "0", "MEDIUM_GB_T20234_2_AC__no": "0", "MEDIUM_OTHERS_no": "0", "QUICK_CHAdeMO_no": "0", "QUICK_CCS_DC_COMBO_no": "2", "QUICK_IEC62196_no": "0", "QUICK_GB_T20234_3_DC__no": "0", "QUICK_OTHERS_no": "0", "FAST_CHAdeMO_no": "0", "FAST_CCS_DC_COMBO_no": "0", "FAST_GB_T20234_3_DC__no": "0", "FAST_OTHERS_no": "0", "REMARK_FOR__OTHERS_": "-", "DATA_PATH": "-", "OBJECTID": 633, "total_chargers": 2 }, "geometry": { "type": "Point", "coordinates": [ 114.197201, 22.33669 ] } },
{ "type": "Feature", "properties": { "GmlID": "geotagging.634", "NAME_OF_DISTRICT_COUNCIL_DISTRICT_EN": "Sham Shui Po", "LOCATION_EN": "Hoi Lai Estate Car Park", "ADDRESS_EN": "100 Sham Mong Road, Cheung Sha Wan, Kowloon, HK", "NAME_OF_DISTRICT_COUNCIL_DISTRICT_TC": "深水埗區", "LOCATION_TC": "海麗邨停車場", "ADDRESS_TC": "九龍長沙灣深旺道100號", "NAME_OF_DISTRICT_COUNCIL_DISTRICT_SC": "深水埗区", "LOCATION_SC": "海丽邨停车场", "ADDRESS_SC": "九龙长沙湾深旺道100号", "STANDARD_BS1363_no": "0", "MEDIUM_CCS_DC_COMBO_no": "0", "MEDIUM_IEC62196_no": "10", "MEDIUM_SAEJ1772_no": "0", "MEDIUM_GB_T20234_2_AC__no": "0", "MEDIUM_OTHERS_no": "0", "QUICK_CHAdeMO_no": "0", "QUICK_CCS_DC_COMBO_no": "0", "QUICK_IEC62196_no": "0", "QUICK_GB_T20234_3_DC__no": "0", "QUICK_OTHERS_no": "0", "FAST_CHAdeMO_no": "0", "FAST_CCS_DC_COMBO_no": "0", "FAST_GB_T20234_3_DC__no": "0", "FAST_OTHERS_no": "0", "REMARK_FOR__OTHERS_": "-", "DATA_PATH": "-", "OBJECTID": 634, "total_chargers": 10 }, "geometry": { "type": "Point", "coordinates": [ 114.146437, 22.33285 ] } },
{ "type": "Feature", "properties": { "GmlID": "geotagging.635", "NAME_OF_DISTRICT_COUNCIL_DISTRICT_EN": "Kwai Tsing", "LOCATION_EN": "Ching Wang Court Car Park", "ADDRESS_EN": "Ching Wang Court Car Park, 1 Nga Ying Chau Street, Tsing Yi,  New Territories", "NAME_OF_DISTRICT_COUNCIL_DISTRICT_TC": "葵青區", "LOCATION_TC": "青宏停車場", "ADDRESS_TC": "新界青衣牙鷹洲街1號青宏苑停車場", "NAME_OF_DISTRICT_COUNCIL_DISTRICT_SC": "葵青区", "LOCATION_SC": "青宏停车场", "ADDRESS_SC": "新界青衣牙鹰洲街1号青宏苑停车场", "STANDARD_BS1363_no": "0", "MEDIUM_CCS_DC_COMBO_no": "0", "MEDIUM_IEC62196_no": "22", "MEDIUM_SAEJ1772_no": "0", "MEDIUM_GB_T20234_2_AC__no": "0", "MEDIUM_OTHERS_no": "0", "QUICK_CHAdeMO_no": "0", "QUICK_CCS_DC_COMBO_no": "0", "QUICK_IEC62196_no": "0", "QUICK_GB_T20234_3_DC__no": "0", "QUICK_OTHERS_no": "0", "FAST_CHAdeMO_no": "0", "FAST_CCS_DC_COMBO_no": "0", "FAST_GB_T20234_3_DC__no": "0", "FAST_OTHERS_no": "0", "REMARK_FOR__OTHERS_": "-", "DATA_PATH": "https://ev-charger.epd.gov.hk/resource/ev_charger_avail/evca_ver_1_0.json", "OBJECTID": 635, "total_chargers": 22 }, "geometry": { "type": "Point", "coordinates": [ 114.104421, 22.361907 ] } },
{ "type": "Feature", "properties": { "GmlID": "geotagging.636", "NAME_OF_DISTRICT_COUNCIL_DISTRICT_EN": "Yuen Long", "LOCATION_EN": "+WOO Phase 2 Car Park", "ADDRESS_EN": "12-18 Tin Yan Road, Tin Shui Wai, Yuen Long, NT", "NAME_OF_DISTRICT_COUNCIL_DISTRICT_TC": "元朗區", "LOCATION_TC": "嘉湖2期停車場", "ADDRESS_TC": "新界元朗天水圍天恩路12-18號", "NAME_OF_DISTRICT_COUNCIL_DISTRICT_SC": "元朗区", "LOCATION_SC": "嘉湖2期停车场", "ADDRESS_SC": "新界元朗天水围天恩路12-18号", "STANDARD_BS1363_no": "0", "MEDIUM_CCS_DC_COMBO_no": "0", "MEDIUM_IEC62196_no": "10", "MEDIUM_SAEJ1772_no": "0", "MEDIUM_GB_T20234_2_AC__no": "0", "MEDIUM_OTHERS_no": "0", "QUICK_CHAdeMO_no": "0", "QUICK_CCS_DC_COMBO_no": "4", "QUICK_IEC62196_no": "0", "QUICK_GB_T20234_3_DC__no": "0", "QUICK_OTHERS_no": "0", "FAST_CHAdeMO_no": "0", "FAST_CCS_DC_COMBO_no": "0", "FAST_GB_T20234_3_DC__no": "0", "FAST_OTHERS_no": "0", "REMARK_FOR__OTHERS_": "-", "DATA_PATH": "-", "OBJECTID": 636, "total_chargers": 14 }, "geometry": { "type": "Point", "coordinates": [ 114.004349, 22.457275 ] } },
{ "type": "Feature", "properties": { "GmlID": "geotagging.637", "NAME_OF_DISTRICT_COUNCIL_DISTRICT_EN": "Tai Po", "LOCATION_EN": "Science Park Car Park P3", "ADDRESS_EN": "12 Science Park West Avenue, Tai Po", "NAME_OF_DISTRICT_COUNCIL_DISTRICT_TC": "大埔區", "LOCATION_TC": "科學園停車場 P3", "ADDRESS_TC": "科技大道西12號", "NAME_OF_DISTRICT_COUNCIL_DISTRICT_SC": "大埔区", "LOCATION_SC": "科学园停车场 P3", "ADDRESS_SC": "科技大道西12号", "STANDARD_BS1363_no": "340", "MEDIUM_CCS_DC_COMBO_no": "0", "MEDIUM_IEC62196_no": "6", "MEDIUM_SAEJ1772_no": "0", "MEDIUM_GB_T20234_2_AC__no": "0", "MEDIUM_OTHERS_no": "0", "QUICK_CHAdeMO_no": "0", "QUICK_CCS_DC_COMBO_no": "4", "QUICK_IEC62196_no": "0", "QUICK_GB_T20234_3_DC__no": "0", "QUICK_OTHERS_no": "0", "FAST_CHAdeMO_no": "0", "FAST_CCS_DC_COMBO_no": "0", "FAST_GB_T20234_3_DC__no": "0", "FAST_OTHERS_no": "0", "REMARK_FOR__OTHERS_": "-", "DATA_PATH": "-", "OBJECTID": 637, "total_chargers": 350 }, "geometry": { "type": "Point", "coordinates": [ 114.209363, 22.427248 ] } },
{ "type": "Feature", "properties": { "GmlID": "geotagging.638", "NAME_OF_DISTRICT_COUNCIL_DISTRICT_EN": "Central & Western", "LOCATION_EN": "Peak Galleria", "ADDRESS_EN": "118 Peak Road", "NAME_OF_DISTRICT_COUNCIL_DISTRICT_TC": "中西區", "LOCATION_TC": "山頂廣場", "ADDRESS_TC": "山頂道118號", "NAME_OF_DISTRICT_COUNCIL_DISTRICT_SC": "中西区", "LOCATION_SC": "山顶广场", "ADDRESS_SC": "山顶道118号", "STANDARD_BS1363_no": "0", "MEDIUM_CCS_DC_COMBO_no": "0", "MEDIUM_IEC62196_no": "6", "MEDIUM_SAEJ1772_no": "0", "MEDIUM_GB_T20234_2_AC__no": "0", "MEDIUM_OTHERS_no": "0", "QUICK_CHAdeMO_no": "0", "QUICK_CCS_DC_COMBO_no": "0", "QUICK_IEC62196_no": "2", "QUICK_GB_T20234_3_DC__no": "0", "QUICK_OTHERS_no": "0", "FAST_CHAdeMO_no": "0", "FAST_CCS_DC_COMBO_no": "0", "FAST_GB_T20234_3_DC__no": "0", "FAST_OTHERS_no": "0", "REMARK_FOR__OTHERS_": "-", "DATA_PATH": "https://ev-charger.epd.gov.hk/resource/ev_charger_avail/evca_ver_1_0.json", "OBJECTID": 638, "total_chargers": 8 }, "geometry": { "type": "Point", "coordinates": [ 114.149879, 22.270254 ] } },
{ "type": "Feature", "properties": { "GmlID": "geotagging.639", "NAME_OF_DISTRICT_COUNCIL_DISTRICT_EN": "Kwun Tong", "LOCATION_EN": "Sau Mau Ping Phase 1 Car Park", "ADDRESS_EN": "Sau Mau Ping Shopping Centre, 101 Sau Ming Road, Sau Mau Ping,  Kwun Tong, Kowloon", "NAME_OF_DISTRICT_COUNCIL_DISTRICT_TC": "觀塘區", "LOCATION_TC": "秀茂坪1期停車場", "ADDRESS_TC": "九龍觀塘秀茂坪秀明道101號秀茂坪商場", "NAME_OF_DISTRICT_COUNCIL_DISTRICT_SC": "观塘区", "LOCATION_SC": "秀茂坪1期停车场", "ADDRESS_SC": "九龙观塘秀茂坪秀明道101号秀茂坪商场", "STANDARD_BS1363_no": "0", "MEDIUM_CCS_DC_COMBO_no": "0", "MEDIUM_IEC62196_no": "12", "MEDIUM_SAEJ1772_no": "0", "MEDIUM_GB_T20234_2_AC__no": "0", "MEDIUM_OTHERS_no": "0", "QUICK_CHAdeMO_no": "0", "QUICK_CCS_DC_COMBO_no": "0", "QUICK_IEC62196_no": "0", "QUICK_GB_T20234_3_DC__no": "0", "QUICK_OTHERS_no": "0", "FAST_CHAdeMO_no": "0", "FAST_CCS_DC_COMBO_no": "0", "FAST_GB_T20234_3_DC__no": "0", "FAST_OTHERS_no": "0", "REMARK_FOR__OTHERS_": "-", "DATA_PATH": "https://ev-charger.epd.gov.hk/resource/ev_charger_avail/evca_ver_1_0.json", "OBJECTID": 639, "total_chargers": 12 }, "geometry": { "type": "Point", "coordinates": [ 114.233414, 22.315714 ] } },
{ "type": "Feature", "properties": { "GmlID": "geotagging.640", "NAME_OF_DISTRICT_COUNCIL_DISTRICT_EN": "Tsuen Wan", "LOCATION_EN": "Hong Kong Disneyland Car Park", "ADDRESS_EN": "Hong Kong Disneyland Resort, Lautau Island, Hong Kong", "NAME_OF_DISTRICT_COUNCIL_DISTRICT_TC": "荃灣區", "LOCATION_TC": "香港迪士尼樂園私家車停車場", "ADDRESS_TC": "香港大嶼山香港迪士尼樂園度假區", "NAME_OF_DISTRICT_COUNCIL_DISTRICT_SC": "荃湾区", "LOCATION_SC": "香港迪士尼乐园私家车停车场", "ADDRESS_SC": "香港大屿山香港迪士尼乐园度假区", "STANDARD_BS1363_no": "0", "MEDIUM_CCS_DC_COMBO_no": "0", "MEDIUM_IEC62196_no": "8", "MEDIUM_SAEJ1772_no": "0", "MEDIUM_GB_T20234_2_AC__no": "0", "MEDIUM_OTHERS_no": "0", "QUICK_CHAdeMO_no": "0", "QUICK_CCS_DC_COMBO_no": "0", "QUICK_IEC62196_no": "0", "QUICK_GB_T20234_3_DC__no": "0", "QUICK_OTHERS_no": "0", "FAST_CHAdeMO_no": "0", "FAST_CCS_DC_COMBO_no": "0", "FAST_GB_T20234_3_DC__no": "0", "FAST_OTHERS_no": "0", "REMARK_FOR__OTHERS_": "-", "DATA_PATH": "-", "OBJECTID": 640, "total_chargers": 8 }, "geometry": { "type": "Point", "coordinates": [ 114.047746, 22.316644 ] } },
{ "type": "Feature", "properties": { "GmlID": "geotagging.641", "NAME_OF_DISTRICT_COUNCIL_DISTRICT_EN": "Kwai Tsing", "LOCATION_EN": "Ning Fung Car Park", "ADDRESS_EN": "Ning Fung Court Car Park, 99 Lei Muk Road, Kwai Chung,  New Territories", "NAME_OF_DISTRICT_COUNCIL_DISTRICT_TC": "葵青區", "LOCATION_TC": "寧峰停車場", "ADDRESS_TC": "新界葵涌梨木道99號寧峰苑停車場", "NAME_OF_DISTRICT_COUNCIL_DISTRICT_SC": "葵青区", "LOCATION_SC": "宁峰停车场", "ADDRESS_SC": "新界葵涌梨木道99号宁峰苑停车场", "STANDARD_BS1363_no": "0", "MEDIUM_CCS_DC_COMBO_no": "0", "MEDIUM_IEC62196_no": "13", "MEDIUM_SAEJ1772_no": "0", "MEDIUM_GB_T20234_2_AC__no": "0", "MEDIUM_OTHERS_no": "0", "QUICK_CHAdeMO_no": "0", "QUICK_CCS_DC_COMBO_no": "0", "QUICK_IEC62196_no": "0", "QUICK_GB_T20234_3_DC__no": "0", "QUICK_OTHERS_no": "0", "FAST_CHAdeMO_no": "0", "FAST_CCS_DC_COMBO_no": "0", "FAST_GB_T20234_3_DC__no": "0", "FAST_OTHERS_no": "0", "REMARK_FOR__OTHERS_": "-", "DATA_PATH": "-", "OBJECTID": 641, "total_chargers": 13 }, "geometry": { "type": "Point", "coordinates": [ 114.138306, 22.372139 ] } },
{ "type": "Feature", "properties": { "GmlID": "geotagging.642", "NAME_OF_DISTRICT_COUNCIL_DISTRICT_EN": "Kwun Tong", "LOCATION_EN": "Upper Ngau Tau Kok Car Park", "ADDRESS_EN": "Upper Ngau Tau Kok Estate Car Park, 15 On Tak Road, Ngau Tau Kwok,  Kwun Tong, Kowloon", "NAME_OF_DISTRICT_COUNCIL_DISTRICT_TC": "觀塘區", "LOCATION_TC": "牛頭角上邨停車場", "ADDRESS_TC": "九龍觀塘牛頭角安德道15號牛頭角上邨停車場", "NAME_OF_DISTRICT_COUNCIL_DISTRICT_SC": "观塘区", "LOCATION_SC": "牛头角上邨停车场", "ADDRESS_SC": "九龙观塘牛头角安德道15号牛头角上邨停车场", "STANDARD_BS1363_no": "0", "MEDIUM_CCS_DC_COMBO_no": "0", "MEDIUM_IEC62196_no": "44", "MEDIUM_SAEJ1772_no": "0", "MEDIUM_GB_T20234_2_AC__no": "0", "MEDIUM_OTHERS_no": "0", "QUICK_CHAdeMO_no": "0", "QUICK_CCS_DC_COMBO_no": "0", "QUICK_IEC62196_no": "0", "QUICK_GB_T20234_3_DC__no": "0", "QUICK_OTHERS_no": "0", "FAST_CHAdeMO_no": "0", "FAST_CCS_DC_COMBO_no": "0", "FAST_GB_T20234_3_DC__no": "0", "FAST_OTHERS_no": "0", "REMARK_FOR__OTHERS_": "-", "DATA_PATH": "https://ev-charger.epd.gov.hk/resource/ev_charger_avail/evca_ver_1_0.json", "OBJECTID": 642, "total_chargers": 44 }, "geometry": { "type": "Point", "coordinates": [ 114.217536, 22.31848 ] } },
{ "type": "Feature", "properties": { "GmlID": "geotagging.643", "NAME_OF_DISTRICT_COUNCIL_DISTRICT_EN": "Yuen Long", "LOCATION_EN": "KOLOUR • Yuen Long", "ADDRESS_EN": "1 Kau Yuk Road, Yuen Long", "NAME_OF_DISTRICT_COUNCIL_DISTRICT_TC": "元朗區", "LOCATION_TC": "元朗千色匯", "ADDRESS_TC": "元朗教育路1號", "NAME_OF_DISTRICT_COUNCIL_DISTRICT_SC": "元朗区", "LOCATION_SC": "元朗千色汇", "ADDRESS_SC": "元朗教育路1号", "STANDARD_BS1363_no": "0", "MEDIUM_CCS_DC_COMBO_no": "0", "MEDIUM_IEC62196_no": "8", "MEDIUM_SAEJ1772_no": "0", "MEDIUM_GB_T20234_2_AC__no": "0", "MEDIUM_OTHERS_no": "0", "QUICK_CHAdeMO_no": "0", "QUICK_CCS_DC_COMBO_no": "4", "QUICK_IEC62196_no": "0", "QUICK_GB_T20234_3_DC__no": "0", "QUICK_OTHERS_no": "0", "FAST_CHAdeMO_no": "0", "FAST_CCS_DC_COMBO_no": "0", "FAST_GB_T20234_3_DC__no": "0", "FAST_OTHERS_no": "0", "REMARK_FOR__OTHERS_": "-", "DATA_PATH": "-", "OBJECTID": 643, "total_chargers": 12 }, "geometry": { "type": "Point", "coordinates": [ 114.02845, 22.442671 ] } },
{ "type": "Feature", "properties": { "GmlID": "geotagging.644", "NAME_OF_DISTRICT_COUNCIL_DISTRICT_EN": "Kwai Tsing", "LOCATION_EN": "Tsing Yi Sports Ground and Swimming Pool Car Park", "ADDRESS_EN": "51 Tsing King Road, Tsing Yi", "NAME_OF_DISTRICT_COUNCIL_DISTRICT_TC": "葵青區", "LOCATION_TC": "青衣運動場及游泳池停車場", "ADDRESS_TC": "青衣青敬路51號", "NAME_OF_DISTRICT_COUNCIL_DISTRICT_SC": "葵青区", "LOCATION_SC": "青衣运动场及游泳池停车场", "ADDRESS_SC": "青衣青敬路51号", "STANDARD_BS1363_no": "0", "MEDIUM_CCS_DC_COMBO_no": "0", "MEDIUM_IEC62196_no": "3", "MEDIUM_SAEJ1772_no": "0", "MEDIUM_GB_T20234_2_AC__no": "0", "MEDIUM_OTHERS_no": "0", "QUICK_CHAdeMO_no": "0", "QUICK_CCS_DC_COMBO_no": "0", "QUICK_IEC62196_no": "0", "QUICK_GB_T20234_3_DC__no": "0", "QUICK_OTHERS_no": "0", "FAST_CHAdeMO_no": "0", "FAST_CCS_DC_COMBO_no": "0", "FAST_GB_T20234_3_DC__no": "0", "FAST_OTHERS_no": "0", "REMARK_FOR__OTHERS_": "-", "DATA_PATH": "https://ev-charger.epd.gov.hk/resource/ev_charger_avail/evca_ver_1_0.json", "OBJECTID": 644, "total_chargers": 3 }, "geometry": { "type": "Point", "coordinates": [ 114.10731, 22.35574 ] } },
{ "type": "Feature", "properties": { "GmlID": "geotagging.645", "NAME_OF_DISTRICT_COUNCIL_DISTRICT_EN": "Yau Tsim Mong", "LOCATION_EN": "H Zentre Middle Road", "ADDRESS_EN": "15 Middle Road, Tsim Sha Tsui", "NAME_OF_DISTRICT_COUNCIL_DISTRICT_TC": "油尖旺區", "LOCATION_TC": "H Zentre 中間道", "ADDRESS_TC": "尖沙咀中間道15號", "NAME_OF_DISTRICT_COUNCIL_DISTRICT_SC": "油尖旺区", "LOCATION_SC": "H Zentre 中间道", "ADDRESS_SC": "尖沙咀中间道15号", "STANDARD_BS1363_no": "0", "MEDIUM_CCS_DC_COMBO_no": "0", "MEDIUM_IEC62196_no": "165", "MEDIUM_SAEJ1772_no": "0", "MEDIUM_GB_T20234_2_AC__no": "0", "MEDIUM_OTHERS_no": "0", "QUICK_CHAdeMO_no": "0", "QUICK_CCS_DC_COMBO_no": "5", "QUICK_IEC62196_no": "0", "QUICK_GB_T20234_3_DC__no": "1", "QUICK_OTHERS_no": "0", "FAST_CHAdeMO_no": "0", "FAST_CCS_DC_COMBO_no": "0", "FAST_GB_T20234_3_DC__no": "0", "FAST_OTHERS_no": "0", "REMARK_FOR__OTHERS_": "-", "DATA_PATH": "-", "OBJECTID": 645, "total_chargers": 171 }, "geometry": { "type": "Point", "coordinates": [ 114.173148, 22.295469 ] } },
{ "type": "Feature", "properties": { "GmlID": "geotagging.646", "NAME_OF_DISTRICT_COUNCIL_DISTRICT_EN": "Southern", "LOCATION_EN": "Jumbo Court", "ADDRESS_EN": "3 Welfare Road, Aberdeen, Hong Kong", "NAME_OF_DISTRICT_COUNCIL_DISTRICT_TC": "南區", "LOCATION_TC": "珍寶閣", "ADDRESS_TC": "香港香港仔惠福道3號", "NAME_OF_DISTRICT_COUNCIL_DISTRICT_SC": "南区", "LOCATION_SC": "珍宝阁", "ADDRESS_SC": "香港香港仔惠福道3号", "STANDARD_BS1363_no": "0", "MEDIUM_CCS_DC_COMBO_no": "0", "MEDIUM_IEC62196_no": "0", "MEDIUM_SAEJ1772_no": "0", "MEDIUM_GB_T20234_2_AC__no": "0", "MEDIUM_OTHERS_no": "0", "QUICK_CHAdeMO_no": "0", "QUICK_CCS_DC_COMBO_no": "10", "QUICK_IEC62196_no": "0", "QUICK_GB_T20234_3_DC__no": "0", "QUICK_OTHERS_no": "0", "FAST_CHAdeMO_no": "0", "FAST_CCS_DC_COMBO_no": "0", "FAST_GB_T20234_3_DC__no": "0", "FAST_OTHERS_no": "0", "REMARK_FOR__OTHERS_": "-", "DATA_PATH": "-", "OBJECTID": 646, "total_chargers": 10 }, "geometry": { "type": "Point", "coordinates": [ 114.164642, 22.246014 ] } },
{ "type": "Feature", "properties": { "GmlID": "geotagging.647", "NAME_OF_DISTRICT_COUNCIL_DISTRICT_EN": "Kwai Tsing", "LOCATION_EN": "Tsing Yi Northeast Park", "ADDRESS_EN": "10 Tam Kon Shan Road, Tsing Yi", "NAME_OF_DISTRICT_COUNCIL_DISTRICT_TC": "葵青區", "LOCATION_TC": "青衣東北公園", "ADDRESS_TC": "青衣担杆山路10號", "NAME_OF_DISTRICT_COUNCIL_DISTRICT_SC": "葵青区", "LOCATION_SC": "青衣东北公园", "ADDRESS_SC": "青衣担杆山路10号", "STANDARD_BS1363_no": "0", "MEDIUM_CCS_DC_COMBO_no": "0", "MEDIUM_IEC62196_no": "6", "MEDIUM_SAEJ1772_no": "0", "MEDIUM_GB_T20234_2_AC__no": "0", "MEDIUM_OTHERS_no": "0", "QUICK_CHAdeMO_no": "0", "QUICK_CCS_DC_COMBO_no": "0", "QUICK_IEC62196_no": "0", "QUICK_GB_T20234_3_DC__no": "0", "QUICK_OTHERS_no": "0", "FAST_CHAdeMO_no": "0", "FAST_CCS_DC_COMBO_no": "0", "FAST_GB_T20234_3_DC__no": "0", "FAST_OTHERS_no": "0", "REMARK_FOR__OTHERS_": "-", "DATA_PATH": "https://ev-charger.epd.gov.hk/resource/ev_charger_avail/evca_ver_1_0.json", "OBJECTID": 647, "total_chargers": 6 }, "geometry": { "type": "Point", "coordinates": [ 114.098618, 22.361475 ] } },
{ "type": "Feature", "properties": { "GmlID": "geotagging.648", "NAME_OF_DISTRICT_COUNCIL_DISTRICT_EN": "Wong Tai Sin", "LOCATION_EN": "King Lai Car Park", "ADDRESS_EN": "King Lai Court Car Park, 36 - 38 Fung Shing Street, Wong Tai Sin,  Kowloon", "NAME_OF_DISTRICT_COUNCIL_DISTRICT_TC": "黃大仙區", "LOCATION_TC": "瓊麗停車場", "ADDRESS_TC": "九龍黃大仙豐盛街36-38號瓊麗苑停車場", "NAME_OF_DISTRICT_COUNCIL_DISTRICT_SC": "黄大仙区", "LOCATION_SC": "琼丽停车场", "ADDRESS_SC": "九龙黄大仙丰盛街36-38号琼丽苑停车场", "STANDARD_BS1363_no": "0", "MEDIUM_CCS_DC_COMBO_no": "0", "MEDIUM_IEC62196_no": "12", "MEDIUM_SAEJ1772_no": "0", "MEDIUM_GB_T20234_2_AC__no": "0", "MEDIUM_OTHERS_no": "0", "QUICK_CHAdeMO_no": "0", "QUICK_CCS_DC_COMBO_no": "0", "QUICK_IEC62196_no": "0", "QUICK_GB_T20234_3_DC__no": "0", "QUICK_OTHERS_no": "0", "FAST_CHAdeMO_no": "0", "FAST_CCS_DC_COMBO_no": "0", "FAST_GB_T20234_3_DC__no": "0", "FAST_OTHERS_no": "0", "REMARK_FOR__OTHERS_": "-", "DATA_PATH": "-", "OBJECTID": 648, "total_chargers": 12 }, "geometry": { "type": "Point", "coordinates": [ 114.210686, 22.341402 ] } },
{ "type": "Feature", "properties": { "GmlID": "geotagging.649", "NAME_OF_DISTRICT_COUNCIL_DISTRICT_EN": "Sha Tin", "LOCATION_EN": "Sha Kok Car Park 1", "ADDRESS_EN": "Sha Kok Commercial Centre, 5 Sha Kok Street, Sha Tin,  New Territories", "NAME_OF_DISTRICT_COUNCIL_DISTRICT_TC": "沙田區", "LOCATION_TC": "沙角1號停車場", "ADDRESS_TC": "新界沙田沙角街5號沙角商場", "NAME_OF_DISTRICT_COUNCIL_DISTRICT_SC": "沙田区", "LOCATION_SC": "沙角1号停车场", "ADDRESS_SC": "新界沙田沙角街5号沙角商场", "STANDARD_BS1363_no": "0", "MEDIUM_CCS_DC_COMBO_no": "0", "MEDIUM_IEC62196_no": "9", "MEDIUM_SAEJ1772_no": "0", "MEDIUM_GB_T20234_2_AC__no": "0", "MEDIUM_OTHERS_no": "0", "QUICK_CHAdeMO_no": "0", "QUICK_CCS_DC_COMBO_no": "4", "QUICK_IEC62196_no": "0", "QUICK_GB_T20234_3_DC__no": "0", "QUICK_OTHERS_no": "0", "FAST_CHAdeMO_no": "0", "FAST_CCS_DC_COMBO_no": "0", "FAST_GB_T20234_3_DC__no": "0", "FAST_OTHERS_no": "0", "REMARK_FOR__OTHERS_": "-", "DATA_PATH": "-", "OBJECTID": 649, "total_chargers": 13 }, "geometry": { "type": "Point", "coordinates": [ 114.194009, 22.377968 ] } },
{ "type": "Feature", "properties": { "GmlID": "geotagging.650", "NAME_OF_DISTRICT_COUNCIL_DISTRICT_EN": "Eastern", "LOCATION_EN": "One Taikoo Place", "ADDRESS_EN": "979 King's Road, Quarry Bay, Hong Kong", "NAME_OF_DISTRICT_COUNCIL_DISTRICT_TC": "東區", "LOCATION_TC": "太古坊一座", "ADDRESS_TC": "香港鰂魚涌太古坊英皇道979號", "NAME_OF_DISTRICT_COUNCIL_DISTRICT_SC": "东区", "LOCATION_SC": "太古坊一座", "ADDRESS_SC": "香港鰂鱼涌太古坊英皇道979号", "STANDARD_BS1363_no": "0", "MEDIUM_CCS_DC_COMBO_no": "0", "MEDIUM_IEC62196_no": "6", "MEDIUM_SAEJ1772_no": "0", "MEDIUM_GB_T20234_2_AC__no": "0", "MEDIUM_OTHERS_no": "0", "QUICK_CHAdeMO_no": "0", "QUICK_CCS_DC_COMBO_no": "0", "QUICK_IEC62196_no": "0", "QUICK_GB_T20234_3_DC__no": "0", "QUICK_OTHERS_no": "0", "FAST_CHAdeMO_no": "0", "FAST_CCS_DC_COMBO_no": "0", "FAST_GB_T20234_3_DC__no": "0", "FAST_OTHERS_no": "0", "REMARK_FOR__OTHERS_": "-", "DATA_PATH": "-", "OBJECTID": 650, "total_chargers": 6 }, "geometry": { "type": "Point", "coordinates": [ 114.212755, 22.287562 ] } },
{ "type": "Feature", "properties": { "GmlID": "geotagging.651", "NAME_OF_DISTRICT_COUNCIL_DISTRICT_EN": "Sham Shui Po", "LOCATION_EN": "Shek Kip Mei Estate", "ADDRESS_EN": "Nam Cheong Street, Shek Kip Mei, Kowloon", "NAME_OF_DISTRICT_COUNCIL_DISTRICT_TC": "深水埗區", "LOCATION_TC": "石硤尾邨", "ADDRESS_TC": "九龍石硤尾南昌街", "NAME_OF_DISTRICT_COUNCIL_DISTRICT_SC": "深水埗区", "LOCATION_SC": "石硖尾邨", "ADDRESS_SC": "九龙石硖尾南昌街", "STANDARD_BS1363_no": "0", "MEDIUM_CCS_DC_COMBO_no": "0", "MEDIUM_IEC62196_no": "3", "MEDIUM_SAEJ1772_no": "0", "MEDIUM_GB_T20234_2_AC__no": "0", "MEDIUM_OTHERS_no": "0", "QUICK_CHAdeMO_no": "0", "QUICK_CCS_DC_COMBO_no": "0", "QUICK_IEC62196_no": "0", "QUICK_GB_T20234_3_DC__no": "0", "QUICK_OTHERS_no": "0", "FAST_CHAdeMO_no": "0", "FAST_CCS_DC_COMBO_no": "0", "FAST_GB_T20234_3_DC__no": "0", "FAST_OTHERS_no": "0", "REMARK_FOR__OTHERS_": "-", "DATA_PATH": "-", "OBJECTID": 651, "total_chargers": 3 }, "geometry": { "type": "Point", "coordinates": [ 114.165757, 22.332975 ] } },
{ "type": "Feature", "properties": { "GmlID": "geotagging.652", "NAME_OF_DISTRICT_COUNCIL_DISTRICT_EN": "Yuen Long", "LOCATION_EN": "Kam Sheung Road Station Car Park", "ADDRESS_EN": "No. 29 Kam Ho Road, Kam Tin, Yuen Long, New Territories.", "NAME_OF_DISTRICT_COUNCIL_DISTRICT_TC": "元朗區", "LOCATION_TC": "錦上路車站停車場", "ADDRESS_TC": "新界元朗錦田錦河路29號", "NAME_OF_DISTRICT_COUNCIL_DISTRICT_SC": "元朗区", "LOCATION_SC": "锦上路车站停车场", "ADDRESS_SC": "新界元朗锦田锦河路29号", "STANDARD_BS1363_no": "0", "MEDIUM_CCS_DC_COMBO_no": "0", "MEDIUM_IEC62196_no": "183", "MEDIUM_SAEJ1772_no": "0", "MEDIUM_GB_T20234_2_AC__no": "0", "MEDIUM_OTHERS_no": "0", "QUICK_CHAdeMO_no": "0", "QUICK_CCS_DC_COMBO_no": "5", "QUICK_IEC62196_no": "0", "QUICK_GB_T20234_3_DC__no": "0", "QUICK_OTHERS_no": "0", "FAST_CHAdeMO_no": "0", "FAST_CCS_DC_COMBO_no": "0", "FAST_GB_T20234_3_DC__no": "0", "FAST_OTHERS_no": "0", "REMARK_FOR__OTHERS_": "-", "DATA_PATH": "-", "OBJECTID": 652, "total_chargers": 188 }, "geometry": { "type": "Point", "coordinates": [ 114.062881, 22.434347 ] } },
{ "type": "Feature", "properties": { "GmlID": "geotagging.653", "NAME_OF_DISTRICT_COUNCIL_DISTRICT_EN": "Yau Tsim Mong", "LOCATION_EN": "The Metropolis 2 Car Park", "ADDRESS_EN": "6-8 Metropolis Drive, Hung Hom, Kowloon", "NAME_OF_DISTRICT_COUNCIL_DISTRICT_TC": "油尖旺區", "LOCATION_TC": "國際都會2期停車場", "ADDRESS_TC": "九龍紅磡都會道6-8號", "NAME_OF_DISTRICT_COUNCIL_DISTRICT_SC": "油尖旺区", "LOCATION_SC": "国际都会2期停车场", "ADDRESS_SC": "九龙红磡都会道6-8号", "STANDARD_BS1363_no": "0", "MEDIUM_CCS_DC_COMBO_no": "0", "MEDIUM_IEC62196_no": "4", "MEDIUM_SAEJ1772_no": "0", "MEDIUM_GB_T20234_2_AC__no": "0", "MEDIUM_OTHERS_no": "0", "QUICK_CHAdeMO_no": "0", "QUICK_CCS_DC_COMBO_no": "4", "QUICK_IEC62196_no": "0", "QUICK_GB_T20234_3_DC__no": "0", "QUICK_OTHERS_no": "0", "FAST_CHAdeMO_no": "0", "FAST_CCS_DC_COMBO_no": "0", "FAST_GB_T20234_3_DC__no": "0", "FAST_OTHERS_no": "0", "REMARK_FOR__OTHERS_": "-", "DATA_PATH": "-", "OBJECTID": 653, "total_chargers": 8 }, "geometry": { "type": "Point", "coordinates": [ 114.183233, 22.30304 ] } },
{ "type": "Feature", "properties": { "GmlID": "geotagging.654", "NAME_OF_DISTRICT_COUNCIL_DISTRICT_EN": "Kwun Tong", "LOCATION_EN": "Hong Ning Road Park", "ADDRESS_EN": "Junction between Hong Ning Road and Wo Hong Path, Kwun Tong, KL", "NAME_OF_DISTRICT_COUNCIL_DISTRICT_TC": "觀塘區", "LOCATION_TC": "康寧道公園", "ADDRESS_TC": "九龍觀塘康寧道和康徑交界", "NAME_OF_DISTRICT_COUNCIL_DISTRICT_SC": "观塘区", "LOCATION_SC": "康宁道公园", "ADDRESS_SC": "九龙观塘康宁道和康径交界", "STANDARD_BS1363_no": "0", "MEDIUM_CCS_DC_COMBO_no": "0", "MEDIUM_IEC62196_no": "6", "MEDIUM_SAEJ1772_no": "0", "MEDIUM_GB_T20234_2_AC__no": "0", "MEDIUM_OTHERS_no": "0", "QUICK_CHAdeMO_no": "0", "QUICK_CCS_DC_COMBO_no": "0", "QUICK_IEC62196_no": "0", "QUICK_GB_T20234_3_DC__no": "0", "QUICK_OTHERS_no": "0", "FAST_CHAdeMO_no": "0", "FAST_CCS_DC_COMBO_no": "0", "FAST_GB_T20234_3_DC__no": "0", "FAST_OTHERS_no": "0", "REMARK_FOR__OTHERS_": "-", "DATA_PATH": "-", "OBJECTID": 654, "total_chargers": 6 }, "geometry": { "type": "Point", "coordinates": [ 114.224602, 22.320368 ] } },
{ "type": "Feature", "properties": { "GmlID": "geotagging.655", "NAME_OF_DISTRICT_COUNCIL_DISTRICT_EN": "Tai Po", "LOCATION_EN": "Science Park Car Park P4", "ADDRESS_EN": "19 Science Park West Avenue, Tai Po", "NAME_OF_DISTRICT_COUNCIL_DISTRICT_TC": "大埔區", "LOCATION_TC": "科學園停車場 P4", "ADDRESS_TC": "科技大道西19號", "NAME_OF_DISTRICT_COUNCIL_DISTRICT_SC": "大埔区", "LOCATION_SC": "科学园停车场 P4", "ADDRESS_SC": "科技大道西19号", "STANDARD_BS1363_no": "182", "MEDIUM_CCS_DC_COMBO_no": "0", "MEDIUM_IEC62196_no": "59", "MEDIUM_SAEJ1772_no": "0", "MEDIUM_GB_T20234_2_AC__no": "0", "MEDIUM_OTHERS_no": "0", "QUICK_CHAdeMO_no": "0", "QUICK_CCS_DC_COMBO_no": "6", "QUICK_IEC62196_no": "0", "QUICK_GB_T20234_3_DC__no": "0", "QUICK_OTHERS_no": "0", "FAST_CHAdeMO_no": "0", "FAST_CCS_DC_COMBO_no": "0", "FAST_GB_T20234_3_DC__no": "0", "FAST_OTHERS_no": "0", "REMARK_FOR__OTHERS_": "-", "DATA_PATH": "-", "OBJECTID": 655, "total_chargers": 247 }, "geometry": { "type": "Point", "coordinates": [ 114.208171, 22.42748 ] } },
{ "type": "Feature", "properties": { "GmlID": "geotagging.656", "NAME_OF_DISTRICT_COUNCIL_DISTRICT_EN": "Yau Tsim Mong", "LOCATION_EN": "Hong Kong Palace Museum Car Park", "ADDRESS_EN": "8 Museum Drive, HKPM, WKCD, Kowloon, Hong Kong", "NAME_OF_DISTRICT_COUNCIL_DISTRICT_TC": "油尖旺區", "LOCATION_TC": "香港故宮文化博物館停車場", "ADDRESS_TC": "香港九龍西九文化區博物館道8號香港故宮文化博物館", "NAME_OF_DISTRICT_COUNCIL_DISTRICT_SC": "油尖旺区", "LOCATION_SC": "香港故宫文化博物馆停车场", "ADDRESS_SC": "香港九龙西九文化区博物馆道8号香港故宫文化博物馆", "STANDARD_BS1363_no": "0", "MEDIUM_CCS_DC_COMBO_no": "0", "MEDIUM_IEC62196_no": "10", "MEDIUM_SAEJ1772_no": "0", "MEDIUM_GB_T20234_2_AC__no": "0", "MEDIUM_OTHERS_no": "0", "QUICK_CHAdeMO_no": "0", "QUICK_CCS_DC_COMBO_no": "3", "QUICK_IEC62196_no": "0", "QUICK_GB_T20234_3_DC__no": "0", "QUICK_OTHERS_no": "0", "FAST_CHAdeMO_no": "0", "FAST_CCS_DC_COMBO_no": "0", "FAST_GB_T20234_3_DC__no": "0", "FAST_OTHERS_no": "0", "REMARK_FOR__OTHERS_": "-", "DATA_PATH": "-", "OBJECTID": 656, "total_chargers": 13 }, "geometry": { "type": "Point", "coordinates": [ 114.155543, 22.301593 ] } },
{ "type": "Feature", "properties": { "GmlID": "geotagging.657", "NAME_OF_DISTRICT_COUNCIL_DISTRICT_EN": "Tsuen Wan", "LOCATION_EN": "Hoi Kwai Road, Tsuen Wan", "ADDRESS_EN": "1570 Tsuen Wan -Hoi Kwai Road, Tsuen Wan, New Territories", "NAME_OF_DISTRICT_COUNCIL_DISTRICT_TC": "荃灣區", "LOCATION_TC": "新界荃灣海貴路", "ADDRESS_TC": "荃灣第 1570 號 –新界荃灣海貴路", "NAME_OF_DISTRICT_COUNCIL_DISTRICT_SC": "荃湾区", "LOCATION_SC": "新界荃湾海贵路", "ADDRESS_SC": "荃湾第 1570 号 –新界荃湾海贵路", "STANDARD_BS1363_no": "0", "MEDIUM_CCS_DC_COMBO_no": "0", "MEDIUM_IEC62196_no": "0", "MEDIUM_SAEJ1772_no": "0", "MEDIUM_GB_T20234_2_AC__no": "0", "MEDIUM_OTHERS_no": "0", "QUICK_CHAdeMO_no": "0", "QUICK_CCS_DC_COMBO_no": "10", "QUICK_IEC62196_no": "0", "QUICK_GB_T20234_3_DC__no": "0", "QUICK_OTHERS_no": "0", "FAST_CHAdeMO_no": "0", "FAST_CCS_DC_COMBO_no": "0", "FAST_GB_T20234_3_DC__no": "0", "FAST_OTHERS_no": "0", "REMARK_FOR__OTHERS_": "-", "DATA_PATH": "-", "OBJECTID": 657, "total_chargers": 10 }, "geometry": { "type": "Point", "coordinates": [ 114.110268, 22.368951 ] } },
{ "type": "Feature", "properties": { "GmlID": "geotagging.658", "NAME_OF_DISTRICT_COUNCIL_DISTRICT_EN": "Wong Tai Sin", "LOCATION_EN": "Choi Wan (II) Estate Car Park", "ADDRESS_EN": "No. 55 Clear Water Bay Road Wong Tai Sin Kowloon", "NAME_OF_DISTRICT_COUNCIL_DISTRICT_TC": "黃大仙區", "LOCATION_TC": "彩雲(二)邨停車埸", "ADDRESS_TC": "九龍黃大仙區清水灣道55號", "NAME_OF_DISTRICT_COUNCIL_DISTRICT_SC": "黄大仙区", "LOCATION_SC": "彩云(二)邨停车埸", "ADDRESS_SC": "九龙黄大仙区清水湾道55号", "STANDARD_BS1363_no": "0", "MEDIUM_CCS_DC_COMBO_no": "0", "MEDIUM_IEC62196_no": "2", "MEDIUM_SAEJ1772_no": "0", "MEDIUM_GB_T20234_2_AC__no": "0", "MEDIUM_OTHERS_no": "0", "QUICK_CHAdeMO_no": "0", "QUICK_CCS_DC_COMBO_no": "0", "QUICK_IEC62196_no": "0", "QUICK_GB_T20234_3_DC__no": "0", "QUICK_OTHERS_no": "0", "FAST_CHAdeMO_no": "0", "FAST_CCS_DC_COMBO_no": "0", "FAST_GB_T20234_3_DC__no": "0", "FAST_OTHERS_no": "0", "REMARK_FOR__OTHERS_": "-", "DATA_PATH": "-", "OBJECTID": 658, "total_chargers": 2 }, "geometry": { "type": "Point", "coordinates": [ 114.216822, 22.333335 ] } },
{ "type": "Feature", "properties": { "GmlID": "geotagging.659", "NAME_OF_DISTRICT_COUNCIL_DISTRICT_EN": "North", "LOCATION_EN": "Ching Tao Court Carpark", "ADDRESS_EN": "Chiu Hiu Road, Sheung Shui, New Territories", "NAME_OF_DISTRICT_COUNCIL_DISTRICT_TC": "北區", "LOCATION_TC": "清濤苑停車場", "ADDRESS_TC": "新界上水清曉路", "NAME_OF_DISTRICT_COUNCIL_DISTRICT_SC": "北区", "LOCATION_SC": "清涛苑停车场", "ADDRESS_SC": "新界上水清晓路", "STANDARD_BS1363_no": "0", "MEDIUM_CCS_DC_COMBO_no": "0", "MEDIUM_IEC62196_no": "13", "MEDIUM_SAEJ1772_no": "0", "MEDIUM_GB_T20234_2_AC__no": "0", "MEDIUM_OTHERS_no": "0", "QUICK_CHAdeMO_no": "0", "QUICK_CCS_DC_COMBO_no": "0", "QUICK_IEC62196_no": "0", "QUICK_GB_T20234_3_DC__no": "0", "QUICK_OTHERS_no": "0", "FAST_CHAdeMO_no": "0", "FAST_CCS_DC_COMBO_no": "0", "FAST_GB_T20234_3_DC__no": "0", "FAST_OTHERS_no": "0", "REMARK_FOR__OTHERS_": "-", "DATA_PATH": "-", "OBJECTID": 659, "total_chargers": 13 }, "geometry": { "type": "Point", "coordinates": [ 114.128944, 22.49558 ] } },
{ "type": "Feature", "properties": { "GmlID": "geotagging.660", "NAME_OF_DISTRICT_COUNCIL_DISTRICT_EN": "Kwun Tong", "LOCATION_EN": "Yau Mei Court Carpark", "ADDRESS_EN": "Yau Mei Court, Yau Tong", "NAME_OF_DISTRICT_COUNCIL_DISTRICT_TC": "觀塘區", "LOCATION_TC": "油美苑停車場", "ADDRESS_TC": "油塘油美苑", "NAME_OF_DISTRICT_COUNCIL_DISTRICT_SC": "观塘区", "LOCATION_SC": "油美苑停车场", "ADDRESS_SC": "油塘油美苑", "STANDARD_BS1363_no": "0", "MEDIUM_CCS_DC_COMBO_no": "0", "MEDIUM_IEC62196_no": "1", "MEDIUM_SAEJ1772_no": "0", "MEDIUM_GB_T20234_2_AC__no": "0", "MEDIUM_OTHERS_no": "0", "QUICK_CHAdeMO_no": "0", "QUICK_CCS_DC_COMBO_no": "0", "QUICK_IEC62196_no": "0", "QUICK_GB_T20234_3_DC__no": "0", "QUICK_OTHERS_no": "0", "FAST_CHAdeMO_no": "0", "FAST_CCS_DC_COMBO_no": "0", "FAST_GB_T20234_3_DC__no": "0", "FAST_OTHERS_no": "0", "REMARK_FOR__OTHERS_": "-", "DATA_PATH": "-", "OBJECTID": 660, "total_chargers": 1 }, "geometry": { "type": "Point", "coordinates": [ 114.239624, 22.296045 ] } },
{ "type": "Feature", "properties": { "GmlID": "geotagging.661", "NAME_OF_DISTRICT_COUNCIL_DISTRICT_EN": "Kwun Tong", "LOCATION_EN": "Ping Shek Estate Car Park", "ADDRESS_EN": "2 Clear Water Bay Road, Ngau Tau Kok", "NAME_OF_DISTRICT_COUNCIL_DISTRICT_TC": "觀塘區", "LOCATION_TC": "坪石邨停車場", "ADDRESS_TC": "牛頭角清水灣道2號", "NAME_OF_DISTRICT_COUNCIL_DISTRICT_SC": "观塘区", "LOCATION_SC": "坪石邨停车场", "ADDRESS_SC": "牛头角清水湾道2号", "STANDARD_BS1363_no": "0", "MEDIUM_CCS_DC_COMBO_no": "0", "MEDIUM_IEC62196_no": "3", "MEDIUM_SAEJ1772_no": "0", "MEDIUM_GB_T20234_2_AC__no": "0", "MEDIUM_OTHERS_no": "0", "QUICK_CHAdeMO_no": "0", "QUICK_CCS_DC_COMBO_no": "0", "QUICK_IEC62196_no": "0", "QUICK_GB_T20234_3_DC__no": "0", "QUICK_OTHERS_no": "0", "FAST_CHAdeMO_no": "0", "FAST_CCS_DC_COMBO_no": "0", "FAST_GB_T20234_3_DC__no": "0", "FAST_OTHERS_no": "0", "REMARK_FOR__OTHERS_": "-", "DATA_PATH": "-", "OBJECTID": 661, "total_chargers": 3 }, "geometry": { "type": "Point", "coordinates": [ 114.209142, 22.333587 ] } },
{ "type": "Feature", "properties": { "GmlID": "geotagging.662", "NAME_OF_DISTRICT_COUNCIL_DISTRICT_EN": "Kowloon City", "LOCATION_EN": "Kai Ching Estate Car Park", "ADDRESS_EN": "Kai Ching Estate, No.12 Muk Hung Street, Kowloon City, Kowloon", "NAME_OF_DISTRICT_COUNCIL_DISTRICT_TC": "九龍城區", "LOCATION_TC": "啟晴邨停車場", "ADDRESS_TC": "九龍九龍城沐虹街12號啟晴邨", "NAME_OF_DISTRICT_COUNCIL_DISTRICT_SC": "九龙城区", "LOCATION_SC": "启晴邨停车场", "ADDRESS_SC": "九龙九龙城沐虹街12号启晴邨", "STANDARD_BS1363_no": "16", "MEDIUM_CCS_DC_COMBO_no": "0", "MEDIUM_IEC62196_no": "7", "MEDIUM_SAEJ1772_no": "0", "MEDIUM_GB_T20234_2_AC__no": "0", "MEDIUM_OTHERS_no": "0", "QUICK_CHAdeMO_no": "0", "QUICK_CCS_DC_COMBO_no": "0", "QUICK_IEC62196_no": "0", "QUICK_GB_T20234_3_DC__no": "0", "QUICK_OTHERS_no": "0", "FAST_CHAdeMO_no": "0", "FAST_CCS_DC_COMBO_no": "0", "FAST_GB_T20234_3_DC__no": "0", "FAST_OTHERS_no": "0", "REMARK_FOR__OTHERS_": "-", "DATA_PATH": "-", "OBJECTID": 662, "total_chargers": 23 }, "geometry": { "type": "Point", "coordinates": [ 114.202763, 22.331978 ] } },
{ "type": "Feature", "properties": { "GmlID": "geotagging.663", "NAME_OF_DISTRICT_COUNCIL_DISTRICT_EN": "Kowloon City", "LOCATION_EN": "Airside", "ADDRESS_EN": "2 Concorde Road, Kai Tak, Kowloon, Hong Kong", "NAME_OF_DISTRICT_COUNCIL_DISTRICT_TC": "九龍城區", "LOCATION_TC": "Airside", "ADDRESS_TC": "香港九龍啟德協調道2號", "NAME_OF_DISTRICT_COUNCIL_DISTRICT_SC": "九龙城区", "LOCATION_SC": "Airside", "ADDRESS_SC": "香港九龙启德协调道2号", "STANDARD_BS1363_no": "566", "MEDIUM_CCS_DC_COMBO_no": "0", "MEDIUM_IEC62196_no": "259", "MEDIUM_SAEJ1772_no": "0", "MEDIUM_GB_T20234_2_AC__no": "0", "MEDIUM_OTHERS_no": "0", "QUICK_CHAdeMO_no": "3", "QUICK_CCS_DC_COMBO_no": "25", "QUICK_IEC62196_no": "0", "QUICK_GB_T20234_3_DC__no": "1", "QUICK_OTHERS_no": "0", "FAST_CHAdeMO_no": "0", "FAST_CCS_DC_COMBO_no": "1", "FAST_GB_T20234_3_DC__no": "0", "FAST_OTHERS_no": "0", "REMARK_FOR__OTHERS_": "-", "DATA_PATH": "-", "OBJECTID": 663, "total_chargers": 855 }, "geometry": { "type": "Point", "coordinates": [ 114.19834, 22.33117 ] } },
{ "type": "Feature", "properties": { "GmlID": "geotagging.664", "NAME_OF_DISTRICT_COUNCIL_DISTRICT_EN": "Sham Shui Po", "LOCATION_EN": "Chak On Estate Car Park", "ADDRESS_EN": "Chak On Estate, 1 Chak On Rd, Shek Kip Mei", "NAME_OF_DISTRICT_COUNCIL_DISTRICT_TC": "深水埗區", "LOCATION_TC": "澤安邨停車場", "ADDRESS_TC": "九龍石硤尾澤安道1號", "NAME_OF_DISTRICT_COUNCIL_DISTRICT_SC": "深水埗区", "LOCATION_SC": "泽安邨停车场", "ADDRESS_SC": "九龙石硖尾泽安道1号", "STANDARD_BS1363_no": "0", "MEDIUM_CCS_DC_COMBO_no": "0", "MEDIUM_IEC62196_no": "3", "MEDIUM_SAEJ1772_no": "0", "MEDIUM_GB_T20234_2_AC__no": "0", "MEDIUM_OTHERS_no": "0", "QUICK_CHAdeMO_no": "0", "QUICK_CCS_DC_COMBO_no": "0", "QUICK_IEC62196_no": "0", "QUICK_GB_T20234_3_DC__no": "0", "QUICK_OTHERS_no": "0", "FAST_CHAdeMO_no": "0", "FAST_CCS_DC_COMBO_no": "0", "FAST_GB_T20234_3_DC__no": "0", "FAST_OTHERS_no": "0", "REMARK_FOR__OTHERS_": "-", "DATA_PATH": "-", "OBJECTID": 664, "total_chargers": 3 }, "geometry": { "type": "Point", "coordinates": [ 114.164056, 22.340747 ] } },
{ "type": "Feature", "properties": { "GmlID": "geotagging.665", "NAME_OF_DISTRICT_COUNCIL_DISTRICT_EN": "Yuen Long", "LOCATION_EN": "Tin Heng Estate Car Park", "ADDRESS_EN": "Tin Heng Estate, 83 Tin Shui Rd, Tin Shui Wai", "NAME_OF_DISTRICT_COUNCIL_DISTRICT_TC": "元朗區", "LOCATION_TC": "天恒邨停車場", "ADDRESS_TC": "新界天水圍天瑞路83號", "NAME_OF_DISTRICT_COUNCIL_DISTRICT_SC": "元朗区", "LOCATION_SC": "天恒邨停车场", "ADDRESS_SC": "新界天水围天瑞路83号", "STANDARD_BS1363_no": "0", "MEDIUM_CCS_DC_COMBO_no": "0", "MEDIUM_IEC62196_no": "5", "MEDIUM_SAEJ1772_no": "0", "MEDIUM_GB_T20234_2_AC__no": "0", "MEDIUM_OTHERS_no": "0", "QUICK_CHAdeMO_no": "0", "QUICK_CCS_DC_COMBO_no": "0", "QUICK_IEC62196_no": "0", "QUICK_GB_T20234_3_DC__no": "0", "QUICK_OTHERS_no": "0", "FAST_CHAdeMO_no": "0", "FAST_CCS_DC_COMBO_no": "0", "FAST_GB_T20234_3_DC__no": "0", "FAST_OTHERS_no": "0", "REMARK_FOR__OTHERS_": "-", "DATA_PATH": "-", "OBJECTID": 665, "total_chargers": 5 }, "geometry": { "type": "Point", "coordinates": [ 113.999355, 22.469236 ] } },
{ "type": "Feature", "properties": { "GmlID": "geotagging.666", "NAME_OF_DISTRICT_COUNCIL_DISTRICT_EN": "Sham Shui Po", "LOCATION_EN": "Hoi Tat Estate carpark", "ADDRESS_EN": "Sham Mong Road  No.38", "NAME_OF_DISTRICT_COUNCIL_DISTRICT_TC": "深水埗區", "LOCATION_TC": "海達邨停車場", "ADDRESS_TC": "長沙灣深旺道38號", "NAME_OF_DISTRICT_COUNCIL_DISTRICT_SC": "深水埗区", "LOCATION_SC": "海达邨停车场", "ADDRESS_SC": "长沙湾深旺道38号", "STANDARD_BS1363_no": "0", "MEDIUM_CCS_DC_COMBO_no": "0", "MEDIUM_IEC62196_no": "5", "MEDIUM_SAEJ1772_no": "0", "MEDIUM_GB_T20234_2_AC__no": "0", "MEDIUM_OTHERS_no": "0", "QUICK_CHAdeMO_no": "0", "QUICK_CCS_DC_COMBO_no": "0", "QUICK_IEC62196_no": "0", "QUICK_GB_T20234_3_DC__no": "0", "QUICK_OTHERS_no": "0", "FAST_CHAdeMO_no": "0", "FAST_CCS_DC_COMBO_no": "0", "FAST_GB_T20234_3_DC__no": "0", "FAST_OTHERS_no": "0", "REMARK_FOR__OTHERS_": "-", "DATA_PATH": "-", "OBJECTID": 666, "total_chargers": 5 }, "geometry": { "type": "Point", "coordinates": [ 114.150054, 22.329488 ] } },
{ "type": "Feature", "properties": { "GmlID": "geotagging.667", "NAME_OF_DISTRICT_COUNCIL_DISTRICT_EN": "Kowloon City", "LOCATION_EN": "Tak Long Estate Carpark A", "ADDRESS_EN": "Shing Kai Road, Kowloon City, Kowloon", "NAME_OF_DISTRICT_COUNCIL_DISTRICT_TC": "九龍城區", "LOCATION_TC": "德朗邨A停車場", "ADDRESS_TC": "九龍九龍城承啟道", "NAME_OF_DISTRICT_COUNCIL_DISTRICT_SC": "九龙城区", "LOCATION_SC": "德朗邨A停车场", "ADDRESS_SC": "九龙九龙城承启道", "STANDARD_BS1363_no": "9", "MEDIUM_CCS_DC_COMBO_no": "0", "MEDIUM_IEC62196_no": "12", "MEDIUM_SAEJ1772_no": "0", "MEDIUM_GB_T20234_2_AC__no": "0", "MEDIUM_OTHERS_no": "0", "QUICK_CHAdeMO_no": "0", "QUICK_CCS_DC_COMBO_no": "0", "QUICK_IEC62196_no": "0", "QUICK_GB_T20234_3_DC__no": "0", "QUICK_OTHERS_no": "0", "FAST_CHAdeMO_no": "0", "FAST_CCS_DC_COMBO_no": "0", "FAST_GB_T20234_3_DC__no": "0", "FAST_OTHERS_no": "0", "REMARK_FOR__OTHERS_": "-", "DATA_PATH": "-", "OBJECTID": 667, "total_chargers": 21 }, "geometry": { "type": "Point", "coordinates": [ 114.204294, 22.32893 ] } },
{ "type": "Feature", "properties": { "GmlID": "geotagging.668", "NAME_OF_DISTRICT_COUNCIL_DISTRICT_EN": "Kwai Tsing", "LOCATION_EN": "Cheung Ching Estate Car Park", "ADDRESS_EN": "CHING HONG ROAD, TSING YI", "NAME_OF_DISTRICT_COUNCIL_DISTRICT_TC": "葵青區", "LOCATION_TC": "長青邨停車場", "ADDRESS_TC": "青衣青康路", "NAME_OF_DISTRICT_COUNCIL_DISTRICT_SC": "葵青区", "LOCATION_SC": "长青邨停车场", "ADDRESS_SC": "青衣青康路", "STANDARD_BS1363_no": "0", "MEDIUM_CCS_DC_COMBO_no": "0", "MEDIUM_IEC62196_no": "19", "MEDIUM_SAEJ1772_no": "0", "MEDIUM_GB_T20234_2_AC__no": "0", "MEDIUM_OTHERS_no": "0", "QUICK_CHAdeMO_no": "0", "QUICK_CCS_DC_COMBO_no": "0", "QUICK_IEC62196_no": "0", "QUICK_GB_T20234_3_DC__no": "0", "QUICK_OTHERS_no": "0", "FAST_CHAdeMO_no": "0", "FAST_CCS_DC_COMBO_no": "0", "FAST_GB_T20234_3_DC__no": "0", "FAST_OTHERS_no": "0", "REMARK_FOR__OTHERS_": "-", "DATA_PATH": "-", "OBJECTID": 668, "total_chargers": 19 }, "geometry": { "type": "Point", "coordinates": [ 114.108287, 22.345374 ] } },
{ "type": "Feature", "properties": { "GmlID": "geotagging.669", "NAME_OF_DISTRICT_COUNCIL_DISTRICT_EN": "Islands", "LOCATION_EN": "Ying Tung Estate Carpark", "ADDRESS_EN": "12 YING TUNG ROAD", "NAME_OF_DISTRICT_COUNCIL_DISTRICT_TC": "離島區", "LOCATION_TC": "迎東邨停車場", "ADDRESS_TC": "迎東路 12號", "NAME_OF_DISTRICT_COUNCIL_DISTRICT_SC": "离岛区", "LOCATION_SC": "迎东邨停车场", "ADDRESS_SC": "迎东路 12号", "STANDARD_BS1363_no": "5", "MEDIUM_CCS_DC_COMBO_no": "0", "MEDIUM_IEC62196_no": "0", "MEDIUM_SAEJ1772_no": "0", "MEDIUM_GB_T20234_2_AC__no": "0", "MEDIUM_OTHERS_no": "0", "QUICK_CHAdeMO_no": "0", "QUICK_CCS_DC_COMBO_no": "0", "QUICK_IEC62196_no": "0", "QUICK_GB_T20234_3_DC__no": "0", "QUICK_OTHERS_no": "0", "FAST_CHAdeMO_no": "0", "FAST_CCS_DC_COMBO_no": "0", "FAST_GB_T20234_3_DC__no": "0", "FAST_OTHERS_no": "0", "REMARK_FOR__OTHERS_": "-", "DATA_PATH": "-", "OBJECTID": 669, "total_chargers": 5 }, "geometry": { "type": "Point", "coordinates": [ 113.953005, 22.296927 ] } },
{ "type": "Feature", "properties": { "GmlID": "geotagging.670", "NAME_OF_DISTRICT_COUNCIL_DISTRICT_EN": "Wan Chai", "LOCATION_EN": "HKCEC (Expo Drive Central) Car Park", "ADDRESS_EN": "1 Expo Drive Central, Wanchai, Hong Kong", "NAME_OF_DISTRICT_COUNCIL_DISTRICT_TC": "灣仔區", "LOCATION_TC": "會展(博覽道中)停車場", "ADDRESS_TC": "香港灣仔博覽道中一號", "NAME_OF_DISTRICT_COUNCIL_DISTRICT_SC": "湾仔区", "LOCATION_SC": "会展(博览道中)停车场", "ADDRESS_SC": "香港湾仔博览道中一号", "STANDARD_BS1363_no": "0", "MEDIUM_CCS_DC_COMBO_no": "0", "MEDIUM_IEC62196_no": "5", "MEDIUM_SAEJ1772_no": "0", "MEDIUM_GB_T20234_2_AC__no": "0", "MEDIUM_OTHERS_no": "0", "QUICK_CHAdeMO_no": "0", "QUICK_CCS_DC_COMBO_no": "8", "QUICK_IEC62196_no": "0", "QUICK_GB_T20234_3_DC__no": "0", "QUICK_OTHERS_no": "0", "FAST_CHAdeMO_no": "0", "FAST_CCS_DC_COMBO_no": "0", "FAST_GB_T20234_3_DC__no": "0", "FAST_OTHERS_no": "0", "REMARK_FOR__OTHERS_": "-", "DATA_PATH": "-", "OBJECTID": 670, "total_chargers": 13 }, "geometry": { "type": "Point", "coordinates": [ 114.173751, 22.282904 ] } },
{ "type": "Feature", "properties": { "GmlID": "geotagging.671", "NAME_OF_DISTRICT_COUNCIL_DISTRICT_EN": "Sham Shui Po", "LOCATION_EN": "Tung Chau Street", "ADDRESS_EN": "Tung Chau Street, Sham Shui Po", "NAME_OF_DISTRICT_COUNCIL_DISTRICT_TC": "深水埗區", "LOCATION_TC": "通州街停車場", "ADDRESS_TC": "深水埗通州街", "NAME_OF_DISTRICT_COUNCIL_DISTRICT_SC": "深水埗区", "LOCATION_SC": "通州街停车场", "ADDRESS_SC": "深水埗通州街", "STANDARD_BS1363_no": "0", "MEDIUM_CCS_DC_COMBO_no": "0", "MEDIUM_IEC62196_no": "0", "MEDIUM_SAEJ1772_no": "0", "MEDIUM_GB_T20234_2_AC__no": "0", "MEDIUM_OTHERS_no": "0", "QUICK_CHAdeMO_no": "0", "QUICK_CCS_DC_COMBO_no": "2", "QUICK_IEC62196_no": "6", "QUICK_GB_T20234_3_DC__no": "0", "QUICK_OTHERS_no": "0", "FAST_CHAdeMO_no": "0", "FAST_CCS_DC_COMBO_no": "0", "FAST_GB_T20234_3_DC__no": "0", "FAST_OTHERS_no": "0", "REMARK_FOR__OTHERS_": "-", "DATA_PATH": "-", "OBJECTID": 671, "total_chargers": 8 }, "geometry": { "type": "Point", "coordinates": [ 114.157493, 22.328535 ] } },
{ "type": "Feature", "properties": { "GmlID": "geotagging.672", "NAME_OF_DISTRICT_COUNCIL_DISTRICT_EN": "Kowloon City", "LOCATION_EN": "The Twins Carpark Tower I", "ADDRESS_EN": "12 Concorde Road, Kai Tak, San Po Kong, Kowloon", "NAME_OF_DISTRICT_COUNCIL_DISTRICT_TC": "九龍城區", "LOCATION_TC": "雙子匯1座停車場", "ADDRESS_TC": "九龍啟德協調道12號", "NAME_OF_DISTRICT_COUNCIL_DISTRICT_SC": "九龙城区", "LOCATION_SC": "双子汇1座停车场", "ADDRESS_SC": "九龙启德协调道12号", "STANDARD_BS1363_no": "197", "MEDIUM_CCS_DC_COMBO_no": "0", "MEDIUM_IEC62196_no": "73", "MEDIUM_SAEJ1772_no": "0", "MEDIUM_GB_T20234_2_AC__no": "0", "MEDIUM_OTHERS_no": "0", "QUICK_CHAdeMO_no": "0", "QUICK_CCS_DC_COMBO_no": "0", "QUICK_IEC62196_no": "0", "QUICK_GB_T20234_3_DC__no": "0", "QUICK_OTHERS_no": "0", "FAST_CHAdeMO_no": "0", "FAST_CCS_DC_COMBO_no": "0", "FAST_GB_T20234_3_DC__no": "0", "FAST_OTHERS_no": "0", "REMARK_FOR__OTHERS_": "-", "DATA_PATH": "-", "OBJECTID": 672, "total_chargers": 270 }, "geometry": { "type": "Point", "coordinates": [ 114.200843, 22.332675 ] } },
{ "type": "Feature", "properties": { "GmlID": "geotagging.673", "NAME_OF_DISTRICT_COUNCIL_DISTRICT_EN": "Islands", "LOCATION_EN": "K11 Atelier 11 SKIES North Car Park", "ADDRESS_EN": "6 Sky City Road East, Hong Kong International Airport", "NAME_OF_DISTRICT_COUNCIL_DISTRICT_TC": "離島區", "LOCATION_TC": "K11 Atelier 11 SKIES 北停車場", "ADDRESS_TC": "香港國際機場航天城東路6號", "NAME_OF_DISTRICT_COUNCIL_DISTRICT_SC": "离岛区", "LOCATION_SC": "K11 Atelier 11 SKIES 北停车场", "ADDRESS_SC": "香港国际机场航天城东路6号", "STANDARD_BS1363_no": "0", "MEDIUM_CCS_DC_COMBO_no": "0", "MEDIUM_IEC62196_no": "28", "MEDIUM_SAEJ1772_no": "0", "MEDIUM_GB_T20234_2_AC__no": "0", "MEDIUM_OTHERS_no": "0", "QUICK_CHAdeMO_no": "0", "QUICK_CCS_DC_COMBO_no": "0", "QUICK_IEC62196_no": "0", "QUICK_GB_T20234_3_DC__no": "0", "QUICK_OTHERS_no": "0", "FAST_CHAdeMO_no": "0", "FAST_CCS_DC_COMBO_no": "0", "FAST_GB_T20234_3_DC__no": "0", "FAST_OTHERS_no": "0", "REMARK_FOR__OTHERS_": "-", "DATA_PATH": "-", "OBJECTID": 673, "total_chargers": 28 }, "geometry": { "type": "Point", "coordinates": [ 113.942543, 22.318381 ] } },
{ "type": "Feature", "properties": { "GmlID": "geotagging.674", "NAME_OF_DISTRICT_COUNCIL_DISTRICT_EN": "Islands", "LOCATION_EN": "11 SKIES South Car Park", "ADDRESS_EN": "8 Sky City Road East, Hong Kong International Airport", "NAME_OF_DISTRICT_COUNCIL_DISTRICT_TC": "離島區", "LOCATION_TC": "11 SKIES 南停車場", "ADDRESS_TC": "香港國際機場航天城東路8號", "NAME_OF_DISTRICT_COUNCIL_DISTRICT_SC": "离岛区", "LOCATION_SC": "11 SKIES 南停车场", "ADDRESS_SC": "香港国际机场航天城东路8号", "STANDARD_BS1363_no": "0", "MEDIUM_CCS_DC_COMBO_no": "0", "MEDIUM_IEC62196_no": "198", "MEDIUM_SAEJ1772_no": "0", "MEDIUM_GB_T20234_2_AC__no": "24", "MEDIUM_OTHERS_no": "0", "QUICK_CHAdeMO_no": "0", "QUICK_CCS_DC_COMBO_no": "12", "QUICK_IEC62196_no": "0", "QUICK_GB_T20234_3_DC__no": "2", "QUICK_OTHERS_no": "0", "FAST_CHAdeMO_no": "0", "FAST_CCS_DC_COMBO_no": "0", "FAST_GB_T20234_3_DC__no": "0", "FAST_OTHERS_no": "0", "REMARK_FOR__OTHERS_": "-", "DATA_PATH": "-", "OBJECTID": 674, "total_chargers": 236 }, "geometry": { "type": "Point", "coordinates": [ 113.942501, 22.316861 ] } },
{ "type": "Feature", "properties": { "GmlID": "geotagging.675", "NAME_OF_DISTRICT_COUNCIL_DISTRICT_EN": "Yau Tsim Mong", "LOCATION_EN": "Queen Elizabeth Hospital Visitor Carpark", "ADDRESS_EN": "1/F, Blcok T, Queen Elizabeth Hospital, 30 Gascoigne Road, Kwoloon", "NAME_OF_DISTRICT_COUNCIL_DISTRICT_TC": "油尖旺區", "LOCATION_TC": "伊利沙伯醫院訪客停車場", "ADDRESS_TC": "九龍加士居道30號伊利沙伯醫院T座1樓", "NAME_OF_DISTRICT_COUNCIL_DISTRICT_SC": "油尖旺区", "LOCATION_SC": "伊利沙伯医院访客停车场", "ADDRESS_SC": "九龙加士居道30号伊利沙伯医院T座1楼", "STANDARD_BS1363_no": "12", "MEDIUM_CCS_DC_COMBO_no": "0", "MEDIUM_IEC62196_no": "2", "MEDIUM_SAEJ1772_no": "0", "MEDIUM_GB_T20234_2_AC__no": "0", "MEDIUM_OTHERS_no": "0", "QUICK_CHAdeMO_no": "0", "QUICK_CCS_DC_COMBO_no": "0", "QUICK_IEC62196_no": "0", "QUICK_GB_T20234_3_DC__no": "0", "QUICK_OTHERS_no": "0", "FAST_CHAdeMO_no": "0", "FAST_CCS_DC_COMBO_no": "0", "FAST_GB_T20234_3_DC__no": "0", "FAST_OTHERS_no": "0", "REMARK_FOR__OTHERS_": "-", "DATA_PATH": "-", "OBJECTID": 675, "total_chargers": 14 }, "geometry": { "type": "Point", "coordinates": [ 114.175831, 22.308455 ] } },
{ "type": "Feature", "properties": { "GmlID": "geotagging.676", "NAME_OF_DISTRICT_COUNCIL_DISTRICT_EN": "Yau Tsim Mong", "LOCATION_EN": "One Bedford Place", "ADDRESS_EN": "No. 100 Bedford Road, Kowloon", "NAME_OF_DISTRICT_COUNCIL_DISTRICT_TC": "油尖旺區", "LOCATION_TC": "One Bedford Place", "ADDRESS_TC": "九龍必發道100號", "NAME_OF_DISTRICT_COUNCIL_DISTRICT_SC": "油尖旺区", "LOCATION_SC": "One Bedford Place", "ADDRESS_SC": "九龙必发道100号", "STANDARD_BS1363_no": "0", "MEDIUM_CCS_DC_COMBO_no": "0", "MEDIUM_IEC62196_no": "0", "MEDIUM_SAEJ1772_no": "0", "MEDIUM_GB_T20234_2_AC__no": "0", "MEDIUM_OTHERS_no": "0", "QUICK_CHAdeMO_no": "0", "QUICK_CCS_DC_COMBO_no": "15", "QUICK_IEC62196_no": "0", "QUICK_GB_T20234_3_DC__no": "0", "QUICK_OTHERS_no": "0", "FAST_CHAdeMO_no": "0", "FAST_CCS_DC_COMBO_no": "0", "FAST_GB_T20234_3_DC__no": "0", "FAST_OTHERS_no": "0", "REMARK_FOR__OTHERS_": "-", "DATA_PATH": "-", "OBJECTID": 676, "total_chargers": 15 }, "geometry": { "type": "Point", "coordinates": [ 114.163087, 22.323775 ] } },
{ "type": "Feature", "properties": { "GmlID": "geotagging.677", "NAME_OF_DISTRICT_COUNCIL_DISTRICT_EN": "Kwai Tsing", "LOCATION_EN": "Kwai Chung Shopping Centre", "ADDRESS_EN": "Sheung Kok Street, Kwai Chung, N.T.", "NAME_OF_DISTRICT_COUNCIL_DISTRICT_TC": "葵青區", "LOCATION_TC": "葵涌商場停車場", "ADDRESS_TC": "新界葵涌上角街", "NAME_OF_DISTRICT_COUNCIL_DISTRICT_SC": "葵青区", "LOCATION_SC": "葵涌商场停车场", "ADDRESS_SC": "新界葵涌上角街", "STANDARD_BS1363_no": "0", "MEDIUM_CCS_DC_COMBO_no": "0", "MEDIUM_IEC62196_no": "54", "MEDIUM_SAEJ1772_no": "0", "MEDIUM_GB_T20234_2_AC__no": "0", "MEDIUM_OTHERS_no": "0", "QUICK_CHAdeMO_no": "0", "QUICK_CCS_DC_COMBO_no": "0", "QUICK_IEC62196_no": "0", "QUICK_GB_T20234_3_DC__no": "0", "QUICK_OTHERS_no": "0", "FAST_CHAdeMO_no": "0", "FAST_CCS_DC_COMBO_no": "0", "FAST_GB_T20234_3_DC__no": "0", "FAST_OTHERS_no": "0", "REMARK_FOR__OTHERS_": "-", "DATA_PATH": "-", "OBJECTID": 677, "total_chargers": 54 }, "geometry": { "type": "Point", "coordinates": [ 114.127357, 22.367915 ] } },
{ "type": "Feature", "properties": { "GmlID": "geotagging.678", "NAME_OF_DISTRICT_COUNCIL_DISTRICT_EN": "Southern", "LOCATION_EN": "THE SOUTHSIDE", "ADDRESS_EN": "11 Heung Yip Road, Wong Chuk Hang, Hong Kong", "NAME_OF_DISTRICT_COUNCIL_DISTRICT_TC": "南區", "LOCATION_TC": "THE SOUTHSIDE", "ADDRESS_TC": "黃竹坑香葉道11號", "NAME_OF_DISTRICT_COUNCIL_DISTRICT_SC": "南区", "LOCATION_SC": "THE SOUTHSIDE", "ADDRESS_SC": "黄竹坑香叶道11号", "STANDARD_BS1363_no": "0", "MEDIUM_CCS_DC_COMBO_no": "0", "MEDIUM_IEC62196_no": "234", "MEDIUM_SAEJ1772_no": "0", "MEDIUM_GB_T20234_2_AC__no": "0", "MEDIUM_OTHERS_no": "0", "QUICK_CHAdeMO_no": "10", "QUICK_CCS_DC_COMBO_no": "13", "QUICK_IEC62196_no": "0", "QUICK_GB_T20234_3_DC__no": "0", "QUICK_OTHERS_no": "0", "FAST_CHAdeMO_no": "0", "FAST_CCS_DC_COMBO_no": "0", "FAST_GB_T20234_3_DC__no": "0", "FAST_OTHERS_no": "0", "REMARK_FOR__OTHERS_": "-", "DATA_PATH": "-", "OBJECTID": 678, "total_chargers": 257 }, "geometry": { "type": "Point", "coordinates": [ 114.16696, 22.247046 ] } },
{ "type": "Feature", "properties": { "GmlID": "geotagging.679", "NAME_OF_DISTRICT_COUNCIL_DISTRICT_EN": "Wong Tai Sin", "LOCATION_EN": "Kai Chuen Court Carpark", "ADDRESS_EN": "235 Choi Hung Road, San Po Kong, Kowloon", "NAME_OF_DISTRICT_COUNCIL_DISTRICT_TC": "黃大仙區", "LOCATION_TC": "啟鑽苑停車場", "ADDRESS_TC": "九龍新蒲崗彩虹道235號", "NAME_OF_DISTRICT_COUNCIL_DISTRICT_SC": "黄大仙区", "LOCATION_SC": "启钻苑停车场", "ADDRESS_SC": "九龙新蒲岗彩虹道235号", "STANDARD_BS1363_no": "0", "MEDIUM_CCS_DC_COMBO_no": "0", "MEDIUM_IEC62196_no": "52", "MEDIUM_SAEJ1772_no": "0", "MEDIUM_GB_T20234_2_AC__no": "0", "MEDIUM_OTHERS_no": "0", "QUICK_CHAdeMO_no": "0", "QUICK_CCS_DC_COMBO_no": "0", "QUICK_IEC62196_no": "0", "QUICK_GB_T20234_3_DC__no": "0", "QUICK_OTHERS_no": "0", "FAST_CHAdeMO_no": "0", "FAST_CCS_DC_COMBO_no": "0", "FAST_GB_T20234_3_DC__no": "0", "FAST_OTHERS_no": "0", "REMARK_FOR__OTHERS_": "-", "DATA_PATH": "-", "OBJECTID": 679, "total_chargers": 52 }, "geometry": { "type": "Point", "coordinates": [ 114.200758, 22.339 ] } },
{ "type": "Feature", "properties": { "GmlID": "geotagging.680", "NAME_OF_DISTRICT_COUNCIL_DISTRICT_EN": "North", "LOCATION_EN": "Ka Fu Fong Public Car Park", "ADDRESS_EN": "186 San Wan Road, Sheung Shui, New Territories", "NAME_OF_DISTRICT_COUNCIL_DISTRICT_TC": "北區", "LOCATION_TC": "嘉富坊公眾停車場", "ADDRESS_TC": "新界上水新運路186號", "NAME_OF_DISTRICT_COUNCIL_DISTRICT_SC": "北区", "LOCATION_SC": "嘉富坊公众停车场", "ADDRESS_SC": "新界上水新运路186号", "STANDARD_BS1363_no": "0", "MEDIUM_CCS_DC_COMBO_no": "0", "MEDIUM_IEC62196_no": "326", "MEDIUM_SAEJ1772_no": "0", "MEDIUM_GB_T20234_2_AC__no": "0", "MEDIUM_OTHERS_no": "0", "QUICK_CHAdeMO_no": "0", "QUICK_CCS_DC_COMBO_no": "0", "QUICK_IEC62196_no": "0", "QUICK_GB_T20234_3_DC__no": "0", "QUICK_OTHERS_no": "0", "FAST_CHAdeMO_no": "0", "FAST_CCS_DC_COMBO_no": "0", "FAST_GB_T20234_3_DC__no": "0", "FAST_OTHERS_no": "0", "REMARK_FOR__OTHERS_": "-", "DATA_PATH": "-", "OBJECTID": 680, "total_chargers": 326 }, "geometry": { "type": "Point", "coordinates": [ 114.123469, 22.505996 ] } },
{ "type": "Feature", "properties": { "GmlID": "geotagging.681", "NAME_OF_DISTRICT_COUNCIL_DISTRICT_EN": "Sai Kung", "LOCATION_EN": "Choi Ming Car Park 2", "ADDRESS_EN": "Choi Ming Shopping Centre, 1 Choi Ming Street, Tiu Keng Leng, Tseung Kwan O, New Territories", "NAME_OF_DISTRICT_COUNCIL_DISTRICT_TC": "西貢區", "LOCATION_TC": "彩明2號停車場", "ADDRESS_TC": "新界將軍澳調景嶺彩明街1號彩明商場", "NAME_OF_DISTRICT_COUNCIL_DISTRICT_SC": "西贡区", "LOCATION_SC": "彩明2号停车场", "ADDRESS_SC": "新界将军澳调景岭彩明街1号彩明商场", "STANDARD_BS1363_no": "0", "MEDIUM_CCS_DC_COMBO_no": "0", "MEDIUM_IEC62196_no": "9", "MEDIUM_SAEJ1772_no": "0", "MEDIUM_GB_T20234_2_AC__no": "0", "MEDIUM_OTHERS_no": "0", "QUICK_CHAdeMO_no": "0", "QUICK_CCS_DC_COMBO_no": "30", "QUICK_IEC62196_no": "0", "QUICK_GB_T20234_3_DC__no": "0", "QUICK_OTHERS_no": "0", "FAST_CHAdeMO_no": "0", "FAST_CCS_DC_COMBO_no": "0", "FAST_GB_T20234_3_DC__no": "0", "FAST_OTHERS_no": "0", "REMARK_FOR__OTHERS_": "-", "DATA_PATH": "-", "OBJECTID": 681, "total_chargers": 39 }, "geometry": { "type": "Point", "coordinates": [ 114.255308, 22.308972 ] } },
{ "type": "Feature", "properties": { "GmlID": "geotagging.682", "NAME_OF_DISTRICT_COUNCIL_DISTRICT_EN": "Sai Kung", "LOCATION_EN": "Tong Ming Car Park", "ADDRESS_EN": "Tong Ming Court Retail and Car Park, 15 Tong Ming Street, Tseung Kwan O, New Territories", "NAME_OF_DISTRICT_COUNCIL_DISTRICT_TC": "西貢區", "LOCATION_TC": "唐明停車場", "ADDRESS_TC": "新界將軍澳唐明街15號唐明苑商舖及停車場", "NAME_OF_DISTRICT_COUNCIL_DISTRICT_SC": "西贡区", "LOCATION_SC": "唐明停车场", "ADDRESS_SC": "新界将军澳唐明街15号唐明苑商舖及停车场", "STANDARD_BS1363_no": "0", "MEDIUM_CCS_DC_COMBO_no": "0", "MEDIUM_IEC62196_no": "36", "MEDIUM_SAEJ1772_no": "0", "MEDIUM_GB_T20234_2_AC__no": "0", "MEDIUM_OTHERS_no": "0", "QUICK_CHAdeMO_no": "0", "QUICK_CCS_DC_COMBO_no": "0", "QUICK_IEC62196_no": "0", "QUICK_GB_T20234_3_DC__no": "0", "QUICK_OTHERS_no": "0", "FAST_CHAdeMO_no": "0", "FAST_CCS_DC_COMBO_no": "0", "FAST_GB_T20234_3_DC__no": "0", "FAST_OTHERS_no": "0", "REMARK_FOR__OTHERS_": "-", "DATA_PATH": "https://ev-charger.epd.gov.hk/resource/ev_charger_avail/evca_ver_1_0.json", "OBJECTID": 682, "total_chargers": 36 }, "geometry": { "type": "Point", "coordinates": [ 114.256217, 22.308864 ] } },
{ "type": "Feature", "properties": { "GmlID": "geotagging.683", "NAME_OF_DISTRICT_COUNCIL_DISTRICT_EN": "Sai Kung", "LOCATION_EN": "TKO Spot Car Park B", "ADDRESS_EN": "TKO Spot, 2 Tong Ming Street, Tseung Kwan O, New Territories", "NAME_OF_DISTRICT_COUNCIL_DISTRICT_TC": "西貢區", "LOCATION_TC": "TKO Spot B停車場", "ADDRESS_TC": "新界將軍澳唐明街2號TKO Spot", "NAME_OF_DISTRICT_COUNCIL_DISTRICT_SC": "西贡区", "LOCATION_SC": "TKO Spot B停车场", "ADDRESS_SC": "新界将军澳唐明街2号TKO Spot", "STANDARD_BS1363_no": "0", "MEDIUM_CCS_DC_COMBO_no": "0", "MEDIUM_IEC62196_no": "9", "MEDIUM_SAEJ1772_no": "0", "MEDIUM_GB_T20234_2_AC__no": "0", "MEDIUM_OTHERS_no": "0", "QUICK_CHAdeMO_no": "0", "QUICK_CCS_DC_COMBO_no": "12", "QUICK_IEC62196_no": "0", "QUICK_GB_T20234_3_DC__no": "0", "QUICK_OTHERS_no": "0", "FAST_CHAdeMO_no": "0", "FAST_CCS_DC_COMBO_no": "0", "FAST_GB_T20234_3_DC__no": "0", "FAST_OTHERS_no": "0", "REMARK_FOR__OTHERS_": "-", "DATA_PATH": "-", "OBJECTID": 683, "total_chargers": 21 }, "geometry": { "type": "Point", "coordinates": [ 114.257642, 22.310691 ] } },
{ "type": "Feature", "properties": { "GmlID": "geotagging.684", "NAME_OF_DISTRICT_COUNCIL_DISTRICT_EN": "Sai Kung", "LOCATION_EN": "TKO Gateway Car Park West", "ADDRESS_EN": "TKO Gateway, 2 Sheung Ning Street, Tseung Kwan O, New Territories", "NAME_OF_DISTRICT_COUNCIL_DISTRICT_TC": "西貢區", "LOCATION_TC": "TKO Gateway 西翼停車場", "ADDRESS_TC": "新界將軍澳常寧路2號TKO Gateway", "NAME_OF_DISTRICT_COUNCIL_DISTRICT_SC": "西贡区", "LOCATION_SC": "TKO Gateway 西翼停车场", "ADDRESS_SC": "新界将军澳常宁路2号TKO Gateway", "STANDARD_BS1363_no": "0", "MEDIUM_CCS_DC_COMBO_no": "0", "MEDIUM_IEC62196_no": "9", "MEDIUM_SAEJ1772_no": "0", "MEDIUM_GB_T20234_2_AC__no": "0", "MEDIUM_OTHERS_no": "0", "QUICK_CHAdeMO_no": "0", "QUICK_CCS_DC_COMBO_no": "0", "QUICK_IEC62196_no": "0", "QUICK_GB_T20234_3_DC__no": "0", "QUICK_OTHERS_no": "0", "FAST_CHAdeMO_no": "0", "FAST_CCS_DC_COMBO_no": "0", "FAST_GB_T20234_3_DC__no": "0", "FAST_OTHERS_no": "0", "REMARK_FOR__OTHERS_": "-", "DATA_PATH": "-", "OBJECTID": 684, "total_chargers": 9 }, "geometry": { "type": "Point", "coordinates": [ 114.264292, 22.317634 ] } },
{ "type": "Feature", "properties": { "GmlID": "geotagging.685", "NAME_OF_DISTRICT_COUNCIL_DISTRICT_EN": "Sai Kung", "LOCATION_EN": "TKO Gateway Car Park East", "ADDRESS_EN": "TKO Gateway, 2 Sheung Ning Street, Tseung Kwan O, New Territories", "NAME_OF_DISTRICT_COUNCIL_DISTRICT_TC": "西貢區", "LOCATION_TC": "TKO Gateway 東翼停車場", "ADDRESS_TC": "新界將軍澳常寧路2號TKO Gateway", "NAME_OF_DISTRICT_COUNCIL_DISTRICT_SC": "西贡区", "LOCATION_SC": "TKO Gateway 东翼停车场", "ADDRESS_SC": "新界将军澳常宁路2号TKO Gateway", "STANDARD_BS1363_no": "0", "MEDIUM_CCS_DC_COMBO_no": "0", "MEDIUM_IEC62196_no": "7", "MEDIUM_SAEJ1772_no": "0", "MEDIUM_GB_T20234_2_AC__no": "0", "MEDIUM_OTHERS_no": "0", "QUICK_CHAdeMO_no": "0", "QUICK_CCS_DC_COMBO_no": "8", "QUICK_IEC62196_no": "0", "QUICK_GB_T20234_3_DC__no": "0", "QUICK_OTHERS_no": "0", "FAST_CHAdeMO_no": "0", "FAST_CCS_DC_COMBO_no": "0", "FAST_GB_T20234_3_DC__no": "0", "FAST_OTHERS_no": "0", "REMARK_FOR__OTHERS_": "-", "DATA_PATH": "-", "OBJECTID": 685, "total_chargers": 15 }, "geometry": { "type": "Point", "coordinates": [ 114.266422, 22.317261 ] } },
{ "type": "Feature", "properties": { "GmlID": "geotagging.686", "NAME_OF_DISTRICT_COUNCIL_DISTRICT_EN": "Sai Kung", "LOCATION_EN": "TKO Gateway Car Park South", "ADDRESS_EN": "TKO Gateway South, 8 Ngan O Road, Tseung Kwan O, New Territories", "NAME_OF_DISTRICT_COUNCIL_DISTRICT_TC": "西貢區", "LOCATION_TC": "TKO Gateway 南翼停車場", "ADDRESS_TC": "新界將軍澳銀澳路8號TKO Gateway South", "NAME_OF_DISTRICT_COUNCIL_DISTRICT_SC": "西贡区", "LOCATION_SC": "TKO Gateway 南翼停车场", "ADDRESS_SC": "新界将军澳银澳路8号TKO Gateway South", "STANDARD_BS1363_no": "0", "MEDIUM_CCS_DC_COMBO_no": "0", "MEDIUM_IEC62196_no": "14", "MEDIUM_SAEJ1772_no": "0", "MEDIUM_GB_T20234_2_AC__no": "0", "MEDIUM_OTHERS_no": "0", "QUICK_CHAdeMO_no": "0", "QUICK_CCS_DC_COMBO_no": "0", "QUICK_IEC62196_no": "0", "QUICK_GB_T20234_3_DC__no": "0", "QUICK_OTHERS_no": "0", "FAST_CHAdeMO_no": "0", "FAST_CCS_DC_COMBO_no": "0", "FAST_GB_T20234_3_DC__no": "0", "FAST_OTHERS_no": "0", "REMARK_FOR__OTHERS_": "-", "DATA_PATH": "-", "OBJECTID": 686, "total_chargers": 14 }, "geometry": { "type": "Point", "coordinates": [ 114.266501, 22.315847 ] } },
{ "type": "Feature", "properties": { "GmlID": "geotagging.687", "NAME_OF_DISTRICT_COUNCIL_DISTRICT_EN": "Sai Kung", "LOCATION_EN": "Yan Ming Court Car Park", "ADDRESS_EN": "Yan Ming Court Retail and Car Park, 100 Po Lam Road North, Tseung Kwan O, New Territories", "NAME_OF_DISTRICT_COUNCIL_DISTRICT_TC": "西貢區", "LOCATION_TC": "欣明停車場", "ADDRESS_TC": "新界將軍澳寶琳北路100號欣明苑商舖及停車場", "NAME_OF_DISTRICT_COUNCIL_DISTRICT_SC": "西贡区", "LOCATION_SC": "欣明停车场", "ADDRESS_SC": "新界将军澳宝琳北路100号欣明苑商舖及停车场", "STANDARD_BS1363_no": "0", "MEDIUM_CCS_DC_COMBO_no": "0", "MEDIUM_IEC62196_no": "12", "MEDIUM_SAEJ1772_no": "0", "MEDIUM_GB_T20234_2_AC__no": "0", "MEDIUM_OTHERS_no": "0", "QUICK_CHAdeMO_no": "0", "QUICK_CCS_DC_COMBO_no": "0", "QUICK_IEC62196_no": "0", "QUICK_GB_T20234_3_DC__no": "0", "QUICK_OTHERS_no": "0", "FAST_CHAdeMO_no": "0", "FAST_CCS_DC_COMBO_no": "0", "FAST_GB_T20234_3_DC__no": "0", "FAST_OTHERS_no": "0", "REMARK_FOR__OTHERS_": "-", "DATA_PATH": "https://ev-charger.epd.gov.hk/resource/ev_charger_avail/evca_ver_1_0.json", "OBJECTID": 687, "total_chargers": 12 }, "geometry": { "type": "Point", "coordinates": [ 114.259057, 22.324448 ] } },
{ "type": "Feature", "properties": { "GmlID": "geotagging.688", "NAME_OF_DISTRICT_COUNCIL_DISTRICT_EN": "Sai Kung", "LOCATION_EN": "Ying Ming Court Car Park", "ADDRESS_EN": "Ying Ming Court Car Park, 20 Po Lam Road North, Tseung Kwan O, New Territories", "NAME_OF_DISTRICT_COUNCIL_DISTRICT_TC": "西貢區", "LOCATION_TC": "英明停車場", "ADDRESS_TC": "新界將軍澳寶琳北路20號英明苑停車場", "NAME_OF_DISTRICT_COUNCIL_DISTRICT_SC": "西贡区", "LOCATION_SC": "英明停车场", "ADDRESS_SC": "新界将军澳宝琳北路20号英明苑停车场", "STANDARD_BS1363_no": "0", "MEDIUM_CCS_DC_COMBO_no": "0", "MEDIUM_IEC62196_no": "14", "MEDIUM_SAEJ1772_no": "0", "MEDIUM_GB_T20234_2_AC__no": "0", "MEDIUM_OTHERS_no": "0", "QUICK_CHAdeMO_no": "0", "QUICK_CCS_DC_COMBO_no": "0", "QUICK_IEC62196_no": "0", "QUICK_GB_T20234_3_DC__no": "0", "QUICK_OTHERS_no": "0", "FAST_CHAdeMO_no": "0", "FAST_CCS_DC_COMBO_no": "0", "FAST_GB_T20234_3_DC__no": "0", "FAST_OTHERS_no": "0", "REMARK_FOR__OTHERS_": "-", "DATA_PATH": "-", "OBJECTID": 688, "total_chargers": 14 }, "geometry": { "type": "Point", "coordinates": [ 114.25679, 22.325824 ] } },
{ "type": "Feature", "properties": { "GmlID": "geotagging.689", "NAME_OF_DISTRICT_COUNCIL_DISTRICT_EN": "Tuen Mun", "LOCATION_EN": "K-Point", "ADDRESS_EN": "1 Tuen Lung Street, Tuen Mun", "NAME_OF_DISTRICT_COUNCIL_DISTRICT_TC": "屯門區", "LOCATION_TC": "錦薈坊", "ADDRESS_TC": "屯門屯隆街1號", "NAME_OF_DISTRICT_COUNCIL_DISTRICT_SC": "屯门区", "LOCATION_SC": "锦荟坊", "ADDRESS_SC": "屯门屯隆街1号", "STANDARD_BS1363_no": "0", "MEDIUM_CCS_DC_COMBO_no": "0", "MEDIUM_IEC62196_no": "0", "MEDIUM_SAEJ1772_no": "0", "MEDIUM_GB_T20234_2_AC__no": "0", "MEDIUM_OTHERS_no": "0", "QUICK_CHAdeMO_no": "0", "QUICK_CCS_DC_COMBO_no": "2", "QUICK_IEC62196_no": "0", "QUICK_GB_T20234_3_DC__no": "0", "QUICK_OTHERS_no": "0", "FAST_CHAdeMO_no": "0", "FAST_CCS_DC_COMBO_no": "0", "FAST_GB_T20234_3_DC__no": "0", "FAST_OTHERS_no": "0", "REMARK_FOR__OTHERS_": "-", "DATA_PATH": "-", "OBJECTID": 689, "total_chargers": 2 }, "geometry": { "type": "Point", "coordinates": [ 113.975528, 22.393813 ] } },
{ "type": "Feature", "properties": { "GmlID": "geotagging.690", "NAME_OF_DISTRICT_COUNCIL_DISTRICT_EN": "Central & Western", "LOCATION_EN": "Hong Kong Plaza", "ADDRESS_EN": "188 Connaught Road West, Sai Ying Pun", "NAME_OF_DISTRICT_COUNCIL_DISTRICT_TC": "中西區", "LOCATION_TC": "香港商業中心", "ADDRESS_TC": "西營盤干諾道西188號", "NAME_OF_DISTRICT_COUNCIL_DISTRICT_SC": "中西区", "LOCATION_SC": "香港商业中心", "ADDRESS_SC": "西营盘干诺道西188号", "STANDARD_BS1363_no": "0", "MEDIUM_CCS_DC_COMBO_no": "0", "MEDIUM_IEC62196_no": "0", "MEDIUM_SAEJ1772_no": "0", "MEDIUM_GB_T20234_2_AC__no": "0", "MEDIUM_OTHERS_no": "0", "QUICK_CHAdeMO_no": "0", "QUICK_CCS_DC_COMBO_no": "2", "QUICK_IEC62196_no": "0", "QUICK_GB_T20234_3_DC__no": "0", "QUICK_OTHERS_no": "0", "FAST_CHAdeMO_no": "0", "FAST_CCS_DC_COMBO_no": "0", "FAST_GB_T20234_3_DC__no": "0", "FAST_OTHERS_no": "0", "REMARK_FOR__OTHERS_": "-", "DATA_PATH": "-", "OBJECTID": 690, "total_chargers": 2 }, "geometry": { "type": "Point", "coordinates": [ 114.136232, 22.287126 ] } },
{ "type": "Feature", "properties": { "GmlID": "geotagging.691", "NAME_OF_DISTRICT_COUNCIL_DISTRICT_EN": "Yuen Long", "LOCATION_EN": "YOHO PLUS", "ADDRESS_EN": "2-6 Fung Cheung Road, Yuen Long", "NAME_OF_DISTRICT_COUNCIL_DISTRICT_TC": "元朗區", "LOCATION_TC": "加點", "ADDRESS_TC": "元朗鳳翔路2-6號", "NAME_OF_DISTRICT_COUNCIL_DISTRICT_SC": "元朗区", "LOCATION_SC": "加点", "ADDRESS_SC": "元朗凤翔路2-6号", "STANDARD_BS1363_no": "0", "MEDIUM_CCS_DC_COMBO_no": "0", "MEDIUM_IEC62196_no": "0", "MEDIUM_SAEJ1772_no": "0", "MEDIUM_GB_T20234_2_AC__no": "0", "MEDIUM_OTHERS_no": "0", "QUICK_CHAdeMO_no": "0", "QUICK_CCS_DC_COMBO_no": "4", "QUICK_IEC62196_no": "0", "QUICK_GB_T20234_3_DC__no": "0", "QUICK_OTHERS_no": "0", "FAST_CHAdeMO_no": "0", "FAST_CCS_DC_COMBO_no": "0", "FAST_GB_T20234_3_DC__no": "0", "FAST_OTHERS_no": "0", "REMARK_FOR__OTHERS_": "-", "DATA_PATH": "-", "OBJECTID": 691, "total_chargers": 4 }, "geometry": { "type": "Point", "coordinates": [ 114.031707, 22.443909 ] } },
{ "type": "Feature", "properties": { "GmlID": "geotagging.692", "NAME_OF_DISTRICT_COUNCIL_DISTRICT_EN": "Yau Tsim Mong", "LOCATION_EN": "Art Park Car Park", "ADDRESS_EN": "West Kowloon Cultural District, No.36 Museum Drive, Kowloon, Hong Kong", "NAME_OF_DISTRICT_COUNCIL_DISTRICT_TC": "油尖旺區", "LOCATION_TC": "藝術公園停車場", "ADDRESS_TC": "香港九龍西九文化區博物館路36號", "NAME_OF_DISTRICT_COUNCIL_DISTRICT_SC": "油尖旺区", "LOCATION_SC": "艺术公园停车场", "ADDRESS_SC": "香港九龙西九文化区博物馆路36号", "STANDARD_BS1363_no": "0", "MEDIUM_CCS_DC_COMBO_no": "0", "MEDIUM_IEC62196_no": "20", "MEDIUM_SAEJ1772_no": "0", "MEDIUM_GB_T20234_2_AC__no": "0", "MEDIUM_OTHERS_no": "0", "QUICK_CHAdeMO_no": "0", "QUICK_CCS_DC_COMBO_no": "0", "QUICK_IEC62196_no": "0", "QUICK_GB_T20234_3_DC__no": "0", "QUICK_OTHERS_no": "0", "FAST_CHAdeMO_no": "0", "FAST_CCS_DC_COMBO_no": "0", "FAST_GB_T20234_3_DC__no": "0", "FAST_OTHERS_no": "0", "REMARK_FOR__OTHERS_": "-", "DATA_PATH": "https://ev-charger.epd.gov.hk/resource/ev_charger_avail/evca_ver_1_0.json", "OBJECTID": 692, "total_chargers": 20 }, "geometry": { "type": "Point", "coordinates": [ 114.157892, 22.301092 ] } },
{ "type": "Feature", "properties": { "GmlID": "geotagging.693", "NAME_OF_DISTRICT_COUNCIL_DISTRICT_EN": "Sha Tin", "LOCATION_EN": "Science Park Car Park P1", "ADDRESS_EN": "3 Science and Technology West Ave, Tai Po", "NAME_OF_DISTRICT_COUNCIL_DISTRICT_TC": "沙田區", "LOCATION_TC": "科學園停車場 P1", "ADDRESS_TC": "科技大道西3號", "NAME_OF_DISTRICT_COUNCIL_DISTRICT_SC": "沙田区", "LOCATION_SC": "科学园停车场 P1", "ADDRESS_SC": "科技大道西3号", "STANDARD_BS1363_no": "18", "MEDIUM_CCS_DC_COMBO_no": "0", "MEDIUM_IEC62196_no": "35", "MEDIUM_SAEJ1772_no": "0", "MEDIUM_GB_T20234_2_AC__no": "0", "MEDIUM_OTHERS_no": "0", "QUICK_CHAdeMO_no": "0", "QUICK_CCS_DC_COMBO_no": "57", "QUICK_IEC62196_no": "0", "QUICK_GB_T20234_3_DC__no": "0", "QUICK_OTHERS_no": "0", "FAST_CHAdeMO_no": "0", "FAST_CCS_DC_COMBO_no": "0", "FAST_GB_T20234_3_DC__no": "0", "FAST_OTHERS_no": "0", "REMARK_FOR__OTHERS_": "-", "DATA_PATH": "-", "OBJECTID": 693, "total_chargers": 110 }, "geometry": { "type": "Point", "coordinates": [ 114.21225, 22.424341 ] } },
{ "type": "Feature", "properties": { "GmlID": "geotagging.694", "NAME_OF_DISTRICT_COUNCIL_DISTRICT_EN": "Sai Kung", "LOCATION_EN": "MCP Discovery (The Metropolis)", "ADDRESS_EN": "8 Mau Yip Road, Tseung Kwan O", "NAME_OF_DISTRICT_COUNCIL_DISTRICT_TC": "西貢區", "LOCATION_TC": "都會豪庭", "ADDRESS_TC": "將軍澳貿業路8號", "NAME_OF_DISTRICT_COUNCIL_DISTRICT_SC": "西贡区", "LOCATION_SC": "都会豪庭", "ADDRESS_SC": "将军澳贸业路8号", "STANDARD_BS1363_no": "0", "MEDIUM_CCS_DC_COMBO_no": "0", "MEDIUM_IEC62196_no": "5", "MEDIUM_SAEJ1772_no": "0", "MEDIUM_GB_T20234_2_AC__no": "0", "MEDIUM_OTHERS_no": "0", "QUICK_CHAdeMO_no": "0", "QUICK_CCS_DC_COMBO_no": "4", "QUICK_IEC62196_no": "0", "QUICK_GB_T20234_3_DC__no": "0", "QUICK_OTHERS_no": "0", "FAST_CHAdeMO_no": "0", "FAST_CCS_DC_COMBO_no": "0", "FAST_GB_T20234_3_DC__no": "0", "FAST_OTHERS_no": "0", "REMARK_FOR__OTHERS_": "-", "DATA_PATH": "-", "OBJECTID": 694, "total_chargers": 9 }, "geometry": { "type": "Point", "coordinates": [ 114.256607, 22.322704 ] } },
{ "type": "Feature", "properties": { "GmlID": "geotagging.695", "NAME_OF_DISTRICT_COUNCIL_DISTRICT_EN": "Sha Tin", "LOCATION_EN": "The Wai Car Park", "ADDRESS_EN": "18 Che Kung Miu Road，New Territories, Hong Kong.", "NAME_OF_DISTRICT_COUNCIL_DISTRICT_TC": "沙田區", "LOCATION_TC": "圍方停車場", "ADDRESS_TC": "香港新界大圍車公廟路18號", "NAME_OF_DISTRICT_COUNCIL_DISTRICT_SC": "沙田区", "LOCATION_SC": "围方停车场", "ADDRESS_SC": "香港新界大围车公庙路18号", "STANDARD_BS1363_no": "0", "MEDIUM_CCS_DC_COMBO_no": "0", "MEDIUM_IEC62196_no": "0", "MEDIUM_SAEJ1772_no": "0", "MEDIUM_GB_T20234_2_AC__no": "0", "MEDIUM_OTHERS_no": "0", "QUICK_CHAdeMO_no": "0", "QUICK_CCS_DC_COMBO_no": "0", "QUICK_IEC62196_no": "58", "QUICK_GB_T20234_3_DC__no": "0", "QUICK_OTHERS_no": "0", "FAST_CHAdeMO_no": "0", "FAST_CCS_DC_COMBO_no": "0", "FAST_GB_T20234_3_DC__no": "0", "FAST_OTHERS_no": "0", "REMARK_FOR__OTHERS_": "-", "DATA_PATH": "-", "OBJECTID": 695, "total_chargers": 58 }, "geometry": { "type": "Point", "coordinates": [ 114.180114, 22.373564 ] } },
{ "type": "Feature", "properties": { "GmlID": "geotagging.696", "NAME_OF_DISTRICT_COUNCIL_DISTRICT_EN": "Sha Tin", "LOCATION_EN": "Ma On Shan Plaza Car Park", "ADDRESS_EN": "608 Sai Sha Road, Ma On Shan, Shatin, NT", "NAME_OF_DISTRICT_COUNCIL_DISTRICT_TC": "沙田區", "LOCATION_TC": "馬鞍山廣場停車場", "ADDRESS_TC": "新界沙田馬鞍山西沙路608號", "NAME_OF_DISTRICT_COUNCIL_DISTRICT_SC": "沙田区", "LOCATION_SC": "马鞍山广场停车场", "ADDRESS_SC": "新界沙田马鞍山西沙路608号", "STANDARD_BS1363_no": "0", "MEDIUM_CCS_DC_COMBO_no": "0", "MEDIUM_IEC62196_no": "4", "MEDIUM_SAEJ1772_no": "0", "MEDIUM_GB_T20234_2_AC__no": "0", "MEDIUM_OTHERS_no": "0", "QUICK_CHAdeMO_no": "0", "QUICK_CCS_DC_COMBO_no": "4", "QUICK_IEC62196_no": "0", "QUICK_GB_T20234_3_DC__no": "0", "QUICK_OTHERS_no": "0", "FAST_CHAdeMO_no": "0", "FAST_CCS_DC_COMBO_no": "0", "FAST_GB_T20234_3_DC__no": "0", "FAST_OTHERS_no": "0", "REMARK_FOR__OTHERS_": "-", "DATA_PATH": "-", "OBJECTID": 696, "total_chargers": 8 }, "geometry": { "type": "Point", "coordinates": [ 114.231438, 22.425214 ] } },
{ "type": "Feature", "properties": { "GmlID": "geotagging.697", "NAME_OF_DISTRICT_COUNCIL_DISTRICT_EN": "Southern", "LOCATION_EN": "Chi Fu Landmark", "ADDRESS_EN": "Chi Fu Road, Pok Fu Lum", "NAME_OF_DISTRICT_COUNCIL_DISTRICT_TC": "南區", "LOCATION_TC": "置富南區廣場", "ADDRESS_TC": "薄扶林置富道", "NAME_OF_DISTRICT_COUNCIL_DISTRICT_SC": "南区", "LOCATION_SC": "置富南区广场", "ADDRESS_SC": "薄扶林置富道", "STANDARD_BS1363_no": "0", "MEDIUM_CCS_DC_COMBO_no": "0", "MEDIUM_IEC62196_no": "0", "MEDIUM_SAEJ1772_no": "0", "MEDIUM_GB_T20234_2_AC__no": "0", "MEDIUM_OTHERS_no": "0", "QUICK_CHAdeMO_no": "0", "QUICK_CCS_DC_COMBO_no": "2", "QUICK_IEC62196_no": "0", "QUICK_GB_T20234_3_DC__no": "0", "QUICK_OTHERS_no": "0", "FAST_CHAdeMO_no": "0", "FAST_CCS_DC_COMBO_no": "0", "FAST_GB_T20234_3_DC__no": "0", "FAST_OTHERS_no": "0", "REMARK_FOR__OTHERS_": "-", "DATA_PATH": "-", "OBJECTID": 697, "total_chargers": 2 }, "geometry": { "type": "Point", "coordinates": [ 114.138818, 22.257957 ] } },
{ "type": "Feature", "properties": { "GmlID": "geotagging.698", "NAME_OF_DISTRICT_COUNCIL_DISTRICT_EN": "Yuen Long", "LOCATION_EN": "No. 49, Lui Kung Tin Village", "ADDRESS_EN": "No. 49, Lui Kung Tin Village", "NAME_OF_DISTRICT_COUNCIL_DISTRICT_TC": "元朗區", "LOCATION_TC": "雷公田村49號", "ADDRESS_TC": "雷公田村49號", "NAME_OF_DISTRICT_COUNCIL_DISTRICT_SC": "元朗区", "LOCATION_SC": "雷公田村49號", "ADDRESS_SC": "雷公田村49號", "STANDARD_BS1363_no": "0", "MEDIUM_CCS_DC_COMBO_no": "0", "MEDIUM_IEC62196_no": "0", "MEDIUM_SAEJ1772_no": "0", "MEDIUM_GB_T20234_2_AC__no": "0", "MEDIUM_OTHERS_no": "0", "QUICK_CHAdeMO_no": "0", "QUICK_CCS_DC_COMBO_no": "0", "QUICK_IEC62196_no": "4", "QUICK_GB_T20234_3_DC__no": "0", "QUICK_OTHERS_no": "0", "FAST_CHAdeMO_no": "0", "FAST_CCS_DC_COMBO_no": "0", "FAST_GB_T20234_3_DC__no": "0", "FAST_OTHERS_no": "0", "REMARK_FOR__OTHERS_": "-", "DATA_PATH": "-", "OBJECTID": 698, "total_chargers": 4 }, "geometry": { "type": "Point", "coordinates": [ 114.105224, 22.426543 ] } },
{ "type": "Feature", "properties": { "GmlID": "geotagging.699", "NAME_OF_DISTRICT_COUNCIL_DISTRICT_EN": "Yuen Long", "LOCATION_EN": "Wang Toi Shan Leung Uk Tsuen Charging Point", "ADDRESS_EN": "DD111 LOT 1689SA (部份), 1689SB, 1689SBSS1, 1689SC, 1689SD, 1695, 1696(part of), Leung Uk Tsuen", "NAME_OF_DISTRICT_COUNCIL_DISTRICT_TC": "元朗區", "LOCATION_TC": "橫台山梁屋村充電站", "ADDRESS_TC": "梁屋村DD111 LOT 1689SA (部份), 1689SB, 1689SBSS1, 1689SC, 1689SD, 1695, 1696(部分)", "NAME_OF_DISTRICT_COUNCIL_DISTRICT_SC": "元朗区", "LOCATION_SC": "橫台山梁屋村充电站", "ADDRESS_SC": "梁屋村DD111 LOT 1689SA (部份), 1689SB, 1689SBSS1, 1689SC, 1689SD, 1695, 1696(部分)", "STANDARD_BS1363_no": "0", "MEDIUM_CCS_DC_COMBO_no": "0", "MEDIUM_IEC62196_no": "0", "MEDIUM_SAEJ1772_no": "0", "MEDIUM_GB_T20234_2_AC__no": "0", "MEDIUM_OTHERS_no": "0", "QUICK_CHAdeMO_no": "0", "QUICK_CCS_DC_COMBO_no": "4", "QUICK_IEC62196_no": "0", "QUICK_GB_T20234_3_DC__no": "0", "QUICK_OTHERS_no": "0", "FAST_CHAdeMO_no": "0", "FAST_CCS_DC_COMBO_no": "0", "FAST_GB_T20234_3_DC__no": "0", "FAST_OTHERS_no": "0", "REMARK_FOR__OTHERS_": "-", "DATA_PATH": "-", "OBJECTID": 699, "total_chargers": 4 }, "geometry": { "type": "Point", "coordinates": [ 114.08684, 22.44024 ] } },
{ "type": "Feature", "properties": { "GmlID": "geotagging.700", "NAME_OF_DISTRICT_COUNCIL_DISTRICT_EN": "Yuen Long", "LOCATION_EN": "300 Kung Um Road", "ADDRESS_EN": "公庵路300號", "NAME_OF_DISTRICT_COUNCIL_DISTRICT_TC": "元朗區", "LOCATION_TC": "公庵路300號", "ADDRESS_TC": "公庵路300號", "NAME_OF_DISTRICT_COUNCIL_DISTRICT_SC": "元朗区", "LOCATION_SC": "公庵路", "ADDRESS_SC": "公庵路300號", "STANDARD_BS1363_no": "0", "MEDIUM_CCS_DC_COMBO_no": "0", "MEDIUM_IEC62196_no": "0", "MEDIUM_SAEJ1772_no": "0", "MEDIUM_GB_T20234_2_AC__no": "0", "MEDIUM_OTHERS_no": "0", "QUICK_CHAdeMO_no": "0", "QUICK_CCS_DC_COMBO_no": "4", "QUICK_IEC62196_no": "0", "QUICK_GB_T20234_3_DC__no": "0", "QUICK_OTHERS_no": "0", "FAST_CHAdeMO_no": "0", "FAST_CCS_DC_COMBO_no": "0", "FAST_GB_T20234_3_DC__no": "0", "FAST_OTHERS_no": "0", "REMARK_FOR__OTHERS_": "-", "DATA_PATH": "-", "OBJECTID": 700, "total_chargers": 4 }, "geometry": { "type": "Point", "coordinates": [ 114.022122, 22.425503 ] } },
{ "type": "Feature", "properties": { "GmlID": "geotagging.701", "NAME_OF_DISTRICT_COUNCIL_DISTRICT_EN": "Yuen Long", "LOCATION_EN": "69 Shan Ha Road", "ADDRESS_EN": "69 Shan Ha Road", "NAME_OF_DISTRICT_COUNCIL_DISTRICT_TC": "元朗區", "LOCATION_TC": "元朗山下路69號", "ADDRESS_TC": "元朗山下路69號", "NAME_OF_DISTRICT_COUNCIL_DISTRICT_SC": "元朗区", "LOCATION_SC": "元朗山下路69號", "ADDRESS_SC": "元朗山下路69號", "STANDARD_BS1363_no": "0", "MEDIUM_CCS_DC_COMBO_no": "0", "MEDIUM_IEC62196_no": "0", "MEDIUM_SAEJ1772_no": "0", "MEDIUM_GB_T20234_2_AC__no": "0", "MEDIUM_OTHERS_no": "0", "QUICK_CHAdeMO_no": "0", "QUICK_CCS_DC_COMBO_no": "4", "QUICK_IEC62196_no": "0", "QUICK_GB_T20234_3_DC__no": "0", "QUICK_OTHERS_no": "0", "FAST_CHAdeMO_no": "0", "FAST_CCS_DC_COMBO_no": "0", "FAST_GB_T20234_3_DC__no": "0", "FAST_OTHERS_no": "0", "REMARK_FOR__OTHERS_": "-", "DATA_PATH": "-", "OBJECTID": 701, "total_chargers": 4 }, "geometry": { "type": "Point", "coordinates": [ 114.015435, 22.436444 ] } },
{ "type": "Feature", "properties": { "GmlID": "geotagging.702", "NAME_OF_DISTRICT_COUNCIL_DISTRICT_EN": "Wong Tai Sin", "LOCATION_EN": "Kai Cheung Court", "ADDRESS_EN": "Choi Hung Rd, Diamond Hill", "NAME_OF_DISTRICT_COUNCIL_DISTRICT_TC": "黃大仙區", "LOCATION_TC": "啟翔苑", "ADDRESS_TC": "鑽石山彩虹道", "NAME_OF_DISTRICT_COUNCIL_DISTRICT_SC": "黄大仙区", "LOCATION_SC": "启翔苑", "ADDRESS_SC": "钻石山彩虹道", "STANDARD_BS1363_no": "0", "MEDIUM_CCS_DC_COMBO_no": "0", "MEDIUM_IEC62196_no": "6", "MEDIUM_SAEJ1772_no": "0", "MEDIUM_GB_T20234_2_AC__no": "0", "MEDIUM_OTHERS_no": "0", "QUICK_CHAdeMO_no": "0", "QUICK_CCS_DC_COMBO_no": "0", "QUICK_IEC62196_no": "0", "QUICK_GB_T20234_3_DC__no": "0", "QUICK_OTHERS_no": "0", "FAST_CHAdeMO_no": "0", "FAST_CCS_DC_COMBO_no": "0", "FAST_GB_T20234_3_DC__no": "0", "FAST_OTHERS_no": "0", "REMARK_FOR__OTHERS_": "-", "DATA_PATH": "-", "OBJECTID": 702, "total_chargers": 6 }, "geometry": { "type": "Point", "coordinates": [ 114.202025, 22.338119 ] } },
{ "type": "Feature", "properties": { "GmlID": "geotagging.703", "NAME_OF_DISTRICT_COUNCIL_DISTRICT_EN": "Sha Tin", "LOCATION_EN": "Kam Chun Court", "ADDRESS_EN": "150 Ma On Shan Rd, Ma On Shan", "NAME_OF_DISTRICT_COUNCIL_DISTRICT_TC": "沙田區", "LOCATION_TC": "錦駿苑", "ADDRESS_TC": "馬鞍山馬鞍山路150號", "NAME_OF_DISTRICT_COUNCIL_DISTRICT_SC": "沙田区", "LOCATION_SC": "锦骏苑", "ADDRESS_SC": "马鞍山马鞍山路150号", "STANDARD_BS1363_no": "5", "MEDIUM_CCS_DC_COMBO_no": "0", "MEDIUM_IEC62196_no": "5", "MEDIUM_SAEJ1772_no": "0", "MEDIUM_GB_T20234_2_AC__no": "0", "MEDIUM_OTHERS_no": "0", "QUICK_CHAdeMO_no": "0", "QUICK_CCS_DC_COMBO_no": "0", "QUICK_IEC62196_no": "0", "QUICK_GB_T20234_3_DC__no": "0", "QUICK_OTHERS_no": "0", "FAST_CHAdeMO_no": "0", "FAST_CCS_DC_COMBO_no": "0", "FAST_GB_T20234_3_DC__no": "0", "FAST_OTHERS_no": "0", "REMARK_FOR__OTHERS_": "-", "DATA_PATH": "-", "OBJECTID": 703, "total_chargers": 10 }, "geometry": { "type": "Point", "coordinates": [ 114.223878, 22.408493 ] } },
{ "type": "Feature", "properties": { "GmlID": "geotagging.704", "NAME_OF_DISTRICT_COUNCIL_DISTRICT_EN": "Sha Tin", "LOCATION_EN": "Yu Tak Court", "ADDRESS_EN": "29 On Muk St, Sha Tin", "NAME_OF_DISTRICT_COUNCIL_DISTRICT_TC": "沙田區", "LOCATION_TC": "愉德苑", "ADDRESS_TC": "沙田安睦街29號", "NAME_OF_DISTRICT_COUNCIL_DISTRICT_SC": "沙田区", "LOCATION_SC": "愉德苑", "ADDRESS_SC": "沙田安睦街29号", "STANDARD_BS1363_no": "0", "MEDIUM_CCS_DC_COMBO_no": "0", "MEDIUM_IEC62196_no": "3", "MEDIUM_SAEJ1772_no": "0", "MEDIUM_GB_T20234_2_AC__no": "0", "MEDIUM_OTHERS_no": "0", "QUICK_CHAdeMO_no": "0", "QUICK_CCS_DC_COMBO_no": "0", "QUICK_IEC62196_no": "0", "QUICK_GB_T20234_3_DC__no": "0", "QUICK_OTHERS_no": "0", "FAST_CHAdeMO_no": "0", "FAST_CCS_DC_COMBO_no": "0", "FAST_GB_T20234_3_DC__no": "0", "FAST_OTHERS_no": "0", "REMARK_FOR__OTHERS_": "-", "DATA_PATH": "-", "OBJECTID": 704, "total_chargers": 3 }, "geometry": { "type": "Point", "coordinates": [ 114.205941, 22.389091 ] } },
{ "type": "Feature", "properties": { "GmlID": "geotagging.705", "NAME_OF_DISTRICT_COUNCIL_DISTRICT_EN": "Tuen Mun", "LOCATION_EN": "HUNG CHEUNG INDUSTRIAL CENTRE", "ADDRESS_EN": "TSING YEUNG CIRCUIT, TUEN MUN", "NAME_OF_DISTRICT_COUNCIL_DISTRICT_TC": "屯門區", "LOCATION_TC": "鴻昌工業中心", "ADDRESS_TC": "屯門 青楊街", "NAME_OF_DISTRICT_COUNCIL_DISTRICT_SC": "屯门区", "LOCATION_SC": "鸿昌工业中心", "ADDRESS_SC": "屯门 青杨街", "STANDARD_BS1363_no": "0", "MEDIUM_CCS_DC_COMBO_no": "0", "MEDIUM_IEC62196_no": "0", "MEDIUM_SAEJ1772_no": "0", "MEDIUM_GB_T20234_2_AC__no": "0", "MEDIUM_OTHERS_no": "0", "QUICK_CHAdeMO_no": "0", "QUICK_CCS_DC_COMBO_no": "1", "QUICK_IEC62196_no": "0", "QUICK_GB_T20234_3_DC__no": "0", "QUICK_OTHERS_no": "0", "FAST_CHAdeMO_no": "0", "FAST_CCS_DC_COMBO_no": "0", "FAST_GB_T20234_3_DC__no": "0", "FAST_OTHERS_no": "0", "REMARK_FOR__OTHERS_": "-", "DATA_PATH": "-", "OBJECTID": 705, "total_chargers": 1 }, "geometry": { "type": "Point", "coordinates": [ 113.969147, 22.399954 ] } },
{ "type": "Feature", "properties": { "GmlID": "geotagging.706", "NAME_OF_DISTRICT_COUNCIL_DISTRICT_EN": "Sha Tin", "LOCATION_EN": "Fortune City One Plus Car Park", "ADDRESS_EN": "1-2 Ngan Shing Street, Shatin, NT", "NAME_OF_DISTRICT_COUNCIL_DISTRICT_TC": "沙田區", "LOCATION_TC": "置富第一城-樂薈停車場", "ADDRESS_TC": "新界沙田銀城街1-2號", "NAME_OF_DISTRICT_COUNCIL_DISTRICT_SC": "沙田区", "LOCATION_SC": "置富第一城-乐荟停车场", "ADDRESS_SC": "新界沙田银城街1-2号", "STANDARD_BS1363_no": "0", "MEDIUM_CCS_DC_COMBO_no": "0", "MEDIUM_IEC62196_no": "2", "MEDIUM_SAEJ1772_no": "0", "MEDIUM_GB_T20234_2_AC__no": "0", "MEDIUM_OTHERS_no": "0", "QUICK_CHAdeMO_no": "0", "QUICK_CCS_DC_COMBO_no": "2", "QUICK_IEC62196_no": "0", "QUICK_GB_T20234_3_DC__no": "0", "QUICK_OTHERS_no": "0", "FAST_CHAdeMO_no": "0", "FAST_CCS_DC_COMBO_no": "0", "FAST_GB_T20234_3_DC__no": "0", "FAST_OTHERS_no": "0", "REMARK_FOR__OTHERS_": "-", "DATA_PATH": "-", "OBJECTID": 706, "total_chargers": 4 }, "geometry": { "type": "Point", "coordinates": [ 114.202705, 22.387218 ] } },
{ "type": "Feature", "properties": { "GmlID": "geotagging.707", "NAME_OF_DISTRICT_COUNCIL_DISTRICT_EN": "Eastern", "LOCATION_EN": "AIA TOWER", "ADDRESS_EN": "183 Electric Road, North Point", "NAME_OF_DISTRICT_COUNCIL_DISTRICT_TC": "東區", "LOCATION_TC": "友邦廣場", "ADDRESS_TC": "北角電氣道183號", "NAME_OF_DISTRICT_COUNCIL_DISTRICT_SC": "东区", "LOCATION_SC": "友邦广场", "ADDRESS_SC": "北角电气道183号", "STANDARD_BS1363_no": "0", "MEDIUM_CCS_DC_COMBO_no": "0", "MEDIUM_IEC62196_no": "15", "MEDIUM_SAEJ1772_no": "0", "MEDIUM_GB_T20234_2_AC__no": "0", "MEDIUM_OTHERS_no": "0", "QUICK_CHAdeMO_no": "0", "QUICK_CCS_DC_COMBO_no": "2", "QUICK_IEC62196_no": "0", "QUICK_GB_T20234_3_DC__no": "0", "QUICK_OTHERS_no": "0", "FAST_CHAdeMO_no": "0", "FAST_CCS_DC_COMBO_no": "0", "FAST_GB_T20234_3_DC__no": "0", "FAST_OTHERS_no": "0", "REMARK_FOR__OTHERS_": "-", "DATA_PATH": "-", "OBJECTID": 707, "total_chargers": 17 }, "geometry": { "type": "Point", "coordinates": [ 114.192558, 22.288479 ] } },
{ "type": "Feature", "properties": { "GmlID": "geotagging.708", "NAME_OF_DISTRICT_COUNCIL_DISTRICT_EN": "Sham Shui Po", "LOCATION_EN": "83 King Lam Street, Cheung Sha Wan", "ADDRESS_EN": "83 King Lam Street", "NAME_OF_DISTRICT_COUNCIL_DISTRICT_TC": "深水埗區", "LOCATION_TC": "長沙灣瓊林街83號", "ADDRESS_TC": "瓊林街83號", "NAME_OF_DISTRICT_COUNCIL_DISTRICT_SC": "深水埗区", "LOCATION_SC": "长沙湾琼林街83号", "ADDRESS_SC": "琼林街83号", "STANDARD_BS1363_no": "0", "MEDIUM_CCS_DC_COMBO_no": "0", "MEDIUM_IEC62196_no": "21", "MEDIUM_SAEJ1772_no": "0", "MEDIUM_GB_T20234_2_AC__no": "0", "MEDIUM_OTHERS_no": "0", "QUICK_CHAdeMO_no": "0", "QUICK_CCS_DC_COMBO_no": "4", "QUICK_IEC62196_no": "0", "QUICK_GB_T20234_3_DC__no": "0", "QUICK_OTHERS_no": "0", "FAST_CHAdeMO_no": "0", "FAST_CCS_DC_COMBO_no": "0", "FAST_GB_T20234_3_DC__no": "0", "FAST_OTHERS_no": "0", "REMARK_FOR__OTHERS_": "-", "DATA_PATH": "-", "OBJECTID": 708, "total_chargers": 25 }, "geometry": { "type": "Point", "coordinates": [ 114.146402, 22.339179 ] } },
{ "type": "Feature", "properties": { "GmlID": "geotagging.709", "NAME_OF_DISTRICT_COUNCIL_DISTRICT_EN": "Central & Western", "LOCATION_EN": "CHEUNG KONG CENTER II", "ADDRESS_EN": "Hutchison House, 10 Harcourt Rd, Central", "NAME_OF_DISTRICT_COUNCIL_DISTRICT_TC": "中西區", "LOCATION_TC": "長江集團中心二期", "ADDRESS_TC": "中環夏愨道10號和記大廈", "NAME_OF_DISTRICT_COUNCIL_DISTRICT_SC": "中西区", "LOCATION_SC": "长江集团中心二期", "ADDRESS_SC": "中环夏悫道10号和记大厦", "STANDARD_BS1363_no": "0", "MEDIUM_CCS_DC_COMBO_no": "0", "MEDIUM_IEC62196_no": "0", "MEDIUM_SAEJ1772_no": "0", "MEDIUM_GB_T20234_2_AC__no": "0", "MEDIUM_OTHERS_no": "0", "QUICK_CHAdeMO_no": "0", "QUICK_CCS_DC_COMBO_no": "0", "QUICK_IEC62196_no": "4", "QUICK_GB_T20234_3_DC__no": "0", "QUICK_OTHERS_no": "0", "FAST_CHAdeMO_no": "0", "FAST_CCS_DC_COMBO_no": "0", "FAST_GB_T20234_3_DC__no": "0", "FAST_OTHERS_no": "0", "REMARK_FOR__OTHERS_": "-", "DATA_PATH": "https://ev-charger.epd.gov.hk/resource/ev_charger_avail/evca_ver_1_0.json", "OBJECTID": 709, "total_chargers": 4 }, "geometry": { "type": "Point", "coordinates": [ 114.162577, 22.281144 ] } },
{ "type": "Feature", "properties": { "GmlID": "geotagging.710", "NAME_OF_DISTRICT_COUNCIL_DISTRICT_EN": "Tsuen Wan", "LOCATION_EN": "First Asia Tower", "ADDRESS_EN": "First Asia Tower, Fui Yiu Kok St, Tsuen Wan", "NAME_OF_DISTRICT_COUNCIL_DISTRICT_TC": "荃灣區", "LOCATION_TC": "第一亞洲中心", "ADDRESS_TC": "荃灣灰窰角街", "NAME_OF_DISTRICT_COUNCIL_DISTRICT_SC": "荃湾区", "LOCATION_SC": "第一亚洲中心", "ADDRESS_SC": "荃湾灰窑角街", "STANDARD_BS1363_no": "0", "MEDIUM_CCS_DC_COMBO_no": "0", "MEDIUM_IEC62196_no": "0", "MEDIUM_SAEJ1772_no": "0", "MEDIUM_GB_T20234_2_AC__no": "0", "MEDIUM_OTHERS_no": "0", "QUICK_CHAdeMO_no": "5", "QUICK_CCS_DC_COMBO_no": "5", "QUICK_IEC62196_no": "0", "QUICK_GB_T20234_3_DC__no": "0", "QUICK_OTHERS_no": "0", "FAST_CHAdeMO_no": "0", "FAST_CCS_DC_COMBO_no": "0", "FAST_GB_T20234_3_DC__no": "0", "FAST_OTHERS_no": "0", "REMARK_FOR__OTHERS_": "-", "DATA_PATH": "https://ev-charger.epd.gov.hk/resource/ev_charger_avail/evca_ver_1_0.json", "OBJECTID": 710, "total_chargers": 10 }, "geometry": { "type": "Point", "coordinates": [ 114.116492, 22.366363 ] } },
{ "type": "Feature", "properties": { "GmlID": "geotagging.711", "NAME_OF_DISTRICT_COUNCIL_DISTRICT_EN": "Wong Tai Sin", "LOCATION_EN": "Fung Lai Car Park", "ADDRESS_EN": "Fung Lai Court Car Park, 8 Fung Lai Road, Diamond Hill,  Kowloon", "NAME_OF_DISTRICT_COUNCIL_DISTRICT_TC": "黃大仙區", "LOCATION_TC": "鳳禮停車場", "ADDRESS_TC": "九龍鑽石山鳳禮道8號鳳禮苑停車場", "NAME_OF_DISTRICT_COUNCIL_DISTRICT_SC": "黄大仙区", "LOCATION_SC": "凤礼停车场", "ADDRESS_SC": "九龙钻石山凤礼道8号凤礼苑停车场", "STANDARD_BS1363_no": "0", "MEDIUM_CCS_DC_COMBO_no": "0", "MEDIUM_IEC62196_no": "14", "MEDIUM_SAEJ1772_no": "0", "MEDIUM_GB_T20234_2_AC__no": "0", "MEDIUM_OTHERS_no": "0", "QUICK_CHAdeMO_no": "0", "QUICK_CCS_DC_COMBO_no": "0", "QUICK_IEC62196_no": "0", "QUICK_GB_T20234_3_DC__no": "0", "QUICK_OTHERS_no": "0", "FAST_CHAdeMO_no": "0", "FAST_CCS_DC_COMBO_no": "0", "FAST_GB_T20234_3_DC__no": "0", "FAST_OTHERS_no": "0", "REMARK_FOR__OTHERS_": "-", "DATA_PATH": "https://ev-charger.epd.gov.hk/resource/ev_charger_avail/evca_ver_1_0.json", "OBJECTID": 711, "total_chargers": 14 }, "geometry": { "type": "Point", "coordinates": [ 114.202179, 22.344416 ] } },
{ "type": "Feature", "properties": { "GmlID": "geotagging.712", "NAME_OF_DISTRICT_COUNCIL_DISTRICT_EN": "Kwun Tong", "LOCATION_EN": "Po Pui Car Park", "ADDRESS_EN": "Po Pui Court Car Park, Po Pui Street, Kwun Tong,  Kowloon", "NAME_OF_DISTRICT_COUNCIL_DISTRICT_TC": "觀塘區", "LOCATION_TC": "寶珮停車場", "ADDRESS_TC": "九龍觀塘寶珮街寶珮苑停車場", "NAME_OF_DISTRICT_COUNCIL_DISTRICT_SC": "观塘区", "LOCATION_SC": "宝佩停车场", "ADDRESS_SC": "九龙观塘宝佩街宝佩苑停车场", "STANDARD_BS1363_no": "0", "MEDIUM_CCS_DC_COMBO_no": "0", "MEDIUM_IEC62196_no": "18", "MEDIUM_SAEJ1772_no": "0", "MEDIUM_GB_T20234_2_AC__no": "0", "MEDIUM_OTHERS_no": "0", "QUICK_CHAdeMO_no": "0", "QUICK_CCS_DC_COMBO_no": "0", "QUICK_IEC62196_no": "0", "QUICK_GB_T20234_3_DC__no": "0", "QUICK_OTHERS_no": "0", "FAST_CHAdeMO_no": "0", "FAST_CCS_DC_COMBO_no": "0", "FAST_GB_T20234_3_DC__no": "0", "FAST_OTHERS_no": "0", "REMARK_FOR__OTHERS_": "-", "DATA_PATH": "https://ev-charger.epd.gov.hk/resource/ev_charger_avail/evca_ver_1_0.json", "OBJECTID": 712, "total_chargers": 18 }, "geometry": { "type": "Point", "coordinates": [ 114.227974, 22.31708 ] } },
{ "type": "Feature", "properties": { "GmlID": "geotagging.713", "NAME_OF_DISTRICT_COUNCIL_DISTRICT_EN": "Tuen Mun", "LOCATION_EN": "San Wai Car Park", "ADDRESS_EN": "23 Tin King Rd, Tuen Mun", "NAME_OF_DISTRICT_COUNCIL_DISTRICT_TC": "屯門區", "LOCATION_TC": "新圍停車場", "ADDRESS_TC": "新界屯門田景路23號新圍苑停車場", "NAME_OF_DISTRICT_COUNCIL_DISTRICT_SC": "屯门区", "LOCATION_SC": "新围停车场", "ADDRESS_SC": "新界屯门田景路23号新围苑停车场", "STANDARD_BS1363_no": "0", "MEDIUM_CCS_DC_COMBO_no": "0", "MEDIUM_IEC62196_no": "3", "MEDIUM_SAEJ1772_no": "0", "MEDIUM_GB_T20234_2_AC__no": "0", "MEDIUM_OTHERS_no": "0", "QUICK_CHAdeMO_no": "0", "QUICK_CCS_DC_COMBO_no": "0", "QUICK_IEC62196_no": "0", "QUICK_GB_T20234_3_DC__no": "0", "QUICK_OTHERS_no": "0", "FAST_CHAdeMO_no": "0", "FAST_CCS_DC_COMBO_no": "0", "FAST_GB_T20234_3_DC__no": "0", "FAST_OTHERS_no": "0", "REMARK_FOR__OTHERS_": "-", "DATA_PATH": "https://ev-charger.epd.gov.hk/resource/ev_charger_avail/evca_ver_1_0.json", "OBJECTID": 713, "total_chargers": 3 }, "geometry": { "type": "Point", "coordinates": [ 113.963103, 22.404597 ] } },
{ "type": "Feature", "properties": { "GmlID": "geotagging.714", "NAME_OF_DISTRICT_COUNCIL_DISTRICT_EN": "Sai Kung", "LOCATION_EN": "Ho Chung Road Charging Point", "ADDRESS_EN": "Ho Chung Rd DD247/Lot84", "NAME_OF_DISTRICT_COUNCIL_DISTRICT_TC": "西貢區", "LOCATION_TC": "蠔涌路充電站", "ADDRESS_TC": "西貢蠔涌路DD247/Lot84", "NAME_OF_DISTRICT_COUNCIL_DISTRICT_SC": "西贡区", "LOCATION_SC": "蚝涌路充电站", "ADDRESS_SC": "西贡蚝涌路DD247/Lot84", "STANDARD_BS1363_no": "0", "MEDIUM_CCS_DC_COMBO_no": "0", "MEDIUM_IEC62196_no": "0", "MEDIUM_SAEJ1772_no": "0", "MEDIUM_GB_T20234_2_AC__no": "0", "MEDIUM_OTHERS_no": "0", "QUICK_CHAdeMO_no": "0", "QUICK_CCS_DC_COMBO_no": "2", "QUICK_IEC62196_no": "0", "QUICK_GB_T20234_3_DC__no": "0", "QUICK_OTHERS_no": "0", "FAST_CHAdeMO_no": "0", "FAST_CCS_DC_COMBO_no": "0", "FAST_GB_T20234_3_DC__no": "0", "FAST_OTHERS_no": "0", "REMARK_FOR__OTHERS_": "-", "DATA_PATH": "-", "OBJECTID": 714, "total_chargers": 2 }, "geometry": { "type": "Point", "coordinates": [ 114.24173, 22.355838 ] } },
{ "type": "Feature", "properties": { "GmlID": "geotagging.715", "NAME_OF_DISTRICT_COUNCIL_DISTRICT_EN": "Kwai Tsing", "LOCATION_EN": "Cheung Hong Car Park No. 2", "ADDRESS_EN": "12 CHING HONG ROAD, TSING YI", "NAME_OF_DISTRICT_COUNCIL_DISTRICT_TC": "葵青區", "LOCATION_TC": "長康一期2號停車場", "ADDRESS_TC": "青衣青康路12號", "NAME_OF_DISTRICT_COUNCIL_DISTRICT_SC": "葵青区", "LOCATION_SC": "长康一期2号停车场", "ADDRESS_SC": "青衣青康路12号", "STANDARD_BS1363_no": "0", "MEDIUM_CCS_DC_COMBO_no": "0", "MEDIUM_IEC62196_no": "0", "MEDIUM_SAEJ1772_no": "0", "MEDIUM_GB_T20234_2_AC__no": "0", "MEDIUM_OTHERS_no": "0", "QUICK_CHAdeMO_no": "0", "QUICK_CCS_DC_COMBO_no": "6", "QUICK_IEC62196_no": "6", "QUICK_GB_T20234_3_DC__no": "0", "QUICK_OTHERS_no": "0", "FAST_CHAdeMO_no": "0", "FAST_CCS_DC_COMBO_no": "0", "FAST_GB_T20234_3_DC__no": "0", "FAST_OTHERS_no": "0", "REMARK_FOR__OTHERS_": "-", "DATA_PATH": "-", "OBJECTID": 715, "total_chargers": 12 }, "geometry": { "type": "Point", "coordinates": [ 114.106406, 22.349335 ] } },
{ "type": "Feature", "properties": { "GmlID": "geotagging.716", "NAME_OF_DISTRICT_COUNCIL_DISTRICT_EN": "Sai Kung", "LOCATION_EN": "No. 63 Che Ha Village, Sai Kung", "ADDRESS_EN": "No. 63 Che Ha Village, Sai Kung", "NAME_OF_DISTRICT_COUNCIL_DISTRICT_TC": "西貢區", "LOCATION_TC": "西貢輋下村63號", "ADDRESS_TC": "西貢輋下村63號", "NAME_OF_DISTRICT_COUNCIL_DISTRICT_SC": "西贡区", "LOCATION_SC": "西贡輋下村63号", "ADDRESS_SC": "西贡輋下村63号", "STANDARD_BS1363_no": "0", "MEDIUM_CCS_DC_COMBO_no": "0", "MEDIUM_IEC62196_no": "0", "MEDIUM_SAEJ1772_no": "0", "MEDIUM_GB_T20234_2_AC__no": "0", "MEDIUM_OTHERS_no": "0", "QUICK_CHAdeMO_no": "0", "QUICK_CCS_DC_COMBO_no": "4", "QUICK_IEC62196_no": "0", "QUICK_GB_T20234_3_DC__no": "0", "QUICK_OTHERS_no": "0", "FAST_CHAdeMO_no": "0", "FAST_CCS_DC_COMBO_no": "0", "FAST_GB_T20234_3_DC__no": "0", "FAST_OTHERS_no": "0", "REMARK_FOR__OTHERS_": "-", "DATA_PATH": "-", "OBJECTID": 716, "total_chargers": 4 }, "geometry": { "type": "Point", "coordinates": [ 114.263512, 22.429622 ] } },
{ "type": "Feature", "properties": { "GmlID": "geotagging.717", "NAME_OF_DISTRICT_COUNCIL_DISTRICT_EN": "Islands", "LOCATION_EN": "Ham Tin Villas Charging Point", "ADDRESS_EN": "Pui O", "NAME_OF_DISTRICT_COUNCIL_DISTRICT_TC": "離島區", "LOCATION_TC": "鹹田舊村充電站", "ADDRESS_TC": "貝澳芝麻灣道", "NAME_OF_DISTRICT_COUNCIL_DISTRICT_SC": "离岛区", "LOCATION_SC": "咸田旧村充电站", "ADDRESS_SC": "贝澳芝麻湾道", "STANDARD_BS1363_no": "0", "MEDIUM_CCS_DC_COMBO_no": "0", "MEDIUM_IEC62196_no": "2", "MEDIUM_SAEJ1772_no": "0", "MEDIUM_GB_T20234_2_AC__no": "0", "MEDIUM_OTHERS_no": "0", "QUICK_CHAdeMO_no": "0", "QUICK_CCS_DC_COMBO_no": "0", "QUICK_IEC62196_no": "0", "QUICK_GB_T20234_3_DC__no": "0", "QUICK_OTHERS_no": "0", "FAST_CHAdeMO_no": "0", "FAST_CCS_DC_COMBO_no": "0", "FAST_GB_T20234_3_DC__no": "0", "FAST_OTHERS_no": "0", "REMARK_FOR__OTHERS_": "-", "DATA_PATH": "https://ev-charger.epd.gov.hk/resource/ev_charger_avail/evca_ver_1_0.json", "OBJECTID": 717, "total_chargers": 2 }, "geometry": { "type": "Point", "coordinates": [ 113.982191, 22.236364 ] } },
{ "type": "Feature", "properties": { "GmlID": "geotagging.718", "NAME_OF_DISTRICT_COUNCIL_DISTRICT_EN": "Kowloon City", "LOCATION_EN": "Customs Staff Quarters", "ADDRESS_EN": "Tsing Chau Street", "NAME_OF_DISTRICT_COUNCIL_DISTRICT_TC": "九龍城區", "LOCATION_TC": "香港海關宿舍", "ADDRESS_TC": "青州街", "NAME_OF_DISTRICT_COUNCIL_DISTRICT_SC": "九龙城区", "LOCATION_SC": "香港海关宿舍", "ADDRESS_SC": "青州街", "STANDARD_BS1363_no": "0", "MEDIUM_CCS_DC_COMBO_no": "0", "MEDIUM_IEC62196_no": "5", "MEDIUM_SAEJ1772_no": "0", "MEDIUM_GB_T20234_2_AC__no": "0", "MEDIUM_OTHERS_no": "0", "QUICK_CHAdeMO_no": "0", "QUICK_CCS_DC_COMBO_no": "0", "QUICK_IEC62196_no": "0", "QUICK_GB_T20234_3_DC__no": "0", "QUICK_OTHERS_no": "0", "FAST_CHAdeMO_no": "0", "FAST_CCS_DC_COMBO_no": "0", "FAST_GB_T20234_3_DC__no": "0", "FAST_OTHERS_no": "0", "REMARK_FOR__OTHERS_": "-", "DATA_PATH": "https://ev-charger.epd.gov.hk/resource/ev_charger_avail/evca_ver_1_0.json", "OBJECTID": 718, "total_chargers": 5 }, "geometry": { "type": "Point", "coordinates": [ 114.186377, 22.309627 ] } },
{ "type": "Feature", "properties": { "GmlID": "geotagging.719", "NAME_OF_DISTRICT_COUNCIL_DISTRICT_EN": "Southern", "LOCATION_EN": "Twin Brook Charging Point", "ADDRESS_EN": "43 Repulse Bay Road", "NAME_OF_DISTRICT_COUNCIL_DISTRICT_TC": "南區", "LOCATION_TC": "雙溪充電站", "ADDRESS_TC": "淺水灣道43號", "NAME_OF_DISTRICT_COUNCIL_DISTRICT_SC": "南区", "LOCATION_SC": "双溪充电站", "ADDRESS_SC": "浅水湾道43号", "STANDARD_BS1363_no": "0", "MEDIUM_CCS_DC_COMBO_no": "0", "MEDIUM_IEC62196_no": "0", "MEDIUM_SAEJ1772_no": "0", "MEDIUM_GB_T20234_2_AC__no": "0", "MEDIUM_OTHERS_no": "0", "QUICK_CHAdeMO_no": "0", "QUICK_CCS_DC_COMBO_no": "0", "QUICK_IEC62196_no": "1", "QUICK_GB_T20234_3_DC__no": "0", "QUICK_OTHERS_no": "0", "FAST_CHAdeMO_no": "0", "FAST_CCS_DC_COMBO_no": "0", "FAST_GB_T20234_3_DC__no": "0", "FAST_OTHERS_no": "0", "REMARK_FOR__OTHERS_": "-", "DATA_PATH": "https://ev-charger.epd.gov.hk/resource/ev_charger_avail/evca_ver_1_0.json", "OBJECTID": 719, "total_chargers": 1 }, "geometry": { "type": "Point", "coordinates": [ 114.191652, 22.244195 ] } },
{ "type": "Feature", "properties": { "GmlID": "geotagging.720", "NAME_OF_DISTRICT_COUNCIL_DISTRICT_EN": "Sha Tin", "LOCATION_EN": "St. Michel", "ADDRESS_EN": "33 To Shek Street", "NAME_OF_DISTRICT_COUNCIL_DISTRICT_TC": "沙田區", "LOCATION_TC": "瓏珀山", "ADDRESS_TC": "多石街33號", "NAME_OF_DISTRICT_COUNCIL_DISTRICT_SC": "沙田区", "LOCATION_SC": "珑珀山", "ADDRESS_SC": "多石街33号", "STANDARD_BS1363_no": "0", "MEDIUM_CCS_DC_COMBO_no": "0", "MEDIUM_IEC62196_no": "0", "MEDIUM_SAEJ1772_no": "0", "MEDIUM_GB_T20234_2_AC__no": "0", "MEDIUM_OTHERS_no": "0", "QUICK_CHAdeMO_no": "1", "QUICK_CCS_DC_COMBO_no": "1", "QUICK_IEC62196_no": "1", "QUICK_GB_T20234_3_DC__no": "0", "QUICK_OTHERS_no": "0", "FAST_CHAdeMO_no": "0", "FAST_CCS_DC_COMBO_no": "0", "FAST_GB_T20234_3_DC__no": "0", "FAST_OTHERS_no": "0", "REMARK_FOR__OTHERS_": "-", "DATA_PATH": "-", "OBJECTID": 720, "total_chargers": 3 }, "geometry": { "type": "Point", "coordinates": [ 114.200506, 22.376458 ] } },
{ "type": "Feature", "properties": { "GmlID": "geotagging.721", "NAME_OF_DISTRICT_COUNCIL_DISTRICT_EN": "Sha Tin", "LOCATION_EN": "Hopeful Factory Centre", "ADDRESS_EN": "7-11 Au Pui Wan Street", "NAME_OF_DISTRICT_COUNCIL_DISTRICT_TC": "沙田區", "LOCATION_TC": "海輝工業中心", "ADDRESS_TC": "坳背灣街7-11號", "NAME_OF_DISTRICT_COUNCIL_DISTRICT_SC": "沙田区", "LOCATION_SC": "海辉工业中心", "ADDRESS_SC": "坳背湾街7-11号", "STANDARD_BS1363_no": "0", "MEDIUM_CCS_DC_COMBO_no": "0", "MEDIUM_IEC62196_no": "0", "MEDIUM_SAEJ1772_no": "0", "MEDIUM_GB_T20234_2_AC__no": "0", "MEDIUM_OTHERS_no": "0", "QUICK_CHAdeMO_no": "0", "QUICK_CCS_DC_COMBO_no": "0", "QUICK_IEC62196_no": "0", "QUICK_GB_T20234_3_DC__no": "0", "QUICK_OTHERS_no": "0", "FAST_CHAdeMO_no": "1", "FAST_CCS_DC_COMBO_no": "5", "FAST_GB_T20234_3_DC__no": "0", "FAST_OTHERS_no": "0", "REMARK_FOR__OTHERS_": "-", "DATA_PATH": "https://ev-charger.epd.gov.hk/resource/ev_charger_avail/evca_ver_1_0.json", "OBJECTID": 721, "total_chargers": 6 }, "geometry": { "type": "Point", "coordinates": [ 114.197177, 22.396777 ] } },
{ "type": "Feature", "properties": { "GmlID": "geotagging.722", "NAME_OF_DISTRICT_COUNCIL_DISTRICT_EN": "Tuen Mun", "LOCATION_EN": "Tai Hing Industrial Building", "ADDRESS_EN": "3 Tsing Yeung Circuit", "NAME_OF_DISTRICT_COUNCIL_DISTRICT_TC": "屯門區", "LOCATION_TC": "大興工業大廈", "ADDRESS_TC": "青楊街3號", "NAME_OF_DISTRICT_COUNCIL_DISTRICT_SC": "屯门区", "LOCATION_SC": "大兴工业大厦", "ADDRESS_SC": "青杨街3号", "STANDARD_BS1363_no": "0", "MEDIUM_CCS_DC_COMBO_no": "0", "MEDIUM_IEC62196_no": "0", "MEDIUM_SAEJ1772_no": "0", "MEDIUM_GB_T20234_2_AC__no": "0", "MEDIUM_OTHERS_no": "0", "QUICK_CHAdeMO_no": "0", "QUICK_CCS_DC_COMBO_no": "1", "QUICK_IEC62196_no": "3", "QUICK_GB_T20234_3_DC__no": "0", "QUICK_OTHERS_no": "0", "FAST_CHAdeMO_no": "0", "FAST_CCS_DC_COMBO_no": "0", "FAST_GB_T20234_3_DC__no": "0", "FAST_OTHERS_no": "0", "REMARK_FOR__OTHERS_": "-", "DATA_PATH": "https://ev-charger.epd.gov.hk/resource/ev_charger_avail/evca_ver_1_0.json", "OBJECTID": 722, "total_chargers": 4 }, "geometry": { "type": "Point", "coordinates": [ 113.970332, 22.400161 ] } },
{ "type": "Feature", "properties": { "GmlID": "geotagging.723", "NAME_OF_DISTRICT_COUNCIL_DISTRICT_EN": "Tai Po", "LOCATION_EN": "The Horizon", "ADDRESS_EN": "18 Fo Chun Road", "NAME_OF_DISTRICT_COUNCIL_DISTRICT_TC": "大埔區", "LOCATION_TC": "海日灣", "ADDRESS_TC": "科進路18號", "NAME_OF_DISTRICT_COUNCIL_DISTRICT_SC": "大埔区", "LOCATION_SC": "海日湾", "ADDRESS_SC": "科进路18号", "STANDARD_BS1363_no": "0", "MEDIUM_CCS_DC_COMBO_no": "0", "MEDIUM_IEC62196_no": "0", "MEDIUM_SAEJ1772_no": "0", "MEDIUM_GB_T20234_2_AC__no": "0", "MEDIUM_OTHERS_no": "0", "QUICK_CHAdeMO_no": "0", "QUICK_CCS_DC_COMBO_no": "0", "QUICK_IEC62196_no": "5", "QUICK_GB_T20234_3_DC__no": "0", "QUICK_OTHERS_no": "0", "FAST_CHAdeMO_no": "0", "FAST_CCS_DC_COMBO_no": "0", "FAST_GB_T20234_3_DC__no": "0", "FAST_OTHERS_no": "0", "REMARK_FOR__OTHERS_": "-", "DATA_PATH": "https://ev-charger.epd.gov.hk/resource/ev_charger_avail/evca_ver_1_0.json", "OBJECTID": 723, "total_chargers": 5 }, "geometry": { "type": "Point", "coordinates": [ 114.207485, 22.430217 ] } },
{ "type": "Feature", "properties": { "GmlID": "geotagging.724", "NAME_OF_DISTRICT_COUNCIL_DISTRICT_EN": "Tai Po", "LOCATION_EN": "Silicon Hill", "ADDRESS_EN": "No. 63 Yau King Lane", "NAME_OF_DISTRICT_COUNCIL_DISTRICT_TC": "大埔區", "LOCATION_TC": "Silicon Hill", "ADDRESS_TC": "優景里63號", "NAME_OF_DISTRICT_COUNCIL_DISTRICT_SC": "大埔区", "LOCATION_SC": "Silicon Hill", "ADDRESS_SC": "优景里63号", "STANDARD_BS1363_no": "0", "MEDIUM_CCS_DC_COMBO_no": "0", "MEDIUM_IEC62196_no": "0", "MEDIUM_SAEJ1772_no": "0", "MEDIUM_GB_T20234_2_AC__no": "0", "MEDIUM_OTHERS_no": "0", "QUICK_CHAdeMO_no": "0", "QUICK_CCS_DC_COMBO_no": "2", "QUICK_IEC62196_no": "3", "QUICK_GB_T20234_3_DC__no": "0", "QUICK_OTHERS_no": "0", "FAST_CHAdeMO_no": "0", "FAST_CCS_DC_COMBO_no": "0", "FAST_GB_T20234_3_DC__no": "0", "FAST_OTHERS_no": "0", "REMARK_FOR__OTHERS_": "-", "DATA_PATH": "https://ev-charger.epd.gov.hk/resource/ev_charger_avail/evca_ver_1_0.json", "OBJECTID": 724, "total_chargers": 5 }, "geometry": { "type": "Point", "coordinates": [ 114.20212, 22.427411 ] } },
{ "type": "Feature", "properties": { "GmlID": "geotagging.725", "NAME_OF_DISTRICT_COUNCIL_DISTRICT_EN": "Tai Po", "LOCATION_EN": "Centra Horizon", "ADDRESS_EN": "18 Chong San Road", "NAME_OF_DISTRICT_COUNCIL_DISTRICT_TC": "大埔區", "LOCATION_TC": "海日灣II", "ADDRESS_TC": "創新路18號", "NAME_OF_DISTRICT_COUNCIL_DISTRICT_SC": "大埔区", "LOCATION_SC": "海日湾II", "ADDRESS_SC": "创新路18号", "STANDARD_BS1363_no": "0", "MEDIUM_CCS_DC_COMBO_no": "0", "MEDIUM_IEC62196_no": "0", "MEDIUM_SAEJ1772_no": "0", "MEDIUM_GB_T20234_2_AC__no": "0", "MEDIUM_OTHERS_no": "0", "QUICK_CHAdeMO_no": "0", "QUICK_CCS_DC_COMBO_no": "0", "QUICK_IEC62196_no": "6", "QUICK_GB_T20234_3_DC__no": "0", "QUICK_OTHERS_no": "0", "FAST_CHAdeMO_no": "0", "FAST_CCS_DC_COMBO_no": "0", "FAST_GB_T20234_3_DC__no": "0", "FAST_OTHERS_no": "0", "REMARK_FOR__OTHERS_": "-", "DATA_PATH": "https://ev-charger.epd.gov.hk/resource/ev_charger_avail/evca_ver_1_0.json", "OBJECTID": 725, "total_chargers": 6 }, "geometry": { "type": "Point", "coordinates": [ 114.205811, 22.428631 ] } },
{ "type": "Feature", "properties": { "GmlID": "geotagging.726", "NAME_OF_DISTRICT_COUNCIL_DISTRICT_EN": "Tsuen Wan", "LOCATION_EN": "Grand Bay View Hotel and Resort", "ADDRESS_EN": "123 Castle Peak Road", "NAME_OF_DISTRICT_COUNCIL_DISTRICT_TC": "荃灣區", "LOCATION_TC": "華麗海灣酒店", "ADDRESS_TC": "青山道123號", "NAME_OF_DISTRICT_COUNCIL_DISTRICT_SC": "荃湾区", "LOCATION_SC": "华丽海湾酒店", "ADDRESS_SC": "青山道123号", "STANDARD_BS1363_no": "0", "MEDIUM_CCS_DC_COMBO_no": "0", "MEDIUM_IEC62196_no": "0", "MEDIUM_SAEJ1772_no": "0", "MEDIUM_GB_T20234_2_AC__no": "0", "MEDIUM_OTHERS_no": "0", "QUICK_CHAdeMO_no": "0", "QUICK_CCS_DC_COMBO_no": "0", "QUICK_IEC62196_no": "2", "QUICK_GB_T20234_3_DC__no": "0", "QUICK_OTHERS_no": "0", "FAST_CHAdeMO_no": "0", "FAST_CCS_DC_COMBO_no": "0", "FAST_GB_T20234_3_DC__no": "0", "FAST_OTHERS_no": "0", "REMARK_FOR__OTHERS_": "-", "DATA_PATH": "https://ev-charger.epd.gov.hk/resource/ev_charger_avail/evca_ver_1_0.json", "OBJECTID": 726, "total_chargers": 2 }, "geometry": { "type": "Point", "coordinates": [ 114.092181, 22.367655 ] } },
{ "type": "Feature", "properties": { "GmlID": "geotagging.727", "NAME_OF_DISTRICT_COUNCIL_DISTRICT_EN": "Central & Western", "LOCATION_EN": "The Henderson Murray Road Car Park", "ADDRESS_EN": "2 Murray Road, Central, Hong Kong", "NAME_OF_DISTRICT_COUNCIL_DISTRICT_TC": "中西區", "LOCATION_TC": "The Henderson美利道停車場", "ADDRESS_TC": "香港中環美利道2號", "NAME_OF_DISTRICT_COUNCIL_DISTRICT_SC": "中西区", "LOCATION_SC": "The Henderson美利道停车场", "ADDRESS_SC": "香港中环美利道2号", "STANDARD_BS1363_no": "0", "MEDIUM_CCS_DC_COMBO_no": "0", "MEDIUM_IEC62196_no": "265", "MEDIUM_SAEJ1772_no": "0", "MEDIUM_GB_T20234_2_AC__no": "0", "MEDIUM_OTHERS_no": "0", "QUICK_CHAdeMO_no": "0", "QUICK_CCS_DC_COMBO_no": "0", "QUICK_IEC62196_no": "0", "QUICK_GB_T20234_3_DC__no": "0", "QUICK_OTHERS_no": "0", "FAST_CHAdeMO_no": "0", "FAST_CCS_DC_COMBO_no": "0", "FAST_GB_T20234_3_DC__no": "0", "FAST_OTHERS_no": "0", "REMARK_FOR__OTHERS_": "-", "DATA_PATH": "-", "OBJECTID": 727, "total_chargers": 265 }, "geometry": { "type": "Point", "coordinates": [ 114.162144, 22.280143 ] } },
{ "type": "Feature", "properties": { "GmlID": "geotagging.728", "NAME_OF_DISTRICT_COUNCIL_DISTRICT_EN": "Yau Tsim Mong", "LOCATION_EN": "The Quinn．Square Mile Car Park", "ADDRESS_EN": "5 Sham Mong Road, Mong Kok, Kowloon", "NAME_OF_DISTRICT_COUNCIL_DISTRICT_TC": "油尖旺區", "LOCATION_TC": "利奧坊．壹隅停車場", "ADDRESS_TC": "九龍旺角深旺道5號", "NAME_OF_DISTRICT_COUNCIL_DISTRICT_SC": "油尖旺区", "LOCATION_SC": "利奥坊．壹隅停车场", "ADDRESS_SC": "九龙旺角深旺道5号", "STANDARD_BS1363_no": "0", "MEDIUM_CCS_DC_COMBO_no": "0", "MEDIUM_IEC62196_no": "9", "MEDIUM_SAEJ1772_no": "0", "MEDIUM_GB_T20234_2_AC__no": "0", "MEDIUM_OTHERS_no": "0", "QUICK_CHAdeMO_no": "0", "QUICK_CCS_DC_COMBO_no": "0", "QUICK_IEC62196_no": "0", "QUICK_GB_T20234_3_DC__no": "0", "QUICK_OTHERS_no": "0", "FAST_CHAdeMO_no": "0", "FAST_CCS_DC_COMBO_no": "0", "FAST_GB_T20234_3_DC__no": "0", "FAST_OTHERS_no": "0", "REMARK_FOR__OTHERS_": "-", "DATA_PATH": "-", "OBJECTID": 728, "total_chargers": 9 }, "geometry": { "type": "Point", "coordinates": [ 114.160154, 22.320681 ] } },
{ "type": "Feature", "properties": { "GmlID": "geotagging.729", "NAME_OF_DISTRICT_COUNCIL_DISTRICT_EN": "Kowloon City", "LOCATION_EN": "The Twins Carpark Tower II", "ADDRESS_EN": "12 Muk Chui Street, Kai Tak, San Po Kong, Kowloon", "NAME_OF_DISTRICT_COUNCIL_DISTRICT_TC": "九龍城區", "LOCATION_TC": "雙子匯2座停車場", "ADDRESS_TC": "九龍啟德沐翠街12號", "NAME_OF_DISTRICT_COUNCIL_DISTRICT_SC": "九龙城区", "LOCATION_SC": "双子汇2座停车场", "ADDRESS_SC": "九龙启德沐翠街12号", "STANDARD_BS1363_no": "296", "MEDIUM_CCS_DC_COMBO_no": "0", "MEDIUM_IEC62196_no": "107", "MEDIUM_SAEJ1772_no": "0", "MEDIUM_GB_T20234_2_AC__no": "0", "MEDIUM_OTHERS_no": "0", "QUICK_CHAdeMO_no": "0", "QUICK_CCS_DC_COMBO_no": "0", "QUICK_IEC62196_no": "0", "QUICK_GB_T20234_3_DC__no": "0", "QUICK_OTHERS_no": "0", "FAST_CHAdeMO_no": "0", "FAST_CCS_DC_COMBO_no": "0", "FAST_GB_T20234_3_DC__no": "0", "FAST_OTHERS_no": "0", "REMARK_FOR__OTHERS_": "-", "DATA_PATH": "-", "OBJECTID": 729, "total_chargers": 403 }, "geometry": { "type": "Point", "coordinates": [ 114.201772, 22.331823 ] } },
{ "type": "Feature", "properties": { "GmlID": "geotagging.730", "NAME_OF_DISTRICT_COUNCIL_DISTRICT_EN": "Kowloon City", "LOCATION_EN": "Ko Shan Road Public Vehicle Parking", "ADDRESS_EN": "Lower Ground Floor, 60, Ko Shan Road, To Kwa Wan", "NAME_OF_DISTRICT_COUNCIL_DISTRICT_TC": "九龍城區", "LOCATION_TC": "高山道公眾停車場", "ADDRESS_TC": "土瓜灣高山道60號地下低層", "NAME_OF_DISTRICT_COUNCIL_DISTRICT_SC": "九龙城区", "LOCATION_SC": "高山道公众停车场", "ADDRESS_SC": "土瓜湾高山道60号地下低层", "STANDARD_BS1363_no": "0", "MEDIUM_CCS_DC_COMBO_no": "0", "MEDIUM_IEC62196_no": "38", "MEDIUM_SAEJ1772_no": "0", "MEDIUM_GB_T20234_2_AC__no": "0", "MEDIUM_OTHERS_no": "0", "QUICK_CHAdeMO_no": "0", "QUICK_CCS_DC_COMBO_no": "0", "QUICK_IEC62196_no": "0", "QUICK_GB_T20234_3_DC__no": "0", "QUICK_OTHERS_no": "0", "FAST_CHAdeMO_no": "0", "FAST_CCS_DC_COMBO_no": "0", "FAST_GB_T20234_3_DC__no": "0", "FAST_OTHERS_no": "0", "REMARK_FOR__OTHERS_": "-", "DATA_PATH": "-", "OBJECTID": 730, "total_chargers": 38 }, "geometry": { "type": "Point", "coordinates": [ 114.186774, 22.313816 ] } },
{ "type": "Feature", "properties": { "GmlID": "geotagging.731", "NAME_OF_DISTRICT_COUNCIL_DISTRICT_EN": "Kowloon City", "LOCATION_EN": "Arena Carpark", "ADDRESS_EN": "38-39 Shing Kai Road, Kowloon, Hong Kong, Kowloon City, KLN", "NAME_OF_DISTRICT_COUNCIL_DISTRICT_TC": "九龍城區", "LOCATION_TC": "體藝館停車場", "ADDRESS_TC": "九龍城承啟道38-39號", "NAME_OF_DISTRICT_COUNCIL_DISTRICT_SC": "九龙城区", "LOCATION_SC": "体艺馆停车场", "ADDRESS_SC": "九龙城承启道38-39号", "STANDARD_BS1363_no": "0", "MEDIUM_CCS_DC_COMBO_no": "0", "MEDIUM_IEC62196_no": "244", "MEDIUM_SAEJ1772_no": "0", "MEDIUM_GB_T20234_2_AC__no": "0", "MEDIUM_OTHERS_no": "0", "QUICK_CHAdeMO_no": "0", "QUICK_CCS_DC_COMBO_no": "0", "QUICK_IEC62196_no": "0", "QUICK_GB_T20234_3_DC__no": "0", "QUICK_OTHERS_no": "0", "FAST_CHAdeMO_no": "0", "FAST_CCS_DC_COMBO_no": "0", "FAST_GB_T20234_3_DC__no": "0", "FAST_OTHERS_no": "0", "REMARK_FOR__OTHERS_": "-", "DATA_PATH": "-", "OBJECTID": 731, "total_chargers": 244 }, "geometry": { "type": "Point", "coordinates": [ 114.196657, 22.325429 ] } },
{ "type": "Feature", "properties": { "GmlID": "geotagging.732", "NAME_OF_DISTRICT_COUNCIL_DISTRICT_EN": "Yuen Long", "LOCATION_EN": "Tin Shui Car Park", "ADDRESS_EN": "Tin Shui Shopping Centre, 9 Tin Shui Road, Tin Shui Wai, Yuen Long, New Territories", "NAME_OF_DISTRICT_COUNCIL_DISTRICT_TC": "元朗區", "LOCATION_TC": "天瑞停車場", "ADDRESS_TC": "新界元朗天水圍天瑞路9號天瑞商場", "NAME_OF_DISTRICT_COUNCIL_DISTRICT_SC": "元朗区", "LOCATION_SC": "天瑞停车场", "ADDRESS_SC": "新界元朗天水围天瑞路9号天瑞商场", "STANDARD_BS1363_no": "0", "MEDIUM_CCS_DC_COMBO_no": "0", "MEDIUM_IEC62196_no": "24", "MEDIUM_SAEJ1772_no": "0", "MEDIUM_GB_T20234_2_AC__no": "0", "MEDIUM_OTHERS_no": "0", "QUICK_CHAdeMO_no": "0", "QUICK_CCS_DC_COMBO_no": "0", "QUICK_IEC62196_no": "0", "QUICK_GB_T20234_3_DC__no": "0", "QUICK_OTHERS_no": "0", "FAST_CHAdeMO_no": "0", "FAST_CCS_DC_COMBO_no": "0", "FAST_GB_T20234_3_DC__no": "0", "FAST_OTHERS_no": "0", "REMARK_FOR__OTHERS_": "-", "DATA_PATH": "https://ev-charger.epd.gov.hk/resource/ev_charger_avail/evca_ver_1_0.json", "OBJECTID": 732, "total_chargers": 24 }, "geometry": { "type": "Point", "coordinates": [ 113.998397, 22.456708 ] } },
{ "type": "Feature", "properties": { "GmlID": "geotagging.733", "NAME_OF_DISTRICT_COUNCIL_DISTRICT_EN": "Southern", "LOCATION_EN": "Yue On Car Park", "ADDRESS_EN": "Yue On Court Car Park, 3 Yue On Court Road, Ap Lei Chau,  Hong Kong", "NAME_OF_DISTRICT_COUNCIL_DISTRICT_TC": "南區", "LOCATION_TC": "漁安停車場", "ADDRESS_TC": "香港鴨脷洲漁安苑道3號漁安苑停車場", "NAME_OF_DISTRICT_COUNCIL_DISTRICT_SC": "南区", "LOCATION_SC": "渔安停车场", "ADDRESS_SC": "香港鸭脷洲渔安苑道3号渔安苑停车场", "STANDARD_BS1363_no": "0", "MEDIUM_CCS_DC_COMBO_no": "0", "MEDIUM_IEC62196_no": "24", "MEDIUM_SAEJ1772_no": "0", "MEDIUM_GB_T20234_2_AC__no": "0", "MEDIUM_OTHERS_no": "0", "QUICK_CHAdeMO_no": "0", "QUICK_CCS_DC_COMBO_no": "0", "QUICK_IEC62196_no": "0", "QUICK_GB_T20234_3_DC__no": "0", "QUICK_OTHERS_no": "0", "FAST_CHAdeMO_no": "0", "FAST_CCS_DC_COMBO_no": "0", "FAST_GB_T20234_3_DC__no": "0", "FAST_OTHERS_no": "0", "REMARK_FOR__OTHERS_": "-", "DATA_PATH": "https://ev-charger.epd.gov.hk/resource/ev_charger_avail/evca_ver_1_0.json", "OBJECTID": 733, "total_chargers": 24 }, "geometry": { "type": "Point", "coordinates": [ 114.15643, 22.242655 ] } },
{ "type": "Feature", "properties": { "GmlID": "geotagging.734", "NAME_OF_DISTRICT_COUNCIL_DISTRICT_EN": "Wong Tai Sin", "LOCATION_EN": "Tung Tau II Car Park B", "ADDRESS_EN": "Tung Tau Estate Retail and Car Park, 183 Tung Tau Tsuen Road, Wong Tai Sin,  Kowloon", "NAME_OF_DISTRICT_COUNCIL_DISTRICT_TC": "黃大仙區", "LOCATION_TC": "東頭二(B)停車場", "ADDRESS_TC": "九龍黃大仙東頭村道183號東頭邨商舖及停車場", "NAME_OF_DISTRICT_COUNCIL_DISTRICT_SC": "黄大仙区", "LOCATION_SC": "东头二(B)停车场", "ADDRESS_SC": "九龙黄大仙东头村道183号东头邨商舖及停车场", "STANDARD_BS1363_no": "0", "MEDIUM_CCS_DC_COMBO_no": "0", "MEDIUM_IEC62196_no": "0", "MEDIUM_SAEJ1772_no": "0", "MEDIUM_GB_T20234_2_AC__no": "0", "MEDIUM_OTHERS_no": "0", "QUICK_CHAdeMO_no": "0", "QUICK_CCS_DC_COMBO_no": "0", "QUICK_IEC62196_no": "9", "QUICK_GB_T20234_3_DC__no": "0", "QUICK_OTHERS_no": "0", "FAST_CHAdeMO_no": "0", "FAST_CCS_DC_COMBO_no": "0", "FAST_GB_T20234_3_DC__no": "0", "FAST_OTHERS_no": "0", "REMARK_FOR__OTHERS_": "-", "DATA_PATH": "https://ev-charger.epd.gov.hk/resource/ev_charger_avail/evca_ver_1_0.json", "OBJECTID": 734, "total_chargers": 9 }, "geometry": { "type": "Point", "coordinates": [ 114.192501, 22.334364 ] } },
{ "type": "Feature", "properties": { "GmlID": "geotagging.735", "NAME_OF_DISTRICT_COUNCIL_DISTRICT_EN": "Wong Tai Sin", "LOCATION_EN": "Tin Wang Car Park", "ADDRESS_EN": "Tin Wang Court Retail and Car Park, 51 Chuk Yuen Road, Wong Tai Sin,  Kowloon", "NAME_OF_DISTRICT_COUNCIL_DISTRICT_TC": "黃大仙區", "LOCATION_TC": "天宏停車場", "ADDRESS_TC": "九龍黃大仙竹園道51號天宏苑商舖及停車場", "NAME_OF_DISTRICT_COUNCIL_DISTRICT_SC": "黄大仙区", "LOCATION_SC": "天宏停车场", "ADDRESS_SC": "九龙黄大仙竹园道51号天宏苑商舖及停车场", "STANDARD_BS1363_no": "0", "MEDIUM_CCS_DC_COMBO_no": "0", "MEDIUM_IEC62196_no": "12", "MEDIUM_SAEJ1772_no": "0", "MEDIUM_GB_T20234_2_AC__no": "0", "MEDIUM_OTHERS_no": "0", "QUICK_CHAdeMO_no": "0", "QUICK_CCS_DC_COMBO_no": "0", "QUICK_IEC62196_no": "0", "QUICK_GB_T20234_3_DC__no": "0", "QUICK_OTHERS_no": "0", "FAST_CHAdeMO_no": "0", "FAST_CCS_DC_COMBO_no": "0", "FAST_GB_T20234_3_DC__no": "0", "FAST_OTHERS_no": "0", "REMARK_FOR__OTHERS_": "-", "DATA_PATH": "https://ev-charger.epd.gov.hk/resource/ev_charger_avail/evca_ver_1_0.json", "OBJECTID": 735, "total_chargers": 12 }, "geometry": { "type": "Point", "coordinates": [ 114.186246, 22.344023 ] } },
{ "type": "Feature", "properties": { "GmlID": "geotagging.736", "NAME_OF_DISTRICT_COUNCIL_DISTRICT_EN": "Sham Shui Po", "LOCATION_EN": "Lai On Car Park", "ADDRESS_EN": "Lai On Estate Car Park, 420 Lai Chi Kok Road, Sham Shui Po,  Kowloon", "NAME_OF_DISTRICT_COUNCIL_DISTRICT_TC": "深水埗區", "LOCATION_TC": "麗安停車場", "ADDRESS_TC": "九龍深水埗荔枝角道420號麗安邨停車場", "NAME_OF_DISTRICT_COUNCIL_DISTRICT_SC": "深水埗区", "LOCATION_SC": "丽安停车场", "ADDRESS_SC": "九龙深水埗荔枝角道420号丽安邨停车场", "STANDARD_BS1363_no": "0", "MEDIUM_CCS_DC_COMBO_no": "0", "MEDIUM_IEC62196_no": "18", "MEDIUM_SAEJ1772_no": "0", "MEDIUM_GB_T20234_2_AC__no": "0", "MEDIUM_OTHERS_no": "0", "QUICK_CHAdeMO_no": "0", "QUICK_CCS_DC_COMBO_no": "0", "QUICK_IEC62196_no": "0", "QUICK_GB_T20234_3_DC__no": "0", "QUICK_OTHERS_no": "0", "FAST_CHAdeMO_no": "0", "FAST_CCS_DC_COMBO_no": "0", "FAST_GB_T20234_3_DC__no": "0", "FAST_OTHERS_no": "0", "REMARK_FOR__OTHERS_": "-", "DATA_PATH": "https://ev-charger.epd.gov.hk/resource/ev_charger_avail/evca_ver_1_0.json", "OBJECTID": 736, "total_chargers": 18 }, "geometry": { "type": "Point", "coordinates": [ 114.159416, 22.331677 ] } },
{ "type": "Feature", "properties": { "GmlID": "geotagging.737", "NAME_OF_DISTRICT_COUNCIL_DISTRICT_EN": "Wong Tai Sin", "LOCATION_EN": "Chuk Yuen (S) Tin Hung Car Park", "ADDRESS_EN": "Chuk Yuen Plaza, 15 Chuk Yuen Road, Wong Tai Sin,  Kowloon", "NAME_OF_DISTRICT_COUNCIL_DISTRICT_TC": "黃大仙區", "LOCATION_TC": "竹園南停車場(天虹)", "ADDRESS_TC": "九龍黃大仙竹園道15號竹園廣場", "NAME_OF_DISTRICT_COUNCIL_DISTRICT_SC": "黄大仙区", "LOCATION_SC": "竹园南停车场(天虹)", "ADDRESS_SC": "九龙黄大仙竹园道15号竹园广场", "STANDARD_BS1363_no": "0", "MEDIUM_CCS_DC_COMBO_no": "0", "MEDIUM_IEC62196_no": "30", "MEDIUM_SAEJ1772_no": "0", "MEDIUM_GB_T20234_2_AC__no": "0", "MEDIUM_OTHERS_no": "0", "QUICK_CHAdeMO_no": "0", "QUICK_CCS_DC_COMBO_no": "0", "QUICK_IEC62196_no": "0", "QUICK_GB_T20234_3_DC__no": "0", "QUICK_OTHERS_no": "0", "FAST_CHAdeMO_no": "0", "FAST_CCS_DC_COMBO_no": "0", "FAST_GB_T20234_3_DC__no": "0", "FAST_OTHERS_no": "0", "REMARK_FOR__OTHERS_": "-", "DATA_PATH": "https://ev-charger.epd.gov.hk/resource/ev_charger_avail/evca_ver_1_0.json", "OBJECTID": 737, "total_chargers": 30 }, "geometry": { "type": "Point", "coordinates": [ 114.190079, 22.344245 ] } },
{ "type": "Feature", "properties": { "GmlID": "geotagging.738", "NAME_OF_DISTRICT_COUNCIL_DISTRICT_EN": "Tai Po", "LOCATION_EN": "Ming Nga Car Park", "ADDRESS_EN": "Ming Nga Court Car Park, 7-11 On Po Lane, Tai Po,  New Territories", "NAME_OF_DISTRICT_COUNCIL_DISTRICT_TC": "大埔區", "LOCATION_TC": "明雅停車場", "ADDRESS_TC": "新界大埔安埔里7-11號明雅苑停車場", "NAME_OF_DISTRICT_COUNCIL_DISTRICT_SC": "大埔区", "LOCATION_SC": "明雅停车场", "ADDRESS_SC": "新界大埔安埔里7-11号明雅苑停车场", "STANDARD_BS1363_no": "0", "MEDIUM_CCS_DC_COMBO_no": "0", "MEDIUM_IEC62196_no": "12", "MEDIUM_SAEJ1772_no": "0", "MEDIUM_GB_T20234_2_AC__no": "0", "MEDIUM_OTHERS_no": "0", "QUICK_CHAdeMO_no": "0", "QUICK_CCS_DC_COMBO_no": "0", "QUICK_IEC62196_no": "0", "QUICK_GB_T20234_3_DC__no": "0", "QUICK_OTHERS_no": "0", "FAST_CHAdeMO_no": "0", "FAST_CCS_DC_COMBO_no": "0", "FAST_GB_T20234_3_DC__no": "0", "FAST_OTHERS_no": "0", "REMARK_FOR__OTHERS_": "-", "DATA_PATH": "-", "OBJECTID": 738, "total_chargers": 12 }, "geometry": { "type": "Point", "coordinates": [ 114.17503, 22.45239 ] } },
{ "type": "Feature", "properties": { "GmlID": "geotagging.739", "NAME_OF_DISTRICT_COUNCIL_DISTRICT_EN": "Sha Tin", "LOCATION_EN": "Kam On Car Park", "ADDRESS_EN": "Kam On Court Car Park, 20 Hang Kam Street, Ma On Shan,  Sha Tin, New Territories", "NAME_OF_DISTRICT_COUNCIL_DISTRICT_TC": "沙田區", "LOCATION_TC": "錦鞍停車場", "ADDRESS_TC": "新界沙田馬鞍山恆錦街20號錦鞍苑停車場", "NAME_OF_DISTRICT_COUNCIL_DISTRICT_SC": "沙田区", "LOCATION_SC": "锦鞍停车场", "ADDRESS_SC": "新界沙田马鞍山恒锦街20号锦鞍苑停车场", "STANDARD_BS1363_no": "0", "MEDIUM_CCS_DC_COMBO_no": "0", "MEDIUM_IEC62196_no": "24", "MEDIUM_SAEJ1772_no": "0", "MEDIUM_GB_T20234_2_AC__no": "0", "MEDIUM_OTHERS_no": "0", "QUICK_CHAdeMO_no": "0", "QUICK_CCS_DC_COMBO_no": "0", "QUICK_IEC62196_no": "0", "QUICK_GB_T20234_3_DC__no": "0", "QUICK_OTHERS_no": "0", "FAST_CHAdeMO_no": "0", "FAST_CCS_DC_COMBO_no": "0", "FAST_GB_T20234_3_DC__no": "0", "FAST_OTHERS_no": "0", "REMARK_FOR__OTHERS_": "-", "DATA_PATH": "https://ev-charger.epd.gov.hk/resource/ev_charger_avail/evca_ver_1_0.json", "OBJECTID": 739, "total_chargers": 24 }, "geometry": { "type": "Point", "coordinates": [ 114.226679, 22.416745 ] } },
{ "type": "Feature", "properties": { "GmlID": "geotagging.740", "NAME_OF_DISTRICT_COUNCIL_DISTRICT_EN": "Wan Chai", "LOCATION_EN": "Luk Kwok Centre", "ADDRESS_EN": "72 Gloucester Road", "NAME_OF_DISTRICT_COUNCIL_DISTRICT_TC": "灣仔區", "LOCATION_TC": "六國中心", "ADDRESS_TC": "灣仔告士打道72號", "NAME_OF_DISTRICT_COUNCIL_DISTRICT_SC": "湾仔区", "LOCATION_SC": "六国中心", "ADDRESS_SC": "湾仔告士打道72号", "STANDARD_BS1363_no": "0", "MEDIUM_CCS_DC_COMBO_no": "0", "MEDIUM_IEC62196_no": "3", "MEDIUM_SAEJ1772_no": "0", "MEDIUM_GB_T20234_2_AC__no": "0", "MEDIUM_OTHERS_no": "0", "QUICK_CHAdeMO_no": "0", "QUICK_CCS_DC_COMBO_no": "0", "QUICK_IEC62196_no": "0", "QUICK_GB_T20234_3_DC__no": "0", "QUICK_OTHERS_no": "0", "FAST_CHAdeMO_no": "0", "FAST_CCS_DC_COMBO_no": "0", "FAST_GB_T20234_3_DC__no": "0", "FAST_OTHERS_no": "0", "REMARK_FOR__OTHERS_": "-", "DATA_PATH": "-", "OBJECTID": 740, "total_chargers": 3 }, "geometry": { "type": "Point", "coordinates": [ 114.172075, 22.278644 ] } },
{ "type": "Feature", "properties": { "GmlID": "geotagging.741", "NAME_OF_DISTRICT_COUNCIL_DISTRICT_EN": "Sham Shui Po", "LOCATION_EN": "Grand Victoria II", "ADDRESS_EN": "8 Lai Ying St, Cheung Sha Wan", "NAME_OF_DISTRICT_COUNCIL_DISTRICT_TC": "深水埗區", "LOCATION_TC": "維港匯2期", "ADDRESS_TC": "長沙灣荔盈街8號", "NAME_OF_DISTRICT_COUNCIL_DISTRICT_SC": "深水埗区", "LOCATION_SC": "维港汇2期", "ADDRESS_SC": "长沙湾荔盈街8号", "STANDARD_BS1363_no": "0", "MEDIUM_CCS_DC_COMBO_no": "0", "MEDIUM_IEC62196_no": "7", "MEDIUM_SAEJ1772_no": "0", "MEDIUM_GB_T20234_2_AC__no": "0", "MEDIUM_OTHERS_no": "0", "QUICK_CHAdeMO_no": "0", "QUICK_CCS_DC_COMBO_no": "0", "QUICK_IEC62196_no": "0", "QUICK_GB_T20234_3_DC__no": "0", "QUICK_OTHERS_no": "0", "FAST_CHAdeMO_no": "0", "FAST_CCS_DC_COMBO_no": "0", "FAST_GB_T20234_3_DC__no": "0", "FAST_OTHERS_no": "0", "REMARK_FOR__OTHERS_": "-", "DATA_PATH": "-", "OBJECTID": 741, "total_chargers": 7 }, "geometry": { "type": "Point", "coordinates": [ 114.148675, 22.327622 ] } },
{ "type": "Feature", "properties": { "GmlID": "geotagging.742", "NAME_OF_DISTRICT_COUNCIL_DISTRICT_EN": "Sham Shui Po", "LOCATION_EN": "Grand Victoria I", "ADDRESS_EN": "6 Lai Ying St, Cheung Sha Wan", "NAME_OF_DISTRICT_COUNCIL_DISTRICT_TC": "深水埗區", "LOCATION_TC": "維港滙1期", "ADDRESS_TC": "長沙灣荔盈街6號", "NAME_OF_DISTRICT_COUNCIL_DISTRICT_SC": "深水埗区", "LOCATION_SC": "维港汇1期", "ADDRESS_SC": "长沙湾荔盈街6号", "STANDARD_BS1363_no": "0", "MEDIUM_CCS_DC_COMBO_no": "0", "MEDIUM_IEC62196_no": "6", "MEDIUM_SAEJ1772_no": "0", "MEDIUM_GB_T20234_2_AC__no": "0", "MEDIUM_OTHERS_no": "0", "QUICK_CHAdeMO_no": "0", "QUICK_CCS_DC_COMBO_no": "0", "QUICK_IEC62196_no": "0", "QUICK_GB_T20234_3_DC__no": "0", "QUICK_OTHERS_no": "0", "FAST_CHAdeMO_no": "0", "FAST_CCS_DC_COMBO_no": "0", "FAST_GB_T20234_3_DC__no": "0", "FAST_OTHERS_no": "0", "REMARK_FOR__OTHERS_": "-", "DATA_PATH": "-", "OBJECTID": 742, "total_chargers": 6 }, "geometry": { "type": "Point", "coordinates": [ 114.147885, 22.328141 ] } },
{ "type": "Feature", "properties": { "GmlID": "geotagging.743", "NAME_OF_DISTRICT_COUNCIL_DISTRICT_EN": "Wan Chai", "LOCATION_EN": "Dragon Centre", "ADDRESS_EN": "21 Wun Sha St, Tai Hang", "NAME_OF_DISTRICT_COUNCIL_DISTRICT_TC": "灣仔區", "LOCATION_TC": "龍濤苑", "ADDRESS_TC": "大坑浣紗街21號", "NAME_OF_DISTRICT_COUNCIL_DISTRICT_SC": "湾仔区", "LOCATION_SC": "龙涛苑", "ADDRESS_SC": "大坑浣紗街21號", "STANDARD_BS1363_no": "0", "MEDIUM_CCS_DC_COMBO_no": "0", "MEDIUM_IEC62196_no": "1", "MEDIUM_SAEJ1772_no": "0", "MEDIUM_GB_T20234_2_AC__no": "0", "MEDIUM_OTHERS_no": "0", "QUICK_CHAdeMO_no": "0", "QUICK_CCS_DC_COMBO_no": "0", "QUICK_IEC62196_no": "0", "QUICK_GB_T20234_3_DC__no": "0", "QUICK_OTHERS_no": "0", "FAST_CHAdeMO_no": "0", "FAST_CCS_DC_COMBO_no": "0", "FAST_GB_T20234_3_DC__no": "0", "FAST_OTHERS_no": "0", "REMARK_FOR__OTHERS_": "-", "DATA_PATH": "-", "OBJECTID": 743, "total_chargers": 1 }, "geometry": { "type": "Point", "coordinates": [ 114.19285, 22.27855 ] } },
{ "type": "Feature", "properties": { "GmlID": "geotagging.744", "NAME_OF_DISTRICT_COUNCIL_DISTRICT_EN": "Yuen Long", "LOCATION_EN": "Eminence Terrace I", "ADDRESS_EN": "12 Hung Shui Kiu Tin Sam Rd, Hung Shui Kiu", "NAME_OF_DISTRICT_COUNCIL_DISTRICT_TC": "元朗區", "LOCATION_TC": "樂翹軒 I", "ADDRESS_TC": "洪水橋洪水橋田心路12號", "NAME_OF_DISTRICT_COUNCIL_DISTRICT_SC": "元朗区", "LOCATION_SC": "乐翘轩 I", "ADDRESS_SC": "洪水桥洪水桥田心路12号", "STANDARD_BS1363_no": "0", "MEDIUM_CCS_DC_COMBO_no": "0", "MEDIUM_IEC62196_no": "28", "MEDIUM_SAEJ1772_no": "0", "MEDIUM_GB_T20234_2_AC__no": "0", "MEDIUM_OTHERS_no": "0", "QUICK_CHAdeMO_no": "0", "QUICK_CCS_DC_COMBO_no": "0", "QUICK_IEC62196_no": "0", "QUICK_GB_T20234_3_DC__no": "0", "QUICK_OTHERS_no": "0", "FAST_CHAdeMO_no": "0", "FAST_CCS_DC_COMBO_no": "0", "FAST_GB_T20234_3_DC__no": "0", "FAST_OTHERS_no": "0", "REMARK_FOR__OTHERS_": "-", "DATA_PATH": "-", "OBJECTID": 744, "total_chargers": 28 }, "geometry": { "type": "Point", "coordinates": [ 113.995814, 22.435851 ] } },
{ "type": "Feature", "properties": { "GmlID": "geotagging.745", "NAME_OF_DISTRICT_COUNCIL_DISTRICT_EN": "Sai Kung", "LOCATION_EN": "Lakeside Garden", "ADDRESS_EN": "1 Chui Tong Rd, Sai Kung", "NAME_OF_DISTRICT_COUNCIL_DISTRICT_TC": "西貢區", "LOCATION_TC": "翠塘花園", "ADDRESS_TC": "西貢翠塘路1號", "NAME_OF_DISTRICT_COUNCIL_DISTRICT_SC": "西贡区", "LOCATION_SC": "翠塘花园", "ADDRESS_SC": "西贡翠塘路1号", "STANDARD_BS1363_no": "2", "MEDIUM_CCS_DC_COMBO_no": "0", "MEDIUM_IEC62196_no": "0", "MEDIUM_SAEJ1772_no": "0", "MEDIUM_GB_T20234_2_AC__no": "0", "MEDIUM_OTHERS_no": "0", "QUICK_CHAdeMO_no": "0", "QUICK_CCS_DC_COMBO_no": "0", "QUICK_IEC62196_no": "0", "QUICK_GB_T20234_3_DC__no": "0", "QUICK_OTHERS_no": "0", "FAST_CHAdeMO_no": "0", "FAST_CCS_DC_COMBO_no": "0", "FAST_GB_T20234_3_DC__no": "0", "FAST_OTHERS_no": "0", "REMARK_FOR__OTHERS_": "-", "DATA_PATH": "-", "OBJECTID": 745, "total_chargers": 2 }, "geometry": { "type": "Point", "coordinates": [ 114.268865, 22.378649 ] } },
{ "type": "Feature", "properties": { "GmlID": "geotagging.746", "NAME_OF_DISTRICT_COUNCIL_DISTRICT_EN": "North", "LOCATION_EN": "Hi Speed Centre 1", "ADDRESS_EN": "18 On Chuen St, Fanling", "NAME_OF_DISTRICT_COUNCIL_DISTRICT_TC": "北區", "LOCATION_TC": "海迅中心", "ADDRESS_TC": "海迅中心1座", "NAME_OF_DISTRICT_COUNCIL_DISTRICT_SC": "北区", "LOCATION_SC": "海迅中心", "ADDRESS_SC": "海迅中心1座", "STANDARD_BS1363_no": "0", "MEDIUM_CCS_DC_COMBO_no": "0", "MEDIUM_IEC62196_no": "10", "MEDIUM_SAEJ1772_no": "0", "MEDIUM_GB_T20234_2_AC__no": "0", "MEDIUM_OTHERS_no": "0", "QUICK_CHAdeMO_no": "0", "QUICK_CCS_DC_COMBO_no": "8", "QUICK_IEC62196_no": "0", "QUICK_GB_T20234_3_DC__no": "0", "QUICK_OTHERS_no": "0", "FAST_CHAdeMO_no": "0", "FAST_CCS_DC_COMBO_no": "0", "FAST_GB_T20234_3_DC__no": "0", "FAST_OTHERS_no": "0", "REMARK_FOR__OTHERS_": "-", "DATA_PATH": "https://ev-charger.epd.gov.hk/resource/ev_charger_avail/evca_ver_1_0.json", "OBJECTID": 746, "total_chargers": 18 }, "geometry": { "type": "Point", "coordinates": [ 114.145289, 22.496531 ] } },
{ "type": "Feature", "properties": { "GmlID": "geotagging.747", "NAME_OF_DISTRICT_COUNCIL_DISTRICT_EN": "Tuen Mun", "LOCATION_EN": "The Royale", "ADDRESS_EN": "8 Castle Peak Road-Castle Peak Bay, Tuen Mun", "NAME_OF_DISTRICT_COUNCIL_DISTRICT_TC": "屯門區", "LOCATION_TC": "屯門帝御", "ADDRESS_TC": "掃管笏青山公路青山灣段8號", "NAME_OF_DISTRICT_COUNCIL_DISTRICT_SC": "屯门区", "LOCATION_SC": "屯门帝御", "ADDRESS_SC": "扫管笏青山公路青山湾段8号", "STANDARD_BS1363_no": "0", "MEDIUM_CCS_DC_COMBO_no": "0", "MEDIUM_IEC62196_no": "16", "MEDIUM_SAEJ1772_no": "0", "MEDIUM_GB_T20234_2_AC__no": "0", "MEDIUM_OTHERS_no": "0", "QUICK_CHAdeMO_no": "0", "QUICK_CCS_DC_COMBO_no": "0", "QUICK_IEC62196_no": "0", "QUICK_GB_T20234_3_DC__no": "0", "QUICK_OTHERS_no": "0", "FAST_CHAdeMO_no": "0", "FAST_CCS_DC_COMBO_no": "0", "FAST_GB_T20234_3_DC__no": "0", "FAST_OTHERS_no": "0", "REMARK_FOR__OTHERS_": "-", "DATA_PATH": "-", "OBJECTID": 747, "total_chargers": 16 }, "geometry": { "type": "Point", "coordinates": [ 113.991034, 22.373899 ] } },
{ "type": "Feature", "properties": { "GmlID": "geotagging.748", "NAME_OF_DISTRICT_COUNCIL_DISTRICT_EN": "Kowloon City", "LOCATION_EN": "Stadium Carpark", "ADDRESS_EN": "Kai Tak Sport Park, 38-39 Shing Kai Road, Kowloon, Hong Kong, Kowloon City,KLN", "NAME_OF_DISTRICT_COUNCIL_DISTRICT_TC": "九龍城區", "LOCATION_TC": "主場館停車場", "ADDRESS_TC": "九龍九龍城承啟道38-39號啟德體育園", "NAME_OF_DISTRICT_COUNCIL_DISTRICT_SC": "九龙城区", "LOCATION_SC": "主场馆停车场", "ADDRESS_SC": "九龙九龙城承启道38-39号启德体育园", "STANDARD_BS1363_no": "0", "MEDIUM_CCS_DC_COMBO_no": "0", "MEDIUM_IEC62196_no": "341", "MEDIUM_SAEJ1772_no": "0", "MEDIUM_GB_T20234_2_AC__no": "0", "MEDIUM_OTHERS_no": "0", "QUICK_CHAdeMO_no": "0", "QUICK_CCS_DC_COMBO_no": "0", "QUICK_IEC62196_no": "0", "QUICK_GB_T20234_3_DC__no": "0", "QUICK_OTHERS_no": "0", "FAST_CHAdeMO_no": "0", "FAST_CCS_DC_COMBO_no": "0", "FAST_GB_T20234_3_DC__no": "0", "FAST_OTHERS_no": "0", "REMARK_FOR__OTHERS_": "-", "DATA_PATH": "-", "OBJECTID": 748, "total_chargers": 341 }, "geometry": { "type": "Point", "coordinates": [ 114.198017, 22.322365 ] } },
{ "type": "Feature", "properties": { "GmlID": "geotagging.749", "NAME_OF_DISTRICT_COUNCIL_DISTRICT_EN": "Kwun Tong", "LOCATION_EN": "Harbourside HQ Car Park", "ADDRESS_EN": "Harbourside HQ, 8 Lam Chak Street, Kowloon Bay, KLN", "NAME_OF_DISTRICT_COUNCIL_DISTRICT_TC": "觀塘區", "LOCATION_TC": "啟匯停車場", "ADDRESS_TC": "九龍九龍灣臨澤街8號啟匯", "NAME_OF_DISTRICT_COUNCIL_DISTRICT_SC": "观塘区", "LOCATION_SC": "启汇停车场", "ADDRESS_SC": "九龙九龙湾临泽街8号启汇", "STANDARD_BS1363_no": "2", "MEDIUM_CCS_DC_COMBO_no": "0", "MEDIUM_IEC62196_no": "5", "MEDIUM_SAEJ1772_no": "0", "MEDIUM_GB_T20234_2_AC__no": "0", "MEDIUM_OTHERS_no": "0", "QUICK_CHAdeMO_no": "0", "QUICK_CCS_DC_COMBO_no": "0", "QUICK_IEC62196_no": "2", "QUICK_GB_T20234_3_DC__no": "0", "QUICK_OTHERS_no": "0", "FAST_CHAdeMO_no": "0", "FAST_CCS_DC_COMBO_no": "0", "FAST_GB_T20234_3_DC__no": "0", "FAST_OTHERS_no": "0", "REMARK_FOR__OTHERS_": "-", "DATA_PATH": "https://ev-charger.epd.gov.hk/resource/ev_charger_avail/evca_ver_1_0.json", "OBJECTID": 749, "total_chargers": 9 }, "geometry": { "type": "Point", "coordinates": [ 114.211787, 22.31575 ] } },
{ "type": "Feature", "properties": { "GmlID": "geotagging.750", "NAME_OF_DISTRICT_COUNCIL_DISTRICT_EN": "Tuen Mun", "LOCATION_EN": "Siu Tsui Court", "ADDRESS_EN": "26 Hang Fu Street, Tuen Mun", "NAME_OF_DISTRICT_COUNCIL_DISTRICT_TC": "屯門區", "LOCATION_TC": "兆翠苑", "ADDRESS_TC": "屯門恆富街26號", "NAME_OF_DISTRICT_COUNCIL_DISTRICT_SC": "屯门区", "LOCATION_SC": "兆翠苑", "ADDRESS_SC": "屯门恒富街26号", "STANDARD_BS1363_no": "0", "MEDIUM_CCS_DC_COMBO_no": "0", "MEDIUM_IEC62196_no": "10", "MEDIUM_SAEJ1772_no": "0", "MEDIUM_GB_T20234_2_AC__no": "0", "MEDIUM_OTHERS_no": "0", "QUICK_CHAdeMO_no": "0", "QUICK_CCS_DC_COMBO_no": "0", "QUICK_IEC62196_no": "0", "QUICK_GB_T20234_3_DC__no": "0", "QUICK_OTHERS_no": "0", "FAST_CHAdeMO_no": "0", "FAST_CCS_DC_COMBO_no": "0", "FAST_GB_T20234_3_DC__no": "0", "FAST_OTHERS_no": "0", "REMARK_FOR__OTHERS_": "-", "DATA_PATH": "-", "OBJECTID": 750, "total_chargers": 10 }, "geometry": { "type": "Point", "coordinates": [ 113.970833, 22.383053 ] } },
{ "type": "Feature", "properties": { "GmlID": "geotagging.751", "NAME_OF_DISTRICT_COUNCIL_DISTRICT_EN": "Kwun Tong", "LOCATION_EN": "One Sky Parc", "ADDRESS_EN": "53 Hung To Road, Kwun Tong, Kowloon", "NAME_OF_DISTRICT_COUNCIL_DISTRICT_TC": "觀塘區", "LOCATION_TC": "One Sky Parc", "ADDRESS_TC": "九龍觀塘鴻圖道53號", "NAME_OF_DISTRICT_COUNCIL_DISTRICT_SC": "观塘区", "LOCATION_SC": "One Sky Parc", "ADDRESS_SC": "九龙观塘鸿图道53号", "STANDARD_BS1363_no": "0", "MEDIUM_CCS_DC_COMBO_no": "0", "MEDIUM_IEC62196_no": "0", "MEDIUM_SAEJ1772_no": "0", "MEDIUM_GB_T20234_2_AC__no": "0", "MEDIUM_OTHERS_no": "0", "QUICK_CHAdeMO_no": "0", "QUICK_CCS_DC_COMBO_no": "1", "QUICK_IEC62196_no": "0", "QUICK_GB_T20234_3_DC__no": "0", "QUICK_OTHERS_no": "0", "FAST_CHAdeMO_no": "0", "FAST_CCS_DC_COMBO_no": "0", "FAST_GB_T20234_3_DC__no": "0", "FAST_OTHERS_no": "0", "REMARK_FOR__OTHERS_": "-", "DATA_PATH": "-", "OBJECTID": 751, "total_chargers": 1 }, "geometry": { "type": "Point", "coordinates": [ 114.222187, 22.311163 ] } },
{ "type": "Feature", "properties": { "GmlID": "geotagging.752", "NAME_OF_DISTRICT_COUNCIL_DISTRICT_EN": "Kwun Tong", "LOCATION_EN": "The Millennity", "ADDRESS_EN": "98 How Ming Street, Kwun Tong, Kowloon", "NAME_OF_DISTRICT_COUNCIL_DISTRICT_TC": "觀塘區", "LOCATION_TC": "The Millennity", "ADDRESS_TC": "九龍觀塘巧明街98號", "NAME_OF_DISTRICT_COUNCIL_DISTRICT_SC": "观塘区", "LOCATION_SC": "The Millennity", "ADDRESS_SC": "九龙观塘巧明街98号", "STANDARD_BS1363_no": "0", "MEDIUM_CCS_DC_COMBO_no": "0", "MEDIUM_IEC62196_no": "12", "MEDIUM_SAEJ1772_no": "0", "MEDIUM_GB_T20234_2_AC__no": "0", "MEDIUM_OTHERS_no": "0", "QUICK_CHAdeMO_no": "0", "QUICK_CCS_DC_COMBO_no": "0", "QUICK_IEC62196_no": "0", "QUICK_GB_T20234_3_DC__no": "0", "QUICK_OTHERS_no": "0", "FAST_CHAdeMO_no": "0", "FAST_CCS_DC_COMBO_no": "0", "FAST_GB_T20234_3_DC__no": "0", "FAST_OTHERS_no": "0", "REMARK_FOR__OTHERS_": "-", "DATA_PATH": "-", "OBJECTID": 752, "total_chargers": 12 }, "geometry": { "type": "Point", "coordinates": [ 114.221172, 22.312797 ] } },
{ "type": "Feature", "properties": { "GmlID": "geotagging.753", "NAME_OF_DISTRICT_COUNCIL_DISTRICT_EN": "Kwun Tong", "LOCATION_EN": "Kwun Tong Plaza", "ADDRESS_EN": "68 Hoi Yuen Road, Kwun Tong", "NAME_OF_DISTRICT_COUNCIL_DISTRICT_TC": "觀塘區", "LOCATION_TC": "觀塘廣場", "ADDRESS_TC": "觀塘開源道68號", "NAME_OF_DISTRICT_COUNCIL_DISTRICT_SC": "观塘区", "LOCATION_SC": "观塘广场", "ADDRESS_SC": "观塘开源道68号", "STANDARD_BS1363_no": "0", "MEDIUM_CCS_DC_COMBO_no": "0", "MEDIUM_IEC62196_no": "5", "MEDIUM_SAEJ1772_no": "0", "MEDIUM_GB_T20234_2_AC__no": "0", "MEDIUM_OTHERS_no": "0", "QUICK_CHAdeMO_no": "0", "QUICK_CCS_DC_COMBO_no": "0", "QUICK_IEC62196_no": "0", "QUICK_GB_T20234_3_DC__no": "0", "QUICK_OTHERS_no": "0", "FAST_CHAdeMO_no": "0", "FAST_CCS_DC_COMBO_no": "0", "FAST_GB_T20234_3_DC__no": "0", "FAST_OTHERS_no": "0", "REMARK_FOR__OTHERS_": "-", "DATA_PATH": "-", "OBJECTID": 753, "total_chargers": 5 }, "geometry": { "type": "Point", "coordinates": [ 114.226112, 22.311284 ] } },
{ "type": "Feature", "properties": { "GmlID": "geotagging.754", "NAME_OF_DISTRICT_COUNCIL_DISTRICT_EN": "Southern", "LOCATION_EN": "Landmark South", "ADDRESS_EN": "39 Yip Kan Street, Wong Chuk Hang, Hong Kong", "NAME_OF_DISTRICT_COUNCIL_DISTRICT_TC": "南區", "LOCATION_TC": "Landmark South", "ADDRESS_TC": "香港黃竹坑業勤街39號", "NAME_OF_DISTRICT_COUNCIL_DISTRICT_SC": "南区", "LOCATION_SC": "Landmark South", "ADDRESS_SC": "香港黄竹坑业勤街39号", "STANDARD_BS1363_no": "0", "MEDIUM_CCS_DC_COMBO_no": "0", "MEDIUM_IEC62196_no": "110", "MEDIUM_SAEJ1772_no": "0", "MEDIUM_GB_T20234_2_AC__no": "0", "MEDIUM_OTHERS_no": "0", "QUICK_CHAdeMO_no": "0", "QUICK_CCS_DC_COMBO_no": "7", "QUICK_IEC62196_no": "0", "QUICK_GB_T20234_3_DC__no": "0", "QUICK_OTHERS_no": "0", "FAST_CHAdeMO_no": "0", "FAST_CCS_DC_COMBO_no": "0", "FAST_GB_T20234_3_DC__no": "0", "FAST_OTHERS_no": "0", "REMARK_FOR__OTHERS_": "-", "DATA_PATH": "-", "OBJECTID": 754, "total_chargers": 117 }, "geometry": { "type": "Point", "coordinates": [ 114.167088, 22.249277 ] } },
{ "type": "Feature", "properties": { "GmlID": "geotagging.755", "NAME_OF_DISTRICT_COUNCIL_DISTRICT_EN": "Yuen Long", "LOCATION_EN": "One North", "ADDRESS_EN": "8 Hong Yip Street, Yuen Long, New Territories", "NAME_OF_DISTRICT_COUNCIL_DISTRICT_TC": "元朗區", "LOCATION_TC": "朗壹廣場", "ADDRESS_TC": "元朗康業街8號", "NAME_OF_DISTRICT_COUNCIL_DISTRICT_SC": "元朗区", "LOCATION_SC": "朗壹广场", "ADDRESS_SC": "元朗康业街8号", "STANDARD_BS1363_no": "0", "MEDIUM_CCS_DC_COMBO_no": "0", "MEDIUM_IEC62196_no": "74", "MEDIUM_SAEJ1772_no": "0", "MEDIUM_GB_T20234_2_AC__no": "0", "MEDIUM_OTHERS_no": "0", "QUICK_CHAdeMO_no": "0", "QUICK_CCS_DC_COMBO_no": "7", "QUICK_IEC62196_no": "0", "QUICK_GB_T20234_3_DC__no": "0", "QUICK_OTHERS_no": "0", "FAST_CHAdeMO_no": "0", "FAST_CCS_DC_COMBO_no": "0", "FAST_GB_T20234_3_DC__no": "0", "FAST_OTHERS_no": "0", "REMARK_FOR__OTHERS_": "-", "DATA_PATH": "-", "OBJECTID": 755, "total_chargers": 81 }, "geometry": { "type": "Point", "coordinates": [ 114.029617, 22.450715 ] } },
{ "type": "Feature", "properties": { "GmlID": "geotagging.756", "NAME_OF_DISTRICT_COUNCIL_DISTRICT_EN": "Kwun Tong", "LOCATION_EN": "Millennium City 1", "ADDRESS_EN": "388 Kwun Tong Road, Kwun Tong", "NAME_OF_DISTRICT_COUNCIL_DISTRICT_TC": "觀塘區", "LOCATION_TC": "創紀之城1期", "ADDRESS_TC": "觀塘觀塘道388號", "NAME_OF_DISTRICT_COUNCIL_DISTRICT_SC": "观塘区", "LOCATION_SC": "创纪之城1期", "ADDRESS_SC": "观塘观塘道388号", "STANDARD_BS1363_no": "0", "MEDIUM_CCS_DC_COMBO_no": "0", "MEDIUM_IEC62196_no": "0", "MEDIUM_SAEJ1772_no": "0", "MEDIUM_GB_T20234_2_AC__no": "0", "MEDIUM_OTHERS_no": "0", "QUICK_CHAdeMO_no": "0", "QUICK_CCS_DC_COMBO_no": "2", "QUICK_IEC62196_no": "0", "QUICK_GB_T20234_3_DC__no": "0", "QUICK_OTHERS_no": "0", "FAST_CHAdeMO_no": "0", "FAST_CCS_DC_COMBO_no": "0", "FAST_GB_T20234_3_DC__no": "0", "FAST_OTHERS_no": "0", "REMARK_FOR__OTHERS_": "-", "DATA_PATH": "-", "OBJECTID": 756, "total_chargers": 2 }, "geometry": { "type": "Point", "coordinates": [ 114.221342, 22.31339 ] } },
{ "type": "Feature", "properties": { "GmlID": "geotagging.757", "NAME_OF_DISTRICT_COUNCIL_DISTRICT_EN": "Sham Shui Po", "LOCATION_EN": "Shek Kip Mei Park Sports Centre", "ADDRESS_EN": "Nam Shan Chuen Road, Sham Shui Po", "NAME_OF_DISTRICT_COUNCIL_DISTRICT_TC": "深水埗區", "LOCATION_TC": "石硤尾公園體育館停車場", "ADDRESS_TC": "深水埗南山邨道", "NAME_OF_DISTRICT_COUNCIL_DISTRICT_SC": "深水埗区", "LOCATION_SC": "石硖尾公园体育馆停车场", "ADDRESS_SC": "深水埗南山邨道", "STANDARD_BS1363_no": "0", "MEDIUM_CCS_DC_COMBO_no": "0", "MEDIUM_IEC62196_no": "1", "MEDIUM_SAEJ1772_no": "0", "MEDIUM_GB_T20234_2_AC__no": "0", "MEDIUM_OTHERS_no": "0", "QUICK_CHAdeMO_no": "0", "QUICK_CCS_DC_COMBO_no": "0", "QUICK_IEC62196_no": "0", "QUICK_GB_T20234_3_DC__no": "0", "QUICK_OTHERS_no": "0", "FAST_CHAdeMO_no": "0", "FAST_CCS_DC_COMBO_no": "0", "FAST_GB_T20234_3_DC__no": "0", "FAST_OTHERS_no": "0", "REMARK_FOR__OTHERS_": "-", "DATA_PATH": "https://ev-charger.epd.gov.hk/resource/ev_charger_avail/evca_ver_1_0.json", "OBJECTID": 757, "total_chargers": 1 }, "geometry": { "type": "Point", "coordinates": [ 114.170092, 22.336934 ] } },
{ "type": "Feature", "properties": { "GmlID": "geotagging.758", "NAME_OF_DISTRICT_COUNCIL_DISTRICT_EN": "Sham Shui Po", "LOCATION_EN": "Shek Kip Mei Park Stage Three", "ADDRESS_EN": "Nam Shan Chuen Road, Sham Shui Po", "NAME_OF_DISTRICT_COUNCIL_DISTRICT_TC": "深水埗區", "LOCATION_TC": "石硤尾公園第三期", "ADDRESS_TC": "深水埗南山邨道", "NAME_OF_DISTRICT_COUNCIL_DISTRICT_SC": "深水埗区", "LOCATION_SC": "石硖尾公园第三期", "ADDRESS_SC": "深水埗南山邨道", "STANDARD_BS1363_no": "0", "MEDIUM_CCS_DC_COMBO_no": "0", "MEDIUM_IEC62196_no": "1", "MEDIUM_SAEJ1772_no": "0", "MEDIUM_GB_T20234_2_AC__no": "0", "MEDIUM_OTHERS_no": "0", "QUICK_CHAdeMO_no": "0", "QUICK_CCS_DC_COMBO_no": "0", "QUICK_IEC62196_no": "0", "QUICK_GB_T20234_3_DC__no": "0", "QUICK_OTHERS_no": "0", "FAST_CHAdeMO_no": "0", "FAST_CCS_DC_COMBO_no": "0", "FAST_GB_T20234_3_DC__no": "0", "FAST_OTHERS_no": "0", "REMARK_FOR__OTHERS_": "-", "DATA_PATH": "https://ev-charger.epd.gov.hk/resource/ev_charger_avail/evca_ver_1_0.json", "OBJECTID": 758, "total_chargers": 1 }, "geometry": { "type": "Point", "coordinates": [ 114.170296, 22.335155 ] } },
{ "type": "Feature", "properties": { "GmlID": "geotagging.759", "NAME_OF_DISTRICT_COUNCIL_DISTRICT_EN": "Kwun Tong", "LOCATION_EN": "Ko Cheung Court Car Park", "ADDRESS_EN": "No.32 Ko Chiu Road, Yau Tong, Kowloon", "NAME_OF_DISTRICT_COUNCIL_DISTRICT_TC": "觀塘區", "LOCATION_TC": "高翔苑停車場", "ADDRESS_TC": "九龍油塘高超道32號", "NAME_OF_DISTRICT_COUNCIL_DISTRICT_SC": "观塘区", "LOCATION_SC": "高翔苑停车场", "ADDRESS_SC": "九龙油塘高超道32号", "STANDARD_BS1363_no": "0", "MEDIUM_CCS_DC_COMBO_no": "0", "MEDIUM_IEC62196_no": "15", "MEDIUM_SAEJ1772_no": "0", "MEDIUM_GB_T20234_2_AC__no": "0", "MEDIUM_OTHERS_no": "0", "QUICK_CHAdeMO_no": "0", "QUICK_CCS_DC_COMBO_no": "0", "QUICK_IEC62196_no": "0", "QUICK_GB_T20234_3_DC__no": "0", "QUICK_OTHERS_no": "0", "FAST_CHAdeMO_no": "0", "FAST_CCS_DC_COMBO_no": "0", "FAST_GB_T20234_3_DC__no": "0", "FAST_OTHERS_no": "0", "REMARK_FOR__OTHERS_": "-", "DATA_PATH": "-", "OBJECTID": 759, "total_chargers": 15 }, "geometry": { "type": "Point", "coordinates": [ 114.24045, 22.296321 ] } },
{ "type": "Feature", "properties": { "GmlID": "geotagging.760", "NAME_OF_DISTRICT_COUNCIL_DISTRICT_EN": "Wong Tai Sin", "LOCATION_EN": "Fu Shan Estate Car Park", "ADDRESS_EN": "Po Kong Village Rd, Diamond Hill", "NAME_OF_DISTRICT_COUNCIL_DISTRICT_TC": "黃大仙區", "LOCATION_TC": "富山邨停車場", "ADDRESS_TC": "鑽石山蒲崗村道", "NAME_OF_DISTRICT_COUNCIL_DISTRICT_SC": "黄大仙区", "LOCATION_SC": "富山邨停车场", "ADDRESS_SC": "钻石山蒲岗村道", "STANDARD_BS1363_no": "0", "MEDIUM_CCS_DC_COMBO_no": "0", "MEDIUM_IEC62196_no": "2", "MEDIUM_SAEJ1772_no": "0", "MEDIUM_GB_T20234_2_AC__no": "0", "MEDIUM_OTHERS_no": "0", "QUICK_CHAdeMO_no": "0", "QUICK_CCS_DC_COMBO_no": "0", "QUICK_IEC62196_no": "0", "QUICK_GB_T20234_3_DC__no": "0", "QUICK_OTHERS_no": "0", "FAST_CHAdeMO_no": "0", "FAST_CCS_DC_COMBO_no": "0", "FAST_GB_T20234_3_DC__no": "0", "FAST_OTHERS_no": "0", "REMARK_FOR__OTHERS_": "-", "DATA_PATH": "-", "OBJECTID": 760, "total_chargers": 2 }, "geometry": { "type": "Point", "coordinates": [ 114.208713, 22.342684 ] } },
{ "type": "Feature", "properties": { "GmlID": "geotagging.761", "NAME_OF_DISTRICT_COUNCIL_DISTRICT_EN": "Kwun Tong", "LOCATION_EN": "Hong Wah Court Car Park", "ADDRESS_EN": "No.2 Lin Tak Road, Lam Tin, Kowloon", "NAME_OF_DISTRICT_COUNCIL_DISTRICT_TC": "觀塘區", "LOCATION_TC": "康華苑停車場", "ADDRESS_TC": "九龍藍田連德道2號", "NAME_OF_DISTRICT_COUNCIL_DISTRICT_SC": "观塘区", "LOCATION_SC": "康华苑停车场", "ADDRESS_SC": "九龙蓝田连德道2号", "STANDARD_BS1363_no": "0", "MEDIUM_CCS_DC_COMBO_no": "0", "MEDIUM_IEC62196_no": "2", "MEDIUM_SAEJ1772_no": "0", "MEDIUM_GB_T20234_2_AC__no": "0", "MEDIUM_OTHERS_no": "0", "QUICK_CHAdeMO_no": "0", "QUICK_CCS_DC_COMBO_no": "0", "QUICK_IEC62196_no": "0", "QUICK_GB_T20234_3_DC__no": "0", "QUICK_OTHERS_no": "0", "FAST_CHAdeMO_no": "0", "FAST_CCS_DC_COMBO_no": "0", "FAST_GB_T20234_3_DC__no": "0", "FAST_OTHERS_no": "0", "REMARK_FOR__OTHERS_": "-", "DATA_PATH": "-", "OBJECTID": 761, "total_chargers": 2 }, "geometry": { "type": "Point", "coordinates": [ 114.240088, 22.313959 ] } },
{ "type": "Feature", "properties": { "GmlID": "geotagging.762", "NAME_OF_DISTRICT_COUNCIL_DISTRICT_EN": "Wong Tai Sin", "LOCATION_EN": "Lung Poon Court Car Park", "ADDRESS_EN": "8 Lung Poon Street, Diamond Hill, Kowloon", "NAME_OF_DISTRICT_COUNCIL_DISTRICT_TC": "黃大仙區", "LOCATION_TC": "龍蟠苑停車場", "ADDRESS_TC": "九龍鑽石山龍蟠街8號", "NAME_OF_DISTRICT_COUNCIL_DISTRICT_SC": "黄大仙区", "LOCATION_SC": "龙蟠苑停车场", "ADDRESS_SC": "九龙钻石山龙蟠街8号", "STANDARD_BS1363_no": "0", "MEDIUM_CCS_DC_COMBO_no": "0", "MEDIUM_IEC62196_no": "10", "MEDIUM_SAEJ1772_no": "0", "MEDIUM_GB_T20234_2_AC__no": "0", "MEDIUM_OTHERS_no": "0", "QUICK_CHAdeMO_no": "0", "QUICK_CCS_DC_COMBO_no": "0", "QUICK_IEC62196_no": "0", "QUICK_GB_T20234_3_DC__no": "0", "QUICK_OTHERS_no": "0", "FAST_CHAdeMO_no": "0", "FAST_CCS_DC_COMBO_no": "0", "FAST_GB_T20234_3_DC__no": "0", "FAST_OTHERS_no": "0", "REMARK_FOR__OTHERS_": "-", "DATA_PATH": "-", "OBJECTID": 762, "total_chargers": 10 }, "geometry": { "type": "Point", "coordinates": [ 114.200296, 22.341739 ] } },
{ "type": "Feature", "properties": { "GmlID": "geotagging.763", "NAME_OF_DISTRICT_COUNCIL_DISTRICT_EN": "Eastern", "LOCATION_EN": "Harbour North Phase 2 & 3 B2/F Zone B", "ADDRESS_EN": "123 Java Road, North Point (Phase 2) ; 133 Java Road, North Point (Phase 3)", "NAME_OF_DISTRICT_COUNCIL_DISTRICT_TC": "東區", "LOCATION_TC": "北角匯二至三期 B2/F B 區", "ADDRESS_TC": "北角渣華道123號 (二期)；北角渣華道133號 (三期)", "NAME_OF_DISTRICT_COUNCIL_DISTRICT_SC": "东区", "LOCATION_SC": "北角汇二至三期 B2/F B 区", "ADDRESS_SC": "北角渣华道123号 (二期)；北角渣华道133号 (三期)", "STANDARD_BS1363_no": "0", "MEDIUM_CCS_DC_COMBO_no": "0", "MEDIUM_IEC62196_no": "0", "MEDIUM_SAEJ1772_no": "0", "MEDIUM_GB_T20234_2_AC__no": "0", "MEDIUM_OTHERS_no": "0", "QUICK_CHAdeMO_no": "0", "QUICK_CCS_DC_COMBO_no": "4", "QUICK_IEC62196_no": "0", "QUICK_GB_T20234_3_DC__no": "0", "QUICK_OTHERS_no": "0", "FAST_CHAdeMO_no": "0", "FAST_CCS_DC_COMBO_no": "0", "FAST_GB_T20234_3_DC__no": "0", "FAST_OTHERS_no": "0", "REMARK_FOR__OTHERS_": "-", "DATA_PATH": "-", "OBJECTID": 763, "total_chargers": 4 }, "geometry": { "type": "Point", "coordinates": [ 114.202073, 22.293203 ] } },
{ "type": "Feature", "properties": { "GmlID": "geotagging.764", "NAME_OF_DISTRICT_COUNCIL_DISTRICT_EN": "Central & Western", "LOCATION_EN": "The Belcher's Car Park", "ADDRESS_EN": "8 Belcher's Street, Sai Wan, Hong Kong", "NAME_OF_DISTRICT_COUNCIL_DISTRICT_TC": "中西區", "LOCATION_TC": "寶翠園停車場", "ADDRESS_TC": "香港西環卑路乍街8號", "NAME_OF_DISTRICT_COUNCIL_DISTRICT_SC": "中西区", "LOCATION_SC": "宝翠园停车场", "ADDRESS_SC": "香港西环卑路乍街8号", "STANDARD_BS1363_no": "0", "MEDIUM_CCS_DC_COMBO_no": "0", "MEDIUM_IEC62196_no": "9", "MEDIUM_SAEJ1772_no": "0", "MEDIUM_GB_T20234_2_AC__no": "0", "MEDIUM_OTHERS_no": "0", "QUICK_CHAdeMO_no": "0", "QUICK_CCS_DC_COMBO_no": "4", "QUICK_IEC62196_no": "0", "QUICK_GB_T20234_3_DC__no": "0", "QUICK_OTHERS_no": "0", "FAST_CHAdeMO_no": "0", "FAST_CCS_DC_COMBO_no": "0", "FAST_GB_T20234_3_DC__no": "0", "FAST_OTHERS_no": "0", "REMARK_FOR__OTHERS_": "-", "DATA_PATH": "-", "OBJECTID": 764, "total_chargers": 13 }, "geometry": { "type": "Point", "coordinates": [ 114.133275, 22.285936 ] } },
{ "type": "Feature", "properties": { "GmlID": "geotagging.765", "NAME_OF_DISTRICT_COUNCIL_DISTRICT_EN": "Southern", "LOCATION_EN": "Hundsun International Center", "ADDRESS_EN": "44 Heung Yip Road, Wong Chuk Hang, Hong Kong", "NAME_OF_DISTRICT_COUNCIL_DISTRICT_TC": "南區", "LOCATION_TC": "恒雲國際中心", "ADDRESS_TC": "黃竹坑香葉道44號", "NAME_OF_DISTRICT_COUNCIL_DISTRICT_SC": "南区", "LOCATION_SC": "恒云国际中心", "ADDRESS_SC": "黄竹坑香叶道44号", "STANDARD_BS1363_no": "0", "MEDIUM_CCS_DC_COMBO_no": "0", "MEDIUM_IEC62196_no": "0", "MEDIUM_SAEJ1772_no": "0", "MEDIUM_GB_T20234_2_AC__no": "0", "MEDIUM_OTHERS_no": "0", "QUICK_CHAdeMO_no": "0", "QUICK_CCS_DC_COMBO_no": "2", "QUICK_IEC62196_no": "0", "QUICK_GB_T20234_3_DC__no": "0", "QUICK_OTHERS_no": "0", "FAST_CHAdeMO_no": "0", "FAST_CCS_DC_COMBO_no": "0", "FAST_GB_T20234_3_DC__no": "0", "FAST_OTHERS_no": "0", "REMARK_FOR__OTHERS_": "-", "DATA_PATH": "-", "OBJECTID": 765, "total_chargers": 2 }, "geometry": { "type": "Point", "coordinates": [ 114.163061, 22.24803 ] } },
{ "type": "Feature", "properties": { "GmlID": "geotagging.766", "NAME_OF_DISTRICT_COUNCIL_DISTRICT_EN": "North", "LOCATION_EN": "Sha Tau Kwok Farm Charging Point", "ADDRESS_EN": "Sha Tau Kwok Farm", "NAME_OF_DISTRICT_COUNCIL_DISTRICT_TC": "北區", "LOCATION_TC": "沙頭角農莊充電站", "ADDRESS_TC": "沙頭角農莊", "NAME_OF_DISTRICT_COUNCIL_DISTRICT_SC": "北区", "LOCATION_SC": "沙头角农庄充电站", "ADDRESS_SC": "沙头角农庄", "STANDARD_BS1363_no": "0", "MEDIUM_CCS_DC_COMBO_no": "0", "MEDIUM_IEC62196_no": "0", "MEDIUM_SAEJ1772_no": "0", "MEDIUM_GB_T20234_2_AC__no": "0", "MEDIUM_OTHERS_no": "0", "QUICK_CHAdeMO_no": "0", "QUICK_CCS_DC_COMBO_no": "7", "QUICK_IEC62196_no": "0", "QUICK_GB_T20234_3_DC__no": "0", "QUICK_OTHERS_no": "0", "FAST_CHAdeMO_no": "0", "FAST_CCS_DC_COMBO_no": "0", "FAST_GB_T20234_3_DC__no": "0", "FAST_OTHERS_no": "0", "REMARK_FOR__OTHERS_": "-", "DATA_PATH": "-", "OBJECTID": 766, "total_chargers": 7 }, "geometry": { "type": "Point", "coordinates": [ 114.213156, 22.538983 ] } },
{ "type": "Feature", "properties": { "GmlID": "geotagging.767", "NAME_OF_DISTRICT_COUNCIL_DISTRICT_EN": "Southern", "LOCATION_EN": "E Tat Factory Building", "ADDRESS_EN": "4 Heung Yip Road, Wong Chuk Hang, Hong Kong", "NAME_OF_DISTRICT_COUNCIL_DISTRICT_TC": "南區", "LOCATION_TC": "怡達工業大廈", "ADDRESS_TC": "黃竹坑香葉道4號", "NAME_OF_DISTRICT_COUNCIL_DISTRICT_SC": "南区", "LOCATION_SC": "怡达工业大厦", "ADDRESS_SC": "黄竹坑香叶道4号", "STANDARD_BS1363_no": "0", "MEDIUM_CCS_DC_COMBO_no": "0", "MEDIUM_IEC62196_no": "0", "MEDIUM_SAEJ1772_no": "0", "MEDIUM_GB_T20234_2_AC__no": "0", "MEDIUM_OTHERS_no": "0", "QUICK_CHAdeMO_no": "0", "QUICK_CCS_DC_COMBO_no": "5", "QUICK_IEC62196_no": "0", "QUICK_GB_T20234_3_DC__no": "0", "QUICK_OTHERS_no": "0", "FAST_CHAdeMO_no": "0", "FAST_CCS_DC_COMBO_no": "0", "FAST_GB_T20234_3_DC__no": "0", "FAST_OTHERS_no": "0", "REMARK_FOR__OTHERS_": "-", "DATA_PATH": "-", "OBJECTID": 767, "total_chargers": 5 }, "geometry": { "type": "Point", "coordinates": [ 114.168452, 22.248723 ] } },
{ "type": "Feature", "properties": { "GmlID": "geotagging.768", "NAME_OF_DISTRICT_COUNCIL_DISTRICT_EN": "Kwai Tsing", "LOCATION_EN": "So Tao Centre", "ADDRESS_EN": "11 Kwai Sau Rd, Kwai Chung", "NAME_OF_DISTRICT_COUNCIL_DISTRICT_TC": "葵青區", "LOCATION_TC": "蘇濤工商中心", "ADDRESS_TC": "葵涌葵秀路11號蘇濤工商中心", "NAME_OF_DISTRICT_COUNCIL_DISTRICT_SC": "葵青区", "LOCATION_SC": "苏涛工商中心", "ADDRESS_SC": "葵涌葵秀路11号苏涛工商中心", "STANDARD_BS1363_no": "0", "MEDIUM_CCS_DC_COMBO_no": "0", "MEDIUM_IEC62196_no": "0", "MEDIUM_SAEJ1772_no": "0", "MEDIUM_GB_T20234_2_AC__no": "0", "MEDIUM_OTHERS_no": "0", "QUICK_CHAdeMO_no": "0", "QUICK_CCS_DC_COMBO_no": "3", "QUICK_IEC62196_no": "0", "QUICK_GB_T20234_3_DC__no": "0", "QUICK_OTHERS_no": "0", "FAST_CHAdeMO_no": "0", "FAST_CCS_DC_COMBO_no": "0", "FAST_GB_T20234_3_DC__no": "0", "FAST_OTHERS_no": "0", "REMARK_FOR__OTHERS_": "-", "DATA_PATH": "-", "OBJECTID": 768, "total_chargers": 3 }, "geometry": { "type": "Point", "coordinates": [ 114.134228, 22.365893 ] } },
{ "type": "Feature", "properties": { "GmlID": "geotagging.769", "NAME_OF_DISTRICT_COUNCIL_DISTRICT_EN": "Tsuen Wan", "LOCATION_EN": "Fu Yuen Industrial Building", "ADDRESS_EN": "18-22 FUI YIU KOK STREET", "NAME_OF_DISTRICT_COUNCIL_DISTRICT_TC": "荃灣區", "LOCATION_TC": "富源工業大廈", "ADDRESS_TC": "灰窰角街 18-22號", "NAME_OF_DISTRICT_COUNCIL_DISTRICT_SC": "荃湾区", "LOCATION_SC": "富源工业大厦", "ADDRESS_SC": "灰窑角街 18-22号", "STANDARD_BS1363_no": "0", "MEDIUM_CCS_DC_COMBO_no": "0", "MEDIUM_IEC62196_no": "0", "MEDIUM_SAEJ1772_no": "0", "MEDIUM_GB_T20234_2_AC__no": "0", "MEDIUM_OTHERS_no": "0", "QUICK_CHAdeMO_no": "0", "QUICK_CCS_DC_COMBO_no": "6", "QUICK_IEC62196_no": "0", "QUICK_GB_T20234_3_DC__no": "0", "QUICK_OTHERS_no": "0", "FAST_CHAdeMO_no": "0", "FAST_CCS_DC_COMBO_no": "0", "FAST_GB_T20234_3_DC__no": "0", "FAST_OTHERS_no": "0", "REMARK_FOR__OTHERS_": "-", "DATA_PATH": "-", "OBJECTID": 769, "total_chargers": 6 }, "geometry": { "type": "Point", "coordinates": [ 114.11724, 22.366277 ] } },
{ "type": "Feature", "properties": { "GmlID": "geotagging.770", "NAME_OF_DISTRICT_COUNCIL_DISTRICT_EN": "Kwun Tong", "LOCATION_EN": "143 Wai Yip Street", "ADDRESS_EN": "143 Wai Yip Street, Kwun Tong", "NAME_OF_DISTRICT_COUNCIL_DISTRICT_TC": "觀塘區", "LOCATION_TC": "偉業街143號", "ADDRESS_TC": "觀塘偉業街143號", "NAME_OF_DISTRICT_COUNCIL_DISTRICT_SC": "观塘区", "LOCATION_SC": "伟业街143号", "ADDRESS_SC": "观塘伟业街143号", "STANDARD_BS1363_no": "0", "MEDIUM_CCS_DC_COMBO_no": "0", "MEDIUM_IEC62196_no": "0", "MEDIUM_SAEJ1772_no": "0", "MEDIUM_GB_T20234_2_AC__no": "0", "MEDIUM_OTHERS_no": "0", "QUICK_CHAdeMO_no": "0", "QUICK_CCS_DC_COMBO_no": "6", "QUICK_IEC62196_no": "0", "QUICK_GB_T20234_3_DC__no": "0", "QUICK_OTHERS_no": "0", "FAST_CHAdeMO_no": "0", "FAST_CCS_DC_COMBO_no": "0", "FAST_GB_T20234_3_DC__no": "0", "FAST_OTHERS_no": "0", "REMARK_FOR__OTHERS_": "-", "DATA_PATH": "-", "OBJECTID": 770, "total_chargers": 6 }, "geometry": { "type": "Point", "coordinates": [ 114.218233, 22.313294 ] } },
{ "type": "Feature", "properties": { "GmlID": "geotagging.771", "NAME_OF_DISTRICT_COUNCIL_DISTRICT_EN": "Sai Kung", "LOCATION_EN": "Pak Kong Charging Point", "ADDRESS_EN": "DD217 Lot870 Cp1-18, Hiram's Highway, Pak Kong, Sai Kung, New Territories", "NAME_OF_DISTRICT_COUNCIL_DISTRICT_TC": "西貢區", "LOCATION_TC": "北港充電站", "ADDRESS_TC": "西貢大涌口56號對出", "NAME_OF_DISTRICT_COUNCIL_DISTRICT_SC": "西贡区", "LOCATION_SC": "北港充电站", "ADDRESS_SC": "西贡大涌口56号对出", "STANDARD_BS1363_no": "0", "MEDIUM_CCS_DC_COMBO_no": "0", "MEDIUM_IEC62196_no": "3", "MEDIUM_SAEJ1772_no": "0", "MEDIUM_GB_T20234_2_AC__no": "0", "MEDIUM_OTHERS_no": "0", "QUICK_CHAdeMO_no": "0", "QUICK_CCS_DC_COMBO_no": "6", "QUICK_IEC62196_no": "0", "QUICK_GB_T20234_3_DC__no": "0", "QUICK_OTHERS_no": "0", "FAST_CHAdeMO_no": "0", "FAST_CCS_DC_COMBO_no": "0", "FAST_GB_T20234_3_DC__no": "0", "FAST_OTHERS_no": "0", "REMARK_FOR__OTHERS_": "-", "DATA_PATH": "-", "OBJECTID": 771, "total_chargers": 9 }, "geometry": { "type": "Point", "coordinates": [ 114.26084, 22.37454 ] } },
{ "type": "Feature", "properties": { "GmlID": "geotagging.772", "NAME_OF_DISTRICT_COUNCIL_DISTRICT_EN": "Yuen Long", "LOCATION_EN": "Kam Sheung Garden", "ADDRESS_EN": "DD112 Lot 223SA, Lai Uk Tsuen, Kam Tin, Yuen Long, New Territories", "NAME_OF_DISTRICT_COUNCIL_DISTRICT_TC": "元朗區", "LOCATION_TC": "錦上園藝", "ADDRESS_TC": "DD112 LOT223SA", "NAME_OF_DISTRICT_COUNCIL_DISTRICT_SC": "元朗区", "LOCATION_SC": "锦上园艺", "ADDRESS_SC": "DD112 LOT223SA", "STANDARD_BS1363_no": "0", "MEDIUM_CCS_DC_COMBO_no": "0", "MEDIUM_IEC62196_no": "0", "MEDIUM_SAEJ1772_no": "0", "MEDIUM_GB_T20234_2_AC__no": "0", "MEDIUM_OTHERS_no": "0", "QUICK_CHAdeMO_no": "0", "QUICK_CCS_DC_COMBO_no": "0", "QUICK_IEC62196_no": "4", "QUICK_GB_T20234_3_DC__no": "0", "QUICK_OTHERS_no": "0", "FAST_CHAdeMO_no": "0", "FAST_CCS_DC_COMBO_no": "0", "FAST_GB_T20234_3_DC__no": "0", "FAST_OTHERS_no": "0", "REMARK_FOR__OTHERS_": "-", "DATA_PATH": "-", "OBJECTID": 772, "total_chargers": 4 }, "geometry": { "type": "Point", "coordinates": [ 114.09173, 22.42987 ] } },
{ "type": "Feature", "properties": { "GmlID": "geotagging.773", "NAME_OF_DISTRICT_COUNCIL_DISTRICT_EN": "Yuen Long", "LOCATION_EN": "Shui Lau Tin Fast Charging Point", "ADDRESS_EN": "DD 112 LOT 631 RP, Shui Lau Tin Tsuen, Pat Heung, Yuen Long, New Territories", "NAME_OF_DISTRICT_COUNCIL_DISTRICT_TC": "元朗區", "LOCATION_TC": "水流田快充站", "ADDRESS_TC": "DD112 LOT631RP, 元朗八鄉水流田村16B號對出", "NAME_OF_DISTRICT_COUNCIL_DISTRICT_SC": "元朗区", "LOCATION_SC": "水流田快充站", "ADDRESS_SC": "DD112 LOT631RP, 元朗八乡水流田村16B号对出", "STANDARD_BS1363_no": "0", "MEDIUM_CCS_DC_COMBO_no": "0", "MEDIUM_IEC62196_no": "0", "MEDIUM_SAEJ1772_no": "0", "MEDIUM_GB_T20234_2_AC__no": "0", "MEDIUM_OTHERS_no": "0", "QUICK_CHAdeMO_no": "0", "QUICK_CCS_DC_COMBO_no": "6", "QUICK_IEC62196_no": "0", "QUICK_GB_T20234_3_DC__no": "0", "QUICK_OTHERS_no": "0", "FAST_CHAdeMO_no": "0", "FAST_CCS_DC_COMBO_no": "0", "FAST_GB_T20234_3_DC__no": "0", "FAST_OTHERS_no": "0", "REMARK_FOR__OTHERS_": "-", "DATA_PATH": "-", "OBJECTID": 773, "total_chargers": 6 }, "geometry": { "type": "Point", "coordinates": [ 114.082511, 22.431567 ] } },
{ "type": "Feature", "properties": { "GmlID": "geotagging.774", "NAME_OF_DISTRICT_COUNCIL_DISTRICT_EN": "Wong Tai Sin", "LOCATION_EN": "Perfect Industrial Building", "ADDRESS_EN": "G/F, Perfect Industrial Building, 31 Tai Yau St, San Po Kong", "NAME_OF_DISTRICT_COUNCIL_DISTRICT_TC": "黃大仙區", "LOCATION_TC": "新蒲崗善美工業大廈", "ADDRESS_TC": "新蒲崗大有街31號善美工業大廈(八達街入口)", "NAME_OF_DISTRICT_COUNCIL_DISTRICT_SC": "黄大仙区", "LOCATION_SC": "新蒲岗善美工业大厦", "ADDRESS_SC": "新蒲岗大有街31号善美工业大厦（八达街入口）", "STANDARD_BS1363_no": "0", "MEDIUM_CCS_DC_COMBO_no": "0", "MEDIUM_IEC62196_no": "0", "MEDIUM_SAEJ1772_no": "0", "MEDIUM_GB_T20234_2_AC__no": "0", "MEDIUM_OTHERS_no": "0", "QUICK_CHAdeMO_no": "0", "QUICK_CCS_DC_COMBO_no": "10", "QUICK_IEC62196_no": "0", "QUICK_GB_T20234_3_DC__no": "0", "QUICK_OTHERS_no": "0", "FAST_CHAdeMO_no": "0", "FAST_CCS_DC_COMBO_no": "0", "FAST_GB_T20234_3_DC__no": "0", "FAST_OTHERS_no": "0", "REMARK_FOR__OTHERS_": "-", "DATA_PATH": "-", "OBJECTID": 774, "total_chargers": 10 }, "geometry": { "type": "Point", "coordinates": [ 114.198179, 22.336838 ] } },
{ "type": "Feature", "properties": { "GmlID": "geotagging.775", "NAME_OF_DISTRICT_COUNCIL_DISTRICT_EN": "Sai Kung", "LOCATION_EN": "3 Shek Kok Rd., Tseung Kwan O", "ADDRESS_EN": "3 Shek Kok Rd., Tseung Kwan O, New Territories", "NAME_OF_DISTRICT_COUNCIL_DISTRICT_TC": "西貢區", "LOCATION_TC": "將軍澳石角路3號", "ADDRESS_TC": "將軍澳日出康城石角路3號", "NAME_OF_DISTRICT_COUNCIL_DISTRICT_SC": "西贡区", "LOCATION_SC": "將軍澳石角路3號", "ADDRESS_SC": "将军澳日出康城石角路3号", "STANDARD_BS1363_no": "0", "MEDIUM_CCS_DC_COMBO_no": "0", "MEDIUM_IEC62196_no": "0", "MEDIUM_SAEJ1772_no": "0", "MEDIUM_GB_T20234_2_AC__no": "0", "MEDIUM_OTHERS_no": "0", "QUICK_CHAdeMO_no": "0", "QUICK_CCS_DC_COMBO_no": "2", "QUICK_IEC62196_no": "0", "QUICK_GB_T20234_3_DC__no": "0", "QUICK_OTHERS_no": "0", "FAST_CHAdeMO_no": "0", "FAST_CCS_DC_COMBO_no": "0", "FAST_GB_T20234_3_DC__no": "0", "FAST_OTHERS_no": "0", "REMARK_FOR__OTHERS_": "-", "DATA_PATH": "-", "OBJECTID": 775, "total_chargers": 2 }, "geometry": { "type": "Point", "coordinates": [ 114.27297, 22.297578 ] } },
{ "type": "Feature", "properties": { "GmlID": "geotagging.776", "NAME_OF_DISTRICT_COUNCIL_DISTRICT_EN": "Yuen Long", "LOCATION_EN": "No.132, Tung Shing Lei, Yuen Long", "ADDRESS_EN": "No.132, Tung Shing Lei, Yuen Long", "NAME_OF_DISTRICT_COUNCIL_DISTRICT_TC": "元朗區", "LOCATION_TC": "元朗東成里132號", "ADDRESS_TC": "元朗東成里132號", "NAME_OF_DISTRICT_COUNCIL_DISTRICT_SC": "元朗区", "LOCATION_SC": "元朗東成里132号", "ADDRESS_SC": "元朗東成里132号", "STANDARD_BS1363_no": "0", "MEDIUM_CCS_DC_COMBO_no": "0", "MEDIUM_IEC62196_no": "0", "MEDIUM_SAEJ1772_no": "0", "MEDIUM_GB_T20234_2_AC__no": "0", "MEDIUM_OTHERS_no": "0", "QUICK_CHAdeMO_no": "0", "QUICK_CCS_DC_COMBO_no": "8", "QUICK_IEC62196_no": "0", "QUICK_GB_T20234_3_DC__no": "0", "QUICK_OTHERS_no": "0", "FAST_CHAdeMO_no": "0", "FAST_CCS_DC_COMBO_no": "0", "FAST_GB_T20234_3_DC__no": "0", "FAST_OTHERS_no": "0", "REMARK_FOR__OTHERS_": "-", "DATA_PATH": "-", "OBJECTID": 776, "total_chargers": 8 }, "geometry": { "type": "Point", "coordinates": [ 114.0438, 22.44526 ] } },
{ "type": "Feature", "properties": { "GmlID": "geotagging.777", "NAME_OF_DISTRICT_COUNCIL_DISTRICT_EN": "Kwun Tong", "LOCATION_EN": "Sui Tai Wai Kee Plaza", "ADDRESS_EN": "25 Hung To Rd, Kwun Tong", "NAME_OF_DISTRICT_COUNCIL_DISTRICT_TC": "觀塘區", "LOCATION_TC": "瑞泰偉基商業廣場", "ADDRESS_TC": "觀塘鴻圖道25號", "NAME_OF_DISTRICT_COUNCIL_DISTRICT_SC": "观塘区", "LOCATION_SC": "瑞泰伟基商业广场", "ADDRESS_SC": "观塘鸿图道25号", "STANDARD_BS1363_no": "0", "MEDIUM_CCS_DC_COMBO_no": "0", "MEDIUM_IEC62196_no": "0", "MEDIUM_SAEJ1772_no": "0", "MEDIUM_GB_T20234_2_AC__no": "0", "MEDIUM_OTHERS_no": "0", "QUICK_CHAdeMO_no": "0", "QUICK_CCS_DC_COMBO_no": "8", "QUICK_IEC62196_no": "0", "QUICK_GB_T20234_3_DC__no": "0", "QUICK_OTHERS_no": "0", "FAST_CHAdeMO_no": "0", "FAST_CCS_DC_COMBO_no": "0", "FAST_GB_T20234_3_DC__no": "0", "FAST_OTHERS_no": "0", "REMARK_FOR__OTHERS_": "-", "DATA_PATH": "-", "OBJECTID": 777, "total_chargers": 8 }, "geometry": { "type": "Point", "coordinates": [ 114.220227, 22.313114 ] } },
{ "type": "Feature", "properties": { "GmlID": "geotagging.778", "NAME_OF_DISTRICT_COUNCIL_DISTRICT_EN": "Yuen Long", "LOCATION_EN": "Yoho Mall I Zone C, D  I C, D", "ADDRESS_EN": "Castle Peak Road - Yuen Long", "NAME_OF_DISTRICT_COUNCIL_DISTRICT_TC": "元朗區", "LOCATION_TC": "形點 I (C, D區)", "ADDRESS_TC": "青山公路-元朗段", "NAME_OF_DISTRICT_COUNCIL_DISTRICT_SC": "元朗区", "LOCATION_SC": "形点 I (C, D区)", "ADDRESS_SC": "青山公路-元朗段", "STANDARD_BS1363_no": "0", "MEDIUM_CCS_DC_COMBO_no": "0", "MEDIUM_IEC62196_no": "3", "MEDIUM_SAEJ1772_no": "0", "MEDIUM_GB_T20234_2_AC__no": "0", "MEDIUM_OTHERS_no": "0", "QUICK_CHAdeMO_no": "0", "QUICK_CCS_DC_COMBO_no": "7", "QUICK_IEC62196_no": "0", "QUICK_GB_T20234_3_DC__no": "0", "QUICK_OTHERS_no": "0", "FAST_CHAdeMO_no": "0", "FAST_CCS_DC_COMBO_no": "0", "FAST_GB_T20234_3_DC__no": "0", "FAST_OTHERS_no": "0", "REMARK_FOR__OTHERS_": "-", "DATA_PATH": "-", "OBJECTID": 778, "total_chargers": 10 }, "geometry": { "type": "Point", "coordinates": [ 114.03793, 22.444997 ] } },
{ "type": "Feature", "properties": { "GmlID": "geotagging.779", "NAME_OF_DISTRICT_COUNCIL_DISTRICT_EN": "Yuen Long", "LOCATION_EN": "Pok Oi Hospital Bus Stop", "ADDRESS_EN": "Au Tau, Yuen Long, N.T.", "NAME_OF_DISTRICT_COUNCIL_DISTRICT_TC": "元朗區", "LOCATION_TC": "博愛醫院巴士站", "ADDRESS_TC": "新界元朗坳頭", "NAME_OF_DISTRICT_COUNCIL_DISTRICT_SC": "元朗区", "LOCATION_SC": "博爱医院巴士站", "ADDRESS_SC": "新界元朗坳头", "STANDARD_BS1363_no": "0", "MEDIUM_CCS_DC_COMBO_no": "0", "MEDIUM_IEC62196_no": "7", "MEDIUM_SAEJ1772_no": "0", "MEDIUM_GB_T20234_2_AC__no": "0", "MEDIUM_OTHERS_no": "0", "QUICK_CHAdeMO_no": "0", "QUICK_CCS_DC_COMBO_no": "5", "QUICK_IEC62196_no": "2", "QUICK_GB_T20234_3_DC__no": "0", "QUICK_OTHERS_no": "0", "FAST_CHAdeMO_no": "0", "FAST_CCS_DC_COMBO_no": "0", "FAST_GB_T20234_3_DC__no": "0", "FAST_OTHERS_no": "0", "REMARK_FOR__OTHERS_": "-", "DATA_PATH": "-", "OBJECTID": 779, "total_chargers": 14 }, "geometry": { "type": "Point", "coordinates": [ 114.04053, 22.444622 ] } },
{ "type": "Feature", "properties": { "GmlID": "geotagging.780", "NAME_OF_DISTRICT_COUNCIL_DISTRICT_EN": "Kwai Tsing", "LOCATION_EN": "3758 Tsing Yi Hong Wan Rd, Tsing Yi", "ADDRESS_EN": "3758 Tsing Yi Hong Wan Rd, Tsing Yi", "NAME_OF_DISTRICT_COUNCIL_DISTRICT_TC": "葵青區", "LOCATION_TC": "青衣青衣航運路3758號", "ADDRESS_TC": "青衣青衣航運路3758號", "NAME_OF_DISTRICT_COUNCIL_DISTRICT_SC": "葵青区", "LOCATION_SC": "青衣青衣航运路3758号", "ADDRESS_SC": "青衣青衣航运路3758号", "STANDARD_BS1363_no": "0", "MEDIUM_CCS_DC_COMBO_no": "0", "MEDIUM_IEC62196_no": "0", "MEDIUM_SAEJ1772_no": "0", "MEDIUM_GB_T20234_2_AC__no": "0", "MEDIUM_OTHERS_no": "0", "QUICK_CHAdeMO_no": "0", "QUICK_CCS_DC_COMBO_no": "10", "QUICK_IEC62196_no": "0", "QUICK_GB_T20234_3_DC__no": "0", "QUICK_OTHERS_no": "0", "FAST_CHAdeMO_no": "0", "FAST_CCS_DC_COMBO_no": "10", "FAST_GB_T20234_3_DC__no": "3", "FAST_OTHERS_no": "0", "REMARK_FOR__OTHERS_": "-", "DATA_PATH": "https://ev-charger.epd.gov.hk/resource/ev_charger_avail/evca_ver_1_0.json", "OBJECTID": 780, "total_chargers": 23 }, "geometry": { "type": "Point", "coordinates": [ 114.11192, 22.32924 ] } },
{ "type": "Feature", "properties": { "GmlID": "geotagging.781", "NAME_OF_DISTRICT_COUNCIL_DISTRICT_EN": "Yuen Long", "LOCATION_EN": "Tin Sum Tsuen Tin Ha Road Charging Point", "ADDRESS_EN": "Tin Ha Road, Tin Sum Tsuen, Hung Shui Kiu", "NAME_OF_DISTRICT_COUNCIL_DISTRICT_TC": "元朗區", "LOCATION_TC": "田廈路田心村充電站", "ADDRESS_TC": "洪水橋田廈路田心村", "NAME_OF_DISTRICT_COUNCIL_DISTRICT_SC": "元朗区", "LOCATION_SC": "田厦路田心村充电站", "ADDRESS_SC": "洪水桥田厦路田心村", "STANDARD_BS1363_no": "0", "MEDIUM_CCS_DC_COMBO_no": "0", "MEDIUM_IEC62196_no": "0", "MEDIUM_SAEJ1772_no": "0", "MEDIUM_GB_T20234_2_AC__no": "0", "MEDIUM_OTHERS_no": "0", "QUICK_CHAdeMO_no": "0", "QUICK_CCS_DC_COMBO_no": "6", "QUICK_IEC62196_no": "0", "QUICK_GB_T20234_3_DC__no": "0", "QUICK_OTHERS_no": "0", "FAST_CHAdeMO_no": "0", "FAST_CCS_DC_COMBO_no": "4", "FAST_GB_T20234_3_DC__no": "2", "FAST_OTHERS_no": "0", "REMARK_FOR__OTHERS_": "-", "DATA_PATH": "https://ev-charger.epd.gov.hk/resource/ev_charger_avail/evca_ver_1_0.json", "OBJECTID": 781, "total_chargers": 12 }, "geometry": { "type": "Point", "coordinates": [ 113.99253, 22.43363 ] } },
{ "type": "Feature", "properties": { "GmlID": "geotagging.782", "NAME_OF_DISTRICT_COUNCIL_DISTRICT_EN": "Yuen Long", "LOCATION_EN": "Lau Fau Shan Charging Point", "ADDRESS_EN": "Ping Ha Rd, Tin Shui Wai", "NAME_OF_DISTRICT_COUNCIL_DISTRICT_TC": "元朗區", "LOCATION_TC": "流浮山充電站", "ADDRESS_TC": "天水圍屏廈路", "NAME_OF_DISTRICT_COUNCIL_DISTRICT_SC": "元朗区", "LOCATION_SC": "流浮山充电站", "ADDRESS_SC": "天水围屏厦路", "STANDARD_BS1363_no": "0", "MEDIUM_CCS_DC_COMBO_no": "0", "MEDIUM_IEC62196_no": "0", "MEDIUM_SAEJ1772_no": "0", "MEDIUM_GB_T20234_2_AC__no": "0", "MEDIUM_OTHERS_no": "0", "QUICK_CHAdeMO_no": "0", "QUICK_CCS_DC_COMBO_no": "4", "QUICK_IEC62196_no": "0", "QUICK_GB_T20234_3_DC__no": "0", "QUICK_OTHERS_no": "0", "FAST_CHAdeMO_no": "0", "FAST_CCS_DC_COMBO_no": "0", "FAST_GB_T20234_3_DC__no": "0", "FAST_OTHERS_no": "0", "REMARK_FOR__OTHERS_": "-", "DATA_PATH": "https://ev-charger.epd.gov.hk/resource/ev_charger_avail/evca_ver_1_0.json", "OBJECTID": 782, "total_chargers": 4 }, "geometry": { "type": "Point", "coordinates": [ 113.9909, 22.45727 ] } },
{ "type": "Feature", "properties": { "GmlID": "geotagging.783", "NAME_OF_DISTRICT_COUNCIL_DISTRICT_EN": "Yuen Long", "LOCATION_EN": "Shek Wu Tong Carwash", "ADDRESS_EN": "Shek Tin Road Shek Wu Tong, Kam Tin", "NAME_OF_DISTRICT_COUNCIL_DISTRICT_TC": "元朗區", "LOCATION_TC": "石湖塘洗車屋", "ADDRESS_TC": "錦上路石湖塘", "NAME_OF_DISTRICT_COUNCIL_DISTRICT_SC": "元朗区", "LOCATION_SC": "石湖塘洗车屋", "ADDRESS_SC": "锦上路石湖塘", "STANDARD_BS1363_no": "0", "MEDIUM_CCS_DC_COMBO_no": "0", "MEDIUM_IEC62196_no": "0", "MEDIUM_SAEJ1772_no": "0", "MEDIUM_GB_T20234_2_AC__no": "0", "MEDIUM_OTHERS_no": "0", "QUICK_CHAdeMO_no": "0", "QUICK_CCS_DC_COMBO_no": "1", "QUICK_IEC62196_no": "0", "QUICK_GB_T20234_3_DC__no": "0", "QUICK_OTHERS_no": "0", "FAST_CHAdeMO_no": "0", "FAST_CCS_DC_COMBO_no": "0", "FAST_GB_T20234_3_DC__no": "0", "FAST_OTHERS_no": "0", "REMARK_FOR__OTHERS_": "-", "DATA_PATH": "https://ev-charger.epd.gov.hk/resource/ev_charger_avail/evca_ver_1_0.json", "OBJECTID": 783, "total_chargers": 1 }, "geometry": { "type": "Point", "coordinates": [ 114.07283, 22.4272 ] } },
{ "type": "Feature", "properties": { "GmlID": "geotagging.784", "NAME_OF_DISTRICT_COUNCIL_DISTRICT_EN": "Tuen Mun", "LOCATION_EN": "One Vista Summit", "ADDRESS_EN": "3 San Hop Ln, Tuen Mun", "NAME_OF_DISTRICT_COUNCIL_DISTRICT_TC": "屯門區", "LOCATION_TC": "匯賢一號‧雋峰", "ADDRESS_TC": "屯門新合里3號", "NAME_OF_DISTRICT_COUNCIL_DISTRICT_SC": "屯门区", "LOCATION_SC": "汇贤一号‧隽峰", "ADDRESS_SC": "屯门新合里3号", "STANDARD_BS1363_no": "0", "MEDIUM_CCS_DC_COMBO_no": "0", "MEDIUM_IEC62196_no": "4", "MEDIUM_SAEJ1772_no": "0", "MEDIUM_GB_T20234_2_AC__no": "0", "MEDIUM_OTHERS_no": "0", "QUICK_CHAdeMO_no": "0", "QUICK_CCS_DC_COMBO_no": "1", "QUICK_IEC62196_no": "0", "QUICK_GB_T20234_3_DC__no": "0", "QUICK_OTHERS_no": "0", "FAST_CHAdeMO_no": "0", "FAST_CCS_DC_COMBO_no": "0", "FAST_GB_T20234_3_DC__no": "0", "FAST_OTHERS_no": "0", "REMARK_FOR__OTHERS_": "-", "DATA_PATH": "https://ev-charger.epd.gov.hk/resource/ev_charger_avail/evca_ver_1_0.json", "OBJECTID": 784, "total_chargers": 5 }, "geometry": { "type": "Point", "coordinates": [ 113.971706, 22.393417 ] } },
{ "type": "Feature", "properties": { "GmlID": "geotagging.785", "NAME_OF_DISTRICT_COUNCIL_DISTRICT_EN": "Yuen Long", "LOCATION_EN": "115 Kam Sheung Road", "ADDRESS_EN": "115 Kam Sheung Road", "NAME_OF_DISTRICT_COUNCIL_DISTRICT_TC": "元朗區", "LOCATION_TC": "錦上路115號", "ADDRESS_TC": "錦上路115號", "NAME_OF_DISTRICT_COUNCIL_DISTRICT_SC": "元朗区", "LOCATION_SC": "錦上路115號", "ADDRESS_SC": "锦上路115号", "STANDARD_BS1363_no": "0", "MEDIUM_CCS_DC_COMBO_no": "0", "MEDIUM_IEC62196_no": "0", "MEDIUM_SAEJ1772_no": "0", "MEDIUM_GB_T20234_2_AC__no": "0", "MEDIUM_OTHERS_no": "0", "QUICK_CHAdeMO_no": "0", "QUICK_CCS_DC_COMBO_no": "2", "QUICK_IEC62196_no": "0", "QUICK_GB_T20234_3_DC__no": "0", "QUICK_OTHERS_no": "0", "FAST_CHAdeMO_no": "0", "FAST_CCS_DC_COMBO_no": "0", "FAST_GB_T20234_3_DC__no": "0", "FAST_OTHERS_no": "0", "REMARK_FOR__OTHERS_": "-", "DATA_PATH": "https://ev-charger.epd.gov.hk/resource/ev_charger_avail/evca_ver_1_0.json", "OBJECTID": 785, "total_chargers": 2 }, "geometry": { "type": "Point", "coordinates": [ 114.075091, 22.425491 ] } },
{ "type": "Feature", "properties": { "GmlID": "geotagging.786", "NAME_OF_DISTRICT_COUNCIL_DISTRICT_EN": "Tuen Mun", "LOCATION_EN": "Hanford Plaza", "ADDRESS_EN": "333 Castle Peak Road, Tuen Mun", "NAME_OF_DISTRICT_COUNCIL_DISTRICT_TC": "屯門區", "LOCATION_TC": "恒福商場", "ADDRESS_TC": "屯門青山公路333號", "NAME_OF_DISTRICT_COUNCIL_DISTRICT_SC": "屯门区", "LOCATION_SC": "恒福商场", "ADDRESS_SC": "屯门青山公路333号", "STANDARD_BS1363_no": "0", "MEDIUM_CCS_DC_COMBO_no": "0", "MEDIUM_IEC62196_no": "1", "MEDIUM_SAEJ1772_no": "0", "MEDIUM_GB_T20234_2_AC__no": "0", "MEDIUM_OTHERS_no": "0", "QUICK_CHAdeMO_no": "0", "QUICK_CCS_DC_COMBO_no": "0", "QUICK_IEC62196_no": "0", "QUICK_GB_T20234_3_DC__no": "0", "QUICK_OTHERS_no": "0", "FAST_CHAdeMO_no": "0", "FAST_CCS_DC_COMBO_no": "0", "FAST_GB_T20234_3_DC__no": "0", "FAST_OTHERS_no": "0", "REMARK_FOR__OTHERS_": "-", "DATA_PATH": "-", "OBJECTID": 786, "total_chargers": 1 }, "geometry": { "type": "Point", "coordinates": [ 113.976723, 22.381957 ] } },
{ "type": "Feature", "properties": { "GmlID": "geotagging.787", "NAME_OF_DISTRICT_COUNCIL_DISTRICT_EN": "Southern", "LOCATION_EN": "Water World Ocean Park Hong Kong Carpark", "ADDRESS_EN": "33 Ocean Drive, Aberdeen, Hong Kong", "NAME_OF_DISTRICT_COUNCIL_DISTRICT_TC": "南區", "LOCATION_TC": "香港海洋公園 ‧ 水上樂園停車場", "ADDRESS_TC": "香港仔海洋徑33號", "NAME_OF_DISTRICT_COUNCIL_DISTRICT_SC": "南区", "LOCATION_SC": "香港海洋公园 ‧ 水上乐园停车场", "ADDRESS_SC": "香港仔海洋径33号", "STANDARD_BS1363_no": "0", "MEDIUM_CCS_DC_COMBO_no": "0", "MEDIUM_IEC62196_no": "5", "MEDIUM_SAEJ1772_no": "0", "MEDIUM_GB_T20234_2_AC__no": "0", "MEDIUM_OTHERS_no": "0", "QUICK_CHAdeMO_no": "0", "QUICK_CCS_DC_COMBO_no": "0", "QUICK_IEC62196_no": "0", "QUICK_GB_T20234_3_DC__no": "0", "QUICK_OTHERS_no": "0", "FAST_CHAdeMO_no": "0", "FAST_CCS_DC_COMBO_no": "0", "FAST_GB_T20234_3_DC__no": "0", "FAST_OTHERS_no": "0", "REMARK_FOR__OTHERS_": "-", "DATA_PATH": "-", "OBJECTID": 787, "total_chargers": 5 }, "geometry": { "type": "Point", "coordinates": [ 114.167829, 22.236431 ] } },
{ "type": "Feature", "properties": { "GmlID": "geotagging.788", "NAME_OF_DISTRICT_COUNCIL_DISTRICT_EN": "Sha Tin", "LOCATION_EN": "Plaza Ascot", "ADDRESS_EN": "1 Tsun King Road, Fo Tan, Shatin", "NAME_OF_DISTRICT_COUNCIL_DISTRICT_TC": "沙田區", "LOCATION_TC": "駿景廣場", "ADDRESS_TC": "沙田火炭駿景路1號", "NAME_OF_DISTRICT_COUNCIL_DISTRICT_SC": "沙田区", "LOCATION_SC": "骏景广场", "ADDRESS_SC": "沙田火炭骏景路1号", "STANDARD_BS1363_no": "0", "MEDIUM_CCS_DC_COMBO_no": "0", "MEDIUM_IEC62196_no": "0", "MEDIUM_SAEJ1772_no": "0", "MEDIUM_GB_T20234_2_AC__no": "0", "MEDIUM_OTHERS_no": "0", "QUICK_CHAdeMO_no": "0", "QUICK_CCS_DC_COMBO_no": "6", "QUICK_IEC62196_no": "5", "QUICK_GB_T20234_3_DC__no": "0", "QUICK_OTHERS_no": "0", "FAST_CHAdeMO_no": "0", "FAST_CCS_DC_COMBO_no": "0", "FAST_GB_T20234_3_DC__no": "0", "FAST_OTHERS_no": "0", "REMARK_FOR__OTHERS_": "-", "DATA_PATH": "-", "OBJECTID": 788, "total_chargers": 11 }, "geometry": { "type": "Point", "coordinates": [ 114.201224, 22.398958 ] } },
{ "type": "Feature", "properties": { "GmlID": "geotagging.789", "NAME_OF_DISTRICT_COUNCIL_DISTRICT_EN": "Tsuen Wan", "LOCATION_EN": "Goodman Dynamic Centre", "ADDRESS_EN": "188 Yeung Uk Road", "NAME_OF_DISTRICT_COUNCIL_DISTRICT_TC": "荃灣區", "LOCATION_TC": "嘉民達力中心", "ADDRESS_TC": "荃灣楊屋道188號", "NAME_OF_DISTRICT_COUNCIL_DISTRICT_SC": "荃湾区", "LOCATION_SC": "嘉民达力中心", "ADDRESS_SC": "荃湾杨屋道188号", "STANDARD_BS1363_no": "0", "MEDIUM_CCS_DC_COMBO_no": "0", "MEDIUM_IEC62196_no": "0", "MEDIUM_SAEJ1772_no": "0", "MEDIUM_GB_T20234_2_AC__no": "0", "MEDIUM_OTHERS_no": "0", "QUICK_CHAdeMO_no": "0", "QUICK_CCS_DC_COMBO_no": "2", "QUICK_IEC62196_no": "0", "QUICK_GB_T20234_3_DC__no": "0", "QUICK_OTHERS_no": "0", "FAST_CHAdeMO_no": "0", "FAST_CCS_DC_COMBO_no": "0", "FAST_GB_T20234_3_DC__no": "0", "FAST_OTHERS_no": "0", "REMARK_FOR__OTHERS_": "-", "DATA_PATH": "https://ev-charger.epd.gov.hk/resource/ev_charger_avail/evca_ver_1_0.json", "OBJECTID": 789, "total_chargers": 2 }, "geometry": { "type": "Point", "coordinates": [ 114.120318, 22.365415 ] } },
{ "type": "Feature", "properties": { "GmlID": "geotagging.790", "NAME_OF_DISTRICT_COUNCIL_DISTRICT_EN": "Tsuen Wan", "LOCATION_EN": "Goodman Global Gateway", "ADDRESS_EN": "168 Yeung Uk Road", "NAME_OF_DISTRICT_COUNCIL_DISTRICT_TC": "荃灣區", "LOCATION_TC": "嘉民國際訊通中心", "ADDRESS_TC": "荃灣楊屋道168號", "NAME_OF_DISTRICT_COUNCIL_DISTRICT_SC": "荃湾区", "LOCATION_SC": "嘉民国际讯通中心", "ADDRESS_SC": "荃湾杨屋道168号", "STANDARD_BS1363_no": "0", "MEDIUM_CCS_DC_COMBO_no": "0", "MEDIUM_IEC62196_no": "0", "MEDIUM_SAEJ1772_no": "0", "MEDIUM_GB_T20234_2_AC__no": "0", "MEDIUM_OTHERS_no": "0", "QUICK_CHAdeMO_no": "0", "QUICK_CCS_DC_COMBO_no": "4", "QUICK_IEC62196_no": "0", "QUICK_GB_T20234_3_DC__no": "0", "QUICK_OTHERS_no": "0", "FAST_CHAdeMO_no": "0", "FAST_CCS_DC_COMBO_no": "2", "FAST_GB_T20234_3_DC__no": "0", "FAST_OTHERS_no": "0", "REMARK_FOR__OTHERS_": "-", "DATA_PATH": "https://ev-charger.epd.gov.hk/resource/ev_charger_avail/evca_ver_1_0.json", "OBJECTID": 790, "total_chargers": 6 }, "geometry": { "type": "Point", "coordinates": [ 114.119398, 22.365626 ] } },
{ "type": "Feature", "properties": { "GmlID": "geotagging.791", "NAME_OF_DISTRICT_COUNCIL_DISTRICT_EN": "Kwai Tsing", "LOCATION_EN": "Goodman Interlink", "ADDRESS_EN": "39 Tsing Yi Road", "NAME_OF_DISTRICT_COUNCIL_DISTRICT_TC": "葵青區", "LOCATION_TC": "嘉民領達中心", "ADDRESS_TC": "青衣青衣路39號", "NAME_OF_DISTRICT_COUNCIL_DISTRICT_SC": "葵青区", "LOCATION_SC": "嘉民领达中心", "ADDRESS_SC": "青衣青衣路39号", "STANDARD_BS1363_no": "0", "MEDIUM_CCS_DC_COMBO_no": "0", "MEDIUM_IEC62196_no": "6", "MEDIUM_SAEJ1772_no": "0", "MEDIUM_GB_T20234_2_AC__no": "0", "MEDIUM_OTHERS_no": "0", "QUICK_CHAdeMO_no": "0", "QUICK_CCS_DC_COMBO_no": "8", "QUICK_IEC62196_no": "0", "QUICK_GB_T20234_3_DC__no": "0", "QUICK_OTHERS_no": "0", "FAST_CHAdeMO_no": "0", "FAST_CCS_DC_COMBO_no": "2", "FAST_GB_T20234_3_DC__no": "0", "FAST_OTHERS_no": "0", "REMARK_FOR__OTHERS_": "-", "DATA_PATH": "https://ev-charger.epd.gov.hk/resource/ev_charger_avail/evca_ver_1_0.json", "OBJECTID": 791, "total_chargers": 16 }, "geometry": { "type": "Point", "coordinates": [ 114.108441, 22.332142 ] } },
{ "type": "Feature", "properties": { "GmlID": "geotagging.792", "NAME_OF_DISTRICT_COUNCIL_DISTRICT_EN": "Sha Tin", "LOCATION_EN": "Goodman Sha Tin Logistic Centre Phase 1", "ADDRESS_EN": "6 Wong Chuk Yeung Street", "NAME_OF_DISTRICT_COUNCIL_DISTRICT_TC": "沙田區", "LOCATION_TC": "嘉民沙田物流中心", "ADDRESS_TC": "火炭黃竹洋街6號", "NAME_OF_DISTRICT_COUNCIL_DISTRICT_SC": "沙田区", "LOCATION_SC": "嘉民沙田物流中心", "ADDRESS_SC": "火炭黄竹洋街6号", "STANDARD_BS1363_no": "0", "MEDIUM_CCS_DC_COMBO_no": "0", "MEDIUM_IEC62196_no": "0", "MEDIUM_SAEJ1772_no": "0", "MEDIUM_GB_T20234_2_AC__no": "0", "MEDIUM_OTHERS_no": "0", "QUICK_CHAdeMO_no": "0", "QUICK_CCS_DC_COMBO_no": "2", "QUICK_IEC62196_no": "0", "QUICK_GB_T20234_3_DC__no": "0", "QUICK_OTHERS_no": "0", "FAST_CHAdeMO_no": "0", "FAST_CCS_DC_COMBO_no": "1", "FAST_GB_T20234_3_DC__no": "0", "FAST_OTHERS_no": "0", "REMARK_FOR__OTHERS_": "-", "DATA_PATH": "https://ev-charger.epd.gov.hk/resource/ev_charger_avail/evca_ver_1_0.json", "OBJECTID": 792, "total_chargers": 3 }, "geometry": { "type": "Point", "coordinates": [ 114.190953, 22.397415 ] } },
{ "type": "Feature", "properties": { "GmlID": "geotagging.793", "NAME_OF_DISTRICT_COUNCIL_DISTRICT_EN": "Tuen Mun", "LOCATION_EN": "Goodman Tuen Mun Distribution Centre", "ADDRESS_EN": "3A Hung Cheung Road", "NAME_OF_DISTRICT_COUNCIL_DISTRICT_TC": "屯門區", "LOCATION_TC": "嘉民屯門物流中心", "ADDRESS_TC": "屯門洪祥路3A號", "NAME_OF_DISTRICT_COUNCIL_DISTRICT_SC": "屯门区", "LOCATION_SC": "嘉民屯门物流中心", "ADDRESS_SC": "屯门洪祥路3A号", "STANDARD_BS1363_no": "0", "MEDIUM_CCS_DC_COMBO_no": "0", "MEDIUM_IEC62196_no": "0", "MEDIUM_SAEJ1772_no": "0", "MEDIUM_GB_T20234_2_AC__no": "0", "MEDIUM_OTHERS_no": "0", "QUICK_CHAdeMO_no": "0", "QUICK_CCS_DC_COMBO_no": "4", "QUICK_IEC62196_no": "0", "QUICK_GB_T20234_3_DC__no": "0", "QUICK_OTHERS_no": "0", "FAST_CHAdeMO_no": "0", "FAST_CCS_DC_COMBO_no": "2", "FAST_GB_T20234_3_DC__no": "0", "FAST_OTHERS_no": "0", "REMARK_FOR__OTHERS_": "-", "DATA_PATH": "https://ev-charger.epd.gov.hk/resource/ev_charger_avail/evca_ver_1_0.json", "OBJECTID": 793, "total_chargers": 6 }, "geometry": { "type": "Point", "coordinates": [ 113.97016, 22.391926 ] } },
{ "type": "Feature", "properties": { "GmlID": "geotagging.794", "NAME_OF_DISTRICT_COUNCIL_DISTRICT_EN": "Tuen Mun", "LOCATION_EN": "Goodman Western Plaza", "ADDRESS_EN": "2 Tin Hau Road", "NAME_OF_DISTRICT_COUNCIL_DISTRICT_TC": "屯門區", "LOCATION_TC": "嘉民環宇物流廣場", "ADDRESS_TC": "天后路2號", "NAME_OF_DISTRICT_COUNCIL_DISTRICT_SC": "屯门区", "LOCATION_SC": "嘉民环宇物流广场", "ADDRESS_SC": "天后路2号", "STANDARD_BS1363_no": "0", "MEDIUM_CCS_DC_COMBO_no": "0", "MEDIUM_IEC62196_no": "0", "MEDIUM_SAEJ1772_no": "0", "MEDIUM_GB_T20234_2_AC__no": "0", "MEDIUM_OTHERS_no": "0", "QUICK_CHAdeMO_no": "0", "QUICK_CCS_DC_COMBO_no": "4", "QUICK_IEC62196_no": "0", "QUICK_GB_T20234_3_DC__no": "0", "QUICK_OTHERS_no": "0", "FAST_CHAdeMO_no": "0", "FAST_CCS_DC_COMBO_no": "2", "FAST_GB_T20234_3_DC__no": "0", "FAST_OTHERS_no": "0", "REMARK_FOR__OTHERS_": "-", "DATA_PATH": "https://ev-charger.epd.gov.hk/resource/ev_charger_avail/evca_ver_1_0.json", "OBJECTID": 794, "total_chargers": 6 }, "geometry": { "type": "Point", "coordinates": [ 113.971009, 22.39449 ] } },
{ "type": "Feature", "properties": { "GmlID": "geotagging.795", "NAME_OF_DISTRICT_COUNCIL_DISTRICT_EN": "Kwai Tsing", "LOCATION_EN": "Mayfair Gardens", "ADDRESS_EN": "Sai Shan Rd, Sai Shan", "NAME_OF_DISTRICT_COUNCIL_DISTRICT_TC": "葵青區", "LOCATION_TC": "美景花園", "ADDRESS_TC": "青衣細山路", "NAME_OF_DISTRICT_COUNCIL_DISTRICT_SC": "葵青区", "LOCATION_SC": "美景花园", "ADDRESS_SC": "青衣细山路", "STANDARD_BS1363_no": "0", "MEDIUM_CCS_DC_COMBO_no": "0", "MEDIUM_IEC62196_no": "0", "MEDIUM_SAEJ1772_no": "0", "MEDIUM_GB_T20234_2_AC__no": "0", "MEDIUM_OTHERS_no": "0", "QUICK_CHAdeMO_no": "0", "QUICK_CCS_DC_COMBO_no": "2", "QUICK_IEC62196_no": "0", "QUICK_GB_T20234_3_DC__no": "0", "QUICK_OTHERS_no": "0", "FAST_CHAdeMO_no": "0", "FAST_CCS_DC_COMBO_no": "0", "FAST_GB_T20234_3_DC__no": "0", "FAST_OTHERS_no": "0", "REMARK_FOR__OTHERS_": "-", "DATA_PATH": "-", "OBJECTID": 795, "total_chargers": 2 }, "geometry": { "type": "Point", "coordinates": [ 114.107185, 22.343811 ] } },
{ "type": "Feature", "properties": { "GmlID": "geotagging.796", "NAME_OF_DISTRICT_COUNCIL_DISTRICT_EN": "Sai Kung", "LOCATION_EN": "Chiu Ming Court", "ADDRESS_EN": "11 Chiu Shun Rd", "NAME_OF_DISTRICT_COUNCIL_DISTRICT_TC": "西貢區", "LOCATION_TC": "昭明苑", "ADDRESS_TC": "昭信路11號", "NAME_OF_DISTRICT_COUNCIL_DISTRICT_SC": "西贡区", "LOCATION_SC": "昭明苑", "ADDRESS_SC": "昭信路11号", "STANDARD_BS1363_no": "0", "MEDIUM_CCS_DC_COMBO_no": "0", "MEDIUM_IEC62196_no": "5", "MEDIUM_SAEJ1772_no": "0", "MEDIUM_GB_T20234_2_AC__no": "0", "MEDIUM_OTHERS_no": "0", "QUICK_CHAdeMO_no": "0", "QUICK_CCS_DC_COMBO_no": "0", "QUICK_IEC62196_no": "0", "QUICK_GB_T20234_3_DC__no": "0", "QUICK_OTHERS_no": "0", "FAST_CHAdeMO_no": "0", "FAST_CCS_DC_COMBO_no": "0", "FAST_GB_T20234_3_DC__no": "0", "FAST_OTHERS_no": "0", "REMARK_FOR__OTHERS_": "-", "DATA_PATH": "-", "OBJECTID": 796, "total_chargers": 5 }, "geometry": { "type": "Point", "coordinates": [ 114.268099, 22.314034 ] } },
{ "type": "Feature", "properties": { "GmlID": "geotagging.797", "NAME_OF_DISTRICT_COUNCIL_DISTRICT_EN": "Tuen Mun", "LOCATION_EN": "Hin Fat Estate", "ADDRESS_EN": "Hin Fat Ln, Tuen Mun", "NAME_OF_DISTRICT_COUNCIL_DISTRICT_TC": "屯門區", "LOCATION_TC": "顯發邨", "ADDRESS_TC": "屯門顯發里", "NAME_OF_DISTRICT_COUNCIL_DISTRICT_SC": "屯门区", "LOCATION_SC": "显发邨", "ADDRESS_SC": "屯门显发里", "STANDARD_BS1363_no": "0", "MEDIUM_CCS_DC_COMBO_no": "0", "MEDIUM_IEC62196_no": "5", "MEDIUM_SAEJ1772_no": "0", "MEDIUM_GB_T20234_2_AC__no": "0", "MEDIUM_OTHERS_no": "0", "QUICK_CHAdeMO_no": "0", "QUICK_CCS_DC_COMBO_no": "0", "QUICK_IEC62196_no": "0", "QUICK_GB_T20234_3_DC__no": "0", "QUICK_OTHERS_no": "0", "FAST_CHAdeMO_no": "0", "FAST_CCS_DC_COMBO_no": "0", "FAST_GB_T20234_3_DC__no": "0", "FAST_OTHERS_no": "0", "REMARK_FOR__OTHERS_": "-", "DATA_PATH": "-", "OBJECTID": 797, "total_chargers": 5 }, "geometry": { "type": "Point", "coordinates": [ 113.980645, 22.389242 ] } },
{ "type": "Feature", "properties": { "GmlID": "geotagging.798", "NAME_OF_DISTRICT_COUNCIL_DISTRICT_EN": "Kowloon City", "LOCATION_EN": "Kai Yan Court", "ADDRESS_EN": "6 Muk Lai St, Kai Tak", "NAME_OF_DISTRICT_COUNCIL_DISTRICT_TC": "九龍城區", "LOCATION_TC": "啟欣苑", "ADDRESS_TC": "啟德沐禮街6號", "NAME_OF_DISTRICT_COUNCIL_DISTRICT_SC": "九龙城区", "LOCATION_SC": "启欣苑", "ADDRESS_SC": "启德沐礼街6号", "STANDARD_BS1363_no": "0", "MEDIUM_CCS_DC_COMBO_no": "0", "MEDIUM_IEC62196_no": "17", "MEDIUM_SAEJ1772_no": "0", "MEDIUM_GB_T20234_2_AC__no": "0", "MEDIUM_OTHERS_no": "0", "QUICK_CHAdeMO_no": "0", "QUICK_CCS_DC_COMBO_no": "0", "QUICK_IEC62196_no": "0", "QUICK_GB_T20234_3_DC__no": "0", "QUICK_OTHERS_no": "0", "FAST_CHAdeMO_no": "0", "FAST_CCS_DC_COMBO_no": "0", "FAST_GB_T20234_3_DC__no": "0", "FAST_OTHERS_no": "0", "REMARK_FOR__OTHERS_": "-", "DATA_PATH": "-", "OBJECTID": 798, "total_chargers": 17 }, "geometry": { "type": "Point", "coordinates": [ 114.195115, 22.327043 ] } },
{ "type": "Feature", "properties": { "GmlID": "geotagging.799", "NAME_OF_DISTRICT_COUNCIL_DISTRICT_EN": "Eastern", "LOCATION_EN": "Kei Wah Court", "ADDRESS_EN": "9 Tin Chiu St, North Point", "NAME_OF_DISTRICT_COUNCIL_DISTRICT_TC": "東區", "LOCATION_TC": "驥華苑", "ADDRESS_TC": "北角電照街9號", "NAME_OF_DISTRICT_COUNCIL_DISTRICT_SC": "东区", "LOCATION_SC": "骥华苑", "ADDRESS_SC": "北角电照街9号", "STANDARD_BS1363_no": "0", "MEDIUM_CCS_DC_COMBO_no": "0", "MEDIUM_IEC62196_no": "2", "MEDIUM_SAEJ1772_no": "0", "MEDIUM_GB_T20234_2_AC__no": "0", "MEDIUM_OTHERS_no": "0", "QUICK_CHAdeMO_no": "0", "QUICK_CCS_DC_COMBO_no": "0", "QUICK_IEC62196_no": "0", "QUICK_GB_T20234_3_DC__no": "0", "QUICK_OTHERS_no": "0", "FAST_CHAdeMO_no": "0", "FAST_CCS_DC_COMBO_no": "0", "FAST_GB_T20234_3_DC__no": "0", "FAST_OTHERS_no": "0", "REMARK_FOR__OTHERS_": "-", "DATA_PATH": "-", "OBJECTID": 799, "total_chargers": 2 }, "geometry": { "type": "Point", "coordinates": [ 114.202869, 22.29254 ] } },
{ "type": "Feature", "properties": { "GmlID": "geotagging.800", "NAME_OF_DISTRICT_COUNCIL_DISTRICT_EN": "Central & Western", "LOCATION_EN": "Bank of China Building", "ADDRESS_EN": "2A Des Voeux Road Central", "NAME_OF_DISTRICT_COUNCIL_DISTRICT_TC": "中西區", "LOCATION_TC": "中國銀行大廈", "ADDRESS_TC": "香港中環德輔道中2A號", "NAME_OF_DISTRICT_COUNCIL_DISTRICT_SC": "中西区", "LOCATION_SC": "中国银行大厦", "ADDRESS_SC": "香港中环德辅道中2A号", "STANDARD_BS1363_no": "0", "MEDIUM_CCS_DC_COMBO_no": "0", "MEDIUM_IEC62196_no": "3", "MEDIUM_SAEJ1772_no": "0", "MEDIUM_GB_T20234_2_AC__no": "0", "MEDIUM_OTHERS_no": "0", "QUICK_CHAdeMO_no": "0", "QUICK_CCS_DC_COMBO_no": "0", "QUICK_IEC62196_no": "0", "QUICK_GB_T20234_3_DC__no": "0", "QUICK_OTHERS_no": "0", "FAST_CHAdeMO_no": "0", "FAST_CCS_DC_COMBO_no": "0", "FAST_GB_T20234_3_DC__no": "0", "FAST_OTHERS_no": "0", "REMARK_FOR__OTHERS_": "-", "DATA_PATH": "https://ev-charger.epd.gov.hk/resource/ev_charger_avail/evca_ver_1_0.json", "OBJECTID": 800, "total_chargers": 3 }, "geometry": { "type": "Point", "coordinates": [ 114.159982, 22.280163 ] } },
{ "type": "Feature", "properties": { "GmlID": "geotagging.801", "NAME_OF_DISTRICT_COUNCIL_DISTRICT_EN": "Tuen Mun", "LOCATION_EN": "Hang Wai Industrial Building", "ADDRESS_EN": "6 Kin Tai Street", "NAME_OF_DISTRICT_COUNCIL_DISTRICT_TC": "屯門區", "LOCATION_TC": "屯門恒威工業中心", "ADDRESS_TC": "屯門建泰街6號", "NAME_OF_DISTRICT_COUNCIL_DISTRICT_SC": "屯门区", "LOCATION_SC": "屯门恒威工业中心", "ADDRESS_SC": "屯门建泰街6号", "STANDARD_BS1363_no": "0", "MEDIUM_CCS_DC_COMBO_no": "0", "MEDIUM_IEC62196_no": "5", "MEDIUM_SAEJ1772_no": "0", "MEDIUM_GB_T20234_2_AC__no": "0", "MEDIUM_OTHERS_no": "0", "QUICK_CHAdeMO_no": "5", "QUICK_CCS_DC_COMBO_no": "7", "QUICK_IEC62196_no": "0", "QUICK_GB_T20234_3_DC__no": "0", "QUICK_OTHERS_no": "0", "FAST_CHAdeMO_no": "0", "FAST_CCS_DC_COMBO_no": "0", "FAST_GB_T20234_3_DC__no": "0", "FAST_OTHERS_no": "0", "REMARK_FOR__OTHERS_": "-", "DATA_PATH": "https://ev-charger.epd.gov.hk/resource/ev_charger_avail/evca_ver_1_0.json", "OBJECTID": 801, "total_chargers": 17 }, "geometry": { "type": "Point", "coordinates": [ 113.970414, 22.395357 ] } },
{ "type": "Feature", "properties": { "GmlID": "geotagging.802", "NAME_OF_DISTRICT_COUNCIL_DISTRICT_EN": "North", "LOCATION_EN": "Kawada Plaza", "ADDRESS_EN": "1 On Kui St, Fanling", "NAME_OF_DISTRICT_COUNCIL_DISTRICT_TC": "北區", "LOCATION_TC": "川田集團工貿廣場", "ADDRESS_TC": "粉嶺安居街1號", "NAME_OF_DISTRICT_COUNCIL_DISTRICT_SC": "北区", "LOCATION_SC": "川田集团工贸广场", "ADDRESS_SC": "粉岭安居街1号", "STANDARD_BS1363_no": "0", "MEDIUM_CCS_DC_COMBO_no": "0", "MEDIUM_IEC62196_no": "0", "MEDIUM_SAEJ1772_no": "0", "MEDIUM_GB_T20234_2_AC__no": "0", "MEDIUM_OTHERS_no": "0", "QUICK_CHAdeMO_no": "0", "QUICK_CCS_DC_COMBO_no": "0", "QUICK_IEC62196_no": "0", "QUICK_GB_T20234_3_DC__no": "0", "QUICK_OTHERS_no": "0", "FAST_CHAdeMO_no": "1", "FAST_CCS_DC_COMBO_no": "5", "FAST_GB_T20234_3_DC__no": "0", "FAST_OTHERS_no": "0", "REMARK_FOR__OTHERS_": "-", "DATA_PATH": "https://ev-charger.epd.gov.hk/resource/ev_charger_avail/evca_ver_1_0.json", "OBJECTID": 802, "total_chargers": 6 }, "geometry": { "type": "Point", "coordinates": [ 114.143281, 22.495577 ] } },
{ "type": "Feature", "properties": { "GmlID": "geotagging.803", "NAME_OF_DISTRICT_COUNCIL_DISTRICT_EN": "Southern", "LOCATION_EN": "South Island Place", "ADDRESS_EN": "8 Wong Chuk Hang Rd, Wong Chuk Hang", "NAME_OF_DISTRICT_COUNCIL_DISTRICT_TC": "南區", "LOCATION_TC": "南島廣場", "ADDRESS_TC": "黃竹坑道8號", "NAME_OF_DISTRICT_COUNCIL_DISTRICT_SC": "南区", "LOCATION_SC": "南岛广场", "ADDRESS_SC": "黄竹坑道8号", "STANDARD_BS1363_no": "0", "MEDIUM_CCS_DC_COMBO_no": "0", "MEDIUM_IEC62196_no": "0", "MEDIUM_SAEJ1772_no": "0", "MEDIUM_GB_T20234_2_AC__no": "0", "MEDIUM_OTHERS_no": "0", "QUICK_CHAdeMO_no": "0", "QUICK_CCS_DC_COMBO_no": "0", "QUICK_IEC62196_no": "8", "QUICK_GB_T20234_3_DC__no": "0", "QUICK_OTHERS_no": "0", "FAST_CHAdeMO_no": "0", "FAST_CCS_DC_COMBO_no": "0", "FAST_GB_T20234_3_DC__no": "0", "FAST_OTHERS_no": "0", "REMARK_FOR__OTHERS_": "-", "DATA_PATH": "https://ev-charger.epd.gov.hk/resource/ev_charger_avail/evca_ver_1_0.json", "OBJECTID": 803, "total_chargers": 8 }, "geometry": { "type": "Point", "coordinates": [ 114.162317, 22.248078 ] } },
{ "type": "Feature", "properties": { "GmlID": "geotagging.804", "NAME_OF_DISTRICT_COUNCIL_DISTRICT_EN": "Eastern", "LOCATION_EN": "Parkvale", "ADDRESS_EN": "8 Greig Road, Quarry Bay", "NAME_OF_DISTRICT_COUNCIL_DISTRICT_TC": "東區", "LOCATION_TC": "栢蕙苑", "ADDRESS_TC": "鰂魚涌基利路8號", "NAME_OF_DISTRICT_COUNCIL_DISTRICT_SC": "东区", "LOCATION_SC": "栢蕙苑", "ADDRESS_SC": "鲗鱼涌基利路8号", "STANDARD_BS1363_no": "0", "MEDIUM_CCS_DC_COMBO_no": "0", "MEDIUM_IEC62196_no": "3", "MEDIUM_SAEJ1772_no": "0", "MEDIUM_GB_T20234_2_AC__no": "0", "MEDIUM_OTHERS_no": "0", "QUICK_CHAdeMO_no": "0", "QUICK_CCS_DC_COMBO_no": "0", "QUICK_IEC62196_no": "0", "QUICK_GB_T20234_3_DC__no": "0", "QUICK_OTHERS_no": "0", "FAST_CHAdeMO_no": "0", "FAST_CCS_DC_COMBO_no": "0", "FAST_GB_T20234_3_DC__no": "0", "FAST_OTHERS_no": "0", "REMARK_FOR__OTHERS_": "-", "DATA_PATH": "https://ev-charger.epd.gov.hk/resource/ev_charger_avail/evca_ver_1_0.json", "OBJECTID": 804, "total_chargers": 3 }, "geometry": { "type": "Point", "coordinates": [ 114.213297, 22.283517 ] } },
{ "type": "Feature", "properties": { "GmlID": "geotagging.805", "NAME_OF_DISTRICT_COUNCIL_DISTRICT_EN": "Kwai Tsing", "LOCATION_EN": "China merchants - Yiu Lian Dockyards", "ADDRESS_EN": "1-7,Sai Tso Wan Road, Tsing Yi Island", "NAME_OF_DISTRICT_COUNCIL_DISTRICT_TC": "葵青區", "LOCATION_TC": "招商局 - 香港友聯船廠", "ADDRESS_TC": "青衣西草灣路1-7號", "NAME_OF_DISTRICT_COUNCIL_DISTRICT_SC": "葵青区", "LOCATION_SC": "招商局 - 香港友联船厂", "ADDRESS_SC": "青衣西草湾路1-7号", "STANDARD_BS1363_no": "0", "MEDIUM_CCS_DC_COMBO_no": "0", "MEDIUM_IEC62196_no": "13", "MEDIUM_SAEJ1772_no": "0", "MEDIUM_GB_T20234_2_AC__no": "0", "MEDIUM_OTHERS_no": "0", "QUICK_CHAdeMO_no": "0", "QUICK_CCS_DC_COMBO_no": "0", "QUICK_IEC62196_no": "0", "QUICK_GB_T20234_3_DC__no": "0", "QUICK_OTHERS_no": "0", "FAST_CHAdeMO_no": "0", "FAST_CCS_DC_COMBO_no": "0", "FAST_GB_T20234_3_DC__no": "0", "FAST_OTHERS_no": "0", "REMARK_FOR__OTHERS_": "-", "DATA_PATH": "-", "OBJECTID": 805, "total_chargers": 13 }, "geometry": { "type": "Point", "coordinates": [ 114.093852, 22.340527 ] } },
{ "type": "Feature", "properties": { "GmlID": "geotagging.806", "NAME_OF_DISTRICT_COUNCIL_DISTRICT_EN": "Tai Po", "LOCATION_EN": "Better Place (Wan Tau Tong Square)", "ADDRESS_EN": "10 Hiu Wan Rd, Tai Po", "NAME_OF_DISTRICT_COUNCIL_DISTRICT_TC": "大埔區", "LOCATION_TC": "幸匯(運頭塘新城)", "ADDRESS_TC": "大埔曉運路10號", "NAME_OF_DISTRICT_COUNCIL_DISTRICT_SC": "大埔区", "LOCATION_SC": "幸汇(运头塘新城)", "ADDRESS_SC": "大埔晓运路10号", "STANDARD_BS1363_no": "0", "MEDIUM_CCS_DC_COMBO_no": "0", "MEDIUM_IEC62196_no": "0", "MEDIUM_SAEJ1772_no": "0", "MEDIUM_GB_T20234_2_AC__no": "0", "MEDIUM_OTHERS_no": "0", "QUICK_CHAdeMO_no": "0", "QUICK_CCS_DC_COMBO_no": "10", "QUICK_IEC62196_no": "0", "QUICK_GB_T20234_3_DC__no": "0", "QUICK_OTHERS_no": "0", "FAST_CHAdeMO_no": "0", "FAST_CCS_DC_COMBO_no": "0", "FAST_GB_T20234_3_DC__no": "0", "FAST_OTHERS_no": "0", "REMARK_FOR__OTHERS_": "-", "DATA_PATH": "-", "OBJECTID": 806, "total_chargers": 10 }, "geometry": { "type": "Point", "coordinates": [ 114.166434, 22.441903 ] } },
{ "type": "Feature", "properties": { "GmlID": "geotagging.807", "NAME_OF_DISTRICT_COUNCIL_DISTRICT_EN": "Sham Shui Po", "LOCATION_EN": "Orient International Tower", "ADDRESS_EN": "1018 Tai Nan West Street, Lai Chi Kok", "NAME_OF_DISTRICT_COUNCIL_DISTRICT_TC": "深水埗區", "LOCATION_TC": "東方國際大廈", "ADDRESS_TC": "荔枝角大南西街1018號", "NAME_OF_DISTRICT_COUNCIL_DISTRICT_SC": "深水埗区", "LOCATION_SC": "东方国际大厦", "ADDRESS_SC": "荔枝角大南西街1018号", "STANDARD_BS1363_no": "0", "MEDIUM_CCS_DC_COMBO_no": "0", "MEDIUM_IEC62196_no": "0", "MEDIUM_SAEJ1772_no": "0", "MEDIUM_GB_T20234_2_AC__no": "0", "MEDIUM_OTHERS_no": "0", "QUICK_CHAdeMO_no": "0", "QUICK_CCS_DC_COMBO_no": "4", "QUICK_IEC62196_no": "0", "QUICK_GB_T20234_3_DC__no": "0", "QUICK_OTHERS_no": "0", "FAST_CHAdeMO_no": "0", "FAST_CCS_DC_COMBO_no": "0", "FAST_GB_T20234_3_DC__no": "0", "FAST_OTHERS_no": "0", "REMARK_FOR__OTHERS_": "-", "DATA_PATH": "-", "OBJECTID": 807, "total_chargers": 4 }, "geometry": { "type": "Point", "coordinates": [ 114.148984, 22.339408 ] } },
{ "type": "Feature", "properties": { "GmlID": "geotagging.808", "NAME_OF_DISTRICT_COUNCIL_DISTRICT_EN": "Wan Chai", "LOCATION_EN": "Watson Road Car Park", "ADDRESS_EN": "15 Watson Rd, Causeway Bay", "NAME_OF_DISTRICT_COUNCIL_DISTRICT_TC": "灣仔區", "LOCATION_TC": "屈臣道停車場", "ADDRESS_TC": "銅鑼灣屈臣道15號", "NAME_OF_DISTRICT_COUNCIL_DISTRICT_SC": "湾仔区", "LOCATION_SC": "屈臣道停车场", "ADDRESS_SC": "铜锣湾屈臣道15号", "STANDARD_BS1363_no": "0", "MEDIUM_CCS_DC_COMBO_no": "0", "MEDIUM_IEC62196_no": "0", "MEDIUM_SAEJ1772_no": "0", "MEDIUM_GB_T20234_2_AC__no": "0", "MEDIUM_OTHERS_no": "0", "QUICK_CHAdeMO_no": "0", "QUICK_CCS_DC_COMBO_no": "2", "QUICK_IEC62196_no": "0", "QUICK_GB_T20234_3_DC__no": "0", "QUICK_OTHERS_no": "0", "FAST_CHAdeMO_no": "0", "FAST_CCS_DC_COMBO_no": "0", "FAST_GB_T20234_3_DC__no": "0", "FAST_OTHERS_no": "0", "REMARK_FOR__OTHERS_": "-", "DATA_PATH": "-", "OBJECTID": 808, "total_chargers": 2 }, "geometry": { "type": "Point", "coordinates": [ 114.189903, 22.287958 ] } },
{ "type": "Feature", "properties": { "GmlID": "geotagging.809", "NAME_OF_DISTRICT_COUNCIL_DISTRICT_EN": "Yuen Long", "LOCATION_EN": "AKKI Bike Park", "ADDRESS_EN": "Yung Yuen Road, Ha Mei New Village, Ping Shan, Yuen Long", "NAME_OF_DISTRICT_COUNCIL_DISTRICT_TC": "元朗區", "LOCATION_TC": "丫髻山地單車樂園", "ADDRESS_TC": "元朗屏山 蝦尾新村 髻山", "NAME_OF_DISTRICT_COUNCIL_DISTRICT_SC": "元朗区", "LOCATION_SC": "丫髻山地单车乐园", "ADDRESS_SC": "元朗屏山 虾尾新村 髻山", "STANDARD_BS1363_no": "0", "MEDIUM_CCS_DC_COMBO_no": "0", "MEDIUM_IEC62196_no": "0", "MEDIUM_SAEJ1772_no": "0", "MEDIUM_GB_T20234_2_AC__no": "0", "MEDIUM_OTHERS_no": "0", "QUICK_CHAdeMO_no": "0", "QUICK_CCS_DC_COMBO_no": "4", "QUICK_IEC62196_no": "0", "QUICK_GB_T20234_3_DC__no": "0", "QUICK_OTHERS_no": "0", "FAST_CHAdeMO_no": "0", "FAST_CCS_DC_COMBO_no": "0", "FAST_GB_T20234_3_DC__no": "0", "FAST_OTHERS_no": "0", "REMARK_FOR__OTHERS_": "-", "DATA_PATH": "-", "OBJECTID": 809, "total_chargers": 4 }, "geometry": { "type": "Point", "coordinates": [ 114.0114, 22.451373 ] } },
{ "type": "Feature", "properties": { "GmlID": "geotagging.810", "NAME_OF_DISTRICT_COUNCIL_DISTRICT_EN": "Wan Chai", "LOCATION_EN": "Hopewell Centre II", "ADDRESS_EN": "15 Kennedy Rd, Wan Chai", "NAME_OF_DISTRICT_COUNCIL_DISTRICT_TC": "灣仔區", "LOCATION_TC": "合和中心2期", "ADDRESS_TC": "灣仔堅彌地街15號", "NAME_OF_DISTRICT_COUNCIL_DISTRICT_SC": "湾仔区", "LOCATION_SC": "合和中心2期", "ADDRESS_SC": "湾仔坚弥地街15号", "STANDARD_BS1363_no": "0", "MEDIUM_CCS_DC_COMBO_no": "0", "MEDIUM_IEC62196_no": "32", "MEDIUM_SAEJ1772_no": "0", "MEDIUM_GB_T20234_2_AC__no": "0", "MEDIUM_OTHERS_no": "0", "QUICK_CHAdeMO_no": "0", "QUICK_CCS_DC_COMBO_no": "0", "QUICK_IEC62196_no": "0", "QUICK_GB_T20234_3_DC__no": "0", "QUICK_OTHERS_no": "0", "FAST_CHAdeMO_no": "0", "FAST_CCS_DC_COMBO_no": "0", "FAST_GB_T20234_3_DC__no": "0", "FAST_OTHERS_no": "0", "REMARK_FOR__OTHERS_": "-", "DATA_PATH": "-", "OBJECTID": 810, "total_chargers": 32 }, "geometry": { "type": "Point", "coordinates": [ 114.171108, 22.274491 ] } },
{ "type": "Feature", "properties": { "GmlID": "geotagging.811", "NAME_OF_DISTRICT_COUNCIL_DISTRICT_EN": "Tsuen Wan", "LOCATION_EN": "International Enterprise Centre III Car Park", "ADDRESS_EN": "48 Pak Tin Par St, Tsuen Wan", "NAME_OF_DISTRICT_COUNCIL_DISTRICT_TC": "荃灣區", "LOCATION_TC": "國際企業中心三期停車場", "ADDRESS_TC": "荃灣白田壩街48號", "NAME_OF_DISTRICT_COUNCIL_DISTRICT_SC": "荃湾区", "LOCATION_SC": "国际企业中心三期停车场", "ADDRESS_SC": "荃湾白田坝街48号", "STANDARD_BS1363_no": "0", "MEDIUM_CCS_DC_COMBO_no": "0", "MEDIUM_IEC62196_no": "0", "MEDIUM_SAEJ1772_no": "0", "MEDIUM_GB_T20234_2_AC__no": "0", "MEDIUM_OTHERS_no": "0", "QUICK_CHAdeMO_no": "0", "QUICK_CCS_DC_COMBO_no": "4", "QUICK_IEC62196_no": "0", "QUICK_GB_T20234_3_DC__no": "0", "QUICK_OTHERS_no": "0", "FAST_CHAdeMO_no": "0", "FAST_CCS_DC_COMBO_no": "0", "FAST_GB_T20234_3_DC__no": "0", "FAST_OTHERS_no": "0", "REMARK_FOR__OTHERS_": "-", "DATA_PATH": "-", "OBJECTID": 811, "total_chargers": 4 }, "geometry": { "type": "Point", "coordinates": [ 114.110713, 22.374158 ] } },
{ "type": "Feature", "properties": { "GmlID": "geotagging.812", "NAME_OF_DISTRICT_COUNCIL_DISTRICT_EN": "Eastern", "LOCATION_EN": "Marina House Car Park", "ADDRESS_EN": "68 Hing Man Street, Shau Kei Wan", "NAME_OF_DISTRICT_COUNCIL_DISTRICT_TC": "東區", "LOCATION_TC": "海天廣場停車場", "ADDRESS_TC": "筲箕灣興民街68號", "NAME_OF_DISTRICT_COUNCIL_DISTRICT_SC": "东区", "LOCATION_SC": "海天广场停车场", "ADDRESS_SC": "筲箕湾兴民街68号", "STANDARD_BS1363_no": "0", "MEDIUM_CCS_DC_COMBO_no": "0", "MEDIUM_IEC62196_no": "17", "MEDIUM_SAEJ1772_no": "0", "MEDIUM_GB_T20234_2_AC__no": "0", "MEDIUM_OTHERS_no": "0", "QUICK_CHAdeMO_no": "0", "QUICK_CCS_DC_COMBO_no": "0", "QUICK_IEC62196_no": "0", "QUICK_GB_T20234_3_DC__no": "0", "QUICK_OTHERS_no": "0", "FAST_CHAdeMO_no": "0", "FAST_CCS_DC_COMBO_no": "0", "FAST_GB_T20234_3_DC__no": "0", "FAST_OTHERS_no": "0", "REMARK_FOR__OTHERS_": "-", "DATA_PATH": "-", "OBJECTID": 812, "total_chargers": 17 }, "geometry": { "type": "Point", "coordinates": [ 114.224451, 22.280795 ] } },
{ "type": "Feature", "properties": { "GmlID": "geotagging.813", "NAME_OF_DISTRICT_COUNCIL_DISTRICT_EN": "Kwun Tong", "LOCATION_EN": "Corporation Square Car Park", "ADDRESS_EN": "8 Lam Lok Street, Kowloon Bay", "NAME_OF_DISTRICT_COUNCIL_DISTRICT_TC": "觀塘區", "LOCATION_TC": "商業廣場停車場", "ADDRESS_TC": "九龍灣臨樂街8號", "NAME_OF_DISTRICT_COUNCIL_DISTRICT_SC": "观塘区", "LOCATION_SC": "商业广场停车场", "ADDRESS_SC": "九龙湾临乐街8号", "STANDARD_BS1363_no": "0", "MEDIUM_CCS_DC_COMBO_no": "0", "MEDIUM_IEC62196_no": "2", "MEDIUM_SAEJ1772_no": "0", "MEDIUM_GB_T20234_2_AC__no": "0", "MEDIUM_OTHERS_no": "0", "QUICK_CHAdeMO_no": "0", "QUICK_CCS_DC_COMBO_no": "4", "QUICK_IEC62196_no": "0", "QUICK_GB_T20234_3_DC__no": "0", "QUICK_OTHERS_no": "0", "FAST_CHAdeMO_no": "0", "FAST_CCS_DC_COMBO_no": "0", "FAST_GB_T20234_3_DC__no": "0", "FAST_OTHERS_no": "0", "REMARK_FOR__OTHERS_": "-", "DATA_PATH": "-", "OBJECTID": 813, "total_chargers": 6 }, "geometry": { "type": "Point", "coordinates": [ 114.207328, 22.322291 ] } },
{ "type": "Feature", "properties": { "GmlID": "geotagging.814", "NAME_OF_DISTRICT_COUNCIL_DISTRICT_EN": "Yuen Long", "LOCATION_EN": "Yoho Mix Parking", "ADDRESS_EN": "1 Long Lok Rd, Yuen Long", "NAME_OF_DISTRICT_COUNCIL_DISTRICT_TC": "元朗區", "LOCATION_TC": "元點停車場", "ADDRESS_TC": "元朗龍樂路1號", "NAME_OF_DISTRICT_COUNCIL_DISTRICT_SC": "元朗区", "LOCATION_SC": "元点停车场", "ADDRESS_SC": "元朗龙乐路1号", "STANDARD_BS1363_no": "0", "MEDIUM_CCS_DC_COMBO_no": "0", "MEDIUM_IEC62196_no": "0", "MEDIUM_SAEJ1772_no": "0", "MEDIUM_GB_T20234_2_AC__no": "0", "MEDIUM_OTHERS_no": "0", "QUICK_CHAdeMO_no": "0", "QUICK_CCS_DC_COMBO_no": "2", "QUICK_IEC62196_no": "0", "QUICK_GB_T20234_3_DC__no": "0", "QUICK_OTHERS_no": "0", "FAST_CHAdeMO_no": "0", "FAST_CCS_DC_COMBO_no": "0", "FAST_GB_T20234_3_DC__no": "0", "FAST_OTHERS_no": "0", "REMARK_FOR__OTHERS_": "-", "DATA_PATH": "-", "OBJECTID": 814, "total_chargers": 2 }, "geometry": { "type": "Point", "coordinates": [ 114.033737, 22.445372 ] } },
{ "type": "Feature", "properties": { "GmlID": "geotagging.815", "NAME_OF_DISTRICT_COUNCIL_DISTRICT_EN": "Southern", "LOCATION_EN": "Shouson Place", "ADDRESS_EN": "Shouson Hill Road", "NAME_OF_DISTRICT_COUNCIL_DISTRICT_TC": "南區", "LOCATION_TC": "壽臣山廣場", "ADDRESS_TC": "南區壽臣山壽山村道", "NAME_OF_DISTRICT_COUNCIL_DISTRICT_SC": "南区", "LOCATION_SC": "寿臣山广场", "ADDRESS_SC": "南区寿臣山寿山村道", "STANDARD_BS1363_no": "0", "MEDIUM_CCS_DC_COMBO_no": "0", "MEDIUM_IEC62196_no": "0", "MEDIUM_SAEJ1772_no": "0", "MEDIUM_GB_T20234_2_AC__no": "0", "MEDIUM_OTHERS_no": "0", "QUICK_CHAdeMO_no": "0", "QUICK_CCS_DC_COMBO_no": "2", "QUICK_IEC62196_no": "0", "QUICK_GB_T20234_3_DC__no": "0", "QUICK_OTHERS_no": "0", "FAST_CHAdeMO_no": "0", "FAST_CCS_DC_COMBO_no": "0", "FAST_GB_T20234_3_DC__no": "0", "FAST_OTHERS_no": "0", "REMARK_FOR__OTHERS_": "-", "DATA_PATH": "-", "OBJECTID": 815, "total_chargers": 2 }, "geometry": { "type": "Point", "coordinates": [ 114.18125, 22.249183 ] } },
{ "type": "Feature", "properties": { "GmlID": "geotagging.816", "NAME_OF_DISTRICT_COUNCIL_DISTRICT_EN": "Tsuen Wan", "LOCATION_EN": "Sea Crest Villa Phase 3", "ADDRESS_EN": "18 Castle Peak Rd-Tsing Lung Tau, Tsing Lung Tau", "NAME_OF_DISTRICT_COUNCIL_DISTRICT_TC": "荃灣區", "LOCATION_TC": "浪翠園三期", "ADDRESS_TC": "青山公路青龍頭段18號", "NAME_OF_DISTRICT_COUNCIL_DISTRICT_SC": "荃湾区", "LOCATION_SC": "浪翠园三期", "ADDRESS_SC": "青山公路青龙头段18号", "STANDARD_BS1363_no": "0", "MEDIUM_CCS_DC_COMBO_no": "0", "MEDIUM_IEC62196_no": "6", "MEDIUM_SAEJ1772_no": "0", "MEDIUM_GB_T20234_2_AC__no": "0", "MEDIUM_OTHERS_no": "0", "QUICK_CHAdeMO_no": "0", "QUICK_CCS_DC_COMBO_no": "0", "QUICK_IEC62196_no": "0", "QUICK_GB_T20234_3_DC__no": "0", "QUICK_OTHERS_no": "0", "FAST_CHAdeMO_no": "0", "FAST_CCS_DC_COMBO_no": "0", "FAST_GB_T20234_3_DC__no": "0", "FAST_OTHERS_no": "0", "REMARK_FOR__OTHERS_": "-", "DATA_PATH": "-", "OBJECTID": 816, "total_chargers": 6 }, "geometry": { "type": "Point", "coordinates": [ 114.05469, 22.36485 ] } },
{ "type": "Feature", "properties": { "GmlID": "geotagging.817", "NAME_OF_DISTRICT_COUNCIL_DISTRICT_EN": "Kwun Tong", "LOCATION_EN": "Karin Building", "ADDRESS_EN": "Wai Yip Street, Kwun Tong", "NAME_OF_DISTRICT_COUNCIL_DISTRICT_TC": "觀塘區", "LOCATION_TC": "嘉靈大廈", "ADDRESS_TC": "觀塘偉業街", "NAME_OF_DISTRICT_COUNCIL_DISTRICT_SC": "观塘区", "LOCATION_SC": "嘉灵大厦", "ADDRESS_SC": "观塘伟业街", "STANDARD_BS1363_no": "0", "MEDIUM_CCS_DC_COMBO_no": "0", "MEDIUM_IEC62196_no": "0", "MEDIUM_SAEJ1772_no": "0", "MEDIUM_GB_T20234_2_AC__no": "0", "MEDIUM_OTHERS_no": "0", "QUICK_CHAdeMO_no": "0", "QUICK_CCS_DC_COMBO_no": "0", "QUICK_IEC62196_no": "1", "QUICK_GB_T20234_3_DC__no": "0", "QUICK_OTHERS_no": "0", "FAST_CHAdeMO_no": "0", "FAST_CCS_DC_COMBO_no": "0", "FAST_GB_T20234_3_DC__no": "0", "FAST_OTHERS_no": "0", "REMARK_FOR__OTHERS_": "-", "DATA_PATH": "https://ev-charger.epd.gov.hk/resource/ev_charger_avail/evca_ver_1_0.json", "OBJECTID": 817, "total_chargers": 1 }, "geometry": { "type": "Point", "coordinates": [ 114.220386, 22.310755 ] } },
{ "type": "Feature", "properties": { "GmlID": "geotagging.818", "NAME_OF_DISTRICT_COUNCIL_DISTRICT_EN": "Kowloon City", "LOCATION_EN": "Parc Oasis (Carpark A, Visitor Parking)", "ADDRESS_EN": "Parc Oasis Road", "NAME_OF_DISTRICT_COUNCIL_DISTRICT_TC": "九龍城區", "LOCATION_TC": "又一居A停車場", "ADDRESS_TC": "又一居道", "NAME_OF_DISTRICT_COUNCIL_DISTRICT_SC": "九龙城区", "LOCATION_SC": "又一居A停车场", "ADDRESS_SC": "又一居道", "STANDARD_BS1363_no": "0", "MEDIUM_CCS_DC_COMBO_no": "0", "MEDIUM_IEC62196_no": "1", "MEDIUM_SAEJ1772_no": "0", "MEDIUM_GB_T20234_2_AC__no": "0", "MEDIUM_OTHERS_no": "0", "QUICK_CHAdeMO_no": "0", "QUICK_CCS_DC_COMBO_no": "0", "QUICK_IEC62196_no": "0", "QUICK_GB_T20234_3_DC__no": "0", "QUICK_OTHERS_no": "0", "FAST_CHAdeMO_no": "0", "FAST_CCS_DC_COMBO_no": "0", "FAST_GB_T20234_3_DC__no": "0", "FAST_OTHERS_no": "0", "REMARK_FOR__OTHERS_": "-", "DATA_PATH": "https://ev-charger.epd.gov.hk/resource/ev_charger_avail/evca_ver_1_0.json", "OBJECTID": 818, "total_chargers": 1 }, "geometry": { "type": "Point", "coordinates": [ 114.174877, 22.333295 ] } },
{ "type": "Feature", "properties": { "GmlID": "geotagging.819", "NAME_OF_DISTRICT_COUNCIL_DISTRICT_EN": "Eastern", "LOCATION_EN": "Shing Fai Terrace", "ADDRESS_EN": "Taikoo Shing", "NAME_OF_DISTRICT_COUNCIL_DISTRICT_TC": "東區", "LOCATION_TC": "星輝台停車場", "ADDRESS_TC": "太古城", "NAME_OF_DISTRICT_COUNCIL_DISTRICT_SC": "东区", "LOCATION_SC": "星辉台停车场", "ADDRESS_SC": "太古城", "STANDARD_BS1363_no": "0", "MEDIUM_CCS_DC_COMBO_no": "0", "MEDIUM_IEC62196_no": "0", "MEDIUM_SAEJ1772_no": "0", "MEDIUM_GB_T20234_2_AC__no": "0", "MEDIUM_OTHERS_no": "0", "QUICK_CHAdeMO_no": "0", "QUICK_CCS_DC_COMBO_no": "0", "QUICK_IEC62196_no": "12", "QUICK_GB_T20234_3_DC__no": "0", "QUICK_OTHERS_no": "0", "FAST_CHAdeMO_no": "0", "FAST_CCS_DC_COMBO_no": "0", "FAST_GB_T20234_3_DC__no": "0", "FAST_OTHERS_no": "0", "REMARK_FOR__OTHERS_": "-", "DATA_PATH": "https://ev-charger.epd.gov.hk/resource/ev_charger_avail/evca_ver_1_0.json", "OBJECTID": 819, "total_chargers": 12 }, "geometry": { "type": "Point", "coordinates": [ 114.219087, 22.287214 ] } },
{ "type": "Feature", "properties": { "GmlID": "geotagging.820", "NAME_OF_DISTRICT_COUNCIL_DISTRICT_EN": "Sha Tin", "LOCATION_EN": "Shing Chuen Industrial Building", "ADDRESS_EN": "Shing Wan Rd, Tai Wai", "NAME_OF_DISTRICT_COUNCIL_DISTRICT_TC": "沙田區", "LOCATION_TC": "成全工業大廈", "ADDRESS_TC": "大圍成運路", "NAME_OF_DISTRICT_COUNCIL_DISTRICT_SC": "沙田区", "LOCATION_SC": "成全工业大厦", "ADDRESS_SC": "大围成运路", "STANDARD_BS1363_no": "0", "MEDIUM_CCS_DC_COMBO_no": "0", "MEDIUM_IEC62196_no": "0", "MEDIUM_SAEJ1772_no": "0", "MEDIUM_GB_T20234_2_AC__no": "0", "MEDIUM_OTHERS_no": "0", "QUICK_CHAdeMO_no": "0", "QUICK_CCS_DC_COMBO_no": "0", "QUICK_IEC62196_no": "0", "QUICK_GB_T20234_3_DC__no": "0", "QUICK_OTHERS_no": "0", "FAST_CHAdeMO_no": "2", "FAST_CCS_DC_COMBO_no": "8", "FAST_GB_T20234_3_DC__no": "0", "FAST_OTHERS_no": "0", "REMARK_FOR__OTHERS_": "-", "DATA_PATH": "https://ev-charger.epd.gov.hk/resource/ev_charger_avail/evca_ver_1_0.json", "OBJECTID": 820, "total_chargers": 10 }, "geometry": { "type": "Point", "coordinates": [ 114.180838, 22.375703 ] } },
{ "type": "Feature", "properties": { "GmlID": "geotagging.821", "NAME_OF_DISTRICT_COUNCIL_DISTRICT_EN": "Sham Shui Po", "LOCATION_EN": "Hang Chun Court Car Park", "ADDRESS_EN": "2 HANG CHEUNG STREET", "NAME_OF_DISTRICT_COUNCIL_DISTRICT_TC": "深水埗區", "LOCATION_TC": "幸俊苑停車場", "ADDRESS_TC": "長沙灣幸祥街2號", "NAME_OF_DISTRICT_COUNCIL_DISTRICT_SC": "深水埗区", "LOCATION_SC": "幸俊苑停车场", "ADDRESS_SC": "长沙湾幸祥街2号", "STANDARD_BS1363_no": "0", "MEDIUM_CCS_DC_COMBO_no": "0", "MEDIUM_IEC62196_no": "9", "MEDIUM_SAEJ1772_no": "0", "MEDIUM_GB_T20234_2_AC__no": "0", "MEDIUM_OTHERS_no": "0", "QUICK_CHAdeMO_no": "0", "QUICK_CCS_DC_COMBO_no": "0", "QUICK_IEC62196_no": "0", "QUICK_GB_T20234_3_DC__no": "0", "QUICK_OTHERS_no": "0", "FAST_CHAdeMO_no": "0", "FAST_CCS_DC_COMBO_no": "0", "FAST_GB_T20234_3_DC__no": "0", "FAST_OTHERS_no": "0", "REMARK_FOR__OTHERS_": "-", "DATA_PATH": "-", "OBJECTID": 821, "total_chargers": 9 }, "geometry": { "type": "Point", "coordinates": [ 114.153109, 22.335755 ] } },
{ "type": "Feature", "properties": { "GmlID": "geotagging.822", "NAME_OF_DISTRICT_COUNCIL_DISTRICT_EN": "Tai Po", "LOCATION_EN": "Tai Po Mega Mall Multi-Storey Carpark", "ADDRESS_EN": "No.2, On Pong Road, Tai Po, N.T.", "NAME_OF_DISTRICT_COUNCIL_DISTRICT_TC": "大埔區", "LOCATION_TC": "大埔超級城多層停車場", "ADDRESS_TC": "新界大埔安邦路2號", "NAME_OF_DISTRICT_COUNCIL_DISTRICT_SC": "大埔区", "LOCATION_SC": "大埔超级城多层停车场", "ADDRESS_SC": "新界大埔安邦路2号", "STANDARD_BS1363_no": "0", "MEDIUM_CCS_DC_COMBO_no": "0", "MEDIUM_IEC62196_no": "2", "MEDIUM_SAEJ1772_no": "0", "MEDIUM_GB_T20234_2_AC__no": "0", "MEDIUM_OTHERS_no": "0", "QUICK_CHAdeMO_no": "0", "QUICK_CCS_DC_COMBO_no": "4", "QUICK_IEC62196_no": "0", "QUICK_GB_T20234_3_DC__no": "0", "QUICK_OTHERS_no": "0", "FAST_CHAdeMO_no": "0", "FAST_CCS_DC_COMBO_no": "0", "FAST_GB_T20234_3_DC__no": "0", "FAST_OTHERS_no": "0", "REMARK_FOR__OTHERS_": "-", "DATA_PATH": "-", "OBJECTID": 822, "total_chargers": 6 }, "geometry": { "type": "Point", "coordinates": [ 114.171119, 22.453738 ] } },
{ "type": "Feature", "properties": { "GmlID": "geotagging.823", "NAME_OF_DISTRICT_COUNCIL_DISTRICT_EN": "Tuen Mun", "LOCATION_EN": "Yip Wong Estate Phase 1 & 2 Car Park", "ADDRESS_EN": "21&25 Tin Sau Road, Tuen Mun", "NAME_OF_DISTRICT_COUNCIL_DISTRICT_TC": "屯門區", "LOCATION_TC": "業旺邨停車場一期及二期", "ADDRESS_TC": "屯門天后路21、25號", "NAME_OF_DISTRICT_COUNCIL_DISTRICT_SC": "屯门区", "LOCATION_SC": "业旺邨停车场一期及二期", "ADDRESS_SC": "屯门天后路21、25号", "STANDARD_BS1363_no": "0", "MEDIUM_CCS_DC_COMBO_no": "0", "MEDIUM_IEC62196_no": "33", "MEDIUM_SAEJ1772_no": "0", "MEDIUM_GB_T20234_2_AC__no": "0", "MEDIUM_OTHERS_no": "0", "QUICK_CHAdeMO_no": "0", "QUICK_CCS_DC_COMBO_no": "2", "QUICK_IEC62196_no": "0", "QUICK_GB_T20234_3_DC__no": "0", "QUICK_OTHERS_no": "0", "FAST_CHAdeMO_no": "0", "FAST_CCS_DC_COMBO_no": "0", "FAST_GB_T20234_3_DC__no": "0", "FAST_OTHERS_no": "0", "REMARK_FOR__OTHERS_": "-", "DATA_PATH": "-", "OBJECTID": 823, "total_chargers": 35 }, "geometry": { "type": "Point", "coordinates": [ 113.969669, 22.387667 ] } },
{ "type": "Feature", "properties": { "GmlID": "geotagging.824", "NAME_OF_DISTRICT_COUNCIL_DISTRICT_EN": "Kwai Tsing", "LOCATION_EN": "Metroplaza", "ADDRESS_EN": "223 Hing Fong Road, Kwai Fong, NT", "NAME_OF_DISTRICT_COUNCIL_DISTRICT_TC": "葵青區", "LOCATION_TC": "新都會廣場", "ADDRESS_TC": "新界興芳路223號", "NAME_OF_DISTRICT_COUNCIL_DISTRICT_SC": "葵青区", "LOCATION_SC": "新都会广场", "ADDRESS_SC": "新界兴芳路223号", "STANDARD_BS1363_no": "1", "MEDIUM_CCS_DC_COMBO_no": "0", "MEDIUM_IEC62196_no": "1", "MEDIUM_SAEJ1772_no": "0", "MEDIUM_GB_T20234_2_AC__no": "0", "MEDIUM_OTHERS_no": "0", "QUICK_CHAdeMO_no": "0", "QUICK_CCS_DC_COMBO_no": "5", "QUICK_IEC62196_no": "0", "QUICK_GB_T20234_3_DC__no": "0", "QUICK_OTHERS_no": "0", "FAST_CHAdeMO_no": "0", "FAST_CCS_DC_COMBO_no": "0", "FAST_GB_T20234_3_DC__no": "0", "FAST_OTHERS_no": "0", "REMARK_FOR__OTHERS_": "-", "DATA_PATH": "-", "OBJECTID": 824, "total_chargers": 7 }, "geometry": { "type": "Point", "coordinates": [ 114.127041, 22.357749 ] } },
{ "type": "Feature", "properties": { "GmlID": "geotagging.825", "NAME_OF_DISTRICT_COUNCIL_DISTRICT_EN": "Kowloon City", "LOCATION_EN": "Lok Man Sun Chuen", "ADDRESS_EN": "160 KAU PUI LUNG ROAD", "NAME_OF_DISTRICT_COUNCIL_DISTRICT_TC": "九龍城區", "LOCATION_TC": "樂民新村", "ADDRESS_TC": "靠背壟道 160號", "NAME_OF_DISTRICT_COUNCIL_DISTRICT_SC": "九龙城区", "LOCATION_SC": "乐民新村", "ADDRESS_SC": "靠背垄道 160号", "STANDARD_BS1363_no": "0", "MEDIUM_CCS_DC_COMBO_no": "0", "MEDIUM_IEC62196_no": "2", "MEDIUM_SAEJ1772_no": "0", "MEDIUM_GB_T20234_2_AC__no": "0", "MEDIUM_OTHERS_no": "0", "QUICK_CHAdeMO_no": "0", "QUICK_CCS_DC_COMBO_no": "0", "QUICK_IEC62196_no": "0", "QUICK_GB_T20234_3_DC__no": "0", "QUICK_OTHERS_no": "0", "FAST_CHAdeMO_no": "0", "FAST_CCS_DC_COMBO_no": "0", "FAST_GB_T20234_3_DC__no": "0", "FAST_OTHERS_no": "0", "REMARK_FOR__OTHERS_": "-", "DATA_PATH": "-", "OBJECTID": 825, "total_chargers": 2 }, "geometry": { "type": "Point", "coordinates": [ 114.186047, 22.317607 ] } },
{ "type": "Feature", "properties": { "GmlID": "geotagging.826", "NAME_OF_DISTRICT_COUNCIL_DISTRICT_EN": "Sha Tin", "LOCATION_EN": "New Town Plaza I", "ADDRESS_EN": "18-19, Shatin Centre Street, Shatin", "NAME_OF_DISTRICT_COUNCIL_DISTRICT_TC": "沙田區", "LOCATION_TC": "新城市廣場一期停車場", "ADDRESS_TC": "新界沙田沙田正街18-19號", "NAME_OF_DISTRICT_COUNCIL_DISTRICT_SC": "沙田区", "LOCATION_SC": "新城市广场一期停车场", "ADDRESS_SC": "新界沙田沙田正街18-19号", "STANDARD_BS1363_no": "0", "MEDIUM_CCS_DC_COMBO_no": "0", "MEDIUM_IEC62196_no": "0", "MEDIUM_SAEJ1772_no": "0", "MEDIUM_GB_T20234_2_AC__no": "0", "MEDIUM_OTHERS_no": "0", "QUICK_CHAdeMO_no": "0", "QUICK_CCS_DC_COMBO_no": "12", "QUICK_IEC62196_no": "0", "QUICK_GB_T20234_3_DC__no": "0", "QUICK_OTHERS_no": "0", "FAST_CHAdeMO_no": "0", "FAST_CCS_DC_COMBO_no": "0", "FAST_GB_T20234_3_DC__no": "0", "FAST_OTHERS_no": "0", "REMARK_FOR__OTHERS_": "-", "DATA_PATH": "-", "OBJECTID": 826, "total_chargers": 12 }, "geometry": { "type": "Point", "coordinates": [ 114.188942, 22.381853 ] } },
{ "type": "Feature", "properties": { "GmlID": "geotagging.827", "NAME_OF_DISTRICT_COUNCIL_DISTRICT_EN": "Sha Tin", "LOCATION_EN": "New Town Plaza III", "ADDRESS_EN": "2-8, Shatin Centre Street, Shatin", "NAME_OF_DISTRICT_COUNCIL_DISTRICT_TC": "沙田區", "LOCATION_TC": "新城市廣場三期停車場", "ADDRESS_TC": "沙田沙田正街2-8號", "NAME_OF_DISTRICT_COUNCIL_DISTRICT_SC": "沙田区", "LOCATION_SC": "新城市广场三期停车场", "ADDRESS_SC": "沙田沙田正街2-8号", "STANDARD_BS1363_no": "0", "MEDIUM_CCS_DC_COMBO_no": "0", "MEDIUM_IEC62196_no": "0", "MEDIUM_SAEJ1772_no": "0", "MEDIUM_GB_T20234_2_AC__no": "0", "MEDIUM_OTHERS_no": "0", "QUICK_CHAdeMO_no": "0", "QUICK_CCS_DC_COMBO_no": "4", "QUICK_IEC62196_no": "0", "QUICK_GB_T20234_3_DC__no": "0", "QUICK_OTHERS_no": "0", "FAST_CHAdeMO_no": "0", "FAST_CCS_DC_COMBO_no": "0", "FAST_GB_T20234_3_DC__no": "0", "FAST_OTHERS_no": "0", "REMARK_FOR__OTHERS_": "-", "DATA_PATH": "-", "OBJECTID": 827, "total_chargers": 4 }, "geometry": { "type": "Point", "coordinates": [ 114.187588, 22.379864 ] } },
{ "type": "Feature", "properties": { "GmlID": "geotagging.828", "NAME_OF_DISTRICT_COUNCIL_DISTRICT_EN": "Sha Tin", "LOCATION_EN": "HomeSquare", "ADDRESS_EN": "138, Sha Tin Rural Committee Road, Sha Tin, New Territories", "NAME_OF_DISTRICT_COUNCIL_DISTRICT_TC": "沙田區", "LOCATION_TC": "新城市中央廣場", "ADDRESS_TC": "沙田鄉事會路138號", "NAME_OF_DISTRICT_COUNCIL_DISTRICT_SC": "沙田区", "LOCATION_SC": "新城市中央广场", "ADDRESS_SC": "沙田乡事会路138号", "STANDARD_BS1363_no": "0", "MEDIUM_CCS_DC_COMBO_no": "0", "MEDIUM_IEC62196_no": "0", "MEDIUM_SAEJ1772_no": "0", "MEDIUM_GB_T20234_2_AC__no": "0", "MEDIUM_OTHERS_no": "0", "QUICK_CHAdeMO_no": "0", "QUICK_CCS_DC_COMBO_no": "2", "QUICK_IEC62196_no": "0", "QUICK_GB_T20234_3_DC__no": "0", "QUICK_OTHERS_no": "0", "FAST_CHAdeMO_no": "0", "FAST_CCS_DC_COMBO_no": "0", "FAST_GB_T20234_3_DC__no": "0", "FAST_OTHERS_no": "0", "REMARK_FOR__OTHERS_": "-", "DATA_PATH": "-", "OBJECTID": 828, "total_chargers": 2 }, "geometry": { "type": "Point", "coordinates": [ 114.187703, 22.385755 ] } },
{ "type": "Feature", "properties": { "GmlID": "geotagging.829", "NAME_OF_DISTRICT_COUNCIL_DISTRICT_EN": "Sha Tin", "LOCATION_EN": "Yan On Estate carpark", "ADDRESS_EN": "No.3 Hang Chi street Yan On Estate carpark", "NAME_OF_DISTRICT_COUNCIL_DISTRICT_TC": "沙田區", "LOCATION_TC": "欣安邨停車場", "ADDRESS_TC": "馬鞍山恆智街3號越秀亞通停車場繳費處", "NAME_OF_DISTRICT_COUNCIL_DISTRICT_SC": "沙田区", "LOCATION_SC": "欣安邨停车场", "ADDRESS_SC": "马鞍山恒智街3号越秀亚通停车场缴费处", "STANDARD_BS1363_no": "5", "MEDIUM_CCS_DC_COMBO_no": "0", "MEDIUM_IEC62196_no": "10", "MEDIUM_SAEJ1772_no": "0", "MEDIUM_GB_T20234_2_AC__no": "0", "MEDIUM_OTHERS_no": "0", "QUICK_CHAdeMO_no": "0", "QUICK_CCS_DC_COMBO_no": "0", "QUICK_IEC62196_no": "0", "QUICK_GB_T20234_3_DC__no": "0", "QUICK_OTHERS_no": "0", "FAST_CHAdeMO_no": "0", "FAST_CCS_DC_COMBO_no": "0", "FAST_GB_T20234_3_DC__no": "0", "FAST_OTHERS_no": "0", "REMARK_FOR__OTHERS_": "-", "DATA_PATH": "-", "OBJECTID": 829, "total_chargers": 15 }, "geometry": { "type": "Point", "coordinates": [ 114.224854, 22.412963 ] } },
{ "type": "Feature", "properties": { "GmlID": "geotagging.830", "NAME_OF_DISTRICT_COUNCIL_DISTRICT_EN": "Tai Po", "LOCATION_EN": "Fu Tip Estate Phase 1 carpark", "ADDRESS_EN": "11 Chung Nga Road, Tai Po, N.T.", "NAME_OF_DISTRICT_COUNCIL_DISTRICT_TC": "大埔區", "LOCATION_TC": "富蝶邨一期停車場", "ADDRESS_TC": "新界大埔頌雅路11號", "NAME_OF_DISTRICT_COUNCIL_DISTRICT_SC": "大埔区", "LOCATION_SC": "富蝶邨一期停车场", "ADDRESS_SC": "新界大埔颂雅路11号", "STANDARD_BS1363_no": "0", "MEDIUM_CCS_DC_COMBO_no": "0", "MEDIUM_IEC62196_no": "2", "MEDIUM_SAEJ1772_no": "0", "MEDIUM_GB_T20234_2_AC__no": "0", "MEDIUM_OTHERS_no": "0", "QUICK_CHAdeMO_no": "0", "QUICK_CCS_DC_COMBO_no": "0", "QUICK_IEC62196_no": "0", "QUICK_GB_T20234_3_DC__no": "0", "QUICK_OTHERS_no": "0", "FAST_CHAdeMO_no": "0", "FAST_CCS_DC_COMBO_no": "0", "FAST_GB_T20234_3_DC__no": "0", "FAST_OTHERS_no": "0", "REMARK_FOR__OTHERS_": "-", "DATA_PATH": "-", "OBJECTID": 830, "total_chargers": 2 }, "geometry": { "type": "Point", "coordinates": [ 114.173073, 22.461516 ] } },
{ "type": "Feature", "properties": { "GmlID": "geotagging.831", "NAME_OF_DISTRICT_COUNCIL_DISTRICT_EN": "Tai Po", "LOCATION_EN": "Fu Tip Estate Phase 2 carpark", "ADDRESS_EN": "11 Choi TIp Street, Tai PO, N.T.", "NAME_OF_DISTRICT_COUNCIL_DISTRICT_TC": "大埔區", "LOCATION_TC": "富蝶邨二期停車場", "ADDRESS_TC": "新界大埔彩蝶街11號", "NAME_OF_DISTRICT_COUNCIL_DISTRICT_SC": "大埔区", "LOCATION_SC": "富蝶邨二期停车场", "ADDRESS_SC": "新界大埔彩蝶街11号", "STANDARD_BS1363_no": "0", "MEDIUM_CCS_DC_COMBO_no": "0", "MEDIUM_IEC62196_no": "19", "MEDIUM_SAEJ1772_no": "0", "MEDIUM_GB_T20234_2_AC__no": "0", "MEDIUM_OTHERS_no": "0", "QUICK_CHAdeMO_no": "0", "QUICK_CCS_DC_COMBO_no": "0", "QUICK_IEC62196_no": "0", "QUICK_GB_T20234_3_DC__no": "0", "QUICK_OTHERS_no": "0", "FAST_CHAdeMO_no": "0", "FAST_CCS_DC_COMBO_no": "0", "FAST_GB_T20234_3_DC__no": "0", "FAST_OTHERS_no": "0", "REMARK_FOR__OTHERS_": "-", "DATA_PATH": "-", "OBJECTID": 831, "total_chargers": 19 }, "geometry": { "type": "Point", "coordinates": [ 114.176119, 22.464263 ] } },
{ "type": "Feature", "properties": { "GmlID": "geotagging.832", "NAME_OF_DISTRICT_COUNCIL_DISTRICT_EN": "Sai Kung", "LOCATION_EN": "Ocean PopWalk", "ADDRESS_EN": "28 Tong Chun Street, Tseung Kwan O, N.T.", "NAME_OF_DISTRICT_COUNCIL_DISTRICT_TC": "西貢區", "LOCATION_TC": "海天晉滙停車場", "ADDRESS_TC": "將軍澳唐俊街28號", "NAME_OF_DISTRICT_COUNCIL_DISTRICT_SC": "西贡区", "LOCATION_SC": "海天晋滙停车场", "ADDRESS_SC": "将军澳唐俊街28号", "STANDARD_BS1363_no": "0", "MEDIUM_CCS_DC_COMBO_no": "0", "MEDIUM_IEC62196_no": "0", "MEDIUM_SAEJ1772_no": "0", "MEDIUM_GB_T20234_2_AC__no": "0", "MEDIUM_OTHERS_no": "0", "QUICK_CHAdeMO_no": "0", "QUICK_CCS_DC_COMBO_no": "6", "QUICK_IEC62196_no": "0", "QUICK_GB_T20234_3_DC__no": "0", "QUICK_OTHERS_no": "0", "FAST_CHAdeMO_no": "0", "FAST_CCS_DC_COMBO_no": "0", "FAST_GB_T20234_3_DC__no": "0", "FAST_OTHERS_no": "0", "REMARK_FOR__OTHERS_": "-", "DATA_PATH": "-", "OBJECTID": 832, "total_chargers": 6 }, "geometry": { "type": "Point", "coordinates": [ 114.260676, 22.303418 ] } },
{ "type": "Feature", "properties": { "GmlID": "geotagging.833", "NAME_OF_DISTRICT_COUNCIL_DISTRICT_EN": "Yuen Long", "LOCATION_EN": "Tai Tong Tsuen Charging Point", "ADDRESS_EN": "DD117 Lot 1213", "NAME_OF_DISTRICT_COUNCIL_DISTRICT_TC": "元朗區", "LOCATION_TC": "大棠村充電站", "ADDRESS_TC": "DD117 Lot 1213", "NAME_OF_DISTRICT_COUNCIL_DISTRICT_SC": "元朗区", "LOCATION_SC": "大棠村充电站", "ADDRESS_SC": "DD117 Lot 1214", "STANDARD_BS1363_no": "0", "MEDIUM_CCS_DC_COMBO_no": "0", "MEDIUM_IEC62196_no": "0", "MEDIUM_SAEJ1772_no": "0", "MEDIUM_GB_T20234_2_AC__no": "0", "MEDIUM_OTHERS_no": "0", "QUICK_CHAdeMO_no": "0", "QUICK_CCS_DC_COMBO_no": "2", "QUICK_IEC62196_no": "0", "QUICK_GB_T20234_3_DC__no": "0", "QUICK_OTHERS_no": "0", "FAST_CHAdeMO_no": "0", "FAST_CCS_DC_COMBO_no": "0", "FAST_GB_T20234_3_DC__no": "0", "FAST_OTHERS_no": "0", "REMARK_FOR__OTHERS_": "-", "DATA_PATH": "-", "OBJECTID": 833, "total_chargers": 2 }, "geometry": { "type": "Point", "coordinates": [ 114.023653, 22.417815 ] } },
{ "type": "Feature", "properties": { "GmlID": "geotagging.834", "NAME_OF_DISTRICT_COUNCIL_DISTRICT_EN": "Kwai Tsing", "LOCATION_EN": "Asia Logistics Hub - SF Centre", "ADDRESS_EN": "S.F.Centre 9/F Asia Logistics Hub", "NAME_OF_DISTRICT_COUNCIL_DISTRICT_TC": "葵青區", "LOCATION_TC": "亞洲物流中心-順豐大廈", "ADDRESS_TC": "青衣青衣航運路36號", "NAME_OF_DISTRICT_COUNCIL_DISTRICT_SC": "葵青区", "LOCATION_SC": "亚洲物流中心-顺丰大厦", "ADDRESS_SC": "青衣青衣航运路36号", "STANDARD_BS1363_no": "0", "MEDIUM_CCS_DC_COMBO_no": "0", "MEDIUM_IEC62196_no": "1", "MEDIUM_SAEJ1772_no": "0", "MEDIUM_GB_T20234_2_AC__no": "0", "MEDIUM_OTHERS_no": "0", "QUICK_CHAdeMO_no": "0", "QUICK_CCS_DC_COMBO_no": "0", "QUICK_IEC62196_no": "0", "QUICK_GB_T20234_3_DC__no": "0", "QUICK_OTHERS_no": "0", "FAST_CHAdeMO_no": "0", "FAST_CCS_DC_COMBO_no": "0", "FAST_GB_T20234_3_DC__no": "0", "FAST_OTHERS_no": "0", "REMARK_FOR__OTHERS_": "-", "DATA_PATH": "-", "OBJECTID": 834, "total_chargers": 1 }, "geometry": { "type": "Point", "coordinates": [ 114.110542, 22.335394 ] } },
{ "type": "Feature", "properties": { "GmlID": "geotagging.835", "NAME_OF_DISTRICT_COUNCIL_DISTRICT_EN": "Islands", "LOCATION_EN": "Lantau Charging Station cum Southbound Travel for Guangdong Vehicles Information Centre", "ADDRESS_EN": "Chak Yan Road, Penny's Bay, Lantau Island", "NAME_OF_DISTRICT_COUNCIL_DISTRICT_TC": "離島區", "LOCATION_TC": "大嶼山充電站暨粵車南下資訊中心", "ADDRESS_TC": "大嶼山竹篙灣澤欣路", "NAME_OF_DISTRICT_COUNCIL_DISTRICT_SC": "离岛区", "LOCATION_SC": "大屿山充电站暨粤车南下资讯中心", "ADDRESS_SC": "大屿山竹篙湾泽欣路", "STANDARD_BS1363_no": "0", "MEDIUM_CCS_DC_COMBO_no": "0", "MEDIUM_IEC62196_no": "0", "MEDIUM_SAEJ1772_no": "0", "MEDIUM_GB_T20234_2_AC__no": "0", "MEDIUM_OTHERS_no": "0", "QUICK_CHAdeMO_no": "0", "QUICK_CCS_DC_COMBO_no": "4", "QUICK_IEC62196_no": "0", "QUICK_GB_T20234_3_DC__no": "5", "QUICK_OTHERS_no": "0", "FAST_CHAdeMO_no": "0", "FAST_CCS_DC_COMBO_no": "0", "FAST_GB_T20234_3_DC__no": "0", "FAST_OTHERS_no": "0", "REMARK_FOR__OTHERS_": "-", "DATA_PATH": "-", "OBJECTID": 835, "total_chargers": 9 }, "geometry": { "type": "Point", "coordinates": [ 114.04, 22.31786 ] } },
{ "type": "Feature", "properties": { "GmlID": "geotagging.836", "NAME_OF_DISTRICT_COUNCIL_DISTRICT_EN": "Tuen Mun", "LOCATION_EN": "Grandeur Gardens", "ADDRESS_EN": "3 King Fung Path, Tuen Mun San Hui", "NAME_OF_DISTRICT_COUNCIL_DISTRICT_TC": "屯門區", "LOCATION_TC": "偉景花園", "ADDRESS_TC": "屯門新墟景峰徑3號", "NAME_OF_DISTRICT_COUNCIL_DISTRICT_SC": "屯门区", "LOCATION_SC": "伟景花园", "ADDRESS_SC": "屯门新墟景峰径3号", "STANDARD_BS1363_no": "0", "MEDIUM_CCS_DC_COMBO_no": "0", "MEDIUM_IEC62196_no": "0", "MEDIUM_SAEJ1772_no": "0", "MEDIUM_GB_T20234_2_AC__no": "0", "MEDIUM_OTHERS_no": "0", "QUICK_CHAdeMO_no": "0", "QUICK_CCS_DC_COMBO_no": "0", "QUICK_IEC62196_no": "0", "QUICK_GB_T20234_3_DC__no": "0", "QUICK_OTHERS_no": "0", "FAST_CHAdeMO_no": "0", "FAST_CCS_DC_COMBO_no": "4", "FAST_GB_T20234_3_DC__no": "0", "FAST_OTHERS_no": "0", "REMARK_FOR__OTHERS_": "-", "DATA_PATH": "https://ev-charger.epd.gov.hk/resource/ev_charger_avail/evca_ver_1_0.json", "OBJECTID": 836, "total_chargers": 4 }, "geometry": { "type": "Point", "coordinates": [ 113.98112, 22.4048 ] } },
{ "type": "Feature", "properties": { "GmlID": "geotagging.837", "NAME_OF_DISTRICT_COUNCIL_DISTRICT_EN": "Kwun Tong", "LOCATION_EN": "The MOD Charging Point", "ADDRESS_EN": "162 Wai Yip Street, Kwun Tong", "NAME_OF_DISTRICT_COUNCIL_DISTRICT_TC": "觀塘區", "LOCATION_TC": "The MOD充電站", "ADDRESS_TC": "觀塘偉業街162號", "NAME_OF_DISTRICT_COUNCIL_DISTRICT_SC": "观塘区", "LOCATION_SC": "The MOD充电站", "ADDRESS_SC": "观塘伟业街162号", "STANDARD_BS1363_no": "0", "MEDIUM_CCS_DC_COMBO_no": "0", "MEDIUM_IEC62196_no": "0", "MEDIUM_SAEJ1772_no": "0", "MEDIUM_GB_T20234_2_AC__no": "0", "MEDIUM_OTHERS_no": "0", "QUICK_CHAdeMO_no": "0", "QUICK_CCS_DC_COMBO_no": "4", "QUICK_IEC62196_no": "0", "QUICK_GB_T20234_3_DC__no": "0", "QUICK_OTHERS_no": "0", "FAST_CHAdeMO_no": "0", "FAST_CCS_DC_COMBO_no": "0", "FAST_GB_T20234_3_DC__no": "0", "FAST_OTHERS_no": "0", "REMARK_FOR__OTHERS_": "-", "DATA_PATH": "-", "OBJECTID": 837, "total_chargers": 4 }, "geometry": { "type": "Point", "coordinates": [ 114.221801, 22.309613 ] } },
{ "type": "Feature", "properties": { "GmlID": "geotagging.838", "NAME_OF_DISTRICT_COUNCIL_DISTRICT_EN": "Yau Tsim Mong", "LOCATION_EN": "KHORA Charging Point", "ADDRESS_EN": "128 Bedford Rd, Tai Kok Tsui", "NAME_OF_DISTRICT_COUNCIL_DISTRICT_TC": "油尖旺區", "LOCATION_TC": "宏創坊充電站", "ADDRESS_TC": "大角咀必發道128號", "NAME_OF_DISTRICT_COUNCIL_DISTRICT_SC": "油尖旺区", "LOCATION_SC": "宏创坊充电站", "ADDRESS_SC": "大角咀必发道128号", "STANDARD_BS1363_no": "0", "MEDIUM_CCS_DC_COMBO_no": "0", "MEDIUM_IEC62196_no": "0", "MEDIUM_SAEJ1772_no": "0", "MEDIUM_GB_T20234_2_AC__no": "0", "MEDIUM_OTHERS_no": "0", "QUICK_CHAdeMO_no": "0", "QUICK_CCS_DC_COMBO_no": "2", "QUICK_IEC62196_no": "0", "QUICK_GB_T20234_3_DC__no": "0", "QUICK_OTHERS_no": "0", "FAST_CHAdeMO_no": "0", "FAST_CCS_DC_COMBO_no": "0", "FAST_GB_T20234_3_DC__no": "0", "FAST_OTHERS_no": "0", "REMARK_FOR__OTHERS_": "-", "DATA_PATH": "-", "OBJECTID": 838, "total_chargers": 2 }, "geometry": { "type": "Point", "coordinates": [ 114.162417, 22.324262 ] } },
{ "type": "Feature", "properties": { "GmlID": "geotagging.839", "NAME_OF_DISTRICT_COUNCIL_DISTRICT_EN": "Kwai Tsing", "LOCATION_EN": "Kwai Tsing Container Terminal 9 Charging Point", "ADDRESS_EN": "Kwai Tsing Container Terminal 9, Tsing Yi", "NAME_OF_DISTRICT_COUNCIL_DISTRICT_TC": "葵青區", "LOCATION_TC": "青衣9號貨櫃碼頭充電站", "ADDRESS_TC": "青衣, 九號貨櫃碼頭, 青衣青高路STT3784地段", "NAME_OF_DISTRICT_COUNCIL_DISTRICT_SC": "葵青区", "LOCATION_SC": "青衣9号货柜码头充电站", "ADDRESS_SC": "青衣, 九号货柜码头, 青衣青高路STT3784地段", "STANDARD_BS1363_no": "0", "MEDIUM_CCS_DC_COMBO_no": "0", "MEDIUM_IEC62196_no": "0", "MEDIUM_SAEJ1772_no": "0", "MEDIUM_GB_T20234_2_AC__no": "0", "MEDIUM_OTHERS_no": "0", "QUICK_CHAdeMO_no": "0", "QUICK_CCS_DC_COMBO_no": "20", "QUICK_IEC62196_no": "0", "QUICK_GB_T20234_3_DC__no": "0", "QUICK_OTHERS_no": "0", "FAST_CHAdeMO_no": "0", "FAST_CCS_DC_COMBO_no": "0", "FAST_GB_T20234_3_DC__no": "0", "FAST_OTHERS_no": "0", "REMARK_FOR__OTHERS_": "-", "DATA_PATH": "-", "OBJECTID": 839, "total_chargers": 20 }, "geometry": { "type": "Point", "coordinates": [ 114.110521, 22.331817 ] } },
{ "type": "Feature", "properties": { "GmlID": "geotagging.840", "NAME_OF_DISTRICT_COUNCIL_DISTRICT_EN": "Yuen Long", "LOCATION_EN": "Yuen Long Industrial Estate Charging Point", "ADDRESS_EN": "25 Wang Lok St", "NAME_OF_DISTRICT_COUNCIL_DISTRICT_TC": "元朗區", "LOCATION_TC": "元朗工業村充電站", "ADDRESS_TC": "元朗工業村宏樂街25號", "NAME_OF_DISTRICT_COUNCIL_DISTRICT_SC": "元朗区", "LOCATION_SC": "元朗工业村充电站", "ADDRESS_SC": "元朗工业村宏乐街25号", "STANDARD_BS1363_no": "0", "MEDIUM_CCS_DC_COMBO_no": "0", "MEDIUM_IEC62196_no": "0", "MEDIUM_SAEJ1772_no": "0", "MEDIUM_GB_T20234_2_AC__no": "0", "MEDIUM_OTHERS_no": "0", "QUICK_CHAdeMO_no": "0", "QUICK_CCS_DC_COMBO_no": "10", "QUICK_IEC62196_no": "0", "QUICK_GB_T20234_3_DC__no": "0", "QUICK_OTHERS_no": "0", "FAST_CHAdeMO_no": "0", "FAST_CCS_DC_COMBO_no": "0", "FAST_GB_T20234_3_DC__no": "0", "FAST_OTHERS_no": "0", "REMARK_FOR__OTHERS_": "-", "DATA_PATH": "-", "OBJECTID": 840, "total_chargers": 10 }, "geometry": { "type": "Point", "coordinates": [ 114.028883, 22.462572 ] } },
{ "type": "Feature", "properties": { "GmlID": "geotagging.841", "NAME_OF_DISTRICT_COUNCIL_DISTRICT_EN": "North", "LOCATION_EN": "Yuen Long Ha Tsuen Charging Point", "ADDRESS_EN": "DD124  LOT1181 Tin Ha Rd, Yuen Long", "NAME_OF_DISTRICT_COUNCIL_DISTRICT_TC": "北區", "LOCATION_TC": "元朗夏村充電站", "ADDRESS_TC": "廈村, 元朗田廈路DD124 LOT1181", "NAME_OF_DISTRICT_COUNCIL_DISTRICT_SC": "北区", "LOCATION_SC": "元朗夏村充电站", "ADDRESS_SC": "厦村, 元朗田厦路DD124 LOT1181", "STANDARD_BS1363_no": "0", "MEDIUM_CCS_DC_COMBO_no": "0", "MEDIUM_IEC62196_no": "0", "MEDIUM_SAEJ1772_no": "0", "MEDIUM_GB_T20234_2_AC__no": "0", "MEDIUM_OTHERS_no": "0", "QUICK_CHAdeMO_no": "0", "QUICK_CCS_DC_COMBO_no": "6", "QUICK_IEC62196_no": "0", "QUICK_GB_T20234_3_DC__no": "0", "QUICK_OTHERS_no": "0", "FAST_CHAdeMO_no": "0", "FAST_CCS_DC_COMBO_no": "0", "FAST_GB_T20234_3_DC__no": "0", "FAST_OTHERS_no": "0", "REMARK_FOR__OTHERS_": "-", "DATA_PATH": "-", "OBJECTID": 841, "total_chargers": 6 }, "geometry": { "type": "Point", "coordinates": [ 113.990756, 22.443041 ] } },
{ "type": "Feature", "properties": { "GmlID": "geotagging.842", "NAME_OF_DISTRICT_COUNCIL_DISTRICT_EN": "Sai Kung", "LOCATION_EN": "Tseung Kwan O Government Offices Public Car Park", "ADDRESS_EN": "30 Tong Yin Street, Tseung Kwan O, New Territories", "NAME_OF_DISTRICT_COUNCIL_DISTRICT_TC": "西貢區", "LOCATION_TC": "將軍澳政府合署公眾停車場", "ADDRESS_TC": "新界將軍澳唐賢街30號", "NAME_OF_DISTRICT_COUNCIL_DISTRICT_SC": "西贡区", "LOCATION_SC": "将军澳政府合署公众停车场", "ADDRESS_SC": "新界将军澳唐贤街30号", "STANDARD_BS1363_no": "0", "MEDIUM_CCS_DC_COMBO_no": "0", "MEDIUM_IEC62196_no": "161", "MEDIUM_SAEJ1772_no": "0", "MEDIUM_GB_T20234_2_AC__no": "0", "MEDIUM_OTHERS_no": "0", "QUICK_CHAdeMO_no": "0", "QUICK_CCS_DC_COMBO_no": "0", "QUICK_IEC62196_no": "0", "QUICK_GB_T20234_3_DC__no": "0", "QUICK_OTHERS_no": "0", "FAST_CHAdeMO_no": "0", "FAST_CCS_DC_COMBO_no": "0", "FAST_GB_T20234_3_DC__no": "0", "FAST_OTHERS_no": "0", "REMARK_FOR__OTHERS_": "-", "DATA_PATH": "-", "OBJECTID": 842, "total_chargers": 161 }, "geometry": { "type": "Point", "coordinates": [ 114.256902, 22.304177 ] } },
{ "type": "Feature", "properties": { "GmlID": "geotagging.843", "NAME_OF_DISTRICT_COUNCIL_DISTRICT_EN": "Kwun Tong", "LOCATION_EN": "THE CENDAS Carpark", "ADDRESS_EN": "THE CENDAS, 15 Sheung Yuet Road, Kowloon Bay", "NAME_OF_DISTRICT_COUNCIL_DISTRICT_TC": "觀塘區", "LOCATION_TC": "THE CENDAS 停車場", "ADDRESS_TC": "九龍灣常悅道15 號, THE CENDAS", "NAME_OF_DISTRICT_COUNCIL_DISTRICT_SC": "观塘区", "LOCATION_SC": "THE CENDAS 停车场", "ADDRESS_SC": "九龙湾常悅道15 号, THE CENDAS", "STANDARD_BS1363_no": "0", "MEDIUM_CCS_DC_COMBO_no": "0", "MEDIUM_IEC62196_no": "173", "MEDIUM_SAEJ1772_no": "0", "MEDIUM_GB_T20234_2_AC__no": "0", "MEDIUM_OTHERS_no": "0", "QUICK_CHAdeMO_no": "0", "QUICK_CCS_DC_COMBO_no": "0", "QUICK_IEC62196_no": "0", "QUICK_GB_T20234_3_DC__no": "0", "QUICK_OTHERS_no": "0", "FAST_CHAdeMO_no": "0", "FAST_CCS_DC_COMBO_no": "0", "FAST_GB_T20234_3_DC__no": "0", "FAST_OTHERS_no": "0", "REMARK_FOR__OTHERS_": "-", "DATA_PATH": "https://ev-charger.epd.gov.hk/resource/ev_charger_avail/evca_ver_1_0.json", "OBJECTID": 843, "total_chargers": 173 }, "geometry": { "type": "Point", "coordinates": [ 114.209938, 22.322146 ] } },
{ "type": "Feature", "properties": { "GmlID": "geotagging.844", "NAME_OF_DISTRICT_COUNCIL_DISTRICT_EN": "Wong Tai Sin", "LOCATION_EN": "AIA Financial Centre Car Park", "ADDRESS_EN": "712 Prince Edward Road East, Kowloon", "NAME_OF_DISTRICT_COUNCIL_DISTRICT_TC": "黃大仙區", "LOCATION_TC": "友邦九龍金融中心停車場", "ADDRESS_TC": "九龍太子道東712號", "NAME_OF_DISTRICT_COUNCIL_DISTRICT_SC": "黄大仙区", "LOCATION_SC": "友邦九龙金融中心停车场", "ADDRESS_SC": "九龙太子道东712号", "STANDARD_BS1363_no": "0", "MEDIUM_CCS_DC_COMBO_no": "0", "MEDIUM_IEC62196_no": "1", "MEDIUM_SAEJ1772_no": "0", "MEDIUM_GB_T20234_2_AC__no": "0", "MEDIUM_OTHERS_no": "0", "QUICK_CHAdeMO_no": "0", "QUICK_CCS_DC_COMBO_no": "0", "QUICK_IEC62196_no": "0", "QUICK_GB_T20234_3_DC__no": "0", "QUICK_OTHERS_no": "0", "FAST_CHAdeMO_no": "0", "FAST_CCS_DC_COMBO_no": "0", "FAST_GB_T20234_3_DC__no": "0", "FAST_OTHERS_no": "0", "REMARK_FOR__OTHERS_": "-", "DATA_PATH": "https://ev-charger.epd.gov.hk/resource/ev_charger_avail/evca_ver_1_0.json", "OBJECTID": 844, "total_chargers": 1 }, "geometry": { "type": "Point", "coordinates": [ 114.19951, 22.334588 ] } },
{ "type": "Feature", "properties": { "GmlID": "geotagging.845", "NAME_OF_DISTRICT_COUNCIL_DISTRICT_EN": "Sham Shui Po", "LOCATION_EN": "CHING LAI COURT Car Park", "ADDRESS_EN": "264 LAI KING HILL ROAD", "NAME_OF_DISTRICT_COUNCIL_DISTRICT_TC": "深水埗區", "LOCATION_TC": "清麗苑停車場", "ADDRESS_TC": "荔景山路264號", "NAME_OF_DISTRICT_COUNCIL_DISTRICT_SC": "深水埗区", "LOCATION_SC": "清丽苑停车场", "ADDRESS_SC": "荔景山路264号", "STANDARD_BS1363_no": "0", "MEDIUM_CCS_DC_COMBO_no": "0", "MEDIUM_IEC62196_no": "3", "MEDIUM_SAEJ1772_no": "0", "MEDIUM_GB_T20234_2_AC__no": "0", "MEDIUM_OTHERS_no": "0", "QUICK_CHAdeMO_no": "0", "QUICK_CCS_DC_COMBO_no": "0", "QUICK_IEC62196_no": "0", "QUICK_GB_T20234_3_DC__no": "0", "QUICK_OTHERS_no": "0", "FAST_CHAdeMO_no": "0", "FAST_CCS_DC_COMBO_no": "0", "FAST_GB_T20234_3_DC__no": "0", "FAST_OTHERS_no": "0", "REMARK_FOR__OTHERS_": "-", "DATA_PATH": "-", "OBJECTID": 845, "total_chargers": 3 }, "geometry": { "type": "Point", "coordinates": [ 114.135246, 22.338811 ] } },
{ "type": "Feature", "properties": { "GmlID": "geotagging.846", "NAME_OF_DISTRICT_COUNCIL_DISTRICT_EN": "Sham Shui Po", "LOCATION_EN": "Lai Tsui Court Car Park", "ADDRESS_EN": "608 LAI CHI KOK ROAD", "NAME_OF_DISTRICT_COUNCIL_DISTRICT_TC": "深水埗區", "LOCATION_TC": "麗翠苑停車場", "ADDRESS_TC": "荔枝角道608號", "NAME_OF_DISTRICT_COUNCIL_DISTRICT_SC": "深水埗区", "LOCATION_SC": "丽翠苑停车场", "ADDRESS_SC": "荔枝角道608号", "STANDARD_BS1363_no": "3", "MEDIUM_CCS_DC_COMBO_no": "0", "MEDIUM_IEC62196_no": "0", "MEDIUM_SAEJ1772_no": "0", "MEDIUM_GB_T20234_2_AC__no": "0", "MEDIUM_OTHERS_no": "0", "QUICK_CHAdeMO_no": "0", "QUICK_CCS_DC_COMBO_no": "0", "QUICK_IEC62196_no": "0", "QUICK_GB_T20234_3_DC__no": "0", "QUICK_OTHERS_no": "0", "FAST_CHAdeMO_no": "0", "FAST_CCS_DC_COMBO_no": "0", "FAST_GB_T20234_3_DC__no": "0", "FAST_OTHERS_no": "0", "REMARK_FOR__OTHERS_": "-", "DATA_PATH": "-", "OBJECTID": 846, "total_chargers": 3 }, "geometry": { "type": "Point", "coordinates": [ 114.155356, 22.333492 ] } },
{ "type": "Feature", "properties": { "GmlID": "geotagging.847", "NAME_OF_DISTRICT_COUNCIL_DISTRICT_EN": "Sham Shui Po", "LOCATION_EN": "Pak Tin Estate Phase 7 & 8 Carpark", "ADDRESS_EN": "51 Pak Tin Street, Shek Kip Mei, Kowloon", "NAME_OF_DISTRICT_COUNCIL_DISTRICT_TC": "深水埗區", "LOCATION_TC": "白田邨7&8期停車場", "ADDRESS_TC": "九龍石硤尾51號白雲街", "NAME_OF_DISTRICT_COUNCIL_DISTRICT_SC": "深水埗区", "LOCATION_SC": "白田邨7&8期停车场", "ADDRESS_SC": "九龙石硖尾51号白云街", "STANDARD_BS1363_no": "6", "MEDIUM_CCS_DC_COMBO_no": "0", "MEDIUM_IEC62196_no": "5", "MEDIUM_SAEJ1772_no": "0", "MEDIUM_GB_T20234_2_AC__no": "0", "MEDIUM_OTHERS_no": "0", "QUICK_CHAdeMO_no": "0", "QUICK_CCS_DC_COMBO_no": "0", "QUICK_IEC62196_no": "0", "QUICK_GB_T20234_3_DC__no": "0", "QUICK_OTHERS_no": "0", "FAST_CHAdeMO_no": "0", "FAST_CCS_DC_COMBO_no": "0", "FAST_GB_T20234_3_DC__no": "0", "FAST_OTHERS_no": "0", "REMARK_FOR__OTHERS_": "-", "DATA_PATH": "-", "OBJECTID": 847, "total_chargers": 11 }, "geometry": { "type": "Point", "coordinates": [ 114.165541, 22.336643 ] } },
{ "type": "Feature", "properties": { "GmlID": "geotagging.848", "NAME_OF_DISTRICT_COUNCIL_DISTRICT_EN": "Sham Shui Po", "LOCATION_EN": "SO UK Estate Car Park Phase 2", "ADDRESS_EN": "380 PO ON ROAD", "NAME_OF_DISTRICT_COUNCIL_DISTRICT_TC": "深水埗區", "LOCATION_TC": "蘇屋邨停車場二期", "ADDRESS_TC": "保安道 380號", "NAME_OF_DISTRICT_COUNCIL_DISTRICT_SC": "深水埗区", "LOCATION_SC": "苏屋邨停车场二期", "ADDRESS_SC": "保安道 380号", "STANDARD_BS1363_no": "3", "MEDIUM_CCS_DC_COMBO_no": "0", "MEDIUM_IEC62196_no": "12", "MEDIUM_SAEJ1772_no": "0", "MEDIUM_GB_T20234_2_AC__no": "0", "MEDIUM_OTHERS_no": "0", "QUICK_CHAdeMO_no": "0", "QUICK_CCS_DC_COMBO_no": "0", "QUICK_IEC62196_no": "0", "QUICK_GB_T20234_3_DC__no": "0", "QUICK_OTHERS_no": "0", "FAST_CHAdeMO_no": "0", "FAST_CCS_DC_COMBO_no": "0", "FAST_GB_T20234_3_DC__no": "0", "FAST_OTHERS_no": "0", "REMARK_FOR__OTHERS_": "-", "DATA_PATH": "-", "OBJECTID": 848, "total_chargers": 15 }, "geometry": { "type": "Point", "coordinates": [ 114.157104, 22.340139 ] } },
{ "type": "Feature", "properties": { "GmlID": "geotagging.849", "NAME_OF_DISTRICT_COUNCIL_DISTRICT_EN": "Sham Shui Po", "LOCATION_EN": "Un Chau Estate Phase 5 Carpark", "ADDRESS_EN": "303 Un Chau Street, Un Chau Estate", "NAME_OF_DISTRICT_COUNCIL_DISTRICT_TC": "深水埗區", "LOCATION_TC": "元州邨五期停車場", "ADDRESS_TC": "元州邨元州街303號", "NAME_OF_DISTRICT_COUNCIL_DISTRICT_SC": "深水埗区", "LOCATION_SC": "元州邨五期停车场", "ADDRESS_SC": "元州邨元州街303号", "STANDARD_BS1363_no": "0", "MEDIUM_CCS_DC_COMBO_no": "0", "MEDIUM_IEC62196_no": "3", "MEDIUM_SAEJ1772_no": "0", "MEDIUM_GB_T20234_2_AC__no": "0", "MEDIUM_OTHERS_no": "0", "QUICK_CHAdeMO_no": "0", "QUICK_CCS_DC_COMBO_no": "0", "QUICK_IEC62196_no": "0", "QUICK_GB_T20234_3_DC__no": "0", "QUICK_OTHERS_no": "0", "FAST_CHAdeMO_no": "0", "FAST_CCS_DC_COMBO_no": "0", "FAST_GB_T20234_3_DC__no": "0", "FAST_OTHERS_no": "0", "REMARK_FOR__OTHERS_": "-", "DATA_PATH": "-", "OBJECTID": 849, "total_chargers": 3 }, "geometry": { "type": "Point", "coordinates": [ 114.157229, 22.335144 ] } },
{ "type": "Feature", "properties": { "GmlID": "geotagging.850", "NAME_OF_DISTRICT_COUNCIL_DISTRICT_EN": "Yuen Long", "LOCATION_EN": "Yuen Long Swimming Pool Car Park", "ADDRESS_EN": "Yuen Long Tai Yuk Road 10, Yuen Long", "NAME_OF_DISTRICT_COUNCIL_DISTRICT_TC": "元朗區", "LOCATION_TC": "元朗游泳池停車場", "ADDRESS_TC": "元朗體育路10號", "NAME_OF_DISTRICT_COUNCIL_DISTRICT_SC": "元朗区", "LOCATION_SC": "元朗游泳池停车场", "ADDRESS_SC": "元朗体育路10号", "STANDARD_BS1363_no": "0", "MEDIUM_CCS_DC_COMBO_no": "0", "MEDIUM_IEC62196_no": "17", "MEDIUM_SAEJ1772_no": "0", "MEDIUM_GB_T20234_2_AC__no": "0", "MEDIUM_OTHERS_no": "0", "QUICK_CHAdeMO_no": "0", "QUICK_CCS_DC_COMBO_no": "0", "QUICK_IEC62196_no": "0", "QUICK_GB_T20234_3_DC__no": "0", "QUICK_OTHERS_no": "0", "FAST_CHAdeMO_no": "0", "FAST_CCS_DC_COMBO_no": "0", "FAST_GB_T20234_3_DC__no": "0", "FAST_OTHERS_no": "0", "REMARK_FOR__OTHERS_": "-", "DATA_PATH": "https://ev-charger.epd.gov.hk/resource/ev_charger_avail/evca_ver_1_0.json", "OBJECTID": 850, "total_chargers": 17 }, "geometry": { "type": "Point", "coordinates": [ 114.021929, 22.441551 ] } },
{ "type": "Feature", "properties": { "GmlID": "geotagging.851", "NAME_OF_DISTRICT_COUNCIL_DISTRICT_EN": "Sham Shui Po", "LOCATION_EN": "Hoi Tak Court Carpark", "ADDRESS_EN": "No.5 Fat Cheung Street West, Cheung Sha Wan", "NAME_OF_DISTRICT_COUNCIL_DISTRICT_TC": "深水埗區", "LOCATION_TC": "凱德苑停車場", "ADDRESS_TC": "長沙灣發祥街西五號", "NAME_OF_DISTRICT_COUNCIL_DISTRICT_SC": "深水埗区", "LOCATION_SC": "凯德苑停车场", "ADDRESS_SC": "长沙湾发祥街西五号", "STANDARD_BS1363_no": "2", "MEDIUM_CCS_DC_COMBO_no": "0", "MEDIUM_IEC62196_no": "0", "MEDIUM_SAEJ1772_no": "0", "MEDIUM_GB_T20234_2_AC__no": "0", "MEDIUM_OTHERS_no": "0", "QUICK_CHAdeMO_no": "0", "QUICK_CCS_DC_COMBO_no": "0", "QUICK_IEC62196_no": "0", "QUICK_GB_T20234_3_DC__no": "0", "QUICK_OTHERS_no": "0", "FAST_CHAdeMO_no": "0", "FAST_CCS_DC_COMBO_no": "0", "FAST_GB_T20234_3_DC__no": "0", "FAST_OTHERS_no": "0", "REMARK_FOR__OTHERS_": "-", "DATA_PATH": "-", "OBJECTID": 851, "total_chargers": 2 }, "geometry": { "type": "Point", "coordinates": [ 114.151433, 22.331032 ] } },
{ "type": "Feature", "properties": { "GmlID": "geotagging.852", "NAME_OF_DISTRICT_COUNCIL_DISTRICT_EN": "Kwun Tong", "LOCATION_EN": "Scramble Hill Car Park", "ADDRESS_EN": "98 HOW MING STREET,KWUN TONG,KOWLOON", "NAME_OF_DISTRICT_COUNCIL_DISTRICT_TC": "觀塘區", "LOCATION_TC": "三布目停車場", "ADDRESS_TC": "觀塘巧明街98號", "NAME_OF_DISTRICT_COUNCIL_DISTRICT_SC": "观塘区", "LOCATION_SC": "三布目停车场", "ADDRESS_SC": "观塘巧明街98号", "STANDARD_BS1363_no": "0", "MEDIUM_CCS_DC_COMBO_no": "0", "MEDIUM_IEC62196_no": "12", "MEDIUM_SAEJ1772_no": "0", "MEDIUM_GB_T20234_2_AC__no": "0", "MEDIUM_OTHERS_no": "0", "QUICK_CHAdeMO_no": "0", "QUICK_CCS_DC_COMBO_no": "0", "QUICK_IEC62196_no": "0", "QUICK_GB_T20234_3_DC__no": "0", "QUICK_OTHERS_no": "0", "FAST_CHAdeMO_no": "0", "FAST_CCS_DC_COMBO_no": "0", "FAST_GB_T20234_3_DC__no": "0", "FAST_OTHERS_no": "0", "REMARK_FOR__OTHERS_": "-", "DATA_PATH": "-", "OBJECTID": 852, "total_chargers": 12 }, "geometry": { "type": "Point", "coordinates": [ 114.220897, 22.312864 ] } },
{ "type": "Feature", "properties": { "GmlID": "geotagging.853", "NAME_OF_DISTRICT_COUNCIL_DISTRICT_EN": "Sai Kung", "LOCATION_EN": "East Point City", "ADDRESS_EN": "8 Chung Wa Road, Hang Hau, TKO", "NAME_OF_DISTRICT_COUNCIL_DISTRICT_TC": "西貢區", "LOCATION_TC": "東港城商場", "ADDRESS_TC": "將軍澳坑口重華路8號", "NAME_OF_DISTRICT_COUNCIL_DISTRICT_SC": "西贡区", "LOCATION_SC": "东港城商场", "ADDRESS_SC": "将军澳坑口重华路8号", "STANDARD_BS1363_no": "0", "MEDIUM_CCS_DC_COMBO_no": "0", "MEDIUM_IEC62196_no": "0", "MEDIUM_SAEJ1772_no": "0", "MEDIUM_GB_T20234_2_AC__no": "0", "MEDIUM_OTHERS_no": "0", "QUICK_CHAdeMO_no": "0", "QUICK_CCS_DC_COMBO_no": "10", "QUICK_IEC62196_no": "0", "QUICK_GB_T20234_3_DC__no": "0", "QUICK_OTHERS_no": "0", "FAST_CHAdeMO_no": "0", "FAST_CCS_DC_COMBO_no": "0", "FAST_GB_T20234_3_DC__no": "0", "FAST_OTHERS_no": "0", "REMARK_FOR__OTHERS_": "-", "DATA_PATH": "-", "OBJECTID": 853, "total_chargers": 10 }, "geometry": { "type": "Point", "coordinates": [ 114.265225, 22.316642 ] } },
{ "type": "Feature", "properties": { "GmlID": "geotagging.854", "NAME_OF_DISTRICT_COUNCIL_DISTRICT_EN": "Kowloon City", "LOCATION_EN": "Kai Yuet Court", "ADDRESS_EN": "Sung Wong Toi Rd, Ma Tau Chung", "NAME_OF_DISTRICT_COUNCIL_DISTRICT_TC": "九龍城區", "LOCATION_TC": "啟悅苑", "ADDRESS_TC": "馬頭涌宋皇臺道", "NAME_OF_DISTRICT_COUNCIL_DISTRICT_SC": "九龙城区", "LOCATION_SC": "启悦苑", "ADDRESS_SC": "马头涌宋皇台道", "STANDARD_BS1363_no": "0", "MEDIUM_CCS_DC_COMBO_no": "0", "MEDIUM_IEC62196_no": "13", "MEDIUM_SAEJ1772_no": "0", "MEDIUM_GB_T20234_2_AC__no": "0", "MEDIUM_OTHERS_no": "0", "QUICK_CHAdeMO_no": "0", "QUICK_CCS_DC_COMBO_no": "2", "QUICK_IEC62196_no": "0", "QUICK_GB_T20234_3_DC__no": "0", "QUICK_OTHERS_no": "0", "FAST_CHAdeMO_no": "0", "FAST_CCS_DC_COMBO_no": "0", "FAST_GB_T20234_3_DC__no": "0", "FAST_OTHERS_no": "0", "REMARK_FOR__OTHERS_": "-", "DATA_PATH": "-", "OBJECTID": 854, "total_chargers": 15 }, "geometry": { "type": "Point", "coordinates": [ 114.19258, 22.325254 ] } },
{ "type": "Feature", "properties": { "GmlID": "geotagging.855", "NAME_OF_DISTRICT_COUNCIL_DISTRICT_EN": "Wong Tai Sin", "LOCATION_EN": "Caltex Po Kong Village Road Station", "ADDRESS_EN": "5 Fung Shing Street, Diamond Hill", "NAME_OF_DISTRICT_COUNCIL_DISTRICT_TC": "黃大仙區", "LOCATION_TC": "加德士蒲崗村道油電站", "ADDRESS_TC": "鑽石山豐盛街5號", "NAME_OF_DISTRICT_COUNCIL_DISTRICT_SC": "黄大仙区", "LOCATION_SC": "加德士蒲岗村道油电站", "ADDRESS_SC": "钻石山丰盛街5号", "STANDARD_BS1363_no": "0", "MEDIUM_CCS_DC_COMBO_no": "0", "MEDIUM_IEC62196_no": "0", "MEDIUM_SAEJ1772_no": "0", "MEDIUM_GB_T20234_2_AC__no": "0", "MEDIUM_OTHERS_no": "0", "QUICK_CHAdeMO_no": "0", "QUICK_CCS_DC_COMBO_no": "0", "QUICK_IEC62196_no": "0", "QUICK_GB_T20234_3_DC__no": "0", "QUICK_OTHERS_no": "0", "FAST_CHAdeMO_no": "0", "FAST_CCS_DC_COMBO_no": "2", "FAST_GB_T20234_3_DC__no": "0", "FAST_OTHERS_no": "0", "REMARK_FOR__OTHERS_": "-", "DATA_PATH": "https://ev-charger.epd.gov.hk/resource/ev_charger_avail/evca_ver_1_0.json", "OBJECTID": 855, "total_chargers": 2 }, "geometry": { "type": "Point", "coordinates": [ 114.208322, 22.343343 ] } },
{ "type": "Feature", "properties": { "GmlID": "geotagging.856", "NAME_OF_DISTRICT_COUNCIL_DISTRICT_EN": "Tai Po", "LOCATION_EN": "Silicon Lane Shopping Mall", "ADDRESS_EN": "Silicon Hill, 63 Yau King Ln, Ma Liu Shui, New Territories", "NAME_OF_DISTRICT_COUNCIL_DISTRICT_TC": "大埔區", "LOCATION_TC": "Silicon Lane 商場", "ADDRESS_TC": "新界馬料水優景里63號Silicon Hill", "NAME_OF_DISTRICT_COUNCIL_DISTRICT_SC": "大埔区", "LOCATION_SC": "Silicon Lane 商场", "ADDRESS_SC": "新界马料水优景里63号Silicon Hill", "STANDARD_BS1363_no": "0", "MEDIUM_CCS_DC_COMBO_no": "0", "MEDIUM_IEC62196_no": "0", "MEDIUM_SAEJ1772_no": "0", "MEDIUM_GB_T20234_2_AC__no": "0", "MEDIUM_OTHERS_no": "0", "QUICK_CHAdeMO_no": "0", "QUICK_CCS_DC_COMBO_no": "2", "QUICK_IEC62196_no": "2", "QUICK_GB_T20234_3_DC__no": "0", "QUICK_OTHERS_no": "0", "FAST_CHAdeMO_no": "0", "FAST_CCS_DC_COMBO_no": "0", "FAST_GB_T20234_3_DC__no": "0", "FAST_OTHERS_no": "0", "REMARK_FOR__OTHERS_": "-", "DATA_PATH": "https://ev-charger.epd.gov.hk/resource/ev_charger_avail/evca_ver_1_0.json", "OBJECTID": 856, "total_chargers": 4 }, "geometry": { "type": "Point", "coordinates": [ 114.202114, 22.427407 ] } },
{ "type": "Feature", "properties": { "GmlID": "geotagging.857", "NAME_OF_DISTRICT_COUNCIL_DISTRICT_EN": "Yuen Long", "LOCATION_EN": "Yoho West", "ADDRESS_EN": "1 Tin Yan Road, Tin Shui Wai", "NAME_OF_DISTRICT_COUNCIL_DISTRICT_TC": "元朗區", "LOCATION_TC": "Yoho West", "ADDRESS_TC": "天水圍天恩路1號", "NAME_OF_DISTRICT_COUNCIL_DISTRICT_SC": "元朗区", "LOCATION_SC": "Yoho West", "ADDRESS_SC": "天水围天恩路1号", "STANDARD_BS1363_no": "0", "MEDIUM_CCS_DC_COMBO_no": "0", "MEDIUM_IEC62196_no": "0", "MEDIUM_SAEJ1772_no": "0", "MEDIUM_GB_T20234_2_AC__no": "0", "MEDIUM_OTHERS_no": "0", "QUICK_CHAdeMO_no": "0", "QUICK_CCS_DC_COMBO_no": "0", "QUICK_IEC62196_no": "3", "QUICK_GB_T20234_3_DC__no": "0", "QUICK_OTHERS_no": "0", "FAST_CHAdeMO_no": "0", "FAST_CCS_DC_COMBO_no": "0", "FAST_GB_T20234_3_DC__no": "0", "FAST_OTHERS_no": "0", "REMARK_FOR__OTHERS_": "-", "DATA_PATH": "https://ev-charger.epd.gov.hk/resource/ev_charger_avail/evca_ver_1_0.json", "OBJECTID": 857, "total_chargers": 3 }, "geometry": { "type": "Point", "coordinates": [ 114.002148, 22.459319 ] } },
{ "type": "Feature", "properties": { "GmlID": "geotagging.858", "NAME_OF_DISTRICT_COUNCIL_DISTRICT_EN": "Sham Shui Po", "LOCATION_EN": "Yee Kok Car Park", "ADDRESS_EN": "329 - 343 Cheung Sha Wan Road, Sham Shui Po, Kowloon", "NAME_OF_DISTRICT_COUNCIL_DISTRICT_TC": "深水埗區", "LOCATION_TC": "怡閣停車場", "ADDRESS_TC": "九龍深水埗長沙灣道329-343號", "NAME_OF_DISTRICT_COUNCIL_DISTRICT_SC": "深水埗区", "LOCATION_SC": "怡阁停车场", "ADDRESS_SC": "九龙深水埗长沙湾道329-343号", "STANDARD_BS1363_no": "0", "MEDIUM_CCS_DC_COMBO_no": "0", "MEDIUM_IEC62196_no": "6", "MEDIUM_SAEJ1772_no": "0", "MEDIUM_GB_T20234_2_AC__no": "0", "MEDIUM_OTHERS_no": "0", "QUICK_CHAdeMO_no": "0", "QUICK_CCS_DC_COMBO_no": "0", "QUICK_IEC62196_no": "0", "QUICK_GB_T20234_3_DC__no": "0", "QUICK_OTHERS_no": "0", "FAST_CHAdeMO_no": "0", "FAST_CCS_DC_COMBO_no": "0", "FAST_GB_T20234_3_DC__no": "0", "FAST_OTHERS_no": "0", "REMARK_FOR__OTHERS_": "-", "DATA_PATH": "https://ev-charger.epd.gov.hk/resource/ev_charger_avail/evca_ver_1_0.json", "OBJECTID": 858, "total_chargers": 6 }, "geometry": { "type": "Point", "coordinates": [ 114.158321, 22.333262 ] } },
{ "type": "Feature", "properties": { "GmlID": "geotagging.859", "NAME_OF_DISTRICT_COUNCIL_DISTRICT_EN": "Kwun Tong", "LOCATION_EN": "Lok Nga Car Park", "ADDRESS_EN": "50 Chun Wah Road, Ngau Tau Kwok, Kwun Tong, Kowloon", "NAME_OF_DISTRICT_COUNCIL_DISTRICT_TC": "觀塘區", "LOCATION_TC": "樂雅停車場", "ADDRESS_TC": "九龍觀塘牛頭角振華道50號", "NAME_OF_DISTRICT_COUNCIL_DISTRICT_SC": "观塘区", "LOCATION_SC": "乐雅停车场", "ADDRESS_SC": "九龙观塘牛头角振华道50号", "STANDARD_BS1363_no": "0", "MEDIUM_CCS_DC_COMBO_no": "0", "MEDIUM_IEC62196_no": "6", "MEDIUM_SAEJ1772_no": "0", "MEDIUM_GB_T20234_2_AC__no": "0", "MEDIUM_OTHERS_no": "0", "QUICK_CHAdeMO_no": "0", "QUICK_CCS_DC_COMBO_no": "0", "QUICK_IEC62196_no": "0", "QUICK_GB_T20234_3_DC__no": "0", "QUICK_OTHERS_no": "0", "FAST_CHAdeMO_no": "0", "FAST_CCS_DC_COMBO_no": "0", "FAST_GB_T20234_3_DC__no": "0", "FAST_OTHERS_no": "0", "REMARK_FOR__OTHERS_": "-", "DATA_PATH": "https://ev-charger.epd.gov.hk/resource/ev_charger_avail/evca_ver_1_0.json", "OBJECTID": 859, "total_chargers": 6 }, "geometry": { "type": "Point", "coordinates": [ 114.220578, 22.322426 ] } },
{ "type": "Feature", "properties": { "GmlID": "geotagging.860", "NAME_OF_DISTRICT_COUNCIL_DISTRICT_EN": "Tsuen Wan", "LOCATION_EN": "Kingview Plaza", "ADDRESS_EN": "39 Sha Tsui Road, Tsuen Wan", "NAME_OF_DISTRICT_COUNCIL_DISTRICT_TC": "荃灣區", "LOCATION_TC": "京匯廣場", "ADDRESS_TC": "荃灣沙咀道39號", "NAME_OF_DISTRICT_COUNCIL_DISTRICT_SC": "荃湾区", "LOCATION_SC": "京汇广场", "ADDRESS_SC": "荃湾沙咀道39号", "STANDARD_BS1363_no": "0", "MEDIUM_CCS_DC_COMBO_no": "0", "MEDIUM_IEC62196_no": "6", "MEDIUM_SAEJ1772_no": "0", "MEDIUM_GB_T20234_2_AC__no": "0", "MEDIUM_OTHERS_no": "0", "QUICK_CHAdeMO_no": "0", "QUICK_CCS_DC_COMBO_no": "2", "QUICK_IEC62196_no": "0", "QUICK_GB_T20234_3_DC__no": "0", "QUICK_OTHERS_no": "0", "FAST_CHAdeMO_no": "0", "FAST_CCS_DC_COMBO_no": "0", "FAST_GB_T20234_3_DC__no": "0", "FAST_OTHERS_no": "0", "REMARK_FOR__OTHERS_": "-", "DATA_PATH": "https://ev-charger.epd.gov.hk/resource/ev_charger_avail/evca_ver_1_0.json", "OBJECTID": 860, "total_chargers": 8 }, "geometry": { "type": "Point", "coordinates": [ 114.109404, 22.373876 ] } },
{ "type": "Feature", "properties": { "GmlID": "geotagging.861", "NAME_OF_DISTRICT_COUNCIL_DISTRICT_EN": "Wan Chai", "LOCATION_EN": "Harcourt House", "ADDRESS_EN": "39 Gloucester Road, Wanchai", "NAME_OF_DISTRICT_COUNCIL_DISTRICT_TC": "灣仔區", "LOCATION_TC": "夏慤大廈", "ADDRESS_TC": "灣仔告士打道39號", "NAME_OF_DISTRICT_COUNCIL_DISTRICT_SC": "湾仔区", "LOCATION_SC": "夏悫大厦", "ADDRESS_SC": "湾仔告士打道39号", "STANDARD_BS1363_no": "0", "MEDIUM_CCS_DC_COMBO_no": "0", "MEDIUM_IEC62196_no": "0", "MEDIUM_SAEJ1772_no": "0", "MEDIUM_GB_T20234_2_AC__no": "0", "MEDIUM_OTHERS_no": "0", "QUICK_CHAdeMO_no": "0", "QUICK_CCS_DC_COMBO_no": "4", "QUICK_IEC62196_no": "0", "QUICK_GB_T20234_3_DC__no": "0", "QUICK_OTHERS_no": "0", "FAST_CHAdeMO_no": "0", "FAST_CCS_DC_COMBO_no": "0", "FAST_GB_T20234_3_DC__no": "0", "FAST_OTHERS_no": "0", "REMARK_FOR__OTHERS_": "-", "DATA_PATH": "https://ev-charger.epd.gov.hk/resource/ev_charger_avail/evca_ver_1_0.json", "OBJECTID": 861, "total_chargers": 4 }, "geometry": { "type": "Point", "coordinates": [ 114.169801, 22.278838 ] } },
{ "type": "Feature", "properties": { "GmlID": "geotagging.862", "NAME_OF_DISTRICT_COUNCIL_DISTRICT_EN": "Kwai Tsing", "LOCATION_EN": "Mapletree Logistics Hub Tsing Yi", "ADDRESS_EN": "30 Tsing Yi Rd, Tsing Yi", "NAME_OF_DISTRICT_COUNCIL_DISTRICT_TC": "葵青區", "LOCATION_TC": "豐樹青衣物流中心", "ADDRESS_TC": "青衣青衣路30號", "NAME_OF_DISTRICT_COUNCIL_DISTRICT_SC": "葵青区", "LOCATION_SC": "丰树青衣物流中心", "ADDRESS_SC": "青衣青衣路30号", "STANDARD_BS1363_no": "0", "MEDIUM_CCS_DC_COMBO_no": "0", "MEDIUM_IEC62196_no": "0", "MEDIUM_SAEJ1772_no": "0", "MEDIUM_GB_T20234_2_AC__no": "0", "MEDIUM_OTHERS_no": "0", "QUICK_CHAdeMO_no": "0", "QUICK_CCS_DC_COMBO_no": "2", "QUICK_IEC62196_no": "0", "QUICK_GB_T20234_3_DC__no": "0", "QUICK_OTHERS_no": "0", "FAST_CHAdeMO_no": "0", "FAST_CCS_DC_COMBO_no": "0", "FAST_GB_T20234_3_DC__no": "0", "FAST_OTHERS_no": "0", "REMARK_FOR__OTHERS_": "-", "DATA_PATH": "https://ev-charger.epd.gov.hk/resource/ev_charger_avail/evca_ver_1_0.json", "OBJECTID": 862, "total_chargers": 2 }, "geometry": { "type": "Point", "coordinates": [ 114.108102, 22.338301 ] } },
{ "type": "Feature", "properties": { "GmlID": "geotagging.863", "NAME_OF_DISTRICT_COUNCIL_DISTRICT_EN": "Tuen Mun", "LOCATION_EN": "Miami Beach Tower Car Park", "ADDRESS_EN": "68 Wu Chui Road, Tuen Mun", "NAME_OF_DISTRICT_COUNCIL_DISTRICT_TC": "屯門區", "LOCATION_TC": "邁亞美海灣停車場", "ADDRESS_TC": "屯門碼頭湖翠路268號", "NAME_OF_DISTRICT_COUNCIL_DISTRICT_SC": "屯门区", "LOCATION_SC": "迈亚美海湾停车场", "ADDRESS_SC": "屯门码头湖翠路268号", "STANDARD_BS1363_no": "0", "MEDIUM_CCS_DC_COMBO_no": "0", "MEDIUM_IEC62196_no": "2", "MEDIUM_SAEJ1772_no": "0", "MEDIUM_GB_T20234_2_AC__no": "0", "MEDIUM_OTHERS_no": "0", "QUICK_CHAdeMO_no": "0", "QUICK_CCS_DC_COMBO_no": "0", "QUICK_IEC62196_no": "0", "QUICK_GB_T20234_3_DC__no": "0", "QUICK_OTHERS_no": "0", "FAST_CHAdeMO_no": "0", "FAST_CCS_DC_COMBO_no": "0", "FAST_GB_T20234_3_DC__no": "0", "FAST_OTHERS_no": "0", "REMARK_FOR__OTHERS_": "-", "DATA_PATH": "https://ev-charger.epd.gov.hk/resource/ev_charger_avail/evca_ver_1_0.json", "OBJECTID": 863, "total_chargers": 2 }, "geometry": { "type": "Point", "coordinates": [ 113.969608, 22.372889 ] } },
{ "type": "Feature", "properties": { "GmlID": "geotagging.864", "NAME_OF_DISTRICT_COUNCIL_DISTRICT_EN": "Tuen Mun", "LOCATION_EN": "Seaview Garden Car Park", "ADDRESS_EN": "1 Tsing Yung St, Tuen Mun", "NAME_OF_DISTRICT_COUNCIL_DISTRICT_TC": "屯門區", "LOCATION_TC": "海景花園停車場", "ADDRESS_TC": "屯門三聖青榕街1號", "NAME_OF_DISTRICT_COUNCIL_DISTRICT_SC": "屯门区", "LOCATION_SC": "海景花园停车场", "ADDRESS_SC": "屯门三圣青榕街1号", "STANDARD_BS1363_no": "0", "MEDIUM_CCS_DC_COMBO_no": "0", "MEDIUM_IEC62196_no": "4", "MEDIUM_SAEJ1772_no": "0", "MEDIUM_GB_T20234_2_AC__no": "0", "MEDIUM_OTHERS_no": "0", "QUICK_CHAdeMO_no": "0", "QUICK_CCS_DC_COMBO_no": "0", "QUICK_IEC62196_no": "0", "QUICK_GB_T20234_3_DC__no": "0", "QUICK_OTHERS_no": "0", "FAST_CHAdeMO_no": "0", "FAST_CCS_DC_COMBO_no": "0", "FAST_GB_T20234_3_DC__no": "0", "FAST_OTHERS_no": "0", "REMARK_FOR__OTHERS_": "-", "DATA_PATH": "https://ev-charger.epd.gov.hk/resource/ev_charger_avail/evca_ver_1_0.json", "OBJECTID": 864, "total_chargers": 4 }, "geometry": { "type": "Point", "coordinates": [ 113.98475, 22.37822 ] } },
{ "type": "Feature", "properties": { "GmlID": "geotagging.865", "NAME_OF_DISTRICT_COUNCIL_DISTRICT_EN": "Islands", "LOCATION_EN": "Asiaworld-Expo", "ADDRESS_EN": "Asiaworld-Expo Charging Facilities", "NAME_OF_DISTRICT_COUNCIL_DISTRICT_TC": "離島區", "LOCATION_TC": "亞洲國際博覽館", "ADDRESS_TC": "亞洲國際博覽館電動車充電設施", "NAME_OF_DISTRICT_COUNCIL_DISTRICT_SC": "离岛区", "LOCATION_SC": "亚洲国际博览馆", "ADDRESS_SC": "亚洲国际博览馆电动车充电设施", "STANDARD_BS1363_no": "0", "MEDIUM_CCS_DC_COMBO_no": "0", "MEDIUM_IEC62196_no": "12", "MEDIUM_SAEJ1772_no": "0", "MEDIUM_GB_T20234_2_AC__no": "0", "MEDIUM_OTHERS_no": "0", "QUICK_CHAdeMO_no": "0", "QUICK_CCS_DC_COMBO_no": "0", "QUICK_IEC62196_no": "0", "QUICK_GB_T20234_3_DC__no": "0", "QUICK_OTHERS_no": "0", "FAST_CHAdeMO_no": "0", "FAST_CCS_DC_COMBO_no": "0", "FAST_GB_T20234_3_DC__no": "0", "FAST_OTHERS_no": "0", "REMARK_FOR__OTHERS_": "-", "DATA_PATH": "https://ev-charger.epd.gov.hk/resource/ev_charger_avail/evca_ver_1_0.json", "OBJECTID": 865, "total_chargers": 12 }, "geometry": { "type": "Point", "coordinates": [ 113.943685, 22.320603 ] } },
{ "type": "Feature", "properties": { "GmlID": "geotagging.866", "NAME_OF_DISTRICT_COUNCIL_DISTRICT_EN": "Wan Chai", "LOCATION_EN": "South China Athletic Association (SCAA)", "ADDRESS_EN": "88 Caroline Hill Rd, Causeway Bay", "NAME_OF_DISTRICT_COUNCIL_DISTRICT_TC": "灣仔區", "LOCATION_TC": "南華體育會", "ADDRESS_TC": "銅鑼灣加路連山道88號", "NAME_OF_DISTRICT_COUNCIL_DISTRICT_SC": "湾仔区", "LOCATION_SC": "南华体育会", "ADDRESS_SC": "铜锣湾加路连山道88号", "STANDARD_BS1363_no": "0", "MEDIUM_CCS_DC_COMBO_no": "0", "MEDIUM_IEC62196_no": "9", "MEDIUM_SAEJ1772_no": "0", "MEDIUM_GB_T20234_2_AC__no": "0", "MEDIUM_OTHERS_no": "0", "QUICK_CHAdeMO_no": "0", "QUICK_CCS_DC_COMBO_no": "2", "QUICK_IEC62196_no": "0", "QUICK_GB_T20234_3_DC__no": "0", "QUICK_OTHERS_no": "0", "FAST_CHAdeMO_no": "0", "FAST_CCS_DC_COMBO_no": "0", "FAST_GB_T20234_3_DC__no": "0", "FAST_OTHERS_no": "0", "REMARK_FOR__OTHERS_": "-", "DATA_PATH": "https://ev-charger.epd.gov.hk/resource/ev_charger_avail/evca_ver_1_0.json", "OBJECTID": 866, "total_chargers": 11 }, "geometry": { "type": "Point", "coordinates": [ 114.18679, 22.27517 ] } },
{ "type": "Feature", "properties": { "GmlID": "geotagging.867", "NAME_OF_DISTRICT_COUNCIL_DISTRICT_EN": "Sham Shui Po", "LOCATION_EN": "The vertex", "ADDRESS_EN": "FUK WING STREET, SHAM SHUI PO", "NAME_OF_DISTRICT_COUNCIL_DISTRICT_TC": "深水埗區", "LOCATION_TC": "睿峰", "ADDRESS_TC": "深水埗福榮街", "NAME_OF_DISTRICT_COUNCIL_DISTRICT_SC": "深水埗区", "LOCATION_SC": "睿峰", "ADDRESS_SC": "深水埗福荣街", "STANDARD_BS1363_no": "0", "MEDIUM_CCS_DC_COMBO_no": "0", "MEDIUM_IEC62196_no": "0", "MEDIUM_SAEJ1772_no": "0", "MEDIUM_GB_T20234_2_AC__no": "0", "MEDIUM_OTHERS_no": "0", "QUICK_CHAdeMO_no": "0", "QUICK_CCS_DC_COMBO_no": "8", "QUICK_IEC62196_no": "0", "QUICK_GB_T20234_3_DC__no": "0", "QUICK_OTHERS_no": "0", "FAST_CHAdeMO_no": "0", "FAST_CCS_DC_COMBO_no": "0", "FAST_GB_T20234_3_DC__no": "0", "FAST_OTHERS_no": "0", "REMARK_FOR__OTHERS_": "-", "DATA_PATH": "-", "OBJECTID": 867, "total_chargers": 8 }, "geometry": { "type": "Point", "coordinates": [ 114.157757, 22.33597 ] } },
{ "type": "Feature", "properties": { "GmlID": "geotagging.868", "NAME_OF_DISTRICT_COUNCIL_DISTRICT_EN": "Sham Shui Po", "LOCATION_EN": "SOHO West", "ADDRESS_EN": "10 Lai Ying Street, Cheung Sha Wan", "NAME_OF_DISTRICT_COUNCIL_DISTRICT_TC": "深水埗區", "LOCATION_TC": "SOHO West", "ADDRESS_TC": "長沙灣荔盈街10號", "NAME_OF_DISTRICT_COUNCIL_DISTRICT_SC": "深水埗区", "LOCATION_SC": "SOHO West", "ADDRESS_SC": "长沙湾荔盈街10号", "STANDARD_BS1363_no": "0", "MEDIUM_CCS_DC_COMBO_no": "0", "MEDIUM_IEC62196_no": "0", "MEDIUM_SAEJ1772_no": "0", "MEDIUM_GB_T20234_2_AC__no": "0", "MEDIUM_OTHERS_no": "0", "QUICK_CHAdeMO_no": "0", "QUICK_CCS_DC_COMBO_no": "2", "QUICK_IEC62196_no": "0", "QUICK_GB_T20234_3_DC__no": "0", "QUICK_OTHERS_no": "0", "FAST_CHAdeMO_no": "0", "FAST_CCS_DC_COMBO_no": "0", "FAST_GB_T20234_3_DC__no": "0", "FAST_OTHERS_no": "0", "REMARK_FOR__OTHERS_": "-", "DATA_PATH": "-", "OBJECTID": 868, "total_chargers": 2 }, "geometry": { "type": "Point", "coordinates": [ 114.149152, 22.326729 ] } },
{ "type": "Feature", "properties": { "GmlID": "geotagging.869", "NAME_OF_DISTRICT_COUNCIL_DISTRICT_EN": "Kwun Tong", "LOCATION_EN": "Wing Ying Industrial Building", "ADDRESS_EN": "95 Wai Yip Street, Kwun Tong", "NAME_OF_DISTRICT_COUNCIL_DISTRICT_TC": "觀塘區", "LOCATION_TC": "永英工業大廈", "ADDRESS_TC": "觀塘偉業街95號", "NAME_OF_DISTRICT_COUNCIL_DISTRICT_SC": "观塘区", "LOCATION_SC": "永英工业大厦", "ADDRESS_SC": "观塘伟业街95号", "STANDARD_BS1363_no": "0", "MEDIUM_CCS_DC_COMBO_no": "0", "MEDIUM_IEC62196_no": "0", "MEDIUM_SAEJ1772_no": "0", "MEDIUM_GB_T20234_2_AC__no": "0", "MEDIUM_OTHERS_no": "0", "QUICK_CHAdeMO_no": "0", "QUICK_CCS_DC_COMBO_no": "8", "QUICK_IEC62196_no": "0", "QUICK_GB_T20234_3_DC__no": "0", "QUICK_OTHERS_no": "0", "FAST_CHAdeMO_no": "0", "FAST_CCS_DC_COMBO_no": "0", "FAST_GB_T20234_3_DC__no": "0", "FAST_OTHERS_no": "0", "REMARK_FOR__OTHERS_": "-", "DATA_PATH": "-", "OBJECTID": 869, "total_chargers": 8 }, "geometry": { "type": "Point", "coordinates": [ 114.214894, 22.316366 ] } },
{ "type": "Feature", "properties": { "GmlID": "geotagging.870", "NAME_OF_DISTRICT_COUNCIL_DISTRICT_EN": "Eastern", "LOCATION_EN": "Yeung Yiu Chung Industrial Building", "ADDRESS_EN": "2 Fung Yip Street, Chai Wan", "NAME_OF_DISTRICT_COUNCIL_DISTRICT_TC": "東區", "LOCATION_TC": "楊耀松工業大廈", "ADDRESS_TC": "柴灣豐業街2號", "NAME_OF_DISTRICT_COUNCIL_DISTRICT_SC": "东区", "LOCATION_SC": "杨耀松工业大厦", "ADDRESS_SC": "柴湾丰业街2号", "STANDARD_BS1363_no": "0", "MEDIUM_CCS_DC_COMBO_no": "0", "MEDIUM_IEC62196_no": "0", "MEDIUM_SAEJ1772_no": "0", "MEDIUM_GB_T20234_2_AC__no": "0", "MEDIUM_OTHERS_no": "0", "QUICK_CHAdeMO_no": "0", "QUICK_CCS_DC_COMBO_no": "4", "QUICK_IEC62196_no": "0", "QUICK_GB_T20234_3_DC__no": "0", "QUICK_OTHERS_no": "0", "FAST_CHAdeMO_no": "0", "FAST_CCS_DC_COMBO_no": "0", "FAST_GB_T20234_3_DC__no": "0", "FAST_OTHERS_no": "0", "REMARK_FOR__OTHERS_": "-", "DATA_PATH": "-", "OBJECTID": 870, "total_chargers": 4 }, "geometry": { "type": "Point", "coordinates": [ 114.245782, 22.268548 ] } },
{ "type": "Feature", "properties": { "GmlID": "geotagging.871", "NAME_OF_DISTRICT_COUNCIL_DISTRICT_EN": "Yuen Long", "LOCATION_EN": "The Green Atrium Car Park", "ADDRESS_EN": "68 Kung Um Road", "NAME_OF_DISTRICT_COUNCIL_DISTRICT_TC": "元朗區", "LOCATION_TC": "The Green Atrium 停車場", "ADDRESS_TC": "元朗公庵路68號", "NAME_OF_DISTRICT_COUNCIL_DISTRICT_SC": "元朗区", "LOCATION_SC": "The Green Atrium 停车场", "ADDRESS_SC": "元朗公庵路68号", "STANDARD_BS1363_no": "0", "MEDIUM_CCS_DC_COMBO_no": "0", "MEDIUM_IEC62196_no": "0", "MEDIUM_SAEJ1772_no": "0", "MEDIUM_GB_T20234_2_AC__no": "0", "MEDIUM_OTHERS_no": "0", "QUICK_CHAdeMO_no": "0", "QUICK_CCS_DC_COMBO_no": "0", "QUICK_IEC62196_no": "2", "QUICK_GB_T20234_3_DC__no": "0", "QUICK_OTHERS_no": "0", "FAST_CHAdeMO_no": "0", "FAST_CCS_DC_COMBO_no": "0", "FAST_GB_T20234_3_DC__no": "0", "FAST_OTHERS_no": "0", "REMARK_FOR__OTHERS_": "-", "DATA_PATH": "-", "OBJECTID": 871, "total_chargers": 2 }, "geometry": { "type": "Point", "coordinates": [ 114.024665, 22.436284 ] } },
{ "type": "Feature", "properties": { "GmlID": "geotagging.872", "NAME_OF_DISTRICT_COUNCIL_DISTRICT_EN": "Yuen Long", "LOCATION_EN": "Shan Ha Tsuen Car Park", "ADDRESS_EN": "Shan Ha Tsuen", "NAME_OF_DISTRICT_COUNCIL_DISTRICT_TC": "元朗區", "LOCATION_TC": "山下村地面停車場", "ADDRESS_TC": "元朗山下村", "NAME_OF_DISTRICT_COUNCIL_DISTRICT_SC": "元朗区", "LOCATION_SC": "山下村地面停车场", "ADDRESS_SC": "元朗山下村", "STANDARD_BS1363_no": "0", "MEDIUM_CCS_DC_COMBO_no": "0", "MEDIUM_IEC62196_no": "0", "MEDIUM_SAEJ1772_no": "0", "MEDIUM_GB_T20234_2_AC__no": "0", "MEDIUM_OTHERS_no": "0", "QUICK_CHAdeMO_no": "0", "QUICK_CCS_DC_COMBO_no": "0", "QUICK_IEC62196_no": "0", "QUICK_GB_T20234_3_DC__no": "0", "QUICK_OTHERS_no": "0", "FAST_CHAdeMO_no": "0", "FAST_CCS_DC_COMBO_no": "2", "FAST_GB_T20234_3_DC__no": "0", "FAST_OTHERS_no": "0", "REMARK_FOR__OTHERS_": "-", "DATA_PATH": "-", "OBJECTID": 872, "total_chargers": 2 }, "geometry": { "type": "Point", "coordinates": [ 114.017935, 22.431634 ] } },
{ "type": "Feature", "properties": { "GmlID": "geotagging.873", "NAME_OF_DISTRICT_COUNCIL_DISTRICT_EN": "Islands", "LOCATION_EN": "Airport Car Park 3", "ADDRESS_EN": "SkyPlaza Road Central, Hong Kong International Airport", "NAME_OF_DISTRICT_COUNCIL_DISTRICT_TC": "離島區", "LOCATION_TC": "機場三號停車場", "ADDRESS_TC": "香港國際機場翔天中路", "NAME_OF_DISTRICT_COUNCIL_DISTRICT_SC": "离岛区", "LOCATION_SC": "机场三号停车场", "ADDRESS_SC": "香港国际机场翔天中路", "STANDARD_BS1363_no": "0", "MEDIUM_CCS_DC_COMBO_no": "0", "MEDIUM_IEC62196_no": "72", "MEDIUM_SAEJ1772_no": "0", "MEDIUM_GB_T20234_2_AC__no": "0", "MEDIUM_OTHERS_no": "0", "QUICK_CHAdeMO_no": "1", "QUICK_CCS_DC_COMBO_no": "9", "QUICK_IEC62196_no": "0", "QUICK_GB_T20234_3_DC__no": "8", "QUICK_OTHERS_no": "0", "FAST_CHAdeMO_no": "0", "FAST_CCS_DC_COMBO_no": "0", "FAST_GB_T20234_3_DC__no": "0", "FAST_OTHERS_no": "0", "REMARK_FOR__OTHERS_": "-", "DATA_PATH": "-", "OBJECTID": 873, "total_chargers": 90 }, "geometry": { "type": "Point", "coordinates": [ 113.937837, 22.318544 ] } },
{ "type": "Feature", "properties": { "GmlID": "geotagging.874", "NAME_OF_DISTRICT_COUNCIL_DISTRICT_EN": "Kowloon City", "LOCATION_EN": "Kai Tak Cruise Terminal Car Park 1", "ADDRESS_EN": "33 Shing Fung Road, Kowloon, Hong Kong", "NAME_OF_DISTRICT_COUNCIL_DISTRICT_TC": "九龍城區", "LOCATION_TC": "郵輪碼頭停車場1號", "ADDRESS_TC": "香港九龍承豐道33號", "NAME_OF_DISTRICT_COUNCIL_DISTRICT_SC": "九龙城区", "LOCATION_SC": "邮轮码头停车场1号", "ADDRESS_SC": "香港九龙承丰道33号", "STANDARD_BS1363_no": "23", "MEDIUM_CCS_DC_COMBO_no": "0", "MEDIUM_IEC62196_no": "0", "MEDIUM_SAEJ1772_no": "0", "MEDIUM_GB_T20234_2_AC__no": "0", "MEDIUM_OTHERS_no": "0", "QUICK_CHAdeMO_no": "0", "QUICK_CCS_DC_COMBO_no": "6", "QUICK_IEC62196_no": "0", "QUICK_GB_T20234_3_DC__no": "0", "QUICK_OTHERS_no": "0", "FAST_CHAdeMO_no": "0", "FAST_CCS_DC_COMBO_no": "0", "FAST_GB_T20234_3_DC__no": "0", "FAST_OTHERS_no": "0", "REMARK_FOR__OTHERS_": "-", "DATA_PATH": "-", "OBJECTID": 874, "total_chargers": 29 }, "geometry": { "type": "Point", "coordinates": [ 114.213061, 22.306208 ] } },
{ "type": "Feature", "properties": { "GmlID": "geotagging.875", "NAME_OF_DISTRICT_COUNCIL_DISTRICT_EN": "Sai Kung", "LOCATION_EN": "On Sau Court Carpark", "ADDRESS_EN": "On Sau Shopping Centre, On Sau Court, 12 On Yu Road, Sai Kung, N.T.", "NAME_OF_DISTRICT_COUNCIL_DISTRICT_TC": "西貢區", "LOCATION_TC": "安秀苑停車場", "ADDRESS_TC": "新界西貢安愉道12號安秀苑安秀商場", "NAME_OF_DISTRICT_COUNCIL_DISTRICT_SC": "西贡区", "LOCATION_SC": "安秀苑停车场", "ADDRESS_SC": "新界西贡安愉道12号安秀苑安秀商场", "STANDARD_BS1363_no": "0", "MEDIUM_CCS_DC_COMBO_no": "0", "MEDIUM_IEC62196_no": "16", "MEDIUM_SAEJ1772_no": "0", "MEDIUM_GB_T20234_2_AC__no": "0", "MEDIUM_OTHERS_no": "0", "QUICK_CHAdeMO_no": "0", "QUICK_CCS_DC_COMBO_no": "1", "QUICK_IEC62196_no": "0", "QUICK_GB_T20234_3_DC__no": "0", "QUICK_OTHERS_no": "0", "FAST_CHAdeMO_no": "0", "FAST_CCS_DC_COMBO_no": "0", "FAST_GB_T20234_3_DC__no": "0", "FAST_OTHERS_no": "0", "REMARK_FOR__OTHERS_": "-", "DATA_PATH": "-", "OBJECTID": 875, "total_chargers": 17 }, "geometry": { "type": "Point", "coordinates": [ 114.237858, 22.322302 ] } },
{ "type": "Feature", "properties": { "GmlID": "geotagging.876", "NAME_OF_DISTRICT_COUNCIL_DISTRICT_EN": "Sham Shui Po", "LOCATION_EN": "STOREFRIENDLY TOWER (PENINSULA WEST)", "ADDRESS_EN": "850-870 Lai Chi Kok Road, Cheung Sha Wan", "NAME_OF_DISTRICT_COUNCIL_DISTRICT_TC": "深水埗區", "LOCATION_TC": "荔枝角儲存易停車場", "ADDRESS_TC": "長沙灣荔枝角道850-870號", "NAME_OF_DISTRICT_COUNCIL_DISTRICT_SC": "深水埗区", "LOCATION_SC": "荔枝角储存易停车场", "ADDRESS_SC": "长沙湾荔枝角道850-870号", "STANDARD_BS1363_no": "0", "MEDIUM_CCS_DC_COMBO_no": "0", "MEDIUM_IEC62196_no": "0", "MEDIUM_SAEJ1772_no": "0", "MEDIUM_GB_T20234_2_AC__no": "0", "MEDIUM_OTHERS_no": "0", "QUICK_CHAdeMO_no": "0", "QUICK_CCS_DC_COMBO_no": "0", "QUICK_IEC62196_no": "0", "QUICK_GB_T20234_3_DC__no": "0", "QUICK_OTHERS_no": "0", "FAST_CHAdeMO_no": "0", "FAST_CCS_DC_COMBO_no": "9", "FAST_GB_T20234_3_DC__no": "0", "FAST_OTHERS_no": "0", "REMARK_FOR__OTHERS_": "-", "DATA_PATH": "https://ev-charger.epd.gov.hk/resource/ev_charger_avail/evca_ver_1_0.json", "OBJECTID": 876, "total_chargers": 9 }, "geometry": { "type": "Point", "coordinates": [ 114.147046, 22.335428 ] } },
{ "type": "Feature", "properties": { "GmlID": "geotagging.877", "NAME_OF_DISTRICT_COUNCIL_DISTRICT_EN": "Tsuen Wan", "LOCATION_EN": "Sea Crest Villa Phase 4", "ADDRESS_EN": "44 Castle Peak Rd-Tsing Lung Tau, Tsing Lung Tau", "NAME_OF_DISTRICT_COUNCIL_DISTRICT_TC": "荃灣區", "LOCATION_TC": "浪翠園四期", "ADDRESS_TC": "青山公路青龍頭段44號", "NAME_OF_DISTRICT_COUNCIL_DISTRICT_SC": "荃湾区", "LOCATION_SC": "浪翠园四期", "ADDRESS_SC": "青山公路青龙头段44号", "STANDARD_BS1363_no": "0", "MEDIUM_CCS_DC_COMBO_no": "0", "MEDIUM_IEC62196_no": "0", "MEDIUM_SAEJ1772_no": "0", "MEDIUM_GB_T20234_2_AC__no": "0", "MEDIUM_OTHERS_no": "0", "QUICK_CHAdeMO_no": "0", "QUICK_CCS_DC_COMBO_no": "0", "QUICK_IEC62196_no": "2", "QUICK_GB_T20234_3_DC__no": "0", "QUICK_OTHERS_no": "0", "FAST_CHAdeMO_no": "0", "FAST_CCS_DC_COMBO_no": "0", "FAST_GB_T20234_3_DC__no": "0", "FAST_OTHERS_no": "0", "REMARK_FOR__OTHERS_": "-", "DATA_PATH": "-", "OBJECTID": 877, "total_chargers": 2 }, "geometry": { "type": "Point", "coordinates": [ 114.050004, 22.362051 ] } },
{ "type": "Feature", "properties": { "GmlID": "geotagging.878", "NAME_OF_DISTRICT_COUNCIL_DISTRICT_EN": "Tai Po", "LOCATION_EN": "Royal China Aqua Garden", "ADDRESS_EN": "Sam Mun Tsai Rd, Tai Po", "NAME_OF_DISTRICT_COUNCIL_DISTRICT_TC": "大埔區", "LOCATION_TC": "皇朝明珠", "ADDRESS_TC": "大埔三門仔路", "NAME_OF_DISTRICT_COUNCIL_DISTRICT_SC": "大埔区", "LOCATION_SC": "皇朝明珠", "ADDRESS_SC": "大埔三门仔路", "STANDARD_BS1363_no": "0", "MEDIUM_CCS_DC_COMBO_no": "0", "MEDIUM_IEC62196_no": "4", "MEDIUM_SAEJ1772_no": "0", "MEDIUM_GB_T20234_2_AC__no": "0", "MEDIUM_OTHERS_no": "0", "QUICK_CHAdeMO_no": "0", "QUICK_CCS_DC_COMBO_no": "0", "QUICK_IEC62196_no": "0", "QUICK_GB_T20234_3_DC__no": "0", "QUICK_OTHERS_no": "0", "FAST_CHAdeMO_no": "0", "FAST_CCS_DC_COMBO_no": "0", "FAST_GB_T20234_3_DC__no": "0", "FAST_OTHERS_no": "0", "REMARK_FOR__OTHERS_": "-", "DATA_PATH": "-", "OBJECTID": 878, "total_chargers": 4 }, "geometry": { "type": "Point", "coordinates": [ 114.214308, 22.45669 ] } },
{ "type": "Feature", "properties": { "GmlID": "geotagging.879", "NAME_OF_DISTRICT_COUNCIL_DISTRICT_EN": "Yuen Long", "LOCATION_EN": "O City", "ADDRESS_EN": "Tung Shing Lei", "NAME_OF_DISTRICT_COUNCIL_DISTRICT_TC": "元朗區", "LOCATION_TC": "甯城", "ADDRESS_TC": "東成里0號", "NAME_OF_DISTRICT_COUNCIL_DISTRICT_SC": "元朗区", "LOCATION_SC": "宁城", "ADDRESS_SC": "东成里0号", "STANDARD_BS1363_no": "0", "MEDIUM_CCS_DC_COMBO_no": "0", "MEDIUM_IEC62196_no": "0", "MEDIUM_SAEJ1772_no": "0", "MEDIUM_GB_T20234_2_AC__no": "0", "MEDIUM_OTHERS_no": "0", "QUICK_CHAdeMO_no": "0", "QUICK_CCS_DC_COMBO_no": "0", "QUICK_IEC62196_no": "0", "QUICK_GB_T20234_3_DC__no": "0", "QUICK_OTHERS_no": "0", "FAST_CHAdeMO_no": "0", "FAST_CCS_DC_COMBO_no": "1", "FAST_GB_T20234_3_DC__no": "0", "FAST_OTHERS_no": "0", "REMARK_FOR__OTHERS_": "-", "DATA_PATH": "https://ev-charger.epd.gov.hk/resource/ev_charger_avail/evca_ver_1_0.json", "OBJECTID": 879, "total_chargers": 1 }, "geometry": { "type": "Point", "coordinates": [ 114.04271, 22.44449 ] } },
{ "type": "Feature", "properties": { "GmlID": "geotagging.880", "NAME_OF_DISTRICT_COUNCIL_DISTRICT_EN": "Yuen Long", "LOCATION_EN": "Hung Shun Road Car Park", "ADDRESS_EN": "8 Hung Shun Road", "NAME_OF_DISTRICT_COUNCIL_DISTRICT_TC": "元朗區", "LOCATION_TC": "洪順路停車場", "ADDRESS_TC": "洪順路8號", "NAME_OF_DISTRICT_COUNCIL_DISTRICT_SC": "元朗区", "LOCATION_SC": "洪顺路停车场", "ADDRESS_SC": "洪顺路8号", "STANDARD_BS1363_no": "0", "MEDIUM_CCS_DC_COMBO_no": "0", "MEDIUM_IEC62196_no": "0", "MEDIUM_SAEJ1772_no": "0", "MEDIUM_GB_T20234_2_AC__no": "0", "MEDIUM_OTHERS_no": "0", "QUICK_CHAdeMO_no": "0", "QUICK_CCS_DC_COMBO_no": "4", "QUICK_IEC62196_no": "0", "QUICK_GB_T20234_3_DC__no": "0", "QUICK_OTHERS_no": "0", "FAST_CHAdeMO_no": "0", "FAST_CCS_DC_COMBO_no": "0", "FAST_GB_T20234_3_DC__no": "0", "FAST_OTHERS_no": "0", "REMARK_FOR__OTHERS_": "-", "DATA_PATH": "-", "OBJECTID": 880, "total_chargers": 4 }, "geometry": { "type": "Point", "coordinates": [ 113.999136, 22.432953 ] } },
{ "type": "Feature", "properties": { "GmlID": "geotagging.881", "NAME_OF_DISTRICT_COUNCIL_DISTRICT_EN": "Yuen Long", "LOCATION_EN": "Ho Man Car Park B", "ADDRESS_EN": "Tai Tong Road, Yuen Long", "NAME_OF_DISTRICT_COUNCIL_DISTRICT_TC": "元朗區", "LOCATION_TC": "浩文停車場B場", "ADDRESS_TC": "元朗大棠路", "NAME_OF_DISTRICT_COUNCIL_DISTRICT_SC": "元朗区", "LOCATION_SC": "浩文停车场B场", "ADDRESS_SC": "元朗大棠路", "STANDARD_BS1363_no": "0", "MEDIUM_CCS_DC_COMBO_no": "0", "MEDIUM_IEC62196_no": "2", "MEDIUM_SAEJ1772_no": "0", "MEDIUM_GB_T20234_2_AC__no": "0", "MEDIUM_OTHERS_no": "0", "QUICK_CHAdeMO_no": "0", "QUICK_CCS_DC_COMBO_no": "0", "QUICK_IEC62196_no": "0", "QUICK_GB_T20234_3_DC__no": "0", "QUICK_OTHERS_no": "0", "FAST_CHAdeMO_no": "0", "FAST_CCS_DC_COMBO_no": "0", "FAST_GB_T20234_3_DC__no": "0", "FAST_OTHERS_no": "0", "REMARK_FOR__OTHERS_": "-", "DATA_PATH": "-", "OBJECTID": 881, "total_chargers": 2 }, "geometry": { "type": "Point", "coordinates": [ 114.029307, 22.436303 ] } },
{ "type": "Feature", "properties": { "GmlID": "geotagging.882", "NAME_OF_DISTRICT_COUNCIL_DISTRICT_EN": "Central & Western", "LOCATION_EN": "La Clare Mansion", "ADDRESS_EN": "92 Pok Fu Lam Rd, Sandy Bay Gap", "NAME_OF_DISTRICT_COUNCIL_DISTRICT_TC": "中西區", "LOCATION_TC": "利嘉大廈", "ADDRESS_TC": "沙灣坳薄扶林道92號", "NAME_OF_DISTRICT_COUNCIL_DISTRICT_SC": "中西区", "LOCATION_SC": "利嘉大厦", "ADDRESS_SC": "沙湾坳薄扶林道92号", "STANDARD_BS1363_no": "0", "MEDIUM_CCS_DC_COMBO_no": "0", "MEDIUM_IEC62196_no": "0", "MEDIUM_SAEJ1772_no": "0", "MEDIUM_GB_T20234_2_AC__no": "0", "MEDIUM_OTHERS_no": "0", "QUICK_CHAdeMO_no": "0", "QUICK_CCS_DC_COMBO_no": "2", "QUICK_IEC62196_no": "0", "QUICK_GB_T20234_3_DC__no": "0", "QUICK_OTHERS_no": "0", "FAST_CHAdeMO_no": "0", "FAST_CCS_DC_COMBO_no": "0", "FAST_GB_T20234_3_DC__no": "0", "FAST_OTHERS_no": "0", "REMARK_FOR__OTHERS_": "-", "DATA_PATH": "-", "OBJECTID": 882, "total_chargers": 2 }, "geometry": { "type": "Point", "coordinates": [ 114.131895, 22.277548 ] } },
{ "type": "Feature", "properties": { "GmlID": "geotagging.883", "NAME_OF_DISTRICT_COUNCIL_DISTRICT_EN": "Eastern", "LOCATION_EN": "Mercedes-Benz Chai Wan Brand Centre (Showroom & Service Centre)", "ADDRESS_EN": "60 Ka Yip St, Chai Wan", "NAME_OF_DISTRICT_COUNCIL_DISTRICT_TC": "東區", "LOCATION_TC": "平治柴灣品牌中心", "ADDRESS_TC": "嘉業街60號", "NAME_OF_DISTRICT_COUNCIL_DISTRICT_SC": "东区", "LOCATION_SC": "平治柴湾品牌中心", "ADDRESS_SC": "嘉业街60号", "STANDARD_BS1363_no": "0", "MEDIUM_CCS_DC_COMBO_no": "0", "MEDIUM_IEC62196_no": "0", "MEDIUM_SAEJ1772_no": "0", "MEDIUM_GB_T20234_2_AC__no": "0", "MEDIUM_OTHERS_no": "0", "QUICK_CHAdeMO_no": "0", "QUICK_CCS_DC_COMBO_no": "0", "QUICK_IEC62196_no": "0", "QUICK_GB_T20234_3_DC__no": "0", "QUICK_OTHERS_no": "0", "FAST_CHAdeMO_no": "0", "FAST_CCS_DC_COMBO_no": "2", "FAST_GB_T20234_3_DC__no": "0", "FAST_OTHERS_no": "0", "REMARK_FOR__OTHERS_": "-", "DATA_PATH": "-", "OBJECTID": 883, "total_chargers": 2 }, "geometry": { "type": "Point", "coordinates": [ 114.245579, 22.271336 ] } },
{ "type": "Feature", "properties": { "GmlID": "geotagging.884", "NAME_OF_DISTRICT_COUNCIL_DISTRICT_EN": "Yau Tsim Mong", "LOCATION_EN": "LANGHAM PLACE", "ADDRESS_EN": "31 Shantung Street, Mong Kok", "NAME_OF_DISTRICT_COUNCIL_DISTRICT_TC": "油尖旺區", "LOCATION_TC": "朗豪坊", "ADDRESS_TC": "旺角山東街31號", "NAME_OF_DISTRICT_COUNCIL_DISTRICT_SC": "油尖旺区", "LOCATION_SC": "朗豪坊", "ADDRESS_SC": "旺角山东街31号", "STANDARD_BS1363_no": "0", "MEDIUM_CCS_DC_COMBO_no": "0", "MEDIUM_IEC62196_no": "0", "MEDIUM_SAEJ1772_no": "0", "MEDIUM_GB_T20234_2_AC__no": "0", "MEDIUM_OTHERS_no": "0", "QUICK_CHAdeMO_no": "0", "QUICK_CCS_DC_COMBO_no": "16", "QUICK_IEC62196_no": "25", "QUICK_GB_T20234_3_DC__no": "0", "QUICK_OTHERS_no": "0", "FAST_CHAdeMO_no": "0", "FAST_CCS_DC_COMBO_no": "0", "FAST_GB_T20234_3_DC__no": "0", "FAST_OTHERS_no": "0", "REMARK_FOR__OTHERS_": "-", "DATA_PATH": "-", "OBJECTID": 884, "total_chargers": 41 }, "geometry": { "type": "Point", "coordinates": [ 114.168637, 22.317815 ] } },
{ "type": "Feature", "properties": { "GmlID": "geotagging.885", "NAME_OF_DISTRICT_COUNCIL_DISTRICT_EN": "Kowloon City", "LOCATION_EN": "Cullinan Sky", "ADDRESS_EN": "10 Concorde Road", "NAME_OF_DISTRICT_COUNCIL_DISTRICT_TC": "九龍城區", "LOCATION_TC": "天壐·天", "ADDRESS_TC": "協調道10號", "NAME_OF_DISTRICT_COUNCIL_DISTRICT_SC": "九龙城区", "LOCATION_SC": "天壐·天", "ADDRESS_SC": "协调道10号", "STANDARD_BS1363_no": "0", "MEDIUM_CCS_DC_COMBO_no": "0", "MEDIUM_IEC62196_no": "0", "MEDIUM_SAEJ1772_no": "0", "MEDIUM_GB_T20234_2_AC__no": "0", "MEDIUM_OTHERS_no": "0", "QUICK_CHAdeMO_no": "0", "QUICK_CCS_DC_COMBO_no": "2", "QUICK_IEC62196_no": "0", "QUICK_GB_T20234_3_DC__no": "0", "QUICK_OTHERS_no": "0", "FAST_CHAdeMO_no": "0", "FAST_CCS_DC_COMBO_no": "2", "FAST_GB_T20234_3_DC__no": "0", "FAST_OTHERS_no": "0", "REMARK_FOR__OTHERS_": "-", "DATA_PATH": "https://ev-charger.epd.gov.hk/resource/ev_charger_avail/evca_ver_1_0.json", "OBJECTID": 885, "total_chargers": 4 }, "geometry": { "type": "Point", "coordinates": [ 114.199397, 22.332107 ] } },
{ "type": "Feature", "properties": { "GmlID": "geotagging.886", "NAME_OF_DISTRICT_COUNCIL_DISTRICT_EN": "Kwun Tong", "LOCATION_EN": "Ping Shek Playground Car Park", "ADDRESS_EN": "20 New Clear Water Bay Road, Kowloon", "NAME_OF_DISTRICT_COUNCIL_DISTRICT_TC": "觀塘區", "LOCATION_TC": "坪石遊樂場停車場", "ADDRESS_TC": "九龍新清水灣道20號", "NAME_OF_DISTRICT_COUNCIL_DISTRICT_SC": "观塘区", "LOCATION_SC": "坪石游乐场停车场", "ADDRESS_SC": "九龙新清水湾道20号", "STANDARD_BS1363_no": "0", "MEDIUM_CCS_DC_COMBO_no": "0", "MEDIUM_IEC62196_no": "10", "MEDIUM_SAEJ1772_no": "0", "MEDIUM_GB_T20234_2_AC__no": "0", "MEDIUM_OTHERS_no": "0", "QUICK_CHAdeMO_no": "0", "QUICK_CCS_DC_COMBO_no": "0", "QUICK_IEC62196_no": "0", "QUICK_GB_T20234_3_DC__no": "0", "QUICK_OTHERS_no": "0", "FAST_CHAdeMO_no": "0", "FAST_CCS_DC_COMBO_no": "0", "FAST_GB_T20234_3_DC__no": "0", "FAST_OTHERS_no": "0", "REMARK_FOR__OTHERS_": "-", "DATA_PATH": "https://ev-charger.epd.gov.hk/resource/ev_charger_avail/evca_ver_1_0.json", "OBJECTID": 886, "total_chargers": 10 }, "geometry": { "type": "Point", "coordinates": [ 114.212832, 22.332031 ] } },
{ "type": "Feature", "properties": { "GmlID": "geotagging.887", "NAME_OF_DISTRICT_COUNCIL_DISTRICT_EN": "Wan Chai", "LOCATION_EN": "Wong Nai Chung Gap Children Playground Car Park", "ADDRESS_EN": "Wong Nai Chung Gap Children Playground", "NAME_OF_DISTRICT_COUNCIL_DISTRICT_TC": "灣仔區", "LOCATION_TC": "黃泥涌峽兒童遊樂場停車場", "ADDRESS_TC": "黃泥涌峽兒童遊樂場", "NAME_OF_DISTRICT_COUNCIL_DISTRICT_SC": "湾仔区", "LOCATION_SC": "黄泥涌峡儿童游乐场停车场", "ADDRESS_SC": "黄泥涌峡儿童游乐场", "STANDARD_BS1363_no": "0", "MEDIUM_CCS_DC_COMBO_no": "0", "MEDIUM_IEC62196_no": "3", "MEDIUM_SAEJ1772_no": "0", "MEDIUM_GB_T20234_2_AC__no": "0", "MEDIUM_OTHERS_no": "0", "QUICK_CHAdeMO_no": "0", "QUICK_CCS_DC_COMBO_no": "0", "QUICK_IEC62196_no": "0", "QUICK_GB_T20234_3_DC__no": "0", "QUICK_OTHERS_no": "0", "FAST_CHAdeMO_no": "0", "FAST_CCS_DC_COMBO_no": "0", "FAST_GB_T20234_3_DC__no": "0", "FAST_OTHERS_no": "0", "REMARK_FOR__OTHERS_": "-", "DATA_PATH": "https://ev-charger.epd.gov.hk/resource/ev_charger_avail/evca_ver_1_0.json", "OBJECTID": 887, "total_chargers": 3 }, "geometry": { "type": "Point", "coordinates": [ 114.193775, 22.25759 ] } },
{ "type": "Feature", "properties": { "GmlID": "geotagging.888", "NAME_OF_DISTRICT_COUNCIL_DISTRICT_EN": "Yuen Long", "LOCATION_EN": "Tin Shui Wai Sports Ground Car Park", "ADDRESS_EN": "2 Tin Shui Road ,Tin Shui Wai", "NAME_OF_DISTRICT_COUNCIL_DISTRICT_TC": "元朗區", "LOCATION_TC": "天水圍運動場停車場", "ADDRESS_TC": "天水圍天瑞路2號", "NAME_OF_DISTRICT_COUNCIL_DISTRICT_SC": "元朗区", "LOCATION_SC": "天水围运动场停车场", "ADDRESS_SC": "天水围天瑞路2号", "STANDARD_BS1363_no": "0", "MEDIUM_CCS_DC_COMBO_no": "0", "MEDIUM_IEC62196_no": "18", "MEDIUM_SAEJ1772_no": "0", "MEDIUM_GB_T20234_2_AC__no": "0", "MEDIUM_OTHERS_no": "0", "QUICK_CHAdeMO_no": "0", "QUICK_CCS_DC_COMBO_no": "0", "QUICK_IEC62196_no": "0", "QUICK_GB_T20234_3_DC__no": "0", "QUICK_OTHERS_no": "0", "FAST_CHAdeMO_no": "0", "FAST_CCS_DC_COMBO_no": "0", "FAST_GB_T20234_3_DC__no": "0", "FAST_OTHERS_no": "0", "REMARK_FOR__OTHERS_": "-", "DATA_PATH": "https://ev-charger.epd.gov.hk/resource/ev_charger_avail/evca_ver_1_0.json", "OBJECTID": 888, "total_chargers": 18 }, "geometry": { "type": "Point", "coordinates": [ 114.004118, 22.453847 ] } },
{ "type": "Feature", "properties": { "GmlID": "geotagging.889", "NAME_OF_DISTRICT_COUNCIL_DISTRICT_EN": "Yuen Long", "LOCATION_EN": "Tin Shui Wai Swimming Pool and Sports Centre Car Park", "ADDRESS_EN": "1 Tin Pak Rd, Tin Shui Wai", "NAME_OF_DISTRICT_COUNCIL_DISTRICT_TC": "元朗區", "LOCATION_TC": "天水圍游泳池及體育館停車場", "ADDRESS_TC": "天水圍天柏路1號", "NAME_OF_DISTRICT_COUNCIL_DISTRICT_SC": "元朗区", "LOCATION_SC": "天水围游泳池及体育馆停车场", "ADDRESS_SC": "天水围天柏路1号", "STANDARD_BS1363_no": "0", "MEDIUM_CCS_DC_COMBO_no": "0", "MEDIUM_IEC62196_no": "11", "MEDIUM_SAEJ1772_no": "0", "MEDIUM_GB_T20234_2_AC__no": "0", "MEDIUM_OTHERS_no": "0", "QUICK_CHAdeMO_no": "0", "QUICK_CCS_DC_COMBO_no": "0", "QUICK_IEC62196_no": "0", "QUICK_GB_T20234_3_DC__no": "0", "QUICK_OTHERS_no": "0", "FAST_CHAdeMO_no": "0", "FAST_CCS_DC_COMBO_no": "0", "FAST_GB_T20234_3_DC__no": "0", "FAST_OTHERS_no": "0", "REMARK_FOR__OTHERS_": "-", "DATA_PATH": "https://ev-charger.epd.gov.hk/resource/ev_charger_avail/evca_ver_1_0.json", "OBJECTID": 889, "total_chargers": 11 }, "geometry": { "type": "Point", "coordinates": [ 114.006901, 22.455014 ] } },
{ "type": "Feature", "properties": { "GmlID": "geotagging.890", "NAME_OF_DISTRICT_COUNCIL_DISTRICT_EN": "Yuen Long", "LOCATION_EN": "Tin Yip Road Park Car Park", "ADDRESS_EN": "Tin Yip Road Park , Tin Shui Wai", "NAME_OF_DISTRICT_COUNCIL_DISTRICT_TC": "元朗區", "LOCATION_TC": "天業路公園停車場", "ADDRESS_TC": "天水圍天業路公園", "NAME_OF_DISTRICT_COUNCIL_DISTRICT_SC": "元朗区", "LOCATION_SC": "天业路公园停车场", "ADDRESS_SC": "天水围天业路公园", "STANDARD_BS1363_no": "0", "MEDIUM_CCS_DC_COMBO_no": "0", "MEDIUM_IEC62196_no": "12", "MEDIUM_SAEJ1772_no": "0", "MEDIUM_GB_T20234_2_AC__no": "0", "MEDIUM_OTHERS_no": "0", "QUICK_CHAdeMO_no": "0", "QUICK_CCS_DC_COMBO_no": "0", "QUICK_IEC62196_no": "0", "QUICK_GB_T20234_3_DC__no": "0", "QUICK_OTHERS_no": "0", "FAST_CHAdeMO_no": "0", "FAST_CCS_DC_COMBO_no": "0", "FAST_GB_T20234_3_DC__no": "0", "FAST_OTHERS_no": "0", "REMARK_FOR__OTHERS_": "-", "DATA_PATH": "https://ev-charger.epd.gov.hk/resource/ev_charger_avail/evca_ver_1_0.json", "OBJECTID": 890, "total_chargers": 12 }, "geometry": { "type": "Point", "coordinates": [ 114.006608, 22.463865 ] } },
{ "type": "Feature", "properties": { "GmlID": "geotagging.891", "NAME_OF_DISTRICT_COUNCIL_DISTRICT_EN": "Islands", "LOCATION_EN": "Tung Chung Municipal Services Building Car Park", "ADDRESS_EN": "39 MAN TUNG ROAD, TUNG CHUNG, LANTAU ISLAND, NT", "NAME_OF_DISTRICT_COUNCIL_DISTRICT_TC": "離島區", "LOCATION_TC": "東涌市政大樓停車場", "ADDRESS_TC": "新界大嶼山東涌文東路39號", "NAME_OF_DISTRICT_COUNCIL_DISTRICT_SC": "离岛区", "LOCATION_SC": "东涌市政大楼停车场", "ADDRESS_SC": "新界大屿山东涌文东路39号", "STANDARD_BS1363_no": "0", "MEDIUM_CCS_DC_COMBO_no": "0", "MEDIUM_IEC62196_no": "10", "MEDIUM_SAEJ1772_no": "0", "MEDIUM_GB_T20234_2_AC__no": "0", "MEDIUM_OTHERS_no": "0", "QUICK_CHAdeMO_no": "0", "QUICK_CCS_DC_COMBO_no": "0", "QUICK_IEC62196_no": "0", "QUICK_GB_T20234_3_DC__no": "0", "QUICK_OTHERS_no": "0", "FAST_CHAdeMO_no": "0", "FAST_CCS_DC_COMBO_no": "0", "FAST_GB_T20234_3_DC__no": "0", "FAST_OTHERS_no": "0", "REMARK_FOR__OTHERS_": "-", "DATA_PATH": "https://ev-charger.epd.gov.hk/resource/ev_charger_avail/evca_ver_1_0.json", "OBJECTID": 891, "total_chargers": 10 }, "geometry": { "type": "Point", "coordinates": [ 113.943575, 22.290722 ] } },
{ "type": "Feature", "properties": { "GmlID": "geotagging.892", "NAME_OF_DISTRICT_COUNCIL_DISTRICT_EN": "Tuen Mun", "LOCATION_EN": "Goodman Westlink", "ADDRESS_EN": "8 Siu Lang Shui Road, Area 49, Tuen Mun", "NAME_OF_DISTRICT_COUNCIL_DISTRICT_TC": "屯門區", "LOCATION_TC": "Goodman Westlink", "ADDRESS_TC": "小嶺水路8號", "NAME_OF_DISTRICT_COUNCIL_DISTRICT_SC": "屯门区", "LOCATION_SC": "Goodman Westlink", "ADDRESS_SC": "小岭水路8号", "STANDARD_BS1363_no": "0", "MEDIUM_CCS_DC_COMBO_no": "0", "MEDIUM_IEC62196_no": "0", "MEDIUM_SAEJ1772_no": "0", "MEDIUM_GB_T20234_2_AC__no": "0", "MEDIUM_OTHERS_no": "0", "QUICK_CHAdeMO_no": "0", "QUICK_CCS_DC_COMBO_no": "0", "QUICK_IEC62196_no": "0", "QUICK_GB_T20234_3_DC__no": "0", "QUICK_OTHERS_no": "0", "FAST_CHAdeMO_no": "0", "FAST_CCS_DC_COMBO_no": "2", "FAST_GB_T20234_3_DC__no": "0", "FAST_OTHERS_no": "0", "REMARK_FOR__OTHERS_": "-", "DATA_PATH": "https://ev-charger.epd.gov.hk/resource/ev_charger_avail/evca_ver_1_0.json", "OBJECTID": 892, "total_chargers": 2 }, "geometry": { "type": "Point", "coordinates": [ 113.931197, 22.370819 ] } },
{ "type": "Feature", "properties": { "GmlID": "geotagging.893", "NAME_OF_DISTRICT_COUNCIL_DISTRICT_EN": "Yuen Long", "LOCATION_EN": "Tak Ying Garden", "ADDRESS_EN": "Tong Fong Tsuen, Ping Ha Road", "NAME_OF_DISTRICT_COUNCIL_DISTRICT_TC": "元朗區", "LOCATION_TC": "塘坊村德英花園", "ADDRESS_TC": "塘坊村屏廈路", "NAME_OF_DISTRICT_COUNCIL_DISTRICT_SC": "元朗区", "LOCATION_SC": "塘坊村德英花园", "ADDRESS_SC": "塘坊村屏厦路", "STANDARD_BS1363_no": "0", "MEDIUM_CCS_DC_COMBO_no": "0", "MEDIUM_IEC62196_no": "0", "MEDIUM_SAEJ1772_no": "0", "MEDIUM_GB_T20234_2_AC__no": "0", "MEDIUM_OTHERS_no": "0", "QUICK_CHAdeMO_no": "0", "QUICK_CCS_DC_COMBO_no": "4", "QUICK_IEC62196_no": "0", "QUICK_GB_T20234_3_DC__no": "0", "QUICK_OTHERS_no": "0", "FAST_CHAdeMO_no": "0", "FAST_CCS_DC_COMBO_no": "0", "FAST_GB_T20234_3_DC__no": "0", "FAST_OTHERS_no": "0", "REMARK_FOR__OTHERS_": "-", "DATA_PATH": "-", "OBJECTID": 893, "total_chargers": 4 }, "geometry": { "type": "Point", "coordinates": [ 114.006497, 22.443723 ] } },
{ "type": "Feature", "properties": { "GmlID": "geotagging.894", "NAME_OF_DISTRICT_COUNCIL_DISTRICT_EN": "Yuen Long", "LOCATION_EN": "Ping Pak Lane", "ADDRESS_EN": "Tong Fong Tsuen, Ping Pak Lane", "NAME_OF_DISTRICT_COUNCIL_DISTRICT_TC": "元朗區", "LOCATION_TC": "屏柏里", "ADDRESS_TC": "塘坊村屏柏里", "NAME_OF_DISTRICT_COUNCIL_DISTRICT_SC": "元朗区", "LOCATION_SC": "屏柏里", "ADDRESS_SC": "塘坊村屏柏里", "STANDARD_BS1363_no": "0", "MEDIUM_CCS_DC_COMBO_no": "0", "MEDIUM_IEC62196_no": "0", "MEDIUM_SAEJ1772_no": "0", "MEDIUM_GB_T20234_2_AC__no": "0", "MEDIUM_OTHERS_no": "0", "QUICK_CHAdeMO_no": "0", "QUICK_CCS_DC_COMBO_no": "2", "QUICK_IEC62196_no": "0", "QUICK_GB_T20234_3_DC__no": "0", "QUICK_OTHERS_no": "0", "FAST_CHAdeMO_no": "0", "FAST_CCS_DC_COMBO_no": "0", "FAST_GB_T20234_3_DC__no": "0", "FAST_OTHERS_no": "0", "REMARK_FOR__OTHERS_": "-", "DATA_PATH": "-", "OBJECTID": 894, "total_chargers": 2 }, "geometry": { "type": "Point", "coordinates": [ 114.005199, 22.441675 ] } },
{ "type": "Feature", "properties": { "GmlID": "geotagging.895", "NAME_OF_DISTRICT_COUNCIL_DISTRICT_EN": "Yuen Long", "LOCATION_EN": "Hung Chin Parking", "ADDRESS_EN": "Tin Sam Road, Hung Shui Kiu", "NAME_OF_DISTRICT_COUNCIL_DISTRICT_TC": "元朗區", "LOCATION_TC": "洪福邨洪進車場", "ADDRESS_TC": "洪水橋田心路", "NAME_OF_DISTRICT_COUNCIL_DISTRICT_SC": "元朗区", "LOCATION_SC": "洪福邨洪进车场", "ADDRESS_SC": "洪水桥田心路", "STANDARD_BS1363_no": "0", "MEDIUM_CCS_DC_COMBO_no": "0", "MEDIUM_IEC62196_no": "0", "MEDIUM_SAEJ1772_no": "0", "MEDIUM_GB_T20234_2_AC__no": "0", "MEDIUM_OTHERS_no": "0", "QUICK_CHAdeMO_no": "0", "QUICK_CCS_DC_COMBO_no": "2", "QUICK_IEC62196_no": "0", "QUICK_GB_T20234_3_DC__no": "0", "QUICK_OTHERS_no": "0", "FAST_CHAdeMO_no": "0", "FAST_CCS_DC_COMBO_no": "0", "FAST_GB_T20234_3_DC__no": "0", "FAST_OTHERS_no": "0", "REMARK_FOR__OTHERS_": "-", "DATA_PATH": "-", "OBJECTID": 895, "total_chargers": 2 }, "geometry": { "type": "Point", "coordinates": [ 113.998998, 22.436227 ] } },
{ "type": "Feature", "properties": { "GmlID": "geotagging.896", "NAME_OF_DISTRICT_COUNCIL_DISTRICT_EN": "Yuen Long", "LOCATION_EN": "Hung Shing Parking", "ADDRESS_EN": "Hung Yuen Road, Hung Shui Kiu", "NAME_OF_DISTRICT_COUNCIL_DISTRICT_TC": "元朗區", "LOCATION_TC": "洪福邨洪昇車場", "ADDRESS_TC": "洪水橋洪元路", "NAME_OF_DISTRICT_COUNCIL_DISTRICT_SC": "元朗区", "LOCATION_SC": "洪福邨洪升车场", "ADDRESS_SC": "洪水桥洪元路", "STANDARD_BS1363_no": "0", "MEDIUM_CCS_DC_COMBO_no": "0", "MEDIUM_IEC62196_no": "0", "MEDIUM_SAEJ1772_no": "0", "MEDIUM_GB_T20234_2_AC__no": "0", "MEDIUM_OTHERS_no": "0", "QUICK_CHAdeMO_no": "0", "QUICK_CCS_DC_COMBO_no": "2", "QUICK_IEC62196_no": "0", "QUICK_GB_T20234_3_DC__no": "0", "QUICK_OTHERS_no": "0", "FAST_CHAdeMO_no": "0", "FAST_CCS_DC_COMBO_no": "0", "FAST_GB_T20234_3_DC__no": "0", "FAST_OTHERS_no": "0", "REMARK_FOR__OTHERS_": "-", "DATA_PATH": "-", "OBJECTID": 896, "total_chargers": 2 }, "geometry": { "type": "Point", "coordinates": [ 113.998099, 22.435032 ] } },
{ "type": "Feature", "properties": { "GmlID": "geotagging.897", "NAME_OF_DISTRICT_COUNCIL_DISTRICT_EN": "Yuen Long", "LOCATION_EN": "Hang Mei Tsuen Transport Hub", "ADDRESS_EN": "Ping Shan Chuk Lam Road", "NAME_OF_DISTRICT_COUNCIL_DISTRICT_TC": "元朗區", "LOCATION_TC": "坑尾村站", "ADDRESS_TC": "坑尾村竹林路", "NAME_OF_DISTRICT_COUNCIL_DISTRICT_SC": "元朗区", "LOCATION_SC": "坑尾村站", "ADDRESS_SC": "坑尾村竹林路", "STANDARD_BS1363_no": "0", "MEDIUM_CCS_DC_COMBO_no": "0", "MEDIUM_IEC62196_no": "0", "MEDIUM_SAEJ1772_no": "0", "MEDIUM_GB_T20234_2_AC__no": "0", "MEDIUM_OTHERS_no": "0", "QUICK_CHAdeMO_no": "0", "QUICK_CCS_DC_COMBO_no": "2", "QUICK_IEC62196_no": "0", "QUICK_GB_T20234_3_DC__no": "0", "QUICK_OTHERS_no": "0", "FAST_CHAdeMO_no": "0", "FAST_CCS_DC_COMBO_no": "0", "FAST_GB_T20234_3_DC__no": "0", "FAST_OTHERS_no": "0", "REMARK_FOR__OTHERS_": "-", "DATA_PATH": "-", "OBJECTID": 897, "total_chargers": 2 }, "geometry": { "type": "Point", "coordinates": [ 114.0104, 22.44363 ] } },
{ "type": "Feature", "properties": { "GmlID": "geotagging.898", "NAME_OF_DISTRICT_COUNCIL_DISTRICT_EN": "Yuen Long", "LOCATION_EN": "Wing Ning Tsuen Village Office", "ADDRESS_EN": "78 Yung Yuen Rd, Wang Chau", "NAME_OF_DISTRICT_COUNCIL_DISTRICT_TC": "元朗區", "LOCATION_TC": "永寧村村公所", "ADDRESS_TC": "永寧村庸園路78號", "NAME_OF_DISTRICT_COUNCIL_DISTRICT_SC": "元朗区", "LOCATION_SC": "永宁村村公所", "ADDRESS_SC": "永宁村庸园路78号", "STANDARD_BS1363_no": "0", "MEDIUM_CCS_DC_COMBO_no": "0", "MEDIUM_IEC62196_no": "0", "MEDIUM_SAEJ1772_no": "0", "MEDIUM_GB_T20234_2_AC__no": "0", "MEDIUM_OTHERS_no": "0", "QUICK_CHAdeMO_no": "0", "QUICK_CCS_DC_COMBO_no": "2", "QUICK_IEC62196_no": "0", "QUICK_GB_T20234_3_DC__no": "0", "QUICK_OTHERS_no": "0", "FAST_CHAdeMO_no": "0", "FAST_CCS_DC_COMBO_no": "0", "FAST_GB_T20234_3_DC__no": "0", "FAST_OTHERS_no": "0", "REMARK_FOR__OTHERS_": "-", "DATA_PATH": "-", "OBJECTID": 898, "total_chargers": 2 }, "geometry": { "type": "Point", "coordinates": [ 114.0171, 22.44933 ] } },
{ "type": "Feature", "properties": { "GmlID": "geotagging.899", "NAME_OF_DISTRICT_COUNCIL_DISTRICT_EN": "Yuen Long", "LOCATION_EN": "Chun Fu Car Park", "ADDRESS_EN": "Hung Yuen Road, Hung Shui Kiu", "NAME_OF_DISTRICT_COUNCIL_DISTRICT_TC": "元朗區", "LOCATION_TC": "洪福邨駿富車場", "ADDRESS_TC": "洪水橋洪元路", "NAME_OF_DISTRICT_COUNCIL_DISTRICT_SC": "元朗区", "LOCATION_SC": "洪福邨骏富车场", "ADDRESS_SC": "洪水桥洪元路", "STANDARD_BS1363_no": "0", "MEDIUM_CCS_DC_COMBO_no": "0", "MEDIUM_IEC62196_no": "0", "MEDIUM_SAEJ1772_no": "0", "MEDIUM_GB_T20234_2_AC__no": "0", "MEDIUM_OTHERS_no": "0", "QUICK_CHAdeMO_no": "0", "QUICK_CCS_DC_COMBO_no": "2", "QUICK_IEC62196_no": "0", "QUICK_GB_T20234_3_DC__no": "0", "QUICK_OTHERS_no": "0", "FAST_CHAdeMO_no": "0", "FAST_CCS_DC_COMBO_no": "0", "FAST_GB_T20234_3_DC__no": "0", "FAST_OTHERS_no": "0", "REMARK_FOR__OTHERS_": "-", "DATA_PATH": "-", "OBJECTID": 899, "total_chargers": 2 }, "geometry": { "type": "Point", "coordinates": [ 113.9983, 22.43486 ] } },
{ "type": "Feature", "properties": { "GmlID": "geotagging.900", "NAME_OF_DISTRICT_COUNCIL_DISTRICT_EN": "North", "LOCATION_EN": "Sheung Shui Wai Man Kok Village (Opposite to Man Kok Village Parking Lot)", "ADDRESS_EN": "Opposite to Man Kok Village Parking Lot", "NAME_OF_DISTRICT_COUNCIL_DISTRICT_TC": "北區", "LOCATION_TC": "上水圍文閣村 (文閣村停車場對面)", "ADDRESS_TC": "文閣村停車場對面", "NAME_OF_DISTRICT_COUNCIL_DISTRICT_SC": "北区", "LOCATION_SC": "上水围文阁村 (文阁村停车场对面)", "ADDRESS_SC": "文阁村停车场对面", "STANDARD_BS1363_no": "0", "MEDIUM_CCS_DC_COMBO_no": "0", "MEDIUM_IEC62196_no": "0", "MEDIUM_SAEJ1772_no": "0", "MEDIUM_GB_T20234_2_AC__no": "0", "MEDIUM_OTHERS_no": "0", "QUICK_CHAdeMO_no": "0", "QUICK_CCS_DC_COMBO_no": "6", "QUICK_IEC62196_no": "0", "QUICK_GB_T20234_3_DC__no": "0", "QUICK_OTHERS_no": "0", "FAST_CHAdeMO_no": "0", "FAST_CCS_DC_COMBO_no": "0", "FAST_GB_T20234_3_DC__no": "0", "FAST_OTHERS_no": "0", "REMARK_FOR__OTHERS_": "-", "DATA_PATH": "https://ev-charger.epd.gov.hk/resource/ev_charger_avail/evca_ver_1_0.json", "OBJECTID": 900, "total_chargers": 6 }, "geometry": { "type": "Point", "coordinates": [ 114.125569, 22.513162 ] } },
{ "type": "Feature", "properties": { "GmlID": "geotagging.901", "NAME_OF_DISTRICT_COUNCIL_DISTRICT_EN": "Central & Western", "LOCATION_EN": "One ifc", "ADDRESS_EN": "1 Harbour View Street, Central, Hong Kong", "NAME_OF_DISTRICT_COUNCIL_DISTRICT_TC": "中西區", "LOCATION_TC": "國際金融中心一期", "ADDRESS_TC": "香港中環港景街1號", "NAME_OF_DISTRICT_COUNCIL_DISTRICT_SC": "中西区", "LOCATION_SC": "国际金融中心一期", "ADDRESS_SC": "香港中环港景街1号", "STANDARD_BS1363_no": "0", "MEDIUM_CCS_DC_COMBO_no": "0", "MEDIUM_IEC62196_no": "1", "MEDIUM_SAEJ1772_no": "0", "MEDIUM_GB_T20234_2_AC__no": "0", "MEDIUM_OTHERS_no": "0", "QUICK_CHAdeMO_no": "0", "QUICK_CCS_DC_COMBO_no": "0", "QUICK_IEC62196_no": "0", "QUICK_GB_T20234_3_DC__no": "0", "QUICK_OTHERS_no": "0", "FAST_CHAdeMO_no": "0", "FAST_CCS_DC_COMBO_no": "0", "FAST_GB_T20234_3_DC__no": "0", "FAST_OTHERS_no": "0", "REMARK_FOR__OTHERS_": "-", "DATA_PATH": "https://ev-charger.epd.gov.hk/resource/ev_charger_avail/evca_ver_1_0.json", "OBJECTID": 901, "total_chargers": 1 }, "geometry": { "type": "Point", "coordinates": [ 114.156957, 22.285091 ] } },
{ "type": "Feature", "properties": { "GmlID": "geotagging.902", "NAME_OF_DISTRICT_COUNCIL_DISTRICT_EN": "Sha Tin", "LOCATION_EN": "Shatin Plaza", "ADDRESS_EN": "56 Sha Tin Centre Street, Sha Tin", "NAME_OF_DISTRICT_COUNCIL_DISTRICT_TC": "沙田區", "LOCATION_TC": "沙田廣場", "ADDRESS_TC": "沙田沙田正街56號", "NAME_OF_DISTRICT_COUNCIL_DISTRICT_SC": "沙田区", "LOCATION_SC": "沙田广场", "ADDRESS_SC": "沙田沙田正街56号", "STANDARD_BS1363_no": "1", "MEDIUM_CCS_DC_COMBO_no": "0", "MEDIUM_IEC62196_no": "0", "MEDIUM_SAEJ1772_no": "0", "MEDIUM_GB_T20234_2_AC__no": "0", "MEDIUM_OTHERS_no": "0", "QUICK_CHAdeMO_no": "0", "QUICK_CCS_DC_COMBO_no": "0", "QUICK_IEC62196_no": "0", "QUICK_GB_T20234_3_DC__no": "0", "QUICK_OTHERS_no": "0", "FAST_CHAdeMO_no": "0", "FAST_CCS_DC_COMBO_no": "0", "FAST_GB_T20234_3_DC__no": "0", "FAST_OTHERS_no": "0", "REMARK_FOR__OTHERS_": "-", "DATA_PATH": "-", "OBJECTID": 902, "total_chargers": 1 }, "geometry": { "type": "Point", "coordinates": [ 114.189302, 22.38354 ] } },
{ "type": "Feature", "properties": { "GmlID": "geotagging.903", "NAME_OF_DISTRICT_COUNCIL_DISTRICT_EN": "Tsuen Wan", "LOCATION_EN": "Wai Tsuen Sports Centre Car Park", "ADDRESS_EN": "6 Miu Kong Street,Tsuen Wan", "NAME_OF_DISTRICT_COUNCIL_DISTRICT_TC": "荃灣區", "LOCATION_TC": "蕙荃體育館停車場", "ADDRESS_TC": "荃灣廟崗街6號", "NAME_OF_DISTRICT_COUNCIL_DISTRICT_SC": "荃湾区", "LOCATION_SC": "蕙荃体育馆停车场", "ADDRESS_SC": "荃湾庙岗街6号", "STANDARD_BS1363_no": "0", "MEDIUM_CCS_DC_COMBO_no": "0", "MEDIUM_IEC62196_no": "3", "MEDIUM_SAEJ1772_no": "0", "MEDIUM_GB_T20234_2_AC__no": "0", "MEDIUM_OTHERS_no": "0", "QUICK_CHAdeMO_no": "0", "QUICK_CCS_DC_COMBO_no": "0", "QUICK_IEC62196_no": "0", "QUICK_GB_T20234_3_DC__no": "0", "QUICK_OTHERS_no": "0", "FAST_CHAdeMO_no": "0", "FAST_CCS_DC_COMBO_no": "0", "FAST_GB_T20234_3_DC__no": "0", "FAST_OTHERS_no": "0", "REMARK_FOR__OTHERS_": "-", "DATA_PATH": "https://ev-charger.epd.gov.hk/resource/ev_charger_avail/evca_ver_1_0.json", "OBJECTID": 903, "total_chargers": 3 }, "geometry": { "type": "Point", "coordinates": [ 114.122611, 22.372117 ] } },
{ "type": "Feature", "properties": { "GmlID": "geotagging.904", "NAME_OF_DISTRICT_COUNCIL_DISTRICT_EN": "Tsuen Wan", "LOCATION_EN": "Tsuen Wan Sports Centre Car Park", "ADDRESS_EN": "53 Wing Shun Street,Tsuen Wan,New Territories", "NAME_OF_DISTRICT_COUNCIL_DISTRICT_TC": "荃灣區", "LOCATION_TC": "荃灣體育館停車場", "ADDRESS_TC": "新界荃灣永順街53號", "NAME_OF_DISTRICT_COUNCIL_DISTRICT_SC": "荃湾区", "LOCATION_SC": "荃湾体育馆停车场", "ADDRESS_SC": "新界荃湾永顺街53号", "STANDARD_BS1363_no": "0", "MEDIUM_CCS_DC_COMBO_no": "0", "MEDIUM_IEC62196_no": "3", "MEDIUM_SAEJ1772_no": "0", "MEDIUM_GB_T20234_2_AC__no": "0", "MEDIUM_OTHERS_no": "0", "QUICK_CHAdeMO_no": "0", "QUICK_CCS_DC_COMBO_no": "0", "QUICK_IEC62196_no": "0", "QUICK_GB_T20234_3_DC__no": "0", "QUICK_OTHERS_no": "0", "FAST_CHAdeMO_no": "0", "FAST_CCS_DC_COMBO_no": "0", "FAST_GB_T20234_3_DC__no": "0", "FAST_OTHERS_no": "0", "REMARK_FOR__OTHERS_": "-", "DATA_PATH": "-", "OBJECTID": 904, "total_chargers": 3 }, "geometry": { "type": "Point", "coordinates": [ 114.113108, 22.365667 ] } },
{ "type": "Feature", "properties": { "GmlID": "geotagging.905", "NAME_OF_DISTRICT_COUNCIL_DISTRICT_EN": "Southern", "LOCATION_EN": "Ap Lei Chau Waterfront Promenade Car Park", "ADDRESS_EN": "Wah Ting Street, Ap Lei Chau", "NAME_OF_DISTRICT_COUNCIL_DISTRICT_TC": "南區", "LOCATION_TC": "鴨脷洲海濱長廊停車場", "ADDRESS_TC": "鴨脷洲華庭街", "NAME_OF_DISTRICT_COUNCIL_DISTRICT_SC": "南区", "LOCATION_SC": "鸭脷洲海滨长廊停车场", "ADDRESS_SC": "鸭脷洲华庭街", "STANDARD_BS1363_no": "0", "MEDIUM_CCS_DC_COMBO_no": "0", "MEDIUM_IEC62196_no": "6", "MEDIUM_SAEJ1772_no": "0", "MEDIUM_GB_T20234_2_AC__no": "0", "MEDIUM_OTHERS_no": "0", "QUICK_CHAdeMO_no": "0", "QUICK_CCS_DC_COMBO_no": "0", "QUICK_IEC62196_no": "0", "QUICK_GB_T20234_3_DC__no": "0", "QUICK_OTHERS_no": "0", "FAST_CHAdeMO_no": "0", "FAST_CCS_DC_COMBO_no": "0", "FAST_GB_T20234_3_DC__no": "0", "FAST_OTHERS_no": "0", "REMARK_FOR__OTHERS_": "-", "DATA_PATH": "https://ev-charger.epd.gov.hk/resource/ev_charger_avail/evca_ver_1_0.json", "OBJECTID": 905, "total_chargers": 6 }, "geometry": { "type": "Point", "coordinates": [ 114.155069, 22.244815 ] } },
{ "type": "Feature", "properties": { "GmlID": "geotagging.906", "NAME_OF_DISTRICT_COUNCIL_DISTRICT_EN": "Sha Tin", "LOCATION_EN": "Sha Tin Jockey Club Swimming Pool Car Park", "ADDRESS_EN": "10 Yuen Wo Road, Sha Tin", "NAME_OF_DISTRICT_COUNCIL_DISTRICT_TC": "沙田區", "LOCATION_TC": "沙田賽馬會游泳池停車場", "ADDRESS_TC": "沙田源禾路10號", "NAME_OF_DISTRICT_COUNCIL_DISTRICT_SC": "沙田区", "LOCATION_SC": "沙田赛马会游泳池停车场", "ADDRESS_SC": "沙田源禾路10号", "STANDARD_BS1363_no": "0", "MEDIUM_CCS_DC_COMBO_no": "0", "MEDIUM_IEC62196_no": "6", "MEDIUM_SAEJ1772_no": "0", "MEDIUM_GB_T20234_2_AC__no": "0", "MEDIUM_OTHERS_no": "0", "QUICK_CHAdeMO_no": "0", "QUICK_CCS_DC_COMBO_no": "0", "QUICK_IEC62196_no": "0", "QUICK_GB_T20234_3_DC__no": "0", "QUICK_OTHERS_no": "0", "FAST_CHAdeMO_no": "0", "FAST_CCS_DC_COMBO_no": "0", "FAST_GB_T20234_3_DC__no": "0", "FAST_OTHERS_no": "0", "REMARK_FOR__OTHERS_": "-", "DATA_PATH": "https://ev-charger.epd.gov.hk/resource/ev_charger_avail/evca_ver_1_0.json", "OBJECTID": 906, "total_chargers": 6 }, "geometry": { "type": "Point", "coordinates": [ 114.193154, 22.383177 ] } }
]
}
